opportunity_id,stage,entered_date,exited_date,days_in_stage
OPP-00001,Discovery,2022-09-26,2022-10-18,22.0
OPP-00001,Qualification,2022-10-18,2022-11-02,15.0
OPP-00001,Proof of Concept,2022-11-02,2023-01-08,67.0
OPP-00001,Negotiation,2023-01-08,2023-01-19,11.0
OPP-00002,Discovery,2022-10-22,2022-10-27,5.0
OPP-00002,Qualification,2022-10-27,2022-11-10,14.0
OPP-00002,Proof of Concept,2022-11-10,2022-12-26,46.0
OPP-00002,Negotiation,2022-12-26,2023-01-12,17.0
OPP-00003,Discovery,2022-12-05,2022-12-13,8.0
OPP-00003,Qualification,2022-12-13,2022-12-27,14.0
OPP-00003,Proof of Concept,2022-12-27,2023-01-04,8.0
OPP-00003,Negotiation,2023-01-04,2023-01-05,1.0
OPP-00004,Discovery,2022-11-05,2022-11-13,8.0
OPP-00004,Qualification,2022-11-13,2022-11-29,16.0
OPP-00004,Proof of Concept,2022-11-29,2022-12-25,26.0
OPP-00004,Negotiation,2022-12-25,2023-01-06,12.0
OPP-00005,Discovery,2022-11-18,2022-11-29,11.0
OPP-00005,Qualification,2022-11-29,2022-12-09,10.0
OPP-00005,Proof of Concept,2022-12-09,2022-12-29,20.0
OPP-00005,Negotiation,2022-12-29,2023-01-10,12.0
OPP-00006,Discovery,2022-11-08,2022-11-26,18.0
OPP-00006,Qualification,2022-11-26,2022-12-15,19.0
OPP-00006,Proof of Concept,2022-12-15,2022-12-31,16.0
OPP-00006,Negotiation,2022-12-31,2023-01-04,4.0
OPP-00007,Discovery,2022-12-27,2023-01-01,5.0
OPP-00007,Qualification,2023-01-01,2023-01-12,11.0
OPP-00007,Proof of Concept,2023-01-12,2023-01-13,1.0
OPP-00007,Negotiation,2023-01-13,2023-01-18,5.0
OPP-00008,Discovery,2022-10-01,2022-10-17,16.0
OPP-00008,Qualification,2022-10-17,2022-11-22,36.0
OPP-00008,Proof of Concept,2022-11-22,2022-12-03,11.0
OPP-00008,Negotiation,2022-12-03,2023-01-08,36.0
OPP-00009,Discovery,2022-12-10,2022-12-15,5.0
OPP-00009,Qualification,2022-12-15,2022-12-21,6.0
OPP-00009,Proof of Concept,2022-12-21,2023-01-05,15.0
OPP-00009,Negotiation,2023-01-05,2023-01-22,17.0
OPP-00010,Discovery,2022-10-29,2022-11-15,17.0
OPP-00010,Qualification,2022-11-15,2022-12-03,18.0
OPP-00010,Proof of Concept,2022-12-03,2022-12-27,24.0
OPP-00010,Negotiation,2022-12-27,2023-01-04,8.0
OPP-00011,Discovery,2022-10-17,2022-10-20,3.0
OPP-00011,Qualification,2022-10-20,2022-11-11,22.0
OPP-00011,Proof of Concept,2022-11-11,2022-12-15,34.0
OPP-00011,Negotiation,2022-12-15,2023-01-16,32.0
OPP-00012,Discovery,2022-11-24,2022-12-01,7.0
OPP-00012,Qualification,2022-12-01,2022-12-10,9.0
OPP-00012,Proof of Concept,2022-12-10,2023-01-09,30.0
OPP-00012,Negotiation,2023-01-09,2023-01-12,3.0
OPP-00013,Discovery,2022-09-05,2022-09-06,1.0
OPP-00013,Qualification,2022-09-06,2022-10-18,42.0
OPP-00013,Proof of Concept,2022-10-18,2023-01-13,87.0
OPP-00013,Negotiation,2023-01-13,2023-01-24,11.0
OPP-00014,Discovery,2022-11-25,2022-11-29,4.0
OPP-00014,Qualification,2022-11-29,2022-12-04,5.0
OPP-00014,Proof of Concept,2022-12-04,2023-01-06,33.0
OPP-00014,Negotiation,2023-01-06,2023-01-18,12.0
OPP-00015,Discovery,2022-11-23,2022-11-29,6.0
OPP-00015,Qualification,2022-11-29,2022-12-19,20.0
OPP-00015,Proof of Concept,2022-12-19,2023-01-13,25.0
OPP-00015,Negotiation,2023-01-13,2023-01-21,8.0
OPP-00016,Discovery,2022-11-17,2022-11-22,5.0
OPP-00016,Qualification,2022-11-22,2022-12-12,20.0
OPP-00016,Proof of Concept,2022-12-12,2023-01-11,30.0
OPP-00016,Negotiation,2023-01-11,2023-01-19,8.0
OPP-00017,Discovery,2022-12-29,2023-01-14,16.0
OPP-00017,Qualification,2023-01-14,2023-01-19,5.0
OPP-00017,Proof of Concept,2023-01-19,2023-01-24,5.0
OPP-00017,Negotiation,2023-01-24,2023-01-26,2.0
OPP-00018,Discovery,2022-11-21,2022-12-02,11.0
OPP-00018,Qualification,2022-12-02,2022-12-15,13.0
OPP-00018,Proof of Concept,2022-12-15,2023-01-17,33.0
OPP-00018,Negotiation,2023-01-17,2023-02-08,22.0
OPP-00019,Discovery,2022-11-18,2022-11-23,5.0
OPP-00019,Qualification,2022-11-23,2022-12-15,22.0
OPP-00019,Proof of Concept,2022-12-15,2023-01-14,30.0
OPP-00019,Negotiation,2023-01-14,2023-02-03,20.0
OPP-00020,Discovery,2022-11-11,2022-11-17,6.0
OPP-00020,Qualification,2022-11-17,2022-11-30,13.0
OPP-00020,Proof of Concept,2022-11-30,2023-02-09,71.0
OPP-00020,Negotiation,2023-02-09,2023-02-16,7.0
OPP-00021,Discovery,2022-12-10,2022-12-26,16.0
OPP-00021,Qualification,2022-12-26,2023-01-12,17.0
OPP-00021,Proof of Concept,2023-01-12,2023-01-25,13.0
OPP-00021,Negotiation,2023-01-25,2023-02-02,8.0
OPP-00022,Discovery,2023-01-23,2023-02-06,14.0
OPP-00022,Qualification,2023-02-06,2023-02-14,8.0
OPP-00022,Proof of Concept,2023-02-14,2023-02-20,6.0
OPP-00022,Negotiation,2023-02-20,2023-02-22,2.0
OPP-00023,Discovery,2022-11-30,2022-12-17,17.0
OPP-00023,Qualification,2022-12-17,2022-12-31,14.0
OPP-00023,Proof of Concept,2022-12-31,2023-01-16,16.0
OPP-00023,Negotiation,2023-01-16,2023-02-01,16.0
OPP-00024,Discovery,2022-11-16,2022-11-28,12.0
OPP-00024,Qualification,2022-11-28,2022-12-10,12.0
OPP-00024,Proof of Concept,2022-12-10,2023-01-16,37.0
OPP-00024,Negotiation,2023-01-16,2023-02-19,34.0
OPP-00025,Discovery,2022-12-08,2022-12-21,13.0
OPP-00025,Qualification,2022-12-21,2023-01-14,24.0
OPP-00025,Proof of Concept,2023-01-14,2023-02-07,24.0
OPP-00025,Negotiation,2023-02-07,2023-02-09,2.0
OPP-00026,Discovery,2023-01-18,2023-01-28,10.0
OPP-00026,Qualification,2023-01-28,2023-02-07,10.0
OPP-00026,Proof of Concept,2023-02-07,2023-02-13,6.0
OPP-00026,Negotiation,2023-02-13,2023-02-15,2.0
OPP-00027,Discovery,2022-12-20,2022-12-26,6.0
OPP-00027,Qualification,2022-12-26,2023-01-04,9.0
OPP-00027,Proof of Concept,2023-01-04,2023-02-04,31.0
OPP-00027,Negotiation,2023-02-04,2023-02-18,14.0
OPP-00028,Discovery,2022-11-28,2022-12-14,16.0
OPP-00028,Qualification,2022-12-14,2023-01-02,19.0
OPP-00028,Proof of Concept,2023-01-02,2023-01-08,6.0
OPP-00028,Negotiation,2023-01-08,2023-02-07,30.0
OPP-00029,Discovery,2023-01-04,2023-01-10,6.0
OPP-00029,Qualification,2023-01-10,2023-01-18,8.0
OPP-00029,Proof of Concept,2023-01-18,2023-01-23,5.0
OPP-00029,Negotiation,2023-01-23,2023-02-09,17.0
OPP-00030,Discovery,2022-12-18,2022-12-26,8.0
OPP-00030,Qualification,2022-12-26,2023-01-07,12.0
OPP-00030,Proof of Concept,2023-01-07,2023-01-16,9.0
OPP-00030,Negotiation,2023-01-16,2023-02-05,20.0
OPP-00031,Discovery,2022-12-18,2022-12-21,3.0
OPP-00031,Qualification,2022-12-21,2023-01-09,19.0
OPP-00031,Proof of Concept,2023-01-09,2023-01-23,14.0
OPP-00031,Negotiation,2023-01-23,2023-02-21,29.0
OPP-00032,Discovery,2023-01-11,2023-01-20,9.0
OPP-00032,Qualification,2023-01-20,2023-01-29,9.0
OPP-00032,Proof of Concept,2023-01-29,2023-02-01,3.0
OPP-00032,Negotiation,2023-02-01,2023-02-10,9.0
OPP-00033,Discovery,2022-11-20,2022-12-16,26.0
OPP-00033,Qualification,2022-12-16,2022-12-20,4.0
OPP-00033,Proof of Concept,2022-12-20,2023-02-05,47.0
OPP-00033,Negotiation,2023-02-05,2023-02-10,5.0
OPP-00034,Discovery,2023-02-06,2023-02-16,10.0
OPP-00034,Qualification,2023-02-16,2023-02-25,9.0
OPP-00034,Proof of Concept,2023-02-25,2023-03-14,17.0
OPP-00034,Negotiation,2023-03-14,2023-03-27,13.0
OPP-00035,Discovery,2023-01-10,2023-01-21,11.0
OPP-00035,Qualification,2023-01-21,2023-02-05,15.0
OPP-00035,Proof of Concept,2023-02-05,2023-02-19,14.0
OPP-00035,Negotiation,2023-02-19,2023-03-01,10.0
OPP-00036,Discovery,2022-12-16,2022-12-19,3.0
OPP-00036,Qualification,2022-12-19,2023-01-10,22.0
OPP-00036,Proof of Concept,2023-01-10,2023-02-18,39.0
OPP-00036,Negotiation,2023-02-18,2023-03-06,16.0
OPP-00037,Discovery,2023-01-21,2023-01-26,5.0
OPP-00037,Qualification,2023-01-26,2023-01-31,5.0
OPP-00037,Proof of Concept,2023-01-31,2023-02-12,12.0
OPP-00037,Negotiation,2023-02-12,2023-03-16,32.0
OPP-00038,Discovery,2023-02-08,2023-02-13,5.0
OPP-00038,Qualification,2023-02-13,2023-02-24,11.0
OPP-00038,Proof of Concept,2023-02-24,2023-03-04,8.0
OPP-00038,Negotiation,2023-03-04,2023-03-26,22.0
OPP-00039,Discovery,2023-01-25,2023-02-01,7.0
OPP-00039,Qualification,2023-02-01,2023-02-24,23.0
OPP-00039,Proof of Concept,2023-02-24,2023-03-11,15.0
OPP-00039,Negotiation,2023-03-11,2023-03-23,12.0
OPP-00040,Discovery,2023-02-25,2023-02-27,2.0
OPP-00040,Qualification,2023-02-27,2023-03-17,18.0
OPP-00040,Proof of Concept,2023-03-17,2023-03-23,6.0
OPP-00040,Negotiation,2023-03-23,2023-03-26,3.0
OPP-00041,Discovery,2023-01-04,2023-01-06,2.0
OPP-00041,Qualification,2023-01-06,2023-01-20,14.0
OPP-00041,Proof of Concept,2023-01-20,2023-03-05,44.0
OPP-00041,Negotiation,2023-03-05,2023-03-08,3.0
OPP-00042,Discovery,2023-02-25,2023-03-09,12.0
OPP-00042,Qualification,2023-03-09,2023-03-19,10.0
OPP-00042,Proof of Concept,2023-03-19,2023-03-21,2.0
OPP-00042,Negotiation,2023-03-21,2023-03-24,3.0
OPP-00043,Discovery,2023-02-15,2023-02-19,4.0
OPP-00043,Qualification,2023-02-19,2023-03-08,17.0
OPP-00043,Proof of Concept,2023-03-08,2023-03-16,8.0
OPP-00043,Negotiation,2023-03-16,2023-03-26,10.0
OPP-00044,Discovery,2023-01-17,2023-01-22,5.0
OPP-00044,Qualification,2023-01-22,2023-02-13,22.0
OPP-00044,Proof of Concept,2023-02-13,2023-03-09,24.0
OPP-00044,Negotiation,2023-03-09,2023-03-23,14.0
OPP-00045,Discovery,2023-02-06,2023-02-07,1.0
OPP-00045,Qualification,2023-02-07,2023-02-19,12.0
OPP-00045,Proof of Concept,2023-02-19,2023-03-04,13.0
OPP-00045,Negotiation,2023-03-04,2023-03-09,5.0
OPP-00046,Discovery,2022-10-24,2022-10-31,7.0
OPP-00046,Qualification,2022-10-31,2022-11-11,11.0
OPP-00046,Proof of Concept,2022-11-11,2023-02-21,102.0
OPP-00046,Negotiation,2023-02-21,2023-03-05,12.0
OPP-00047,Discovery,2022-12-29,2023-01-18,20.0
OPP-00047,Qualification,2023-01-18,2023-02-08,21.0
OPP-00047,Proof of Concept,2023-02-08,2023-02-27,19.0
OPP-00047,Negotiation,2023-02-27,2023-03-12,13.0
OPP-00048,Discovery,2023-02-21,2023-02-24,3.0
OPP-00048,Qualification,2023-02-24,2023-03-03,7.0
OPP-00048,Proof of Concept,2023-03-03,2023-03-11,8.0
OPP-00048,Negotiation,2023-03-11,2023-03-24,13.0
OPP-00049,Discovery,2023-02-07,2023-02-14,7.0
OPP-00049,Qualification,2023-02-14,2023-03-02,16.0
OPP-00049,Proof of Concept,2023-03-02,2023-03-12,10.0
OPP-00049,Negotiation,2023-03-12,2023-03-18,6.0
OPP-00050,Discovery,2023-01-13,2023-01-19,6.0
OPP-00050,Qualification,2023-01-19,2023-02-05,17.0
OPP-00050,Proof of Concept,2023-02-05,2023-02-27,22.0
OPP-00050,Negotiation,2023-02-27,2023-03-03,4.0
OPP-00051,Discovery,2022-12-26,2022-12-31,5.0
OPP-00051,Qualification,2022-12-31,2023-01-20,20.0
OPP-00051,Proof of Concept,2023-01-20,2023-03-17,56.0
OPP-00051,Negotiation,2023-03-17,2023-03-22,5.0
OPP-00052,Discovery,2023-02-19,2023-02-24,5.0
OPP-00052,Qualification,2023-02-24,2023-03-02,6.0
OPP-00052,Proof of Concept,2023-03-02,2023-03-12,10.0
OPP-00052,Negotiation,2023-03-12,2023-03-22,10.0
OPP-00053,Discovery,2023-03-14,2023-03-27,13.0
OPP-00053,Qualification,2023-03-27,2023-03-28,1.0
OPP-00053,Proof of Concept,2023-03-28,2023-04-03,6.0
OPP-00053,Negotiation,2023-04-03,2023-04-12,9.0
OPP-00054,Discovery,2023-03-16,2023-03-19,3.0
OPP-00054,Qualification,2023-03-19,2023-03-24,5.0
OPP-00054,Proof of Concept,2023-03-24,2023-03-31,7.0
OPP-00054,Negotiation,2023-03-31,2023-04-05,5.0
OPP-00055,Discovery,2023-01-24,2023-01-25,1.0
OPP-00055,Qualification,2023-01-25,2023-01-30,5.0
OPP-00055,Proof of Concept,2023-01-30,2023-03-29,58.0
OPP-00055,Negotiation,2023-03-29,2023-04-09,11.0
OPP-00056,Discovery,2023-03-16,2023-03-20,4.0
OPP-00056,Qualification,2023-03-20,2023-03-30,10.0
OPP-00056,Proof of Concept,2023-03-30,2023-04-07,8.0
OPP-00056,Negotiation,2023-04-07,2023-04-21,14.0
OPP-00057,Discovery,2023-02-19,2023-02-22,3.0
OPP-00057,Qualification,2023-02-22,2023-03-11,17.0
OPP-00057,Proof of Concept,2023-03-11,2023-03-30,19.0
OPP-00057,Negotiation,2023-03-30,2023-04-24,25.0
OPP-00058,Discovery,2023-01-29,2023-02-05,7.0
OPP-00058,Qualification,2023-02-05,2023-03-09,32.0
OPP-00058,Proof of Concept,2023-03-09,2023-04-13,35.0
OPP-00058,Negotiation,2023-04-13,2023-04-22,9.0
OPP-00059,Discovery,2023-03-05,2023-03-21,16.0
OPP-00059,Qualification,2023-03-21,2023-03-29,8.0
OPP-00059,Proof of Concept,2023-03-29,2023-04-10,12.0
OPP-00059,Negotiation,2023-04-10,2023-04-15,5.0
OPP-00060,Discovery,2023-03-09,2023-03-20,11.0
OPP-00060,Qualification,2023-03-20,2023-03-30,10.0
OPP-00060,Proof of Concept,2023-03-30,2023-04-04,5.0
OPP-00060,Negotiation,2023-04-04,2023-04-15,11.0
OPP-00061,Discovery,2023-02-28,2023-03-03,3.0
OPP-00061,Qualification,2023-03-03,2023-03-29,26.0
OPP-00061,Proof of Concept,2023-03-29,2023-04-02,4.0
OPP-00061,Negotiation,2023-04-02,2023-04-23,21.0
OPP-00062,Discovery,2023-02-07,2023-03-01,22.0
OPP-00062,Qualification,2023-03-01,2023-03-16,15.0
OPP-00062,Proof of Concept,2023-03-16,2023-03-30,14.0
OPP-00062,Negotiation,2023-03-30,2023-04-21,22.0
OPP-00063,Discovery,2023-03-12,2023-03-25,13.0
OPP-00063,Qualification,2023-03-25,2023-03-31,6.0
OPP-00063,Proof of Concept,2023-03-31,2023-04-08,8.0
OPP-00063,Negotiation,2023-04-08,2023-04-12,4.0
OPP-00064,Discovery,2023-02-13,2023-02-26,13.0
OPP-00064,Qualification,2023-02-26,2023-03-02,4.0
OPP-00064,Proof of Concept,2023-03-02,2023-04-09,38.0
OPP-00064,Negotiation,2023-04-09,2023-04-17,8.0
OPP-00065,Discovery,2023-02-14,2023-02-24,10.0
OPP-00065,Qualification,2023-02-24,2023-03-27,31.0
OPP-00065,Proof of Concept,2023-03-27,2023-04-09,13.0
OPP-00065,Negotiation,2023-04-09,2023-04-15,6.0
OPP-00066,Discovery,2022-12-23,2022-12-27,4.0
OPP-00066,Qualification,2022-12-27,2023-01-07,11.0
OPP-00066,Proof of Concept,2023-01-07,2023-03-17,69.0
OPP-00066,Negotiation,2023-03-17,2023-04-12,26.0
OPP-00067,Discovery,2023-01-04,2023-01-06,2.0
OPP-00067,Qualification,2023-01-06,2023-01-17,11.0
OPP-00067,Proof of Concept,2023-01-17,2023-03-12,54.0
OPP-00067,Negotiation,2023-03-12,2023-04-02,21.0
OPP-00068,Discovery,2023-03-08,2023-03-23,15.0
OPP-00068,Qualification,2023-03-23,2023-03-31,8.0
OPP-00068,Proof of Concept,2023-03-31,2023-04-11,11.0
OPP-00068,Negotiation,2023-04-11,2023-04-18,7.0
OPP-00069,Discovery,2023-01-18,2023-02-04,17.0
OPP-00069,Qualification,2023-02-04,2023-02-09,5.0
OPP-00069,Proof of Concept,2023-02-09,2023-03-06,25.0
OPP-00069,Negotiation,2023-03-06,2023-04-13,38.0
OPP-00070,Discovery,2023-03-07,2023-03-09,2.0
OPP-00070,Qualification,2023-03-09,2023-03-19,10.0
OPP-00070,Proof of Concept,2023-03-19,2023-04-19,31.0
OPP-00070,Negotiation,2023-04-19,2023-05-01,12.0
OPP-00071,Discovery,2023-04-13,2023-04-16,3.0
OPP-00071,Qualification,2023-04-16,2023-04-23,7.0
OPP-00071,Proof of Concept,2023-04-23,2023-05-05,12.0
OPP-00071,Negotiation,2023-05-05,2023-05-08,3.0
OPP-00072,Discovery,2023-02-24,2023-03-13,17.0
OPP-00072,Qualification,2023-03-13,2023-03-29,16.0
OPP-00072,Proof of Concept,2023-03-29,2023-05-07,39.0
OPP-00072,Negotiation,2023-05-07,2023-05-19,12.0
OPP-00073,Discovery,2023-03-18,2023-03-20,2.0
OPP-00073,Qualification,2023-03-20,2023-03-31,11.0
OPP-00073,Proof of Concept,2023-03-31,2023-05-01,31.0
OPP-00073,Negotiation,2023-05-01,2023-05-15,14.0
OPP-00074,Discovery,2022-11-03,2022-11-21,18.0
OPP-00074,Qualification,2022-11-21,2022-12-30,39.0
OPP-00074,Proof of Concept,2022-12-30,2023-05-01,122.0
OPP-00074,Negotiation,2023-05-01,2023-05-06,5.0
OPP-00075,Discovery,2023-03-10,2023-03-21,11.0
OPP-00075,Qualification,2023-03-21,2023-04-05,15.0
OPP-00075,Proof of Concept,2023-04-05,2023-04-10,5.0
OPP-00075,Negotiation,2023-04-10,2023-05-02,22.0
OPP-00076,Discovery,2023-02-19,2023-02-23,4.0
OPP-00076,Qualification,2023-02-23,2023-03-03,8.0
OPP-00076,Proof of Concept,2023-03-03,2023-05-04,62.0
OPP-00076,Negotiation,2023-05-04,2023-05-19,15.0
OPP-00077,Discovery,2023-05-03,2023-05-04,1.0
OPP-00077,Qualification,2023-05-04,2023-05-13,9.0
OPP-00077,Proof of Concept,2023-05-13,2023-05-19,6.0
OPP-00077,Negotiation,2023-05-19,2023-05-25,6.0
OPP-00078,Discovery,2023-03-26,2023-04-09,14.0
OPP-00078,Qualification,2023-04-09,2023-04-21,12.0
OPP-00078,Proof of Concept,2023-04-21,2023-04-27,6.0
OPP-00078,Negotiation,2023-04-27,2023-05-12,15.0
OPP-00079,Discovery,2023-04-13,2023-04-28,15.0
OPP-00079,Qualification,2023-04-28,2023-05-09,11.0
OPP-00079,Proof of Concept,2023-05-09,2023-05-21,12.0
OPP-00079,Negotiation,2023-05-21,2023-05-26,5.0
OPP-00080,Discovery,2023-04-11,2023-04-19,8.0
OPP-00080,Qualification,2023-04-19,2023-04-22,3.0
OPP-00080,Proof of Concept,2023-04-22,2023-04-28,6.0
OPP-00080,Negotiation,2023-04-28,2023-05-07,9.0
OPP-00081,Discovery,2023-02-23,2023-03-07,12.0
OPP-00081,Qualification,2023-03-07,2023-03-30,23.0
OPP-00081,Proof of Concept,2023-03-30,2023-05-14,45.0
OPP-00081,Negotiation,2023-05-14,2023-05-17,3.0
OPP-00082,Discovery,2023-04-09,2023-04-18,9.0
OPP-00082,Qualification,2023-04-18,2023-04-26,8.0
OPP-00082,Proof of Concept,2023-04-26,2023-05-07,11.0
OPP-00082,Negotiation,2023-05-07,2023-05-10,3.0
OPP-00083,Discovery,2023-02-04,2023-02-05,1.0
OPP-00083,Qualification,2023-02-05,2023-02-10,5.0
OPP-00083,Proof of Concept,2023-02-10,2023-05-07,86.0
OPP-00083,Negotiation,2023-05-07,2023-05-20,13.0
OPP-00084,Discovery,2023-03-30,2023-04-03,4.0
OPP-00084,Qualification,2023-04-03,2023-04-24,21.0
OPP-00084,Proof of Concept,2023-04-24,2023-04-28,4.0
OPP-00084,Negotiation,2023-04-28,2023-05-04,6.0
OPP-00085,Discovery,2023-03-19,2023-03-29,10.0
OPP-00085,Qualification,2023-03-29,2023-04-04,6.0
OPP-00085,Proof of Concept,2023-04-04,2023-05-08,34.0
OPP-00085,Negotiation,2023-05-08,2023-05-14,6.0
OPP-00086,Discovery,2023-03-05,2023-03-14,9.0
OPP-00086,Qualification,2023-03-14,2023-03-19,5.0
OPP-00086,Proof of Concept,2023-03-19,2023-05-14,56.0
OPP-00086,Negotiation,2023-05-14,2023-05-24,10.0
OPP-00087,Discovery,2023-03-31,2023-04-10,10.0
OPP-00087,Qualification,2023-04-10,2023-04-20,10.0
OPP-00087,Proof of Concept,2023-04-20,2023-05-04,14.0
OPP-00087,Negotiation,2023-05-04,2023-05-14,10.0
OPP-00088,Discovery,2023-04-19,2023-04-21,2.0
OPP-00088,Qualification,2023-04-21,2023-05-16,25.0
OPP-00088,Proof of Concept,2023-05-16,2023-06-04,19.0
OPP-00088,Negotiation,2023-06-04,2023-06-20,16.0
OPP-00089,Discovery,2023-04-11,2023-04-14,3.0
OPP-00089,Qualification,2023-04-14,2023-04-24,10.0
OPP-00089,Proof of Concept,2023-04-24,2023-05-27,33.0
OPP-00089,Negotiation,2023-05-27,2023-06-13,17.0
OPP-00090,Discovery,2023-05-05,2023-05-07,2.0
OPP-00090,Qualification,2023-05-07,2023-05-15,8.0
OPP-00090,Proof of Concept,2023-05-15,2023-06-06,22.0
OPP-00090,Negotiation,2023-06-06,2023-06-23,17.0
OPP-00091,Discovery,2023-05-09,2023-05-16,7.0
OPP-00091,Qualification,2023-05-16,2023-05-31,15.0
OPP-00091,Proof of Concept,2023-05-31,2023-06-19,19.0
OPP-00091,Negotiation,2023-06-19,2023-06-23,4.0
OPP-00092,Discovery,2023-04-09,2023-04-12,3.0
OPP-00092,Qualification,2023-04-12,2023-04-30,18.0
OPP-00092,Proof of Concept,2023-04-30,2023-05-06,6.0
OPP-00092,Negotiation,2023-05-06,2023-06-25,50.0
OPP-00093,Discovery,2023-05-19,2023-05-24,5.0
OPP-00093,Qualification,2023-05-24,2023-06-01,8.0
OPP-00093,Proof of Concept,2023-06-01,2023-06-13,12.0
OPP-00093,Negotiation,2023-06-13,2023-06-20,7.0
OPP-00094,Discovery,2023-05-13,2023-05-19,6.0
OPP-00094,Qualification,2023-05-19,2023-06-02,14.0
OPP-00094,Proof of Concept,2023-06-02,2023-06-09,7.0
OPP-00094,Negotiation,2023-06-09,2023-06-18,9.0
OPP-00095,Discovery,2023-05-10,2023-05-18,8.0
OPP-00095,Qualification,2023-05-18,2023-06-05,18.0
OPP-00095,Proof of Concept,2023-06-05,2023-06-16,11.0
OPP-00095,Negotiation,2023-06-16,2023-06-24,8.0
OPP-00096,Discovery,2023-04-04,2023-04-12,8.0
OPP-00096,Qualification,2023-04-12,2023-05-05,23.0
OPP-00096,Proof of Concept,2023-05-05,2023-06-15,41.0
OPP-00096,Negotiation,2023-06-15,2023-06-23,8.0
OPP-00097,Discovery,2023-05-19,2023-05-23,4.0
OPP-00097,Qualification,2023-05-23,2023-05-29,6.0
OPP-00097,Proof of Concept,2023-05-29,2023-05-30,1.0
OPP-00097,Negotiation,2023-05-30,2023-06-05,6.0
OPP-00098,Discovery,2023-04-22,2023-04-25,3.0
OPP-00098,Qualification,2023-04-25,2023-04-27,2.0
OPP-00098,Proof of Concept,2023-04-27,2023-05-31,34.0
OPP-00098,Negotiation,2023-05-31,2023-06-12,12.0
OPP-00099,Discovery,2023-04-29,2023-05-15,16.0
OPP-00099,Qualification,2023-05-15,2023-05-30,15.0
OPP-00099,Proof of Concept,2023-05-30,2023-06-02,3.0
OPP-00099,Negotiation,2023-06-02,2023-06-18,16.0
OPP-00100,Discovery,2023-04-24,2023-05-07,13.0
OPP-00100,Qualification,2023-05-07,2023-05-24,17.0
OPP-00100,Proof of Concept,2023-05-24,2023-06-01,8.0
OPP-00100,Negotiation,2023-06-01,2023-06-20,19.0
OPP-00101,Discovery,2023-05-17,2023-05-19,2.0
OPP-00101,Qualification,2023-05-19,2023-05-20,1.0
OPP-00101,Proof of Concept,2023-05-20,2023-06-02,13.0
OPP-00101,Negotiation,2023-06-02,2023-06-05,3.0
OPP-00102,Discovery,2023-04-16,2023-04-24,8.0
OPP-00102,Qualification,2023-04-24,2023-05-08,14.0
OPP-00102,Proof of Concept,2023-05-08,2023-05-21,13.0
OPP-00102,Negotiation,2023-05-21,2023-06-02,12.0
OPP-00103,Discovery,2023-03-23,2023-04-12,20.0
OPP-00103,Qualification,2023-04-12,2023-04-25,13.0
OPP-00103,Proof of Concept,2023-04-25,2023-05-19,24.0
OPP-00103,Negotiation,2023-05-19,2023-06-07,19.0
OPP-00104,Discovery,2023-05-24,2023-06-03,10.0
OPP-00104,Qualification,2023-06-03,2023-06-13,10.0
OPP-00104,Proof of Concept,2023-06-13,2023-06-15,2.0
OPP-00104,Negotiation,2023-06-15,2023-06-25,10.0
OPP-00105,Discovery,2023-05-04,2023-05-14,10.0
OPP-00105,Qualification,2023-05-14,2023-05-28,14.0
OPP-00105,Proof of Concept,2023-05-28,2023-06-01,4.0
OPP-00105,Negotiation,2023-06-01,2023-06-26,25.0
OPP-00106,Discovery,2023-04-19,2023-05-08,19.0
OPP-00106,Qualification,2023-05-08,2023-05-17,9.0
OPP-00106,Proof of Concept,2023-05-17,2023-07-09,53.0
OPP-00106,Negotiation,2023-07-09,2023-07-22,13.0
OPP-00107,Discovery,2023-06-10,2023-06-17,7.0
OPP-00107,Qualification,2023-06-17,2023-07-04,17.0
OPP-00107,Proof of Concept,2023-07-04,2023-07-20,16.0
OPP-00107,Negotiation,2023-07-20,2023-07-26,6.0
OPP-00108,Discovery,2023-06-18,2023-06-28,10.0
OPP-00108,Qualification,2023-06-28,2023-07-03,5.0
OPP-00108,Proof of Concept,2023-07-03,2023-07-12,9.0
OPP-00108,Negotiation,2023-07-12,2023-07-19,7.0
OPP-00109,Discovery,2023-05-30,2023-06-16,17.0
OPP-00109,Qualification,2023-06-16,2023-06-24,8.0
OPP-00109,Proof of Concept,2023-06-24,2023-07-04,10.0
OPP-00109,Negotiation,2023-07-04,2023-07-20,16.0
OPP-00110,Discovery,2023-06-01,2023-06-08,7.0
OPP-00110,Qualification,2023-06-08,2023-06-18,10.0
OPP-00110,Proof of Concept,2023-06-18,2023-07-01,13.0
OPP-00110,Negotiation,2023-07-01,2023-07-03,2.0
OPP-00111,Discovery,2023-04-18,2023-05-03,15.0
OPP-00111,Qualification,2023-05-03,2023-05-07,4.0
OPP-00111,Proof of Concept,2023-05-07,2023-06-16,40.0
OPP-00111,Negotiation,2023-06-16,2023-07-21,35.0
OPP-00112,Discovery,2023-05-31,2023-06-01,1.0
OPP-00112,Qualification,2023-06-01,2023-06-14,13.0
OPP-00112,Proof of Concept,2023-06-14,2023-06-25,11.0
OPP-00112,Negotiation,2023-06-25,2023-07-17,22.0
OPP-00113,Discovery,2023-06-16,2023-06-17,1.0
OPP-00113,Qualification,2023-06-17,2023-06-20,3.0
OPP-00113,Proof of Concept,2023-06-20,2023-06-30,10.0
OPP-00113,Negotiation,2023-06-30,2023-07-03,3.0
OPP-00114,Discovery,2023-06-20,2023-06-24,4.0
OPP-00114,Qualification,2023-06-24,2023-06-28,4.0
OPP-00114,Proof of Concept,2023-06-28,2023-07-09,11.0
OPP-00114,Negotiation,2023-07-09,2023-07-10,1.0
OPP-00115,Discovery,2023-04-01,2023-04-11,10.0
OPP-00115,Qualification,2023-04-11,2023-04-20,9.0
OPP-00115,Proof of Concept,2023-04-20,2023-05-19,29.0
OPP-00115,Negotiation,2023-05-19,2023-07-10,52.0
OPP-00116,Discovery,2023-06-09,2023-06-14,5.0
OPP-00116,Qualification,2023-06-14,2023-06-23,9.0
OPP-00116,Proof of Concept,2023-06-23,2023-07-10,17.0
OPP-00116,Negotiation,2023-07-10,2023-07-21,11.0
OPP-00117,Discovery,2023-05-29,2023-06-02,4.0
OPP-00117,Qualification,2023-06-02,2023-06-08,6.0
OPP-00117,Proof of Concept,2023-06-08,2023-07-01,23.0
OPP-00117,Negotiation,2023-07-01,2023-07-05,4.0
OPP-00118,Discovery,2023-06-13,2023-06-20,7.0
OPP-00118,Qualification,2023-06-20,2023-06-30,10.0
OPP-00118,Proof of Concept,2023-06-30,2023-07-09,9.0
OPP-00118,Negotiation,2023-07-09,2023-07-22,13.0
OPP-00119,Discovery,2023-05-18,2023-06-02,15.0
OPP-00119,Qualification,2023-06-02,2023-06-13,11.0
OPP-00119,Proof of Concept,2023-06-13,2023-07-09,26.0
OPP-00119,Negotiation,2023-07-09,2023-07-19,10.0
OPP-00120,Discovery,2023-06-19,2023-06-26,7.0
OPP-00120,Qualification,2023-06-26,2023-07-02,6.0
OPP-00120,Proof of Concept,2023-07-02,2023-07-15,13.0
OPP-00120,Negotiation,2023-07-15,2023-07-18,3.0
OPP-00121,Discovery,2023-07-01,2023-07-06,5.0
OPP-00121,Qualification,2023-07-06,2023-07-10,4.0
OPP-00121,Proof of Concept,2023-07-10,2023-07-12,2.0
OPP-00121,Negotiation,2023-07-12,2023-07-20,8.0
OPP-00122,Discovery,2023-06-14,2023-06-21,7.0
OPP-00122,Qualification,2023-06-21,2023-07-07,16.0
OPP-00122,Proof of Concept,2023-07-07,2023-07-09,2.0
OPP-00122,Negotiation,2023-07-09,2023-07-14,5.0
OPP-00123,Discovery,2023-05-25,2023-05-28,3.0
OPP-00123,Qualification,2023-05-28,2023-06-05,8.0
OPP-00123,Proof of Concept,2023-06-05,2023-07-17,42.0
OPP-00123,Negotiation,2023-07-17,2023-07-25,8.0
OPP-00124,Discovery,2023-04-28,2023-05-01,3.0
OPP-00124,Qualification,2023-05-01,2023-05-18,17.0
OPP-00124,Proof of Concept,2023-05-18,2023-06-22,35.0
OPP-00124,Negotiation,2023-06-22,2023-07-01,9.0
OPP-00125,Discovery,2023-06-08,2023-06-12,4.0
OPP-00125,Qualification,2023-06-12,2023-06-13,1.0
OPP-00125,Proof of Concept,2023-06-13,2023-06-19,6.0
OPP-00125,Negotiation,2023-06-19,2023-07-01,12.0
OPP-00126,Discovery,2023-06-25,2023-07-03,8.0
OPP-00126,Qualification,2023-07-03,2023-07-19,16.0
OPP-00126,Proof of Concept,2023-07-19,2023-08-05,17.0
OPP-00126,Negotiation,2023-08-05,2023-08-09,4.0
OPP-00127,Discovery,2023-06-17,2023-06-19,2.0
OPP-00127,Qualification,2023-06-19,2023-06-24,5.0
OPP-00127,Proof of Concept,2023-06-24,2023-07-22,28.0
OPP-00127,Negotiation,2023-07-22,2023-08-07,16.0
OPP-00128,Discovery,2023-07-09,2023-07-14,5.0
OPP-00128,Qualification,2023-07-14,2023-07-18,4.0
OPP-00128,Proof of Concept,2023-07-18,2023-07-31,13.0
OPP-00128,Negotiation,2023-07-31,2023-08-05,5.0
OPP-00129,Discovery,2023-06-29,2023-07-04,5.0
OPP-00129,Qualification,2023-07-04,2023-07-17,13.0
OPP-00129,Proof of Concept,2023-07-17,2023-08-13,27.0
OPP-00129,Negotiation,2023-08-13,2023-08-23,10.0
OPP-00130,Discovery,2023-07-28,2023-08-09,12.0
OPP-00130,Qualification,2023-08-09,2023-08-14,5.0
OPP-00130,Proof of Concept,2023-08-14,2023-08-22,8.0
OPP-00130,Negotiation,2023-08-22,2023-08-27,5.0
OPP-00131,Discovery,2023-06-25,2023-07-06,11.0
OPP-00131,Qualification,2023-07-06,2023-07-09,3.0
OPP-00131,Proof of Concept,2023-07-09,2023-08-12,34.0
OPP-00131,Negotiation,2023-08-12,2023-08-27,15.0
OPP-00132,Discovery,2023-07-19,2023-07-25,6.0
OPP-00132,Qualification,2023-07-25,2023-07-27,2.0
OPP-00132,Proof of Concept,2023-07-27,2023-08-08,12.0
OPP-00132,Negotiation,2023-08-08,2023-08-10,2.0
OPP-00133,Discovery,2023-07-15,2023-07-22,7.0
OPP-00133,Qualification,2023-07-22,2023-07-27,5.0
OPP-00133,Proof of Concept,2023-07-27,2023-08-08,12.0
OPP-00133,Negotiation,2023-08-08,2023-08-19,11.0
OPP-00134,Discovery,2023-06-22,2023-07-02,10.0
OPP-00134,Qualification,2023-07-02,2023-07-19,17.0
OPP-00134,Proof of Concept,2023-07-19,2023-08-09,21.0
OPP-00134,Negotiation,2023-08-09,2023-08-15,6.0
OPP-00135,Discovery,2023-07-11,2023-07-14,3.0
OPP-00135,Qualification,2023-07-14,2023-07-23,9.0
OPP-00135,Proof of Concept,2023-07-23,2023-08-07,15.0
OPP-00135,Negotiation,2023-08-07,2023-08-15,8.0
OPP-00136,Discovery,2023-07-23,2023-07-26,3.0
OPP-00136,Qualification,2023-07-26,2023-07-30,4.0
OPP-00136,Proof of Concept,2023-07-30,2023-08-01,2.0
OPP-00136,Negotiation,2023-08-01,2023-08-10,9.0
OPP-00137,Discovery,2023-07-26,2023-08-03,8.0
OPP-00137,Qualification,2023-08-03,2023-08-07,4.0
OPP-00137,Proof of Concept,2023-08-07,2023-08-14,7.0
OPP-00137,Negotiation,2023-08-14,2023-08-24,10.0
OPP-00138,Discovery,2023-06-15,2023-06-22,7.0
OPP-00138,Qualification,2023-06-22,2023-06-24,2.0
OPP-00138,Proof of Concept,2023-06-24,2023-08-08,45.0
OPP-00138,Negotiation,2023-08-08,2023-08-15,7.0
OPP-00139,Discovery,2023-05-06,2023-05-09,3.0
OPP-00139,Qualification,2023-05-09,2023-06-09,31.0
OPP-00139,Proof of Concept,2023-06-09,2023-08-02,54.0
OPP-00139,Negotiation,2023-08-02,2023-08-14,12.0
OPP-00140,Discovery,2023-07-03,2023-07-09,6.0
OPP-00140,Qualification,2023-07-09,2023-07-21,12.0
OPP-00140,Proof of Concept,2023-07-21,2023-08-10,20.0
OPP-00140,Negotiation,2023-08-10,2023-08-21,11.0
OPP-00141,Discovery,2023-06-13,2023-06-23,10.0
OPP-00141,Qualification,2023-06-23,2023-07-06,13.0
OPP-00141,Proof of Concept,2023-07-06,2023-07-24,18.0
OPP-00141,Negotiation,2023-07-24,2023-08-05,12.0
OPP-00142,Discovery,2023-04-28,2023-05-02,4.0
OPP-00142,Qualification,2023-05-02,2023-05-15,13.0
OPP-00142,Proof of Concept,2023-05-15,2023-07-20,66.0
OPP-00142,Negotiation,2023-07-20,2023-08-24,35.0
OPP-00143,Discovery,2023-08-16,2023-08-24,8.0
OPP-00143,Qualification,2023-08-24,2023-08-25,1.0
OPP-00143,Proof of Concept,2023-08-25,2023-09-01,7.0
OPP-00143,Negotiation,2023-09-01,2023-09-20,19.0
OPP-00144,Discovery,2023-08-25,2023-08-30,5.0
OPP-00144,Qualification,2023-08-30,2023-09-16,17.0
OPP-00144,Proof of Concept,2023-09-16,2023-09-18,2.0
OPP-00144,Negotiation,2023-09-18,2023-09-24,6.0
OPP-00145,Discovery,2023-06-15,2023-06-21,6.0
OPP-00145,Qualification,2023-06-21,2023-07-01,10.0
OPP-00145,Proof of Concept,2023-07-01,2023-09-07,68.0
OPP-00145,Negotiation,2023-09-07,2023-09-10,3.0
OPP-00146,Discovery,2023-08-17,2023-08-18,1.0
OPP-00146,Qualification,2023-08-18,2023-08-23,5.0
OPP-00146,Proof of Concept,2023-08-23,2023-09-12,20.0
OPP-00146,Negotiation,2023-09-12,2023-09-13,1.0
OPP-00147,Discovery,2023-08-08,2023-08-13,5.0
OPP-00147,Qualification,2023-08-13,2023-08-22,9.0
OPP-00147,Proof of Concept,2023-08-22,2023-08-28,6.0
OPP-00147,Negotiation,2023-08-28,2023-09-09,12.0
OPP-00148,Discovery,2023-04-10,2023-05-19,39.0
OPP-00148,Qualification,2023-05-19,2023-07-10,52.0
OPP-00148,Proof of Concept,2023-07-10,2023-09-10,62.0
OPP-00148,Negotiation,2023-09-10,2023-09-21,11.0
OPP-00149,Discovery,2023-07-19,2023-07-29,10.0
OPP-00149,Qualification,2023-07-29,2023-08-01,3.0
OPP-00149,Proof of Concept,2023-08-01,2023-08-23,22.0
OPP-00149,Negotiation,2023-08-23,2023-09-02,10.0
OPP-00150,Discovery,2023-08-16,2023-08-24,8.0
OPP-00150,Qualification,2023-08-24,2023-08-31,7.0
OPP-00150,Proof of Concept,2023-08-31,2023-09-08,8.0
OPP-00150,Negotiation,2023-09-08,2023-09-18,10.0
OPP-00151,Discovery,2023-07-24,2023-07-29,5.0
OPP-00151,Qualification,2023-07-29,2023-08-14,16.0
OPP-00151,Proof of Concept,2023-08-14,2023-09-01,18.0
OPP-00151,Negotiation,2023-09-01,2023-09-09,8.0
OPP-00152,Discovery,2023-06-03,2023-07-19,46.0
OPP-00152,Qualification,2023-07-19,2023-08-05,17.0
OPP-00152,Proof of Concept,2023-08-05,2023-08-12,7.0
OPP-00152,Negotiation,2023-08-12,2023-09-02,21.0
OPP-00153,Discovery,2023-08-27,2023-09-05,9.0
OPP-00153,Qualification,2023-09-05,2023-09-09,4.0
OPP-00153,Proof of Concept,2023-09-09,2023-09-17,8.0
OPP-00153,Negotiation,2023-09-17,2023-09-21,4.0
OPP-00154,Discovery,2023-08-31,2023-09-07,7.0
OPP-00154,Qualification,2023-09-07,2023-09-12,5.0
OPP-00154,Proof of Concept,2023-09-12,2023-09-14,2.0
OPP-00154,Negotiation,2023-09-14,2023-09-24,10.0
OPP-00155,Discovery,2023-07-12,2023-07-23,11.0
OPP-00155,Qualification,2023-07-23,2023-07-27,4.0
OPP-00155,Proof of Concept,2023-07-27,2023-08-17,21.0
OPP-00155,Negotiation,2023-08-17,2023-09-03,17.0
OPP-00156,Discovery,2023-08-21,2023-08-27,6.0
OPP-00156,Qualification,2023-08-27,2023-09-15,19.0
OPP-00156,Proof of Concept,2023-09-15,2023-09-20,5.0
OPP-00156,Negotiation,2023-09-20,2023-09-25,5.0
OPP-00157,Discovery,2023-06-03,2023-06-17,14.0
OPP-00157,Qualification,2023-06-17,2023-07-08,21.0
OPP-00157,Proof of Concept,2023-07-08,2023-07-24,16.0
OPP-00157,Negotiation,2023-07-24,2023-09-02,40.0
OPP-00158,Discovery,2023-04-30,2023-05-04,4.0
OPP-00158,Qualification,2023-05-04,2023-05-11,7.0
OPP-00158,Proof of Concept,2023-05-11,2023-08-30,111.0
OPP-00158,Negotiation,2023-08-30,2023-09-10,11.0
OPP-00159,Discovery,2023-07-26,2023-07-28,2.0
OPP-00159,Qualification,2023-07-28,2023-08-04,7.0
OPP-00159,Proof of Concept,2023-08-04,2023-08-12,8.0
OPP-00159,Negotiation,2023-08-12,2023-09-03,22.0
OPP-00160,Discovery,2023-07-30,2023-08-08,9.0
OPP-00160,Qualification,2023-08-08,2023-08-15,7.0
OPP-00160,Proof of Concept,2023-08-15,2023-09-04,20.0
OPP-00160,Negotiation,2023-09-04,2023-09-15,11.0
OPP-00161,Discovery,2023-08-10,2023-08-17,7.0
OPP-00161,Qualification,2023-08-17,2023-08-25,8.0
OPP-00161,Proof of Concept,2023-08-25,2023-09-09,15.0
OPP-00161,Negotiation,2023-09-09,2023-09-23,14.0
OPP-00162,Discovery,2023-08-11,2023-08-12,1.0
OPP-00162,Qualification,2023-08-12,2023-08-21,9.0
OPP-00162,Proof of Concept,2023-08-21,2023-09-22,32.0
OPP-00162,Negotiation,2023-09-22,2023-10-01,9.0
OPP-00163,Discovery,2023-09-30,2023-10-04,4.0
OPP-00163,Qualification,2023-10-04,2023-10-13,9.0
OPP-00163,Proof of Concept,2023-10-13,2023-10-22,9.0
OPP-00163,Negotiation,2023-10-22,2023-10-27,5.0
OPP-00164,Discovery,2023-10-01,2023-10-03,2.0
OPP-00164,Qualification,2023-10-03,2023-10-05,2.0
OPP-00164,Proof of Concept,2023-10-05,2023-10-10,5.0
OPP-00164,Negotiation,2023-10-10,2023-10-21,11.0
OPP-00165,Discovery,2023-07-30,2023-08-06,7.0
OPP-00165,Qualification,2023-08-06,2023-08-08,2.0
OPP-00165,Proof of Concept,2023-08-08,2023-10-16,69.0
OPP-00165,Negotiation,2023-10-16,2023-10-26,10.0
OPP-00166,Discovery,2023-08-24,2023-08-27,3.0
OPP-00166,Qualification,2023-08-27,2023-09-05,9.0
OPP-00166,Proof of Concept,2023-09-05,2023-09-27,22.0
OPP-00166,Negotiation,2023-09-27,2023-10-08,11.0
OPP-00167,Discovery,2023-08-20,2023-09-06,17.0
OPP-00167,Qualification,2023-09-06,2023-09-14,8.0
OPP-00167,Proof of Concept,2023-09-14,2023-10-12,28.0
OPP-00167,Negotiation,2023-10-12,2023-10-18,6.0
OPP-00168,Discovery,2023-09-15,2023-09-17,2.0
OPP-00168,Qualification,2023-09-17,2023-09-20,3.0
OPP-00168,Proof of Concept,2023-09-20,2023-09-22,2.0
OPP-00168,Negotiation,2023-09-22,2023-10-05,13.0
OPP-00169,Discovery,2023-09-15,2023-09-16,1.0
OPP-00169,Qualification,2023-09-16,2023-09-25,9.0
OPP-00169,Proof of Concept,2023-09-25,2023-10-17,22.0
OPP-00169,Negotiation,2023-10-17,2023-10-21,4.0
OPP-00170,Discovery,2023-09-27,2023-09-28,1.0
OPP-00170,Qualification,2023-09-28,2023-10-05,7.0
OPP-00170,Proof of Concept,2023-10-05,2023-10-23,18.0
OPP-00170,Negotiation,2023-10-23,2023-10-26,3.0
OPP-00171,Discovery,2023-09-18,2023-09-22,4.0
OPP-00171,Qualification,2023-09-22,2023-09-30,8.0
OPP-00171,Proof of Concept,2023-09-30,2023-10-12,12.0
OPP-00171,Negotiation,2023-10-12,2023-10-16,4.0
OPP-00172,Discovery,2023-08-31,2023-09-06,6.0
OPP-00172,Qualification,2023-09-06,2023-09-25,19.0
OPP-00172,Proof of Concept,2023-09-25,2023-10-09,14.0
OPP-00172,Negotiation,2023-10-09,2023-10-12,3.0
OPP-00173,Discovery,2023-08-19,2023-09-06,18.0
OPP-00173,Qualification,2023-09-06,2023-09-30,24.0
OPP-00173,Proof of Concept,2023-09-30,2023-10-10,10.0
OPP-00173,Negotiation,2023-10-10,2023-10-20,10.0
OPP-00174,Discovery,2023-10-03,2023-10-05,2.0
OPP-00174,Qualification,2023-10-05,2023-10-13,8.0
OPP-00174,Proof of Concept,2023-10-13,2023-10-16,3.0
OPP-00174,Negotiation,2023-10-16,2023-10-24,8.0
OPP-00175,Discovery,2023-09-20,2023-09-25,5.0
OPP-00175,Qualification,2023-09-25,2023-10-01,6.0
OPP-00175,Proof of Concept,2023-10-01,2023-10-05,4.0
OPP-00175,Negotiation,2023-10-05,2023-10-08,3.0
OPP-00176,Discovery,2023-07-30,2023-08-05,6.0
OPP-00176,Qualification,2023-08-05,2023-08-17,12.0
OPP-00176,Proof of Concept,2023-08-17,2023-10-02,46.0
OPP-00176,Negotiation,2023-10-02,2023-10-19,17.0
OPP-00177,Discovery,2023-08-07,2023-08-12,5.0
OPP-00177,Qualification,2023-08-12,2023-09-22,41.0
OPP-00177,Proof of Concept,2023-09-22,2023-10-14,22.0
OPP-00177,Negotiation,2023-10-14,2023-10-20,6.0
OPP-00178,Discovery,2023-09-27,2023-10-04,7.0
OPP-00178,Qualification,2023-10-04,2023-10-14,10.0
OPP-00178,Proof of Concept,2023-10-14,2023-10-18,4.0
OPP-00178,Negotiation,2023-10-18,2023-10-24,6.0
OPP-00179,Discovery,2023-08-16,2023-08-18,2.0
OPP-00179,Qualification,2023-08-18,2023-08-25,7.0
OPP-00179,Proof of Concept,2023-08-25,2023-10-15,51.0
OPP-00179,Negotiation,2023-10-15,2023-10-24,9.0
OPP-00180,Discovery,2023-09-26,2023-10-01,5.0
OPP-00180,Qualification,2023-10-01,2023-10-05,4.0
OPP-00180,Proof of Concept,2023-10-05,2023-10-14,9.0
OPP-00180,Negotiation,2023-10-14,2023-10-25,11.0
OPP-00181,Discovery,2023-08-27,2023-09-04,8.0
OPP-00181,Qualification,2023-09-04,2023-09-27,23.0
OPP-00181,Proof of Concept,2023-09-27,2023-10-04,7.0
OPP-00181,Negotiation,2023-10-04,2023-10-08,4.0
OPP-00182,Discovery,2023-10-07,2023-10-10,3.0
OPP-00182,Qualification,2023-10-10,2023-10-25,15.0
OPP-00182,Proof of Concept,2023-10-25,2023-10-30,5.0
OPP-00182,Negotiation,2023-10-30,2023-11-08,9.0
OPP-00183,Discovery,2023-10-23,2023-10-29,6.0
OPP-00183,Qualification,2023-10-29,2023-11-03,5.0
OPP-00183,Proof of Concept,2023-11-03,2023-11-16,13.0
OPP-00183,Negotiation,2023-11-16,2023-11-23,7.0
OPP-00184,Discovery,2023-10-08,2023-10-11,3.0
OPP-00184,Qualification,2023-10-11,2023-10-21,10.0
OPP-00184,Proof of Concept,2023-10-21,2023-10-29,8.0
OPP-00184,Negotiation,2023-10-29,2023-11-08,10.0
OPP-00185,Discovery,2023-10-27,2023-10-29,2.0
OPP-00185,Qualification,2023-10-29,2023-11-03,5.0
OPP-00185,Proof of Concept,2023-11-03,2023-11-20,17.0
OPP-00185,Negotiation,2023-11-20,2023-11-27,7.0
OPP-00186,Discovery,2023-08-31,2023-09-05,5.0
OPP-00186,Qualification,2023-09-05,2023-09-11,6.0
OPP-00186,Proof of Concept,2023-09-11,2023-10-23,42.0
OPP-00186,Negotiation,2023-10-23,2023-11-07,15.0
OPP-00187,Discovery,2023-09-27,2023-10-04,7.0
OPP-00187,Qualification,2023-10-04,2023-10-09,5.0
OPP-00187,Proof of Concept,2023-10-09,2023-10-23,14.0
OPP-00187,Negotiation,2023-10-23,2023-11-15,23.0
OPP-00188,Discovery,2023-10-04,2023-10-13,9.0
OPP-00188,Qualification,2023-10-13,2023-10-14,1.0
OPP-00188,Proof of Concept,2023-10-14,2023-10-24,10.0
OPP-00188,Negotiation,2023-10-24,2023-11-01,8.0
OPP-00189,Discovery,2023-08-27,2023-09-04,8.0
OPP-00189,Qualification,2023-09-04,2023-09-13,9.0
OPP-00189,Proof of Concept,2023-09-13,2023-10-25,42.0
OPP-00189,Negotiation,2023-10-25,2023-11-13,19.0
OPP-00190,Discovery,2023-10-21,2023-10-28,7.0
OPP-00190,Qualification,2023-10-28,2023-11-04,7.0
OPP-00190,Proof of Concept,2023-11-04,2023-11-12,8.0
OPP-00190,Negotiation,2023-11-12,2023-11-19,7.0
OPP-00191,Discovery,2023-08-31,2023-09-15,15.0
OPP-00191,Qualification,2023-09-15,2023-10-26,41.0
OPP-00191,Proof of Concept,2023-10-26,2023-11-11,16.0
OPP-00191,Negotiation,2023-11-11,2023-11-22,11.0
OPP-00192,Discovery,2023-10-19,2023-10-21,2.0
OPP-00192,Qualification,2023-10-21,2023-10-28,7.0
OPP-00192,Proof of Concept,2023-10-28,2023-11-06,9.0
OPP-00192,Negotiation,2023-11-06,2023-11-09,3.0
OPP-00193,Discovery,2023-10-03,2023-10-07,4.0
OPP-00193,Qualification,2023-10-07,2023-10-17,10.0
OPP-00193,Proof of Concept,2023-10-17,2023-11-08,22.0
OPP-00193,Negotiation,2023-11-08,2023-11-12,4.0
OPP-00194,Discovery,2023-09-17,2023-09-20,3.0
OPP-00194,Qualification,2023-09-20,2023-09-27,7.0
OPP-00194,Proof of Concept,2023-09-27,2023-10-18,21.0
OPP-00194,Negotiation,2023-10-18,2023-11-01,14.0
OPP-00195,Discovery,2023-08-06,2023-08-12,6.0
OPP-00195,Qualification,2023-08-12,2023-08-16,4.0
OPP-00195,Proof of Concept,2023-08-16,2023-10-28,73.0
OPP-00195,Negotiation,2023-10-28,2023-11-03,6.0
OPP-00196,Discovery,2023-09-11,2023-09-12,1.0
OPP-00196,Qualification,2023-09-12,2023-09-28,16.0
OPP-00196,Proof of Concept,2023-09-28,2023-11-08,41.0
OPP-00196,Negotiation,2023-11-08,2023-11-21,13.0
OPP-00197,Discovery,2023-10-02,2023-10-12,10.0
OPP-00197,Qualification,2023-10-12,2023-10-14,2.0
OPP-00197,Proof of Concept,2023-10-14,2023-10-29,15.0
OPP-00197,Negotiation,2023-10-29,2023-11-02,4.0
OPP-00198,Discovery,2023-10-02,2023-10-07,5.0
OPP-00198,Qualification,2023-10-07,2023-10-27,20.0
OPP-00198,Proof of Concept,2023-10-27,2023-11-04,8.0
OPP-00198,Negotiation,2023-11-04,2023-11-11,7.0
OPP-00199,Discovery,2023-08-26,2023-09-09,14.0
OPP-00199,Qualification,2023-09-09,2023-09-19,10.0
OPP-00199,Proof of Concept,2023-09-19,2023-11-01,43.0
OPP-00199,Negotiation,2023-11-01,2023-11-13,12.0
OPP-00200,Discovery,2023-07-20,2023-07-25,5.0
OPP-00200,Qualification,2023-07-25,2023-08-01,7.0
OPP-00200,Proof of Concept,2023-08-01,2023-11-21,112.0
OPP-00200,Negotiation,2023-11-21,2023-11-23,2.0
OPP-00201,Discovery,2023-10-23,2023-11-03,11.0
OPP-00201,Qualification,2023-11-03,2023-11-05,2.0
OPP-00201,Proof of Concept,2023-11-05,2023-11-14,9.0
OPP-00201,Negotiation,2023-11-14,2023-11-17,3.0
OPP-00202,Discovery,2023-05-31,2023-06-29,29.0
OPP-00202,Qualification,2023-06-29,2023-07-22,23.0
OPP-00202,Proof of Concept,2023-07-22,2023-10-13,83.0
OPP-00202,Negotiation,2023-10-13,2023-11-11,29.0
OPP-00203,Discovery,2023-09-29,2023-10-01,2.0
OPP-00203,Qualification,2023-10-01,2023-10-12,11.0
OPP-00203,Proof of Concept,2023-10-12,2023-11-09,28.0
OPP-00203,Negotiation,2023-11-09,2023-11-23,14.0
OPP-00204,Discovery,2023-11-11,2023-11-14,3.0
OPP-00204,Qualification,2023-11-14,2023-11-23,9.0
OPP-00204,Proof of Concept,2023-11-23,2023-12-02,9.0
OPP-00204,Negotiation,2023-12-02,2023-12-05,3.0
OPP-00205,Discovery,2023-11-16,2023-11-17,1.0
OPP-00205,Qualification,2023-11-17,2023-11-23,6.0
OPP-00205,Proof of Concept,2023-11-23,2023-11-30,7.0
OPP-00205,Negotiation,2023-11-30,2023-12-10,10.0
OPP-00206,Discovery,2023-09-21,2023-09-26,5.0
OPP-00206,Qualification,2023-09-26,2023-10-13,17.0
OPP-00206,Proof of Concept,2023-10-13,2023-11-13,31.0
OPP-00206,Negotiation,2023-11-13,2023-12-03,20.0
OPP-00207,Discovery,2023-10-04,2023-10-12,8.0
OPP-00207,Qualification,2023-10-12,2023-10-31,19.0
OPP-00207,Proof of Concept,2023-10-31,2023-11-16,16.0
OPP-00207,Negotiation,2023-11-16,2023-12-05,19.0
OPP-00208,Discovery,2023-10-07,2023-10-16,9.0
OPP-00208,Qualification,2023-10-16,2023-10-23,7.0
OPP-00208,Proof of Concept,2023-10-23,2023-12-01,39.0
OPP-00208,Negotiation,2023-12-01,2023-12-17,16.0
OPP-00209,Discovery,2023-09-26,2023-10-04,8.0
OPP-00209,Qualification,2023-10-04,2023-10-15,11.0
OPP-00209,Proof of Concept,2023-10-15,2023-11-07,23.0
OPP-00209,Negotiation,2023-11-07,2023-12-02,25.0
OPP-00210,Discovery,2023-10-22,2023-11-04,13.0
OPP-00210,Qualification,2023-11-04,2023-11-09,5.0
OPP-00210,Proof of Concept,2023-11-09,2023-12-15,36.0
OPP-00210,Negotiation,2023-12-15,2023-12-23,8.0
OPP-00211,Discovery,2023-09-06,2023-09-19,13.0
OPP-00211,Qualification,2023-09-19,2023-10-01,12.0
OPP-00211,Proof of Concept,2023-10-01,2023-11-19,49.0
OPP-00211,Negotiation,2023-11-19,2023-12-13,24.0
OPP-00212,Discovery,2023-09-12,2023-09-23,11.0
OPP-00212,Qualification,2023-09-23,2023-10-22,29.0
OPP-00212,Proof of Concept,2023-10-22,2023-11-23,32.0
OPP-00212,Negotiation,2023-11-23,2023-12-14,21.0
OPP-00213,Discovery,2023-11-03,2023-11-18,15.0
OPP-00213,Qualification,2023-11-18,2023-11-19,1.0
OPP-00213,Proof of Concept,2023-11-19,2023-11-28,9.0
OPP-00213,Negotiation,2023-11-28,2023-12-13,15.0
OPP-00214,Discovery,2023-11-06,2023-11-19,13.0
OPP-00214,Qualification,2023-11-19,2023-11-27,8.0
OPP-00214,Proof of Concept,2023-11-27,2023-12-03,6.0
OPP-00214,Negotiation,2023-12-03,2023-12-16,13.0
OPP-00215,Discovery,2023-11-10,2023-11-17,7.0
OPP-00215,Qualification,2023-11-17,2023-12-05,18.0
OPP-00215,Proof of Concept,2023-12-05,2023-12-15,10.0
OPP-00215,Negotiation,2023-12-15,2023-12-22,7.0
OPP-00216,Discovery,2023-11-19,2023-11-23,4.0
OPP-00216,Qualification,2023-11-23,2023-11-30,7.0
OPP-00216,Proof of Concept,2023-11-30,2023-12-06,6.0
OPP-00216,Negotiation,2023-12-06,2023-12-13,7.0
OPP-00217,Discovery,2023-11-07,2023-11-19,12.0
OPP-00217,Qualification,2023-11-19,2023-12-06,17.0
OPP-00217,Proof of Concept,2023-12-06,2023-12-14,8.0
OPP-00217,Negotiation,2023-12-14,2023-12-15,1.0
OPP-00218,Discovery,2023-11-24,2023-11-26,2.0
OPP-00218,Qualification,2023-11-26,2023-11-30,4.0
OPP-00218,Proof of Concept,2023-11-30,2023-12-14,14.0
OPP-00218,Negotiation,2023-12-14,2023-12-16,2.0
OPP-00219,Discovery,2023-09-12,2023-09-15,3.0
OPP-00219,Qualification,2023-09-15,2023-09-20,5.0
OPP-00219,Proof of Concept,2023-09-20,2023-11-10,51.0
OPP-00219,Negotiation,2023-11-10,2023-12-03,23.0
OPP-00220,Discovery,2023-11-03,2023-11-04,1.0
OPP-00220,Qualification,2023-11-04,2023-11-13,9.0
OPP-00220,Proof of Concept,2023-11-13,2023-12-08,25.0
OPP-00220,Negotiation,2023-12-08,2023-12-16,8.0
OPP-00221,Discovery,2023-11-02,2023-11-05,3.0
OPP-00221,Qualification,2023-11-05,2023-11-20,15.0
OPP-00221,Proof of Concept,2023-11-20,2023-12-01,11.0
OPP-00221,Negotiation,2023-12-01,2023-12-10,9.0
OPP-00222,Discovery,2023-11-20,2023-11-23,3.0
OPP-00222,Qualification,2023-11-23,2023-12-06,13.0
OPP-00222,Proof of Concept,2023-12-06,2023-12-07,1.0
OPP-00222,Negotiation,2023-12-07,2023-12-22,15.0
OPP-00223,Discovery,2023-10-17,2023-10-30,13.0
OPP-00223,Qualification,2023-10-30,2023-11-05,6.0
OPP-00223,Proof of Concept,2023-11-05,2023-12-11,36.0
OPP-00223,Negotiation,2023-12-11,2023-12-19,8.0
OPP-00224,Discovery,2024-01-03,2024-01-08,5.0
OPP-00224,Qualification,2024-01-08,2024-01-17,9.0
OPP-00224,Proof of Concept,2024-01-17,2024-01-23,6.0
OPP-00224,Negotiation,2024-01-23,2024-01-27,4.0
OPP-00225,Discovery,2023-12-05,2023-12-07,2.0
OPP-00225,Qualification,2023-12-07,2023-12-18,11.0
OPP-00225,Proof of Concept,2023-12-18,2023-12-24,6.0
OPP-00225,Negotiation,2023-12-24,2024-01-04,11.0
OPP-00226,Discovery,2023-11-20,2023-12-08,18.0
OPP-00226,Qualification,2023-12-08,2023-12-26,18.0
OPP-00226,Proof of Concept,2023-12-26,2024-01-05,10.0
OPP-00226,Negotiation,2024-01-05,2024-01-17,12.0
OPP-00227,Discovery,2023-11-30,2023-12-03,3.0
OPP-00227,Qualification,2023-12-03,2023-12-15,12.0
OPP-00227,Proof of Concept,2023-12-15,2023-12-21,6.0
OPP-00227,Negotiation,2023-12-21,2024-01-06,16.0
OPP-00228,Discovery,2023-12-16,2023-12-19,3.0
OPP-00228,Qualification,2023-12-19,2023-12-31,12.0
OPP-00228,Proof of Concept,2023-12-31,2024-01-03,3.0
OPP-00228,Negotiation,2024-01-03,2024-01-15,12.0
OPP-00229,Discovery,2023-12-25,2023-12-30,5.0
OPP-00229,Qualification,2023-12-30,2024-01-11,12.0
OPP-00229,Proof of Concept,2024-01-11,2024-01-16,5.0
OPP-00229,Negotiation,2024-01-16,2024-01-22,6.0
OPP-00230,Discovery,2023-12-06,2023-12-09,3.0
OPP-00230,Qualification,2023-12-09,2023-12-17,8.0
OPP-00230,Proof of Concept,2023-12-17,2023-12-31,14.0
OPP-00230,Negotiation,2023-12-31,2024-01-04,4.0
OPP-00231,Discovery,2023-12-27,2023-12-30,3.0
OPP-00231,Qualification,2023-12-30,2024-01-03,4.0
OPP-00231,Proof of Concept,2024-01-03,2024-01-04,1.0
OPP-00231,Negotiation,2024-01-04,2024-01-07,3.0
OPP-00232,Discovery,2023-12-17,2023-12-29,12.0
OPP-00232,Qualification,2023-12-29,2024-01-04,6.0
OPP-00232,Proof of Concept,2024-01-04,2024-01-10,6.0
OPP-00232,Negotiation,2024-01-10,2024-01-18,8.0
OPP-00233,Discovery,2023-11-20,2023-12-03,13.0
OPP-00233,Qualification,2023-12-03,2023-12-12,9.0
OPP-00233,Proof of Concept,2023-12-12,2023-12-26,14.0
OPP-00233,Negotiation,2023-12-26,2024-01-13,18.0
OPP-00234,Discovery,2023-10-21,2023-11-08,18.0
OPP-00234,Qualification,2023-11-08,2023-11-21,13.0
OPP-00234,Proof of Concept,2023-11-21,2023-12-26,35.0
OPP-00234,Negotiation,2023-12-26,2024-01-02,7.0
OPP-00235,Discovery,2023-12-26,2023-12-27,1.0
OPP-00235,Qualification,2023-12-27,2024-01-08,12.0
OPP-00235,Proof of Concept,2024-01-08,2024-01-18,10.0
OPP-00235,Negotiation,2024-01-18,2024-01-26,8.0
OPP-00236,Discovery,2023-11-04,2023-11-06,2.0
OPP-00236,Qualification,2023-11-06,2023-12-07,31.0
OPP-00236,Proof of Concept,2023-12-07,2024-01-02,26.0
OPP-00236,Negotiation,2024-01-02,2024-01-13,11.0
OPP-00237,Discovery,2023-12-02,2023-12-06,4.0
OPP-00237,Qualification,2023-12-06,2023-12-13,7.0
OPP-00237,Proof of Concept,2023-12-13,2024-01-04,22.0
OPP-00237,Negotiation,2024-01-04,2024-01-06,2.0
OPP-00238,Discovery,2023-12-19,2023-12-30,11.0
OPP-00238,Qualification,2023-12-30,2024-01-02,3.0
OPP-00238,Proof of Concept,2024-01-02,2024-01-12,10.0
OPP-00238,Negotiation,2024-01-12,2024-01-16,4.0
OPP-00239,Discovery,2023-08-07,2023-08-13,6.0
OPP-00239,Qualification,2023-08-13,2023-09-07,25.0
OPP-00239,Proof of Concept,2023-09-07,2024-01-19,134.0
OPP-00239,Negotiation,2024-01-19,2024-02-05,17.0
OPP-00240,Discovery,2024-01-30,2024-02-10,11.0
OPP-00240,Qualification,2024-02-10,2024-02-13,3.0
OPP-00240,Proof of Concept,2024-02-13,2024-02-18,5.0
OPP-00240,Negotiation,2024-02-18,2024-02-24,6.0
OPP-00241,Discovery,2023-11-20,2023-11-23,3.0
OPP-00241,Qualification,2023-11-23,2023-12-20,27.0
OPP-00241,Proof of Concept,2023-12-20,2024-01-05,16.0
OPP-00241,Negotiation,2024-01-05,2024-02-06,32.0
OPP-00242,Discovery,2024-01-06,2024-01-10,4.0
OPP-00242,Qualification,2024-01-10,2024-01-24,14.0
OPP-00242,Proof of Concept,2024-01-24,2024-02-11,18.0
OPP-00242,Negotiation,2024-02-11,2024-02-14,3.0
OPP-00243,Discovery,2023-11-16,2023-11-24,8.0
OPP-00243,Qualification,2023-11-24,2023-12-10,16.0
OPP-00243,Proof of Concept,2023-12-10,2024-01-27,48.0
OPP-00243,Negotiation,2024-01-27,2024-02-03,7.0
OPP-00244,Discovery,2023-11-17,2023-12-04,17.0
OPP-00244,Qualification,2023-12-04,2023-12-07,3.0
OPP-00244,Proof of Concept,2023-12-07,2023-12-19,12.0
OPP-00244,Negotiation,2023-12-19,2024-02-04,47.0
OPP-00245,Discovery,2024-01-17,2024-01-20,3.0
OPP-00245,Qualification,2024-01-20,2024-02-01,12.0
OPP-00245,Proof of Concept,2024-02-01,2024-02-02,1.0
OPP-00245,Negotiation,2024-02-02,2024-02-12,10.0
OPP-00246,Discovery,2024-02-06,2024-02-13,7.0
OPP-00246,Qualification,2024-02-13,2024-02-14,1.0
OPP-00246,Proof of Concept,2024-02-14,2024-02-15,1.0
OPP-00246,Negotiation,2024-02-15,2024-02-23,8.0
OPP-00247,Discovery,2024-01-20,2024-01-22,2.0
OPP-00247,Qualification,2024-01-22,2024-02-03,12.0
OPP-00247,Proof of Concept,2024-02-03,2024-02-15,12.0
OPP-00247,Negotiation,2024-02-15,2024-02-27,12.0
OPP-00248,Discovery,2023-12-15,2023-12-20,5.0
OPP-00248,Qualification,2023-12-20,2023-12-23,3.0
OPP-00248,Proof of Concept,2023-12-23,2024-02-04,43.0
OPP-00248,Negotiation,2024-02-04,2024-02-07,3.0
OPP-00249,Discovery,2023-12-17,2023-12-26,9.0
OPP-00249,Qualification,2023-12-26,2024-01-05,10.0
OPP-00249,Proof of Concept,2024-01-05,2024-02-07,33.0
OPP-00249,Negotiation,2024-02-07,2024-02-25,18.0
OPP-00250,Discovery,2023-12-19,2023-12-22,3.0
OPP-00250,Qualification,2023-12-22,2024-01-03,12.0
OPP-00250,Proof of Concept,2024-01-03,2024-02-14,42.0
OPP-00250,Negotiation,2024-02-14,2024-02-25,11.0
OPP-00251,Discovery,2023-12-04,2023-12-26,22.0
OPP-00251,Qualification,2023-12-26,2024-01-29,34.0
OPP-00251,Proof of Concept,2024-01-29,2024-02-09,11.0
OPP-00251,Negotiation,2024-02-09,2024-02-18,9.0
OPP-00252,Discovery,2023-12-13,2023-12-31,18.0
OPP-00252,Qualification,2023-12-31,2024-01-13,13.0
OPP-00252,Proof of Concept,2024-01-13,2024-01-18,5.0
OPP-00252,Negotiation,2024-01-18,2024-02-10,23.0
OPP-00253,Discovery,2023-12-10,2023-12-25,15.0
OPP-00253,Qualification,2023-12-25,2024-01-01,7.0
OPP-00253,Proof of Concept,2024-01-01,2024-01-23,22.0
OPP-00253,Negotiation,2024-01-23,2024-02-04,12.0
OPP-00254,Discovery,2023-12-27,2024-01-07,11.0
OPP-00254,Qualification,2024-01-07,2024-01-16,9.0
OPP-00254,Proof of Concept,2024-01-16,2024-02-12,27.0
OPP-00254,Negotiation,2024-02-12,2024-02-16,4.0
OPP-00255,Discovery,2024-01-07,2024-01-19,12.0
OPP-00255,Qualification,2024-01-19,2024-01-27,8.0
OPP-00255,Proof of Concept,2024-01-27,2024-02-10,14.0
OPP-00255,Negotiation,2024-02-10,2024-02-15,5.0
OPP-00256,Discovery,2023-11-18,2023-11-27,9.0
OPP-00256,Qualification,2023-11-27,2023-12-21,24.0
OPP-00256,Proof of Concept,2023-12-21,2024-02-03,44.0
OPP-00256,Negotiation,2024-02-03,2024-02-22,19.0
OPP-00257,Discovery,2024-02-25,2024-03-02,6.0
OPP-00257,Qualification,2024-03-02,2024-03-10,8.0
OPP-00257,Proof of Concept,2024-03-10,2024-03-14,4.0
OPP-00257,Negotiation,2024-03-14,2024-03-15,1.0
OPP-00258,Discovery,2023-08-21,2023-09-01,11.0
OPP-00258,Qualification,2023-09-01,2023-09-20,19.0
OPP-00258,Proof of Concept,2023-09-20,2024-02-29,162.0
OPP-00258,Negotiation,2024-02-29,2024-03-05,5.0
OPP-00259,Discovery,2024-02-13,2024-02-26,13.0
OPP-00259,Qualification,2024-02-26,2024-02-29,3.0
OPP-00259,Proof of Concept,2024-02-29,2024-03-05,5.0
OPP-00259,Negotiation,2024-03-05,2024-03-07,2.0
OPP-00260,Discovery,2024-02-04,2024-02-11,7.0
OPP-00260,Qualification,2024-02-11,2024-02-15,4.0
OPP-00260,Proof of Concept,2024-02-15,2024-03-14,28.0
OPP-00260,Negotiation,2024-03-14,2024-03-17,3.0
OPP-00261,Discovery,2023-11-16,2023-11-26,10.0
OPP-00261,Qualification,2023-11-26,2023-12-23,27.0
OPP-00261,Proof of Concept,2023-12-23,2024-02-14,53.0
OPP-00261,Negotiation,2024-02-14,2024-03-13,28.0
OPP-00262,Discovery,2024-02-12,2024-02-19,7.0
OPP-00262,Qualification,2024-02-19,2024-02-28,9.0
OPP-00262,Proof of Concept,2024-02-28,2024-03-11,12.0
OPP-00262,Negotiation,2024-03-11,2024-03-13,2.0
OPP-00263,Discovery,2023-10-07,2023-10-09,2.0
OPP-00263,Qualification,2023-10-09,2023-10-14,5.0
OPP-00263,Proof of Concept,2023-10-14,2024-02-17,126.0
OPP-00263,Negotiation,2024-02-17,2024-03-22,34.0
OPP-00264,Discovery,2023-12-27,2023-12-30,3.0
OPP-00264,Qualification,2023-12-30,2024-01-08,9.0
OPP-00264,Proof of Concept,2024-01-08,2024-02-28,51.0
OPP-00264,Negotiation,2024-02-28,2024-03-04,5.0
OPP-00265,Discovery,2024-01-16,2024-01-24,8.0
OPP-00265,Qualification,2024-01-24,2024-02-14,21.0
OPP-00265,Proof of Concept,2024-02-14,2024-02-29,15.0
OPP-00265,Negotiation,2024-02-29,2024-03-16,16.0
OPP-00266,Discovery,2024-01-25,2024-01-29,4.0
OPP-00266,Qualification,2024-01-29,2024-02-02,4.0
OPP-00266,Proof of Concept,2024-02-02,2024-02-28,26.0
OPP-00266,Negotiation,2024-02-28,2024-03-21,22.0
OPP-00267,Discovery,2024-02-16,2024-02-22,6.0
OPP-00267,Qualification,2024-02-22,2024-03-01,8.0
OPP-00267,Proof of Concept,2024-03-01,2024-03-11,10.0
OPP-00267,Negotiation,2024-03-11,2024-03-22,11.0
OPP-00268,Discovery,2024-02-08,2024-02-12,4.0
OPP-00268,Qualification,2024-02-12,2024-02-20,8.0
OPP-00268,Proof of Concept,2024-02-20,2024-02-29,9.0
OPP-00268,Negotiation,2024-02-29,2024-03-12,12.0
OPP-00269,Discovery,2024-01-20,2024-02-01,12.0
OPP-00269,Qualification,2024-02-01,2024-02-11,10.0
OPP-00269,Proof of Concept,2024-02-11,2024-03-02,20.0
OPP-00269,Negotiation,2024-03-02,2024-03-12,10.0
OPP-00270,Discovery,2023-12-06,2023-12-17,11.0
OPP-00270,Qualification,2023-12-17,2024-01-21,35.0
OPP-00270,Proof of Concept,2024-01-21,2024-03-10,49.0
OPP-00270,Negotiation,2024-03-10,2024-03-23,13.0
OPP-00271,Discovery,2024-01-19,2024-01-26,7.0
OPP-00271,Qualification,2024-01-26,2024-02-01,6.0
OPP-00271,Proof of Concept,2024-02-01,2024-02-22,21.0
OPP-00271,Negotiation,2024-02-22,2024-03-06,13.0
OPP-00272,Discovery,2024-01-20,2024-01-25,5.0
OPP-00272,Qualification,2024-01-25,2024-02-05,11.0
OPP-00272,Proof of Concept,2024-02-05,2024-02-27,22.0
OPP-00272,Negotiation,2024-02-27,2024-03-05,7.0
OPP-00273,Discovery,2024-01-19,2024-02-05,17.0
OPP-00273,Qualification,2024-02-05,2024-02-12,7.0
OPP-00273,Proof of Concept,2024-02-12,2024-03-18,35.0
OPP-00273,Negotiation,2024-03-18,2024-03-24,6.0
OPP-00274,Discovery,2023-12-13,2024-01-29,47.0
OPP-00274,Qualification,2024-01-29,2024-02-22,24.0
OPP-00274,Proof of Concept,2024-02-22,2024-03-03,10.0
OPP-00274,Negotiation,2024-03-03,2024-03-07,4.0
OPP-00275,Discovery,2024-03-11,2024-03-15,4.0
OPP-00275,Qualification,2024-03-15,2024-03-22,7.0
OPP-00275,Proof of Concept,2024-03-22,2024-03-27,5.0
OPP-00275,Negotiation,2024-03-27,2024-04-06,10.0
OPP-00276,Discovery,2024-01-22,2024-01-25,3.0
OPP-00276,Qualification,2024-01-25,2024-02-04,10.0
OPP-00276,Proof of Concept,2024-02-04,2024-03-24,49.0
OPP-00276,Negotiation,2024-03-24,2024-04-04,11.0
OPP-00277,Discovery,2024-02-27,2024-03-03,5.0
OPP-00277,Qualification,2024-03-03,2024-03-18,15.0
OPP-00277,Proof of Concept,2024-03-18,2024-03-24,6.0
OPP-00277,Negotiation,2024-03-24,2024-04-07,14.0
OPP-00278,Discovery,2024-03-20,2024-03-23,3.0
OPP-00278,Qualification,2024-03-23,2024-03-28,5.0
OPP-00278,Proof of Concept,2024-03-28,2024-04-11,14.0
OPP-00278,Negotiation,2024-04-11,2024-04-15,4.0
OPP-00279,Discovery,2023-12-15,2023-12-18,3.0
OPP-00279,Qualification,2023-12-18,2023-12-29,11.0
OPP-00279,Proof of Concept,2023-12-29,2024-03-31,93.0
OPP-00279,Negotiation,2024-03-31,2024-04-26,26.0
OPP-00280,Discovery,2024-02-15,2024-02-25,10.0
OPP-00280,Qualification,2024-02-25,2024-03-11,15.0
OPP-00280,Proof of Concept,2024-03-11,2024-03-27,16.0
OPP-00280,Negotiation,2024-03-27,2024-04-02,6.0
OPP-00281,Discovery,2024-03-10,2024-03-17,7.0
OPP-00281,Qualification,2024-03-17,2024-03-22,5.0
OPP-00281,Proof of Concept,2024-03-22,2024-04-05,14.0
OPP-00281,Negotiation,2024-04-05,2024-04-14,9.0
OPP-00282,Discovery,2024-02-21,2024-03-05,13.0
OPP-00282,Qualification,2024-03-05,2024-03-20,15.0
OPP-00282,Proof of Concept,2024-03-20,2024-04-19,30.0
OPP-00282,Negotiation,2024-04-19,2024-04-22,3.0
OPP-00283,Discovery,2024-01-14,2024-01-19,5.0
OPP-00283,Qualification,2024-01-19,2024-01-23,4.0
OPP-00283,Proof of Concept,2024-01-23,2024-04-03,71.0
OPP-00283,Negotiation,2024-04-03,2024-04-10,7.0
OPP-00284,Discovery,2024-03-11,2024-03-24,13.0
OPP-00284,Qualification,2024-03-24,2024-03-30,6.0
OPP-00284,Proof of Concept,2024-03-30,2024-04-11,12.0
OPP-00284,Negotiation,2024-04-11,2024-04-24,13.0
OPP-00285,Discovery,2024-03-18,2024-03-20,2.0
OPP-00285,Qualification,2024-03-20,2024-03-26,6.0
OPP-00285,Proof of Concept,2024-03-26,2024-04-05,10.0
OPP-00285,Negotiation,2024-04-05,2024-04-22,17.0
OPP-00286,Discovery,2024-03-15,2024-03-31,16.0
OPP-00286,Qualification,2024-03-31,2024-04-05,5.0
OPP-00286,Proof of Concept,2024-04-05,2024-04-18,13.0
OPP-00286,Negotiation,2024-04-18,2024-04-23,5.0
OPP-00287,Discovery,2024-02-07,2024-02-28,21.0
OPP-00287,Qualification,2024-02-28,2024-03-04,5.0
OPP-00287,Proof of Concept,2024-03-04,2024-03-31,27.0
OPP-00287,Negotiation,2024-03-31,2024-04-13,13.0
OPP-00288,Discovery,2024-03-18,2024-03-25,7.0
OPP-00288,Qualification,2024-03-25,2024-04-14,20.0
OPP-00288,Proof of Concept,2024-04-14,2024-04-21,7.0
OPP-00288,Negotiation,2024-04-21,2024-04-26,5.0
OPP-00289,Discovery,2024-03-22,2024-03-28,6.0
OPP-00289,Qualification,2024-03-28,2024-04-03,6.0
OPP-00289,Proof of Concept,2024-04-03,2024-04-09,6.0
OPP-00289,Negotiation,2024-04-09,2024-04-20,11.0
OPP-00290,Discovery,2024-03-10,2024-03-25,15.0
OPP-00290,Qualification,2024-03-25,2024-04-06,12.0
OPP-00290,Proof of Concept,2024-04-06,2024-04-25,19.0
OPP-00290,Negotiation,2024-04-25,2024-04-26,1.0
OPP-00291,Discovery,2024-04-11,2024-04-18,7.0
OPP-00291,Qualification,2024-04-18,2024-04-24,6.0
OPP-00291,Proof of Concept,2024-04-24,2024-05-06,12.0
OPP-00291,Negotiation,2024-05-06,2024-05-24,18.0
OPP-00292,Discovery,2024-04-01,2024-04-06,5.0
OPP-00292,Qualification,2024-04-06,2024-04-08,2.0
OPP-00292,Proof of Concept,2024-04-08,2024-04-18,10.0
OPP-00292,Negotiation,2024-04-18,2024-05-05,17.0
OPP-00293,Discovery,2024-04-03,2024-04-08,5.0
OPP-00293,Qualification,2024-04-08,2024-04-11,3.0
OPP-00293,Proof of Concept,2024-04-11,2024-04-22,11.0
OPP-00293,Negotiation,2024-04-22,2024-05-03,11.0
OPP-00294,Discovery,2024-04-10,2024-04-11,1.0
OPP-00294,Qualification,2024-04-11,2024-04-26,15.0
OPP-00294,Proof of Concept,2024-04-26,2024-05-03,7.0
OPP-00294,Negotiation,2024-05-03,2024-05-15,12.0
OPP-00295,Discovery,2024-04-09,2024-04-16,7.0
OPP-00295,Qualification,2024-04-16,2024-04-23,7.0
OPP-00295,Proof of Concept,2024-04-23,2024-05-07,14.0
OPP-00295,Negotiation,2024-05-07,2024-05-18,11.0
OPP-00296,Discovery,2024-04-15,2024-04-16,1.0
OPP-00296,Qualification,2024-04-16,2024-04-19,3.0
OPP-00296,Proof of Concept,2024-04-19,2024-04-25,6.0
OPP-00296,Negotiation,2024-04-25,2024-05-02,7.0
OPP-00297,Discovery,2024-04-12,2024-04-28,16.0
OPP-00297,Qualification,2024-04-28,2024-05-02,4.0
OPP-00297,Proof of Concept,2024-05-02,2024-05-12,10.0
OPP-00297,Negotiation,2024-05-12,2024-05-23,11.0
OPP-00298,Discovery,2024-04-06,2024-04-13,7.0
OPP-00298,Qualification,2024-04-13,2024-04-25,12.0
OPP-00298,Proof of Concept,2024-04-25,2024-05-02,7.0
OPP-00298,Negotiation,2024-05-02,2024-05-06,4.0
OPP-00299,Discovery,2024-04-13,2024-04-18,5.0
OPP-00299,Qualification,2024-04-18,2024-05-11,23.0
OPP-00299,Proof of Concept,2024-05-11,2024-05-15,4.0
OPP-00299,Negotiation,2024-05-15,2024-05-16,1.0
OPP-00300,Discovery,2024-04-21,2024-04-22,1.0
OPP-00300,Qualification,2024-04-22,2024-05-06,14.0
OPP-00300,Proof of Concept,2024-05-06,2024-05-13,7.0
OPP-00300,Negotiation,2024-05-13,2024-05-25,12.0
OPP-00301,Discovery,2024-04-30,2024-05-02,2.0
OPP-00301,Qualification,2024-05-02,2024-05-05,3.0
OPP-00301,Proof of Concept,2024-05-05,2024-05-07,2.0
OPP-00301,Negotiation,2024-05-07,2024-05-13,6.0
OPP-00302,Discovery,2024-04-15,2024-05-02,17.0
OPP-00302,Qualification,2024-05-02,2024-05-12,10.0
OPP-00302,Proof of Concept,2024-05-12,2024-05-15,3.0
OPP-00302,Negotiation,2024-05-15,2024-05-21,6.0
OPP-00303,Discovery,2024-05-14,2024-05-19,5.0
OPP-00303,Qualification,2024-05-19,2024-05-20,1.0
OPP-00303,Proof of Concept,2024-05-20,2024-05-24,4.0
OPP-00303,Negotiation,2024-05-24,2024-05-27,3.0
OPP-00304,Discovery,2024-03-21,2024-04-01,11.0
OPP-00304,Qualification,2024-04-01,2024-04-24,23.0
OPP-00304,Proof of Concept,2024-04-24,2024-05-04,10.0
OPP-00304,Negotiation,2024-05-04,2024-05-14,10.0
OPP-00305,Discovery,2024-03-18,2024-03-28,10.0
OPP-00305,Qualification,2024-03-28,2024-04-20,23.0
OPP-00305,Proof of Concept,2024-04-20,2024-05-02,12.0
OPP-00305,Negotiation,2024-05-02,2024-05-04,2.0
OPP-00306,Discovery,2024-01-13,2024-01-16,3.0
OPP-00306,Qualification,2024-01-16,2024-02-12,27.0
OPP-00306,Proof of Concept,2024-02-12,2024-04-29,77.0
OPP-00306,Negotiation,2024-04-29,2024-05-06,7.0
OPP-00307,Discovery,2024-03-06,2024-03-12,6.0
OPP-00307,Qualification,2024-03-12,2024-03-19,7.0
OPP-00307,Proof of Concept,2024-03-19,2024-05-01,43.0
OPP-00307,Negotiation,2024-05-01,2024-05-20,19.0
OPP-00308,Discovery,2024-04-14,2024-04-23,9.0
OPP-00308,Qualification,2024-04-23,2024-04-28,5.0
OPP-00308,Proof of Concept,2024-04-28,2024-06-04,37.0
OPP-00308,Negotiation,2024-06-04,2024-06-27,23.0
OPP-00309,Discovery,2024-02-16,2024-02-28,12.0
OPP-00309,Qualification,2024-02-28,2024-03-06,7.0
OPP-00309,Proof of Concept,2024-03-06,2024-04-26,51.0
OPP-00309,Negotiation,2024-04-26,2024-06-11,46.0
OPP-00310,Discovery,2024-05-19,2024-05-30,11.0
OPP-00310,Qualification,2024-05-30,2024-06-03,4.0
OPP-00310,Proof of Concept,2024-06-03,2024-06-07,4.0
OPP-00310,Negotiation,2024-06-07,2024-06-27,20.0
OPP-00311,Discovery,2024-03-14,2024-03-18,4.0
OPP-00311,Qualification,2024-03-18,2024-04-03,16.0
OPP-00311,Proof of Concept,2024-04-03,2024-05-26,53.0
OPP-00311,Negotiation,2024-05-26,2024-06-03,8.0
OPP-00312,Discovery,2024-05-16,2024-05-20,4.0
OPP-00312,Qualification,2024-05-20,2024-05-22,2.0
OPP-00312,Proof of Concept,2024-05-22,2024-06-05,14.0
OPP-00312,Negotiation,2024-06-05,2024-06-10,5.0
OPP-00313,Discovery,2024-04-16,2024-04-24,8.0
OPP-00313,Qualification,2024-04-24,2024-05-11,17.0
OPP-00313,Proof of Concept,2024-05-11,2024-05-22,11.0
OPP-00313,Negotiation,2024-05-22,2024-06-02,11.0
OPP-00314,Discovery,2024-05-15,2024-05-24,9.0
OPP-00314,Qualification,2024-05-24,2024-05-27,3.0
OPP-00314,Proof of Concept,2024-05-27,2024-06-01,5.0
OPP-00314,Negotiation,2024-06-01,2024-06-05,4.0
OPP-00315,Discovery,2024-05-23,2024-05-25,2.0
OPP-00315,Qualification,2024-05-25,2024-06-02,8.0
OPP-00315,Proof of Concept,2024-06-02,2024-06-14,12.0
OPP-00315,Negotiation,2024-06-14,2024-06-22,8.0
OPP-00316,Discovery,2024-04-26,2024-04-27,1.0
OPP-00316,Qualification,2024-04-27,2024-05-04,7.0
OPP-00316,Proof of Concept,2024-05-04,2024-05-22,18.0
OPP-00316,Negotiation,2024-05-22,2024-06-12,21.0
OPP-00317,Discovery,2023-12-24,2024-01-03,10.0
OPP-00317,Qualification,2024-01-03,2024-01-12,9.0
OPP-00317,Proof of Concept,2024-01-12,2024-05-28,137.0
OPP-00317,Negotiation,2024-05-28,2024-06-17,20.0
OPP-00318,Discovery,2024-05-11,2024-05-19,8.0
OPP-00318,Qualification,2024-05-19,2024-05-30,11.0
OPP-00318,Proof of Concept,2024-05-30,2024-06-09,10.0
OPP-00318,Negotiation,2024-06-09,2024-06-20,11.0
OPP-00319,Discovery,2024-05-26,2024-06-03,8.0
OPP-00319,Qualification,2024-06-03,2024-06-12,9.0
OPP-00319,Proof of Concept,2024-06-12,2024-06-13,1.0
OPP-00319,Negotiation,2024-06-13,2024-06-21,8.0
OPP-00320,Discovery,2024-04-22,2024-04-24,2.0
OPP-00320,Qualification,2024-04-24,2024-05-02,8.0
OPP-00320,Proof of Concept,2024-05-02,2024-05-18,16.0
OPP-00320,Negotiation,2024-05-18,2024-06-01,14.0
OPP-00321,Discovery,2024-04-24,2024-04-28,4.0
OPP-00321,Qualification,2024-04-28,2024-05-09,11.0
OPP-00321,Proof of Concept,2024-05-09,2024-05-30,21.0
OPP-00321,Negotiation,2024-05-30,2024-06-02,3.0
OPP-00322,Discovery,2024-04-03,2024-04-13,10.0
OPP-00322,Qualification,2024-04-13,2024-04-25,12.0
OPP-00322,Proof of Concept,2024-04-25,2024-05-23,28.0
OPP-00322,Negotiation,2024-05-23,2024-06-16,24.0
OPP-00323,Discovery,2024-02-16,2024-03-14,27.0
OPP-00323,Qualification,2024-03-14,2024-03-25,11.0
OPP-00323,Proof of Concept,2024-03-25,2024-06-19,86.0
OPP-00323,Negotiation,2024-06-19,2024-06-26,7.0
OPP-00324,Discovery,2024-01-11,2024-01-14,3.0
OPP-00324,Qualification,2024-01-14,2024-02-19,36.0
OPP-00324,Proof of Concept,2024-02-19,2024-03-05,15.0
OPP-00324,Negotiation,2024-03-05,2024-06-06,93.0
OPP-00325,Discovery,2024-04-14,2024-04-18,4.0
OPP-00325,Qualification,2024-04-18,2024-05-05,17.0
OPP-00325,Proof of Concept,2024-05-05,2024-06-06,32.0
OPP-00325,Negotiation,2024-06-06,2024-06-12,6.0
OPP-00326,Discovery,2024-01-18,2024-01-31,13.0
OPP-00326,Qualification,2024-01-31,2024-02-15,15.0
OPP-00326,Proof of Concept,2024-02-15,2024-05-11,86.0
OPP-00326,Negotiation,2024-05-11,2024-06-05,25.0
OPP-00327,Discovery,2024-05-14,2024-05-22,8.0
OPP-00327,Qualification,2024-05-22,2024-05-31,9.0
OPP-00327,Proof of Concept,2024-05-31,2024-06-08,8.0
OPP-00327,Negotiation,2024-06-08,2024-07-20,42.0
OPP-00328,Discovery,2024-06-09,2024-06-14,5.0
OPP-00328,Qualification,2024-06-14,2024-06-19,5.0
OPP-00328,Proof of Concept,2024-06-19,2024-06-30,11.0
OPP-00328,Negotiation,2024-06-30,2024-07-15,15.0
OPP-00329,Discovery,2024-04-21,2024-05-27,36.0
OPP-00329,Qualification,2024-05-27,2024-06-02,6.0
OPP-00329,Proof of Concept,2024-06-02,2024-07-05,33.0
OPP-00329,Negotiation,2024-07-05,2024-07-07,2.0
OPP-00330,Discovery,2024-05-23,2024-05-24,1.0
OPP-00330,Qualification,2024-05-24,2024-05-25,1.0
OPP-00330,Proof of Concept,2024-05-25,2024-06-23,29.0
OPP-00330,Negotiation,2024-06-23,2024-07-15,22.0
OPP-00331,Discovery,2024-06-03,2024-06-15,12.0
OPP-00331,Qualification,2024-06-15,2024-06-22,7.0
OPP-00331,Proof of Concept,2024-06-22,2024-07-06,14.0
OPP-00331,Negotiation,2024-07-06,2024-07-13,7.0
OPP-00332,Discovery,2024-06-15,2024-06-18,3.0
OPP-00332,Qualification,2024-06-18,2024-06-27,9.0
OPP-00332,Proof of Concept,2024-06-27,2024-07-07,10.0
OPP-00332,Negotiation,2024-07-07,2024-07-09,2.0
OPP-00333,Discovery,2024-06-05,2024-06-29,24.0
OPP-00333,Qualification,2024-06-29,2024-06-30,1.0
OPP-00333,Proof of Concept,2024-06-30,2024-07-16,16.0
OPP-00333,Negotiation,2024-07-16,2024-07-24,8.0
OPP-00334,Discovery,2024-06-04,2024-06-05,1.0
OPP-00334,Qualification,2024-06-05,2024-06-14,9.0
OPP-00334,Proof of Concept,2024-06-14,2024-07-06,22.0
OPP-00334,Negotiation,2024-07-06,2024-07-15,9.0
OPP-00335,Discovery,2024-05-20,2024-05-26,6.0
OPP-00335,Qualification,2024-05-26,2024-06-03,8.0
OPP-00335,Proof of Concept,2024-06-03,2024-06-23,20.0
OPP-00335,Negotiation,2024-06-23,2024-07-08,15.0
OPP-00336,Discovery,2024-05-28,2024-06-08,11.0
OPP-00336,Qualification,2024-06-08,2024-07-01,23.0
OPP-00336,Proof of Concept,2024-07-01,2024-07-03,2.0
OPP-00336,Negotiation,2024-07-03,2024-07-12,9.0
OPP-00337,Discovery,2024-05-27,2024-06-01,5.0
OPP-00337,Qualification,2024-06-01,2024-06-08,7.0
OPP-00337,Proof of Concept,2024-06-08,2024-06-09,1.0
OPP-00337,Negotiation,2024-06-09,2024-07-11,32.0
OPP-00338,Discovery,2024-05-30,2024-06-05,6.0
OPP-00338,Qualification,2024-06-05,2024-06-29,24.0
OPP-00338,Proof of Concept,2024-06-29,2024-07-04,5.0
OPP-00338,Negotiation,2024-07-04,2024-07-24,20.0
OPP-00339,Discovery,2024-04-17,2024-04-29,12.0
OPP-00339,Qualification,2024-04-29,2024-05-31,32.0
OPP-00339,Proof of Concept,2024-05-31,2024-06-25,25.0
OPP-00339,Negotiation,2024-06-25,2024-07-17,22.0
OPP-00340,Discovery,2024-02-13,2024-03-12,28.0
OPP-00340,Qualification,2024-03-12,2024-03-26,14.0
OPP-00340,Proof of Concept,2024-03-26,2024-06-27,93.0
OPP-00340,Negotiation,2024-06-27,2024-07-27,30.0
OPP-00341,Discovery,2024-06-02,2024-06-07,5.0
OPP-00341,Qualification,2024-06-07,2024-06-12,5.0
OPP-00341,Proof of Concept,2024-06-12,2024-07-02,20.0
OPP-00341,Negotiation,2024-07-02,2024-07-10,8.0
OPP-00342,Discovery,2024-05-22,2024-05-24,2.0
OPP-00342,Qualification,2024-05-24,2024-06-04,11.0
OPP-00342,Proof of Concept,2024-06-04,2024-06-14,10.0
OPP-00342,Negotiation,2024-06-14,2024-07-01,17.0
OPP-00343,Discovery,2024-05-28,2024-05-31,3.0
OPP-00343,Qualification,2024-05-31,2024-06-02,2.0
OPP-00343,Proof of Concept,2024-06-02,2024-07-12,40.0
OPP-00343,Negotiation,2024-07-12,2024-07-26,14.0
OPP-00344,Discovery,2024-06-05,2024-06-07,2.0
OPP-00344,Qualification,2024-06-07,2024-06-23,16.0
OPP-00344,Proof of Concept,2024-06-23,2024-07-07,14.0
OPP-00344,Negotiation,2024-07-07,2024-07-20,13.0
OPP-00345,Discovery,2024-05-21,2024-05-29,8.0
OPP-00345,Qualification,2024-05-29,2024-06-23,25.0
OPP-00345,Proof of Concept,2024-06-23,2024-07-05,12.0
OPP-00345,Negotiation,2024-07-05,2024-07-13,8.0
OPP-00346,Discovery,2024-04-28,2024-05-03,5.0
OPP-00346,Qualification,2024-05-03,2024-05-18,15.0
OPP-00346,Proof of Concept,2024-05-18,2024-06-12,25.0
OPP-00346,Negotiation,2024-06-12,2024-07-07,25.0
OPP-00347,Discovery,2024-07-03,2024-07-16,13.0
OPP-00347,Qualification,2024-07-16,2024-07-26,10.0
OPP-00347,Proof of Concept,2024-07-26,2024-08-10,15.0
OPP-00347,Negotiation,2024-08-10,2024-08-20,10.0
OPP-00348,Discovery,2024-03-31,2024-04-17,17.0
OPP-00348,Qualification,2024-04-17,2024-04-25,8.0
OPP-00348,Proof of Concept,2024-04-25,2024-07-28,94.0
OPP-00348,Negotiation,2024-07-28,2024-08-08,11.0
OPP-00349,Discovery,2024-06-18,2024-06-29,11.0
OPP-00349,Qualification,2024-06-29,2024-07-14,15.0
OPP-00349,Proof of Concept,2024-07-14,2024-07-28,14.0
OPP-00349,Negotiation,2024-07-28,2024-08-06,9.0
OPP-00350,Discovery,2024-05-25,2024-06-02,8.0
OPP-00350,Qualification,2024-06-02,2024-06-07,5.0
OPP-00350,Proof of Concept,2024-06-07,2024-08-03,57.0
OPP-00350,Negotiation,2024-08-03,2024-08-20,17.0
OPP-00351,Discovery,2024-07-13,2024-07-20,7.0
OPP-00351,Qualification,2024-07-20,2024-07-27,7.0
OPP-00351,Proof of Concept,2024-07-27,2024-08-11,15.0
OPP-00351,Negotiation,2024-08-11,2024-08-25,14.0
OPP-00352,Discovery,2024-06-01,2024-06-07,6.0
OPP-00352,Qualification,2024-06-07,2024-06-09,2.0
OPP-00352,Proof of Concept,2024-06-09,2024-06-27,18.0
OPP-00352,Negotiation,2024-06-27,2024-08-09,43.0
OPP-00353,Discovery,2024-06-19,2024-06-26,7.0
OPP-00353,Qualification,2024-06-26,2024-07-08,12.0
OPP-00353,Proof of Concept,2024-07-08,2024-07-22,14.0
OPP-00353,Negotiation,2024-07-22,2024-08-07,16.0
OPP-00354,Discovery,2024-07-17,2024-07-25,8.0
OPP-00354,Qualification,2024-07-25,2024-08-01,7.0
OPP-00354,Proof of Concept,2024-08-01,2024-08-06,5.0
OPP-00354,Negotiation,2024-08-06,2024-08-16,10.0
OPP-00355,Discovery,2024-06-21,2024-06-29,8.0
OPP-00355,Qualification,2024-06-29,2024-07-22,23.0
OPP-00355,Proof of Concept,2024-07-22,2024-08-10,19.0
OPP-00355,Negotiation,2024-08-10,2024-08-13,3.0
OPP-00356,Discovery,2024-07-09,2024-07-14,5.0
OPP-00356,Qualification,2024-07-14,2024-07-25,11.0
OPP-00356,Proof of Concept,2024-07-25,2024-07-31,6.0
OPP-00356,Negotiation,2024-07-31,2024-08-17,17.0
OPP-00357,Discovery,2024-07-07,2024-07-19,12.0
OPP-00357,Qualification,2024-07-19,2024-07-28,9.0
OPP-00357,Proof of Concept,2024-07-28,2024-07-30,2.0
OPP-00357,Negotiation,2024-07-30,2024-08-02,3.0
OPP-00358,Discovery,2024-05-23,2024-06-05,13.0
OPP-00358,Qualification,2024-06-05,2024-07-15,40.0
OPP-00358,Proof of Concept,2024-07-15,2024-07-22,7.0
OPP-00358,Negotiation,2024-07-22,2024-08-12,21.0
OPP-00359,Discovery,2024-04-11,2024-04-25,14.0
OPP-00359,Qualification,2024-04-25,2024-05-07,12.0
OPP-00359,Proof of Concept,2024-05-07,2024-07-25,79.0
OPP-00359,Negotiation,2024-07-25,2024-08-24,30.0
OPP-00360,Discovery,2024-06-29,2024-07-08,9.0
OPP-00360,Qualification,2024-07-08,2024-07-11,3.0
OPP-00360,Proof of Concept,2024-07-11,2024-07-13,2.0
OPP-00360,Negotiation,2024-07-13,2024-08-02,20.0
OPP-00361,Discovery,2024-06-10,2024-07-04,24.0
OPP-00361,Qualification,2024-07-04,2024-07-20,16.0
OPP-00361,Proof of Concept,2024-07-20,2024-08-01,12.0
OPP-00361,Negotiation,2024-08-01,2024-08-12,11.0
OPP-00362,Discovery,2024-06-13,2024-06-29,16.0
OPP-00362,Qualification,2024-06-29,2024-07-27,28.0
OPP-00362,Proof of Concept,2024-07-27,2024-08-08,12.0
OPP-00362,Negotiation,2024-08-08,2024-08-14,6.0
OPP-00363,Discovery,2024-07-10,2024-07-19,9.0
OPP-00363,Qualification,2024-07-19,2024-07-26,7.0
OPP-00363,Proof of Concept,2024-07-26,2024-08-06,11.0
OPP-00363,Negotiation,2024-08-06,2024-08-20,14.0
OPP-00364,Discovery,2024-07-12,2024-07-23,11.0
OPP-00364,Qualification,2024-07-23,2024-08-10,18.0
OPP-00364,Proof of Concept,2024-08-10,2024-08-11,1.0
OPP-00364,Negotiation,2024-08-11,2024-08-17,6.0
OPP-00365,Discovery,2024-06-27,2024-07-13,16.0
OPP-00365,Qualification,2024-07-13,2024-07-27,14.0
OPP-00365,Proof of Concept,2024-07-27,2024-08-30,34.0
OPP-00365,Negotiation,2024-08-30,2024-09-12,13.0
OPP-00366,Discovery,2024-08-10,2024-08-22,12.0
OPP-00366,Qualification,2024-08-22,2024-08-25,3.0
OPP-00366,Proof of Concept,2024-08-25,2024-09-01,7.0
OPP-00366,Negotiation,2024-09-01,2024-09-04,3.0
OPP-00367,Discovery,2024-07-26,2024-08-08,13.0
OPP-00367,Qualification,2024-08-08,2024-08-18,10.0
OPP-00367,Proof of Concept,2024-08-18,2024-08-30,12.0
OPP-00367,Negotiation,2024-08-30,2024-09-03,4.0
OPP-00368,Discovery,2024-07-14,2024-07-18,4.0
OPP-00368,Qualification,2024-07-18,2024-07-25,7.0
OPP-00368,Proof of Concept,2024-07-25,2024-07-29,4.0
OPP-00368,Negotiation,2024-07-29,2024-09-08,41.0
OPP-00369,Discovery,2024-06-18,2024-06-23,5.0
OPP-00369,Qualification,2024-06-23,2024-07-02,9.0
OPP-00369,Proof of Concept,2024-07-02,2024-08-25,54.0
OPP-00369,Negotiation,2024-08-25,2024-09-19,25.0
OPP-00370,Discovery,2024-08-17,2024-08-18,1.0
OPP-00370,Qualification,2024-08-18,2024-08-28,10.0
OPP-00370,Proof of Concept,2024-08-28,2024-08-29,1.0
OPP-00370,Negotiation,2024-08-29,2024-09-11,13.0
OPP-00371,Discovery,2024-08-15,2024-08-18,3.0
OPP-00371,Qualification,2024-08-18,2024-08-23,5.0
OPP-00371,Proof of Concept,2024-08-23,2024-08-25,2.0
OPP-00371,Negotiation,2024-08-25,2024-09-16,22.0
OPP-00372,Discovery,2024-08-24,2024-08-29,5.0
OPP-00372,Qualification,2024-08-29,2024-09-06,8.0
OPP-00372,Proof of Concept,2024-09-06,2024-09-16,10.0
OPP-00372,Negotiation,2024-09-16,2024-09-17,1.0
OPP-00373,Discovery,2024-06-06,2024-06-12,6.0
OPP-00373,Qualification,2024-06-12,2024-06-27,15.0
OPP-00373,Proof of Concept,2024-06-27,2024-08-27,61.0
OPP-00373,Negotiation,2024-08-27,2024-09-17,21.0
OPP-00374,Discovery,2024-08-16,2024-08-31,15.0
OPP-00374,Qualification,2024-08-31,2024-09-01,1.0
OPP-00374,Proof of Concept,2024-09-01,2024-09-03,2.0
OPP-00374,Negotiation,2024-09-03,2024-09-09,6.0
OPP-00375,Discovery,2024-07-27,2024-08-15,19.0
OPP-00375,Qualification,2024-08-15,2024-08-26,11.0
OPP-00375,Proof of Concept,2024-08-26,2024-09-05,10.0
OPP-00375,Negotiation,2024-09-05,2024-09-10,5.0
OPP-00376,Discovery,2024-08-06,2024-08-18,12.0
OPP-00376,Qualification,2024-08-18,2024-08-23,5.0
OPP-00376,Proof of Concept,2024-08-23,2024-09-10,18.0
OPP-00376,Negotiation,2024-09-10,2024-09-11,1.0
OPP-00377,Discovery,2024-08-01,2024-08-05,4.0
OPP-00377,Qualification,2024-08-05,2024-08-09,4.0
OPP-00377,Proof of Concept,2024-08-09,2024-08-16,7.0
OPP-00377,Negotiation,2024-08-16,2024-09-02,17.0
OPP-00378,Discovery,2024-07-13,2024-07-23,10.0
OPP-00378,Qualification,2024-07-23,2024-07-29,6.0
OPP-00378,Proof of Concept,2024-07-29,2024-08-14,16.0
OPP-00378,Negotiation,2024-08-14,2024-09-17,34.0
OPP-00379,Discovery,2024-08-10,2024-08-12,2.0
OPP-00379,Qualification,2024-08-12,2024-08-26,14.0
OPP-00379,Proof of Concept,2024-08-26,2024-09-13,18.0
OPP-00379,Negotiation,2024-09-13,2024-09-18,5.0
OPP-00380,Discovery,2024-07-11,2024-07-20,9.0
OPP-00380,Qualification,2024-07-20,2024-07-27,7.0
OPP-00380,Proof of Concept,2024-07-27,2024-08-23,27.0
OPP-00380,Negotiation,2024-08-23,2024-09-01,9.0
OPP-00381,Discovery,2024-06-21,2024-07-09,18.0
OPP-00381,Qualification,2024-07-09,2024-07-28,19.0
OPP-00381,Proof of Concept,2024-07-28,2024-09-09,43.0
OPP-00381,Negotiation,2024-09-09,2024-09-17,8.0
OPP-00382,Discovery,2024-07-10,2024-07-13,3.0
OPP-00382,Qualification,2024-07-13,2024-08-08,26.0
OPP-00382,Proof of Concept,2024-08-08,2024-08-26,18.0
OPP-00382,Negotiation,2024-08-26,2024-09-12,17.0
OPP-00383,Discovery,2024-08-05,2024-08-09,4.0
OPP-00383,Qualification,2024-08-09,2024-08-19,10.0
OPP-00383,Proof of Concept,2024-08-19,2024-08-25,6.0
OPP-00383,Negotiation,2024-08-25,2024-09-01,7.0
OPP-00384,Discovery,2024-09-28,2024-10-02,4.0
OPP-00384,Qualification,2024-10-02,2024-10-14,12.0
OPP-00384,Proof of Concept,2024-10-14,2024-10-18,4.0
OPP-00384,Negotiation,2024-10-18,2024-10-24,6.0
OPP-00385,Discovery,2024-09-05,2024-09-13,8.0
OPP-00385,Qualification,2024-09-13,2024-09-17,4.0
OPP-00385,Proof of Concept,2024-09-17,2024-09-23,6.0
OPP-00385,Negotiation,2024-09-23,2024-10-07,14.0
OPP-00386,Discovery,2024-08-09,2024-08-15,6.0
OPP-00386,Qualification,2024-08-15,2024-08-22,7.0
OPP-00386,Proof of Concept,2024-08-22,2024-10-02,41.0
OPP-00386,Negotiation,2024-10-02,2024-10-13,11.0
OPP-00387,Discovery,2024-08-21,2024-09-19,29.0
OPP-00387,Qualification,2024-09-19,2024-09-24,5.0
OPP-00387,Proof of Concept,2024-09-24,2024-09-26,2.0
OPP-00387,Negotiation,2024-09-26,2024-10-09,13.0
OPP-00388,Discovery,2024-09-23,2024-10-01,8.0
OPP-00388,Qualification,2024-10-01,2024-10-08,7.0
OPP-00388,Proof of Concept,2024-10-08,2024-10-15,7.0
OPP-00388,Negotiation,2024-10-15,2024-10-22,7.0
OPP-00389,Discovery,2024-08-07,2024-08-20,13.0
OPP-00389,Qualification,2024-08-20,2024-08-30,10.0
OPP-00389,Proof of Concept,2024-08-30,2024-09-26,27.0
OPP-00389,Negotiation,2024-09-26,2024-10-16,20.0
OPP-00390,Discovery,2024-09-08,2024-09-14,6.0
OPP-00390,Qualification,2024-09-14,2024-09-24,10.0
OPP-00390,Proof of Concept,2024-09-24,2024-09-26,2.0
OPP-00390,Negotiation,2024-09-26,2024-10-13,17.0
OPP-00391,Discovery,2024-09-02,2024-09-04,2.0
OPP-00391,Qualification,2024-09-04,2024-09-13,9.0
OPP-00391,Proof of Concept,2024-09-13,2024-09-28,15.0
OPP-00391,Negotiation,2024-09-28,2024-10-08,10.0
OPP-00392,Discovery,2024-08-16,2024-08-27,11.0
OPP-00392,Qualification,2024-08-27,2024-09-12,16.0
OPP-00392,Proof of Concept,2024-09-12,2024-10-01,19.0
OPP-00392,Negotiation,2024-10-01,2024-10-07,6.0
OPP-00393,Discovery,2024-09-17,2024-09-23,6.0
OPP-00393,Qualification,2024-09-23,2024-09-26,3.0
OPP-00393,Proof of Concept,2024-09-26,2024-10-10,14.0
OPP-00393,Negotiation,2024-10-10,2024-10-11,1.0
OPP-00394,Discovery,2024-08-18,2024-08-28,10.0
OPP-00394,Qualification,2024-08-28,2024-09-15,18.0
OPP-00394,Proof of Concept,2024-09-15,2024-10-07,22.0
OPP-00394,Negotiation,2024-10-07,2024-10-16,9.0
OPP-00395,Discovery,2024-06-11,2024-06-24,13.0
OPP-00395,Qualification,2024-06-24,2024-08-02,39.0
OPP-00395,Proof of Concept,2024-08-02,2024-09-29,58.0
OPP-00395,Negotiation,2024-09-29,2024-10-18,19.0
OPP-00396,Discovery,2024-08-13,2024-08-19,6.0
OPP-00396,Qualification,2024-08-19,2024-08-23,4.0
OPP-00396,Proof of Concept,2024-08-23,2024-09-26,34.0
OPP-00396,Negotiation,2024-09-26,2024-10-26,30.0
OPP-00397,Discovery,2024-06-14,2024-07-01,17.0
OPP-00397,Qualification,2024-07-01,2024-08-08,38.0
OPP-00397,Proof of Concept,2024-08-08,2024-08-30,22.0
OPP-00397,Negotiation,2024-08-30,2024-10-14,45.0
OPP-00398,Discovery,2024-09-17,2024-09-21,4.0
OPP-00398,Qualification,2024-09-21,2024-09-28,7.0
OPP-00398,Proof of Concept,2024-09-28,2024-10-11,13.0
OPP-00398,Negotiation,2024-10-11,2024-10-23,12.0
OPP-00399,Discovery,2024-08-29,2024-09-05,7.0
OPP-00399,Qualification,2024-09-05,2024-09-13,8.0
OPP-00399,Proof of Concept,2024-09-13,2024-09-22,9.0
OPP-00399,Negotiation,2024-09-22,2024-10-09,17.0
OPP-00400,Discovery,2024-09-09,2024-09-14,5.0
OPP-00400,Qualification,2024-09-14,2024-09-17,3.0
OPP-00400,Proof of Concept,2024-09-17,2024-10-01,14.0
OPP-00400,Negotiation,2024-10-01,2024-10-02,1.0
OPP-00401,Discovery,2024-08-28,2024-08-30,2.0
OPP-00401,Qualification,2024-08-30,2024-09-12,13.0
OPP-00401,Proof of Concept,2024-09-12,2024-09-28,16.0
OPP-00401,Negotiation,2024-09-28,2024-10-05,7.0
OPP-00402,Discovery,2024-08-01,2024-08-06,5.0
OPP-00402,Qualification,2024-08-06,2024-08-25,19.0
OPP-00402,Proof of Concept,2024-08-25,2024-10-07,43.0
OPP-00402,Negotiation,2024-10-07,2024-10-21,14.0
OPP-00403,Discovery,2024-05-25,2024-06-07,13.0
OPP-00403,Qualification,2024-06-07,2024-06-24,17.0
OPP-00403,Proof of Concept,2024-06-24,2024-10-05,103.0
OPP-00403,Negotiation,2024-10-05,2024-11-16,42.0
OPP-00404,Discovery,2024-08-09,2024-08-24,15.0
OPP-00404,Qualification,2024-08-24,2024-09-20,27.0
OPP-00404,Proof of Concept,2024-09-20,2024-10-11,21.0
OPP-00404,Negotiation,2024-10-11,2024-11-02,22.0
OPP-00405,Discovery,2024-09-30,2024-10-01,1.0
OPP-00405,Qualification,2024-10-01,2024-10-14,13.0
OPP-00405,Proof of Concept,2024-10-14,2024-10-27,13.0
OPP-00405,Negotiation,2024-10-27,2024-11-08,12.0
OPP-00406,Discovery,2024-08-01,2024-08-12,11.0
OPP-00406,Qualification,2024-08-12,2024-08-28,16.0
OPP-00406,Proof of Concept,2024-08-28,2024-10-01,34.0
OPP-00406,Negotiation,2024-10-01,2024-11-10,40.0
OPP-00407,Discovery,2024-11-03,2024-11-09,6.0
OPP-00407,Qualification,2024-11-09,2024-11-12,3.0
OPP-00407,Proof of Concept,2024-11-12,2024-11-20,8.0
OPP-00407,Negotiation,2024-11-20,2024-11-22,2.0
OPP-00408,Discovery,2024-09-29,2024-10-11,12.0
OPP-00408,Qualification,2024-10-11,2024-10-20,9.0
OPP-00408,Proof of Concept,2024-10-20,2024-11-15,26.0
OPP-00408,Negotiation,2024-11-15,2024-11-19,4.0
OPP-00409,Discovery,2024-10-07,2024-10-11,4.0
OPP-00409,Qualification,2024-10-11,2024-10-27,16.0
OPP-00409,Proof of Concept,2024-10-27,2024-11-06,10.0
OPP-00409,Negotiation,2024-11-06,2024-11-13,7.0
OPP-00410,Discovery,2024-09-02,2024-09-05,3.0
OPP-00410,Qualification,2024-09-05,2024-09-13,8.0
OPP-00410,Proof of Concept,2024-09-13,2024-11-04,52.0
OPP-00410,Negotiation,2024-11-04,2024-11-10,6.0
OPP-00411,Discovery,2024-08-17,2024-08-25,8.0
OPP-00411,Qualification,2024-08-25,2024-09-09,15.0
OPP-00411,Proof of Concept,2024-09-09,2024-10-08,29.0
OPP-00411,Negotiation,2024-10-08,2024-11-13,36.0
OPP-00412,Discovery,2024-10-02,2024-10-06,4.0
OPP-00412,Qualification,2024-10-06,2024-10-19,13.0
OPP-00412,Proof of Concept,2024-10-19,2024-11-04,16.0
OPP-00412,Negotiation,2024-11-04,2024-11-05,1.0
OPP-00413,Discovery,2024-07-11,2024-07-25,14.0
OPP-00413,Qualification,2024-07-25,2024-08-14,20.0
OPP-00413,Proof of Concept,2024-08-14,2024-10-06,53.0
OPP-00413,Negotiation,2024-10-06,2024-11-12,37.0
OPP-00414,Discovery,2024-10-08,2024-10-10,2.0
OPP-00414,Qualification,2024-10-10,2024-10-17,7.0
OPP-00414,Proof of Concept,2024-10-17,2024-11-08,22.0
OPP-00414,Negotiation,2024-11-08,2024-11-25,17.0
OPP-00415,Discovery,2024-10-10,2024-10-15,5.0
OPP-00415,Qualification,2024-10-15,2024-10-26,11.0
OPP-00415,Proof of Concept,2024-10-26,2024-11-07,12.0
OPP-00415,Negotiation,2024-11-07,2024-11-26,19.0
OPP-00416,Discovery,2024-09-19,2024-09-24,5.0
OPP-00416,Qualification,2024-09-24,2024-10-09,15.0
OPP-00416,Proof of Concept,2024-10-09,2024-10-26,17.0
OPP-00416,Negotiation,2024-10-26,2024-11-06,11.0
OPP-00417,Discovery,2024-07-28,2024-08-06,9.0
OPP-00417,Qualification,2024-08-06,2024-08-19,13.0
OPP-00417,Proof of Concept,2024-08-19,2024-11-18,91.0
OPP-00417,Negotiation,2024-11-18,2024-11-26,8.0
OPP-00418,Discovery,2024-10-15,2024-10-19,4.0
OPP-00418,Qualification,2024-10-19,2024-10-27,8.0
OPP-00418,Proof of Concept,2024-10-27,2024-11-06,10.0
OPP-00418,Negotiation,2024-11-06,2024-11-12,6.0
OPP-00419,Discovery,2024-10-22,2024-10-23,1.0
OPP-00419,Qualification,2024-10-23,2024-11-01,9.0
OPP-00419,Proof of Concept,2024-11-01,2024-11-11,10.0
OPP-00419,Negotiation,2024-11-11,2024-11-16,5.0
OPP-00420,Discovery,2024-10-29,2024-11-02,4.0
OPP-00420,Qualification,2024-11-02,2024-11-06,4.0
OPP-00420,Proof of Concept,2024-11-06,2024-11-08,2.0
OPP-00420,Negotiation,2024-11-08,2024-11-23,15.0
OPP-00421,Discovery,2024-08-09,2024-08-14,5.0
OPP-00421,Qualification,2024-08-14,2024-08-22,8.0
OPP-00421,Proof of Concept,2024-08-22,2024-10-19,58.0
OPP-00421,Negotiation,2024-10-19,2024-11-06,18.0
OPP-00422,Discovery,2024-10-08,2024-10-16,8.0
OPP-00422,Qualification,2024-10-16,2024-10-22,6.0
OPP-00422,Proof of Concept,2024-10-22,2024-10-29,7.0
OPP-00422,Negotiation,2024-10-29,2024-11-03,5.0
OPP-00423,Discovery,2024-09-30,2024-10-03,3.0
OPP-00423,Qualification,2024-10-03,2024-10-13,10.0
OPP-00423,Proof of Concept,2024-10-13,2024-10-26,13.0
OPP-00423,Negotiation,2024-10-26,2024-11-07,12.0
OPP-00424,Discovery,2024-08-13,2024-08-21,8.0
OPP-00424,Qualification,2024-08-21,2024-09-04,14.0
OPP-00424,Proof of Concept,2024-09-04,2024-09-26,22.0
OPP-00424,Negotiation,2024-09-26,2024-11-04,39.0
OPP-00425,Discovery,2024-09-19,2024-10-03,14.0
OPP-00425,Qualification,2024-10-03,2024-10-05,2.0
OPP-00425,Proof of Concept,2024-10-05,2024-10-23,18.0
OPP-00425,Negotiation,2024-10-23,2024-11-04,12.0
OPP-00426,Discovery,2024-11-10,2024-11-12,2.0
OPP-00426,Qualification,2024-11-12,2024-11-17,5.0
OPP-00426,Proof of Concept,2024-11-17,2024-11-30,13.0
OPP-00426,Negotiation,2024-11-30,2024-12-06,6.0
OPP-00427,Discovery,2024-11-27,2024-12-08,11.0
OPP-00427,Qualification,2024-12-08,2024-12-16,8.0
OPP-00427,Proof of Concept,2024-12-16,2024-12-23,7.0
OPP-00427,Negotiation,2024-12-23,2024-12-24,1.0
OPP-00428,Discovery,2024-11-19,2024-11-29,10.0
OPP-00428,Qualification,2024-11-29,2024-12-07,8.0
OPP-00428,Proof of Concept,2024-12-07,2024-12-22,15.0
OPP-00428,Negotiation,2024-12-22,2024-12-27,5.0
OPP-00429,Discovery,2024-10-05,2024-10-07,2.0
OPP-00429,Qualification,2024-10-07,2024-10-17,10.0
OPP-00429,Proof of Concept,2024-10-17,2024-11-16,30.0
OPP-00429,Negotiation,2024-11-16,2024-12-09,23.0
OPP-00430,Discovery,2024-10-25,2024-11-03,9.0
OPP-00430,Qualification,2024-11-03,2024-11-11,8.0
OPP-00430,Proof of Concept,2024-11-11,2024-11-18,7.0
OPP-00430,Negotiation,2024-11-18,2024-12-02,14.0
OPP-00431,Discovery,2024-10-03,2024-10-10,7.0
OPP-00431,Qualification,2024-10-10,2024-10-22,12.0
OPP-00431,Proof of Concept,2024-10-22,2024-11-26,35.0
OPP-00431,Negotiation,2024-11-26,2024-12-05,9.0
OPP-00432,Discovery,2024-10-16,2024-10-18,2.0
OPP-00432,Qualification,2024-10-18,2024-10-26,8.0
OPP-00432,Proof of Concept,2024-10-26,2024-11-25,30.0
OPP-00432,Negotiation,2024-11-25,2024-12-01,6.0
OPP-00433,Discovery,2024-11-09,2024-11-12,3.0
OPP-00433,Qualification,2024-11-12,2024-11-17,5.0
OPP-00433,Proof of Concept,2024-11-17,2024-12-14,27.0
OPP-00433,Negotiation,2024-12-14,2024-12-17,3.0
OPP-00434,Discovery,2024-11-25,2024-12-10,15.0
OPP-00434,Qualification,2024-12-10,2024-12-15,5.0
OPP-00434,Proof of Concept,2024-12-15,2024-12-17,2.0
OPP-00434,Negotiation,2024-12-17,2024-12-19,2.0
OPP-00435,Discovery,2024-12-05,2024-12-06,1.0
OPP-00435,Qualification,2024-12-06,2024-12-09,3.0
OPP-00435,Proof of Concept,2024-12-09,2024-12-18,9.0
OPP-00435,Negotiation,2024-12-18,2024-12-22,4.0
OPP-00436,Discovery,2024-11-27,2024-12-08,11.0
OPP-00436,Qualification,2024-12-08,2024-12-12,4.0
OPP-00436,Proof of Concept,2024-12-12,2024-12-17,5.0
OPP-00436,Negotiation,2024-12-17,2024-12-27,10.0
OPP-00437,Discovery,2024-11-15,2024-11-17,2.0
OPP-00437,Qualification,2024-11-17,2024-11-20,3.0
OPP-00437,Proof of Concept,2024-11-20,2024-11-26,6.0
OPP-00437,Negotiation,2024-11-26,2024-12-04,8.0
OPP-00438,Discovery,2024-08-31,2024-09-19,19.0
OPP-00438,Qualification,2024-09-19,2024-10-10,21.0
OPP-00438,Proof of Concept,2024-10-10,2024-10-30,20.0
OPP-00438,Negotiation,2024-10-30,2024-12-21,52.0
OPP-00439,Discovery,2024-11-03,2024-11-08,5.0
OPP-00439,Qualification,2024-11-08,2024-11-18,10.0
OPP-00439,Proof of Concept,2024-11-18,2024-12-04,16.0
OPP-00439,Negotiation,2024-12-04,2024-12-15,11.0
OPP-00440,Discovery,2024-11-11,2024-11-20,9.0
OPP-00440,Qualification,2024-11-20,2024-11-27,7.0
OPP-00440,Proof of Concept,2024-11-27,2024-12-01,4.0
OPP-00440,Negotiation,2024-12-01,2024-12-05,4.0
OPP-00441,Discovery,2024-11-12,2024-11-17,5.0
OPP-00441,Qualification,2024-11-17,2024-12-02,15.0
OPP-00441,Proof of Concept,2024-12-02,2024-12-25,23.0
OPP-00441,Negotiation,2024-12-25,2024-12-26,1.0
OPP-00442,Discovery,2024-10-07,2024-10-25,18.0
OPP-00442,Qualification,2024-10-25,2024-10-26,1.0
OPP-00442,Proof of Concept,2024-10-26,2024-11-03,8.0
OPP-00442,Negotiation,2024-11-03,2024-12-02,29.0
OPP-00443,Discovery,2024-11-27,2024-11-29,2.0
OPP-00443,Qualification,2024-11-29,2024-12-06,7.0
OPP-00443,Proof of Concept,2024-12-06,2024-12-13,7.0
OPP-00443,Negotiation,2024-12-13,2024-12-17,4.0
OPP-00444,Discovery,2024-11-13,2024-11-26,13.0
OPP-00444,Qualification,2024-11-26,2024-12-09,13.0
OPP-00444,Proof of Concept,2024-12-09,2024-12-23,14.0
OPP-00444,Negotiation,2024-12-23,2025-01-13,21.0
OPP-00445,Discovery,2024-07-06,2024-07-13,7.0
OPP-00445,Qualification,2024-07-13,2024-09-21,70.0
OPP-00445,Proof of Concept,2024-09-21,2024-10-25,34.0
OPP-00445,Negotiation,2024-10-25,2025-01-18,85.0
OPP-00446,Discovery,2024-12-14,2024-12-22,8.0
OPP-00446,Qualification,2024-12-22,2024-12-26,4.0
OPP-00446,Proof of Concept,2024-12-26,2025-01-15,20.0
OPP-00446,Negotiation,2025-01-15,2025-01-16,1.0
OPP-00447,Discovery,2024-10-20,2024-10-23,3.0
OPP-00447,Qualification,2024-10-23,2024-10-26,3.0
OPP-00447,Proof of Concept,2024-10-26,2025-01-03,69.0
OPP-00447,Negotiation,2025-01-03,2025-01-14,11.0
OPP-00448,Discovery,2024-12-02,2024-12-27,25.0
OPP-00448,Qualification,2024-12-27,2025-01-10,14.0
OPP-00448,Proof of Concept,2025-01-10,2025-01-16,6.0
OPP-00448,Negotiation,2025-01-16,2025-01-17,1.0
OPP-00449,Discovery,2024-12-07,2024-12-10,3.0
OPP-00449,Qualification,2024-12-10,2024-12-19,9.0
OPP-00449,Proof of Concept,2024-12-19,2024-12-25,6.0
OPP-00449,Negotiation,2024-12-25,2025-01-05,11.0
OPP-00450,Discovery,2024-12-04,2024-12-11,7.0
OPP-00450,Qualification,2024-12-11,2024-12-19,8.0
OPP-00450,Proof of Concept,2024-12-19,2024-12-28,9.0
OPP-00450,Negotiation,2024-12-28,2025-01-18,21.0
OPP-00451,Discovery,2024-10-20,2024-11-10,21.0
OPP-00451,Qualification,2024-11-10,2024-12-03,23.0
OPP-00451,Proof of Concept,2024-12-03,2024-12-27,24.0
OPP-00451,Negotiation,2024-12-27,2025-01-06,10.0
OPP-00452,Discovery,2024-12-06,2024-12-18,12.0
OPP-00452,Qualification,2024-12-18,2024-12-22,4.0
OPP-00452,Proof of Concept,2024-12-22,2025-01-07,16.0
OPP-00452,Negotiation,2025-01-07,2025-01-24,17.0
OPP-00453,Discovery,2024-10-09,2024-10-17,8.0
OPP-00453,Qualification,2024-10-17,2024-11-04,18.0
OPP-00453,Proof of Concept,2024-11-04,2025-01-02,59.0
OPP-00453,Negotiation,2025-01-02,2025-01-13,11.0
OPP-00454,Discovery,2024-11-29,2024-12-05,6.0
OPP-00454,Qualification,2024-12-05,2024-12-06,1.0
OPP-00454,Proof of Concept,2024-12-06,2025-01-03,28.0
OPP-00454,Negotiation,2025-01-03,2025-01-12,9.0
OPP-00455,Discovery,2024-10-29,2024-11-04,6.0
OPP-00455,Qualification,2024-11-04,2024-11-22,18.0
OPP-00455,Proof of Concept,2024-11-22,2024-12-17,25.0
OPP-00455,Negotiation,2024-12-17,2025-01-18,32.0
OPP-00456,Discovery,2024-12-17,2024-12-21,4.0
OPP-00456,Qualification,2024-12-21,2024-12-29,8.0
OPP-00456,Proof of Concept,2024-12-29,2025-01-15,17.0
OPP-00456,Negotiation,2025-01-15,2025-01-23,8.0
OPP-00457,Discovery,2024-10-12,2024-10-19,7.0
OPP-00457,Qualification,2024-10-19,2024-10-26,7.0
OPP-00457,Proof of Concept,2024-10-26,2024-12-09,44.0
OPP-00457,Negotiation,2024-12-09,2025-01-03,25.0
OPP-00458,Discovery,2024-10-30,2024-11-03,4.0
OPP-00458,Qualification,2024-11-03,2024-12-07,34.0
OPP-00458,Proof of Concept,2024-12-07,2025-01-15,39.0
OPP-00458,Negotiation,2025-01-15,2025-01-22,7.0
OPP-00459,Discovery,2024-12-06,2024-12-31,25.0
OPP-00459,Qualification,2024-12-31,2025-01-02,2.0
OPP-00459,Proof of Concept,2025-01-02,2025-01-09,7.0
OPP-00459,Negotiation,2025-01-09,2025-01-22,13.0
OPP-00460,Discovery,2024-11-19,2024-12-18,29.0
OPP-00460,Qualification,2024-12-18,2025-01-01,14.0
OPP-00460,Proof of Concept,2025-01-01,2025-02-05,35.0
OPP-00460,Negotiation,2025-02-05,2025-02-13,8.0
OPP-00461,Discovery,2025-01-13,2025-01-24,11.0
OPP-00461,Qualification,2025-01-24,2025-01-30,6.0
OPP-00461,Proof of Concept,2025-01-30,2025-02-19,20.0
OPP-00461,Negotiation,2025-02-19,2025-02-26,7.0
OPP-00462,Discovery,2024-12-20,2024-12-22,2.0
OPP-00462,Qualification,2024-12-22,2024-12-30,8.0
OPP-00462,Proof of Concept,2024-12-30,2025-01-26,27.0
OPP-00462,Negotiation,2025-01-26,2025-02-19,24.0
OPP-00463,Discovery,2024-12-08,2024-12-23,15.0
OPP-00463,Qualification,2024-12-23,2025-01-01,9.0
OPP-00463,Proof of Concept,2025-01-01,2025-01-30,29.0
OPP-00463,Negotiation,2025-01-30,2025-02-05,6.0
OPP-00464,Discovery,2025-01-31,2025-02-03,3.0
OPP-00464,Qualification,2025-02-03,2025-02-16,13.0
OPP-00464,Proof of Concept,2025-02-16,2025-02-19,3.0
OPP-00464,Negotiation,2025-02-19,2025-02-22,3.0
OPP-00465,Discovery,2024-12-12,2024-12-17,5.0
OPP-00465,Qualification,2024-12-17,2024-12-28,11.0
OPP-00465,Proof of Concept,2024-12-28,2025-01-28,31.0
OPP-00465,Negotiation,2025-01-28,2025-02-04,7.0
OPP-00466,Discovery,2024-12-09,2024-12-17,8.0
OPP-00466,Qualification,2024-12-17,2025-01-01,15.0
OPP-00466,Proof of Concept,2025-01-01,2025-02-07,37.0
OPP-00466,Negotiation,2025-02-07,2025-02-19,12.0
OPP-00467,Discovery,2024-12-31,2025-01-13,13.0
OPP-00467,Qualification,2025-01-13,2025-01-19,6.0
OPP-00467,Proof of Concept,2025-01-19,2025-01-21,2.0
OPP-00467,Negotiation,2025-01-21,2025-02-21,31.0
OPP-00468,Discovery,2024-12-08,2024-12-20,12.0
OPP-00468,Qualification,2024-12-20,2025-01-05,16.0
OPP-00468,Proof of Concept,2025-01-05,2025-01-29,24.0
OPP-00468,Negotiation,2025-01-29,2025-02-08,10.0
OPP-00469,Discovery,2025-01-14,2025-01-22,8.0
OPP-00469,Qualification,2025-01-22,2025-01-24,2.0
OPP-00469,Proof of Concept,2025-01-24,2025-02-03,10.0
OPP-00469,Negotiation,2025-02-03,2025-02-14,11.0
OPP-00470,Discovery,2025-01-07,2025-01-13,6.0
OPP-00470,Qualification,2025-01-13,2025-02-02,20.0
OPP-00470,Proof of Concept,2025-02-02,2025-02-19,17.0
OPP-00470,Negotiation,2025-02-19,2025-02-27,8.0
OPP-00471,Discovery,2024-11-13,2024-12-02,19.0
OPP-00471,Qualification,2024-12-02,2024-12-19,17.0
OPP-00471,Proof of Concept,2024-12-19,2025-02-01,44.0
OPP-00471,Negotiation,2025-02-01,2025-02-07,6.0
OPP-00472,Discovery,2025-02-09,2025-02-10,1.0
OPP-00472,Qualification,2025-02-10,2025-02-12,2.0
OPP-00472,Proof of Concept,2025-02-12,2025-02-14,2.0
OPP-00472,Negotiation,2025-02-14,2025-02-19,5.0
OPP-00473,Discovery,2025-01-19,2025-01-24,5.0
OPP-00473,Qualification,2025-01-24,2025-02-04,11.0
OPP-00473,Proof of Concept,2025-02-04,2025-02-16,12.0
OPP-00473,Negotiation,2025-02-16,2025-02-20,4.0
OPP-00474,Discovery,2025-01-08,2025-01-18,10.0
OPP-00474,Qualification,2025-01-18,2025-01-24,6.0
OPP-00474,Proof of Concept,2025-01-24,2025-02-09,16.0
OPP-00474,Negotiation,2025-02-09,2025-02-14,5.0
OPP-00475,Discovery,2025-02-14,2025-02-16,2.0
OPP-00475,Qualification,2025-02-16,2025-02-22,6.0
OPP-00475,Proof of Concept,2025-02-22,2025-03-02,8.0
OPP-00475,Negotiation,2025-03-02,2025-03-19,17.0
OPP-00476,Discovery,2025-02-18,2025-02-22,4.0
OPP-00476,Qualification,2025-02-22,2025-02-25,3.0
OPP-00476,Proof of Concept,2025-02-25,2025-03-11,14.0
OPP-00476,Negotiation,2025-03-11,2025-03-16,5.0
OPP-00477,Discovery,2025-01-15,2025-01-21,6.0
OPP-00477,Qualification,2025-01-21,2025-03-08,46.0
OPP-00477,Proof of Concept,2025-03-08,2025-03-14,6.0
OPP-00477,Negotiation,2025-03-14,2025-03-26,12.0
OPP-00478,Discovery,2025-02-19,2025-03-02,11.0
OPP-00478,Qualification,2025-03-02,2025-03-09,7.0
OPP-00478,Proof of Concept,2025-03-09,2025-03-10,1.0
OPP-00478,Negotiation,2025-03-10,2025-03-17,7.0
OPP-00479,Discovery,2025-02-09,2025-02-10,1.0
OPP-00479,Qualification,2025-02-10,2025-02-22,12.0
OPP-00479,Proof of Concept,2025-02-22,2025-03-20,26.0
OPP-00479,Negotiation,2025-03-20,2025-03-21,1.0
OPP-00480,Discovery,2025-01-30,2025-02-12,13.0
OPP-00480,Qualification,2025-02-12,2025-02-14,2.0
OPP-00480,Proof of Concept,2025-02-14,2025-03-04,18.0
OPP-00480,Negotiation,2025-03-04,2025-03-15,11.0
OPP-00481,Discovery,2025-02-08,2025-02-19,11.0
OPP-00481,Qualification,2025-02-19,2025-02-23,4.0
OPP-00481,Proof of Concept,2025-02-23,2025-03-18,23.0
OPP-00481,Negotiation,2025-03-18,2025-03-19,1.0
OPP-00482,Discovery,2025-02-05,2025-02-07,2.0
OPP-00482,Qualification,2025-02-07,2025-02-24,17.0
OPP-00482,Proof of Concept,2025-02-24,2025-03-01,5.0
OPP-00482,Negotiation,2025-03-01,2025-03-04,3.0
OPP-00483,Discovery,2025-01-30,2025-01-31,1.0
OPP-00483,Qualification,2025-01-31,2025-02-02,2.0
OPP-00483,Proof of Concept,2025-02-02,2025-02-24,22.0
OPP-00483,Negotiation,2025-02-24,2025-03-08,12.0
OPP-00484,Discovery,2025-01-07,2025-01-18,11.0
OPP-00484,Qualification,2025-01-18,2025-01-28,10.0
OPP-00484,Proof of Concept,2025-01-28,2025-03-07,38.0
OPP-00484,Negotiation,2025-03-07,2025-03-22,15.0
OPP-00485,Discovery,2025-02-08,2025-02-13,5.0
OPP-00485,Qualification,2025-02-13,2025-02-17,4.0
OPP-00485,Proof of Concept,2025-02-17,2025-03-07,18.0
OPP-00485,Negotiation,2025-03-07,2025-03-24,17.0
OPP-00486,Discovery,2025-02-03,2025-02-15,12.0
OPP-00486,Qualification,2025-02-15,2025-02-17,2.0
OPP-00486,Proof of Concept,2025-02-17,2025-03-04,15.0
OPP-00486,Negotiation,2025-03-04,2025-03-19,15.0
OPP-00487,Discovery,2025-01-31,2025-02-09,9.0
OPP-00487,Qualification,2025-02-09,2025-02-12,3.0
OPP-00487,Proof of Concept,2025-02-12,2025-02-21,9.0
OPP-00487,Negotiation,2025-02-21,2025-03-02,9.0
OPP-00488,Discovery,2025-01-07,2025-01-24,17.0
OPP-00488,Qualification,2025-01-24,2025-02-02,9.0
OPP-00488,Proof of Concept,2025-02-02,2025-02-23,21.0
OPP-00488,Negotiation,2025-02-23,2025-03-02,7.0
OPP-00489,Discovery,2025-01-13,2025-01-20,7.0
OPP-00489,Qualification,2025-01-20,2025-01-29,9.0
OPP-00489,Proof of Concept,2025-01-29,2025-03-17,47.0
OPP-00489,Negotiation,2025-03-17,2025-03-26,9.0
OPP-00490,Discovery,2024-12-28,2024-12-31,3.0
OPP-00490,Qualification,2024-12-31,2025-01-06,6.0
OPP-00490,Proof of Concept,2025-01-06,2025-02-25,50.0
OPP-00490,Negotiation,2025-02-25,2025-03-01,4.0
OPP-00491,Discovery,2024-12-29,2025-01-17,19.0
OPP-00491,Qualification,2025-01-17,2025-01-31,14.0
OPP-00491,Proof of Concept,2025-01-31,2025-02-20,20.0
OPP-00491,Negotiation,2025-02-20,2025-03-04,12.0
OPP-00492,Discovery,2025-02-01,2025-02-07,6.0
OPP-00492,Qualification,2025-02-07,2025-02-09,2.0
OPP-00492,Proof of Concept,2025-02-09,2025-02-20,11.0
OPP-00492,Negotiation,2025-02-20,2025-03-16,24.0
OPP-00493,Discovery,2025-01-26,2025-01-30,4.0
OPP-00493,Qualification,2025-01-30,2025-02-05,6.0
OPP-00493,Proof of Concept,2025-02-05,2025-03-27,50.0
OPP-00493,Negotiation,2025-03-27,2025-04-27,31.0
OPP-00494,Discovery,2025-01-06,2025-01-10,4.0
OPP-00494,Qualification,2025-01-10,2025-01-20,10.0
OPP-00494,Proof of Concept,2025-01-20,2025-03-14,53.0
OPP-00494,Negotiation,2025-03-14,2025-04-09,26.0
OPP-00495,Discovery,2025-01-01,2025-01-17,16.0
OPP-00495,Qualification,2025-01-17,2025-02-03,17.0
OPP-00495,Proof of Concept,2025-02-03,2025-03-15,40.0
OPP-00495,Negotiation,2025-03-15,2025-04-08,24.0
OPP-00496,Discovery,2025-03-18,2025-03-22,4.0
OPP-00496,Qualification,2025-03-22,2025-03-27,5.0
OPP-00496,Proof of Concept,2025-03-27,2025-04-07,11.0
OPP-00496,Negotiation,2025-04-07,2025-04-09,2.0
OPP-00497,Discovery,2025-02-01,2025-02-18,17.0
OPP-00497,Qualification,2025-02-18,2025-03-10,20.0
OPP-00497,Proof of Concept,2025-03-10,2025-03-31,21.0
OPP-00497,Negotiation,2025-03-31,2025-04-23,23.0
OPP-00498,Discovery,2025-03-09,2025-03-21,12.0
OPP-00498,Qualification,2025-03-21,2025-03-31,10.0
OPP-00498,Proof of Concept,2025-03-31,2025-04-06,6.0
OPP-00498,Negotiation,2025-04-06,2025-04-14,8.0
OPP-00499,Discovery,2025-03-09,2025-03-13,4.0
OPP-00499,Qualification,2025-03-13,2025-03-25,12.0
OPP-00499,Proof of Concept,2025-03-25,2025-03-31,6.0
OPP-00499,Negotiation,2025-03-31,2025-04-15,15.0
OPP-00500,Discovery,2025-03-08,2025-03-10,2.0
OPP-00500,Qualification,2025-03-10,2025-03-15,5.0
OPP-00500,Proof of Concept,2025-03-15,2025-03-21,6.0
OPP-00500,Negotiation,2025-03-21,2025-04-11,21.0
OPP-00501,Discovery,2025-03-14,2025-03-18,4.0
OPP-00501,Qualification,2025-03-18,2025-03-21,3.0
OPP-00501,Proof of Concept,2025-03-21,2025-03-31,10.0
OPP-00501,Negotiation,2025-03-31,2025-04-16,16.0
OPP-00502,Discovery,2025-02-20,2025-02-28,8.0
OPP-00502,Qualification,2025-02-28,2025-03-06,6.0
OPP-00502,Proof of Concept,2025-03-06,2025-03-13,7.0
OPP-00502,Negotiation,2025-03-13,2025-04-01,19.0
OPP-00503,Discovery,2025-02-06,2025-02-09,3.0
OPP-00503,Qualification,2025-02-09,2025-02-21,12.0
OPP-00503,Proof of Concept,2025-02-21,2025-03-30,37.0
OPP-00503,Negotiation,2025-03-30,2025-04-19,20.0
OPP-00504,Discovery,2025-02-08,2025-02-16,8.0
OPP-00504,Qualification,2025-02-16,2025-02-18,2.0
OPP-00504,Proof of Concept,2025-02-18,2025-03-29,39.0
OPP-00504,Negotiation,2025-03-29,2025-04-04,6.0
OPP-00505,Discovery,2025-03-11,2025-03-17,6.0
OPP-00505,Qualification,2025-03-17,2025-03-24,7.0
OPP-00505,Proof of Concept,2025-03-24,2025-04-03,10.0
OPP-00505,Negotiation,2025-04-03,2025-04-12,9.0
OPP-00506,Discovery,2025-02-21,2025-02-28,7.0
OPP-00506,Qualification,2025-02-28,2025-03-07,7.0
OPP-00506,Proof of Concept,2025-03-07,2025-03-21,14.0
OPP-00506,Negotiation,2025-03-21,2025-04-20,30.0
OPP-00507,Discovery,2025-01-08,2025-02-02,25.0
OPP-00507,Qualification,2025-02-02,2025-03-14,40.0
OPP-00507,Proof of Concept,2025-03-14,2025-04-02,19.0
OPP-00507,Negotiation,2025-04-02,2025-04-08,6.0
OPP-00508,Discovery,2025-02-16,2025-03-05,17.0
OPP-00508,Qualification,2025-03-05,2025-03-21,16.0
OPP-00508,Proof of Concept,2025-03-21,2025-04-24,34.0
OPP-00508,Negotiation,2025-04-24,2025-04-27,3.0
OPP-00509,Discovery,2025-03-13,2025-03-15,2.0
OPP-00509,Qualification,2025-03-15,2025-04-01,17.0
OPP-00509,Proof of Concept,2025-04-01,2025-04-15,14.0
OPP-00509,Negotiation,2025-04-15,2025-04-19,4.0
OPP-00510,Discovery,2025-01-03,2025-01-13,10.0
OPP-00510,Qualification,2025-01-13,2025-01-23,10.0
OPP-00510,Proof of Concept,2025-01-23,2025-03-31,67.0
OPP-00510,Negotiation,2025-03-31,2025-04-20,20.0
OPP-00511,Discovery,2025-02-19,2025-03-04,13.0
OPP-00511,Qualification,2025-03-04,2025-03-25,21.0
OPP-00511,Proof of Concept,2025-03-25,2025-04-11,17.0
OPP-00511,Negotiation,2025-04-11,2025-04-15,4.0
OPP-00512,Discovery,2025-02-13,2025-02-22,9.0
OPP-00512,Qualification,2025-02-22,2025-03-07,13.0
OPP-00512,Proof of Concept,2025-03-07,2025-03-18,11.0
OPP-00512,Negotiation,2025-03-18,2025-04-24,37.0
OPP-00513,Discovery,2025-03-16,2025-03-20,4.0
OPP-00513,Qualification,2025-03-20,2025-03-24,4.0
OPP-00513,Proof of Concept,2025-03-24,2025-04-18,25.0
OPP-00513,Negotiation,2025-04-18,2025-05-02,14.0
OPP-00514,Discovery,2025-04-05,2025-04-12,7.0
OPP-00514,Qualification,2025-04-12,2025-04-24,12.0
OPP-00514,Proof of Concept,2025-04-24,2025-04-26,2.0
OPP-00514,Negotiation,2025-04-26,2025-05-05,9.0
OPP-00515,Discovery,2025-02-22,2025-02-28,6.0
OPP-00515,Qualification,2025-02-28,2025-03-16,16.0
OPP-00515,Proof of Concept,2025-03-16,2025-04-11,26.0
OPP-00515,Negotiation,2025-04-11,2025-05-20,39.0
OPP-00516,Discovery,2025-02-15,2025-03-11,24.0
OPP-00516,Qualification,2025-03-11,2025-04-05,25.0
OPP-00516,Proof of Concept,2025-04-05,2025-05-03,28.0
OPP-00516,Negotiation,2025-05-03,2025-05-16,13.0
OPP-00517,Discovery,2025-03-26,2025-04-08,13.0
OPP-00517,Qualification,2025-04-08,2025-04-20,12.0
OPP-00517,Proof of Concept,2025-04-20,2025-05-15,25.0
OPP-00517,Negotiation,2025-05-15,2025-05-21,6.0
OPP-00518,Discovery,2025-04-14,2025-04-21,7.0
OPP-00518,Qualification,2025-04-21,2025-05-03,12.0
OPP-00518,Proof of Concept,2025-05-03,2025-05-08,5.0
OPP-00518,Negotiation,2025-05-08,2025-05-19,11.0
OPP-00519,Discovery,2025-03-05,2025-03-10,5.0
OPP-00519,Qualification,2025-03-10,2025-04-01,22.0
OPP-00519,Proof of Concept,2025-04-01,2025-05-10,39.0
OPP-00519,Negotiation,2025-05-10,2025-05-18,8.0
OPP-00520,Discovery,2025-03-22,2025-03-27,5.0
OPP-00520,Qualification,2025-03-27,2025-03-30,3.0
OPP-00520,Proof of Concept,2025-03-30,2025-05-05,36.0
OPP-00520,Negotiation,2025-05-05,2025-05-09,4.0
OPP-00521,Discovery,2025-04-14,2025-04-18,4.0
OPP-00521,Qualification,2025-04-18,2025-04-26,8.0
OPP-00521,Proof of Concept,2025-04-26,2025-05-03,7.0
OPP-00521,Negotiation,2025-05-03,2025-05-11,8.0
OPP-00522,Discovery,2025-02-05,2025-02-17,12.0
OPP-00522,Qualification,2025-02-17,2025-02-19,2.0
OPP-00522,Proof of Concept,2025-02-19,2025-04-21,61.0
OPP-00522,Negotiation,2025-04-21,2025-05-16,25.0
OPP-00523,Discovery,2024-11-19,2024-11-21,2.0
OPP-00523,Qualification,2024-11-21,2024-12-06,15.0
OPP-00523,Proof of Concept,2024-12-06,2025-02-01,57.0
OPP-00523,Negotiation,2025-02-01,2025-05-06,94.0
OPP-00524,Discovery,2025-01-04,2025-01-14,10.0
OPP-00524,Qualification,2025-01-14,2025-02-05,22.0
OPP-00524,Proof of Concept,2025-02-05,2025-04-19,73.0
OPP-00524,Negotiation,2025-04-19,2025-05-16,27.0
OPP-00525,Discovery,2025-03-18,2025-03-28,10.0
OPP-00525,Qualification,2025-03-28,2025-04-11,14.0
OPP-00525,Proof of Concept,2025-04-11,2025-04-28,17.0
OPP-00525,Negotiation,2025-04-28,2025-05-07,9.0
OPP-00526,Discovery,2025-04-16,2025-04-24,8.0
OPP-00526,Qualification,2025-04-24,2025-05-02,8.0
OPP-00526,Proof of Concept,2025-05-02,2025-05-08,6.0
OPP-00526,Negotiation,2025-05-08,2025-05-16,8.0
OPP-00527,Discovery,2025-02-13,2025-02-21,8.0
OPP-00527,Qualification,2025-02-21,2025-03-17,24.0
OPP-00527,Proof of Concept,2025-03-17,2025-05-01,45.0
OPP-00527,Negotiation,2025-05-01,2025-05-12,11.0
OPP-00528,Discovery,2025-04-24,2025-04-26,2.0
OPP-00528,Qualification,2025-04-26,2025-05-05,9.0
OPP-00528,Proof of Concept,2025-05-05,2025-05-17,12.0
OPP-00528,Negotiation,2025-05-17,2025-05-27,10.0
OPP-00529,Discovery,2024-12-27,2025-01-08,12.0
OPP-00529,Qualification,2025-01-08,2025-01-21,13.0
OPP-00529,Proof of Concept,2025-01-21,2025-03-12,50.0
OPP-00529,Negotiation,2025-03-12,2025-05-02,51.0
OPP-00530,Discovery,2025-05-13,2025-05-14,1.0
OPP-00530,Qualification,2025-05-14,2025-05-16,2.0
OPP-00530,Proof of Concept,2025-05-16,2025-06-01,16.0
OPP-00530,Negotiation,2025-06-01,2025-06-11,10.0
OPP-00531,Discovery,2025-05-03,2025-05-08,5.0
OPP-00531,Qualification,2025-05-08,2025-05-31,23.0
OPP-00531,Proof of Concept,2025-05-31,2025-06-21,21.0
OPP-00531,Negotiation,2025-06-21,2025-06-27,6.0
OPP-00532,Discovery,2025-04-26,2025-05-04,8.0
OPP-00532,Qualification,2025-05-04,2025-05-10,6.0
OPP-00532,Proof of Concept,2025-05-10,2025-06-12,33.0
OPP-00532,Negotiation,2025-06-12,2025-06-20,8.0
OPP-00533,Discovery,2025-05-08,2025-05-11,3.0
OPP-00533,Qualification,2025-05-11,2025-05-13,2.0
OPP-00533,Proof of Concept,2025-05-13,2025-06-05,23.0
OPP-00533,Negotiation,2025-06-05,2025-06-10,5.0
OPP-00534,Discovery,2025-04-14,2025-04-28,14.0
OPP-00534,Qualification,2025-04-28,2025-04-30,2.0
OPP-00534,Proof of Concept,2025-04-30,2025-06-06,37.0
OPP-00534,Negotiation,2025-06-06,2025-06-13,7.0
OPP-00535,Discovery,2025-05-14,2025-05-22,8.0
OPP-00535,Qualification,2025-05-22,2025-05-30,8.0
OPP-00535,Proof of Concept,2025-05-30,2025-06-14,15.0
OPP-00535,Negotiation,2025-06-14,2025-06-18,4.0
OPP-00536,Discovery,2025-05-11,2025-05-19,8.0
OPP-00536,Qualification,2025-05-19,2025-05-20,1.0
OPP-00536,Proof of Concept,2025-05-20,2025-05-30,10.0
OPP-00536,Negotiation,2025-05-30,2025-06-14,15.0
OPP-00537,Discovery,2025-02-03,2025-02-11,8.0
OPP-00537,Qualification,2025-02-11,2025-03-04,21.0
OPP-00537,Proof of Concept,2025-03-04,2025-05-14,71.0
OPP-00537,Negotiation,2025-05-14,2025-06-14,31.0
OPP-00538,Discovery,2025-04-29,2025-05-09,10.0
OPP-00538,Qualification,2025-05-09,2025-05-14,5.0
OPP-00538,Proof of Concept,2025-05-14,2025-05-31,17.0
OPP-00538,Negotiation,2025-05-31,2025-06-25,25.0
OPP-00539,Discovery,2025-05-20,2025-05-24,4.0
OPP-00539,Qualification,2025-05-24,2025-06-01,8.0
OPP-00539,Proof of Concept,2025-06-01,2025-06-14,13.0
OPP-00539,Negotiation,2025-06-14,2025-06-21,7.0
OPP-00540,Discovery,2025-03-22,2025-03-23,1.0
OPP-00540,Qualification,2025-03-23,2025-04-02,10.0
OPP-00540,Proof of Concept,2025-04-02,2025-06-04,63.0
OPP-00540,Negotiation,2025-06-04,2025-06-11,7.0
OPP-00541,Discovery,2025-05-03,2025-05-04,1.0
OPP-00541,Qualification,2025-05-04,2025-05-12,8.0
OPP-00541,Proof of Concept,2025-05-12,2025-06-03,22.0
OPP-00541,Negotiation,2025-06-03,2025-06-08,5.0
OPP-00542,Discovery,2025-03-27,2025-04-04,8.0
OPP-00542,Qualification,2025-04-04,2025-04-17,13.0
OPP-00542,Proof of Concept,2025-04-17,2025-05-29,42.0
OPP-00542,Negotiation,2025-05-29,2025-06-13,15.0
OPP-00543,Discovery,2025-03-22,2025-03-24,2.0
OPP-00543,Qualification,2025-03-24,2025-03-27,3.0
OPP-00543,Proof of Concept,2025-03-27,2025-05-12,46.0
OPP-00543,Negotiation,2025-05-12,2025-06-08,27.0
OPP-00544,Discovery,2025-05-24,2025-05-28,4.0
OPP-00544,Qualification,2025-05-28,2025-05-31,3.0
OPP-00544,Proof of Concept,2025-05-31,2025-06-09,9.0
OPP-00544,Negotiation,2025-06-09,2025-06-14,5.0
OPP-00545,Discovery,2025-05-08,2025-05-22,14.0
OPP-00545,Qualification,2025-05-22,2025-05-30,8.0
OPP-00545,Proof of Concept,2025-05-30,2025-06-05,6.0
OPP-00545,Negotiation,2025-06-05,2025-06-09,4.0
OPP-00546,Discovery,2025-04-29,2025-05-11,12.0
OPP-00546,Qualification,2025-05-11,2025-05-13,2.0
OPP-00546,Proof of Concept,2025-05-13,2025-05-22,9.0
OPP-00546,Negotiation,2025-05-22,2025-06-10,19.0
OPP-00547,Discovery,2025-03-01,2025-03-12,11.0
OPP-00547,Qualification,2025-03-12,2025-05-02,51.0
OPP-00547,Proof of Concept,2025-05-02,2025-05-11,9.0
OPP-00547,Negotiation,2025-05-11,2025-06-13,33.0
OPP-00548,Discovery,2025-06-05,2025-06-08,3.0
OPP-00548,Qualification,2025-06-08,2025-06-12,4.0
OPP-00548,Proof of Concept,2025-06-12,2025-06-15,3.0
OPP-00548,Negotiation,2025-06-15,2025-06-25,10.0
OPP-00549,Discovery,2025-05-28,2025-06-05,8.0
OPP-00549,Qualification,2025-06-05,2025-06-11,6.0
OPP-00549,Proof of Concept,2025-06-11,2025-07-09,28.0
OPP-00549,Negotiation,2025-07-09,2025-07-12,3.0
OPP-00550,Discovery,2025-03-02,2025-03-15,13.0
OPP-00550,Qualification,2025-03-15,2025-03-18,3.0
OPP-00550,Proof of Concept,2025-03-18,2025-05-07,50.0
OPP-00550,Negotiation,2025-05-07,2025-07-14,68.0
OPP-00551,Discovery,2025-05-19,2025-05-25,6.0
OPP-00551,Qualification,2025-05-25,2025-06-03,9.0
OPP-00551,Proof of Concept,2025-06-03,2025-06-26,23.0
OPP-00551,Negotiation,2025-06-26,2025-07-02,6.0
OPP-00552,Discovery,2025-06-14,2025-06-22,8.0
OPP-00552,Qualification,2025-06-22,2025-07-02,10.0
OPP-00552,Proof of Concept,2025-07-02,2025-07-17,15.0
OPP-00552,Negotiation,2025-07-17,2025-07-21,4.0
OPP-00553,Discovery,2025-05-30,2025-06-06,7.0
OPP-00553,Qualification,2025-06-06,2025-06-12,6.0
OPP-00553,Proof of Concept,2025-06-12,2025-06-26,14.0
OPP-00553,Negotiation,2025-06-26,2025-07-03,7.0
OPP-00554,Discovery,2025-05-18,2025-05-20,2.0
OPP-00554,Qualification,2025-05-20,2025-06-06,17.0
OPP-00554,Proof of Concept,2025-06-06,2025-06-29,23.0
OPP-00554,Negotiation,2025-06-29,2025-07-25,26.0
OPP-00555,Discovery,2025-05-24,2025-06-04,11.0
OPP-00555,Qualification,2025-06-04,2025-06-16,12.0
OPP-00555,Proof of Concept,2025-06-16,2025-07-03,17.0
OPP-00555,Negotiation,2025-07-03,2025-07-06,3.0
OPP-00556,Discovery,2025-06-22,2025-07-02,10.0
OPP-00556,Qualification,2025-07-02,2025-07-07,5.0
OPP-00556,Proof of Concept,2025-07-07,2025-07-12,5.0
OPP-00556,Negotiation,2025-07-12,2025-07-20,8.0
OPP-00557,Discovery,2025-04-18,2025-04-27,9.0
OPP-00557,Qualification,2025-04-27,2025-05-02,5.0
OPP-00557,Proof of Concept,2025-05-02,2025-06-15,44.0
OPP-00557,Negotiation,2025-06-15,2025-07-16,31.0
OPP-00558,Discovery,2025-05-29,2025-06-06,8.0
OPP-00558,Qualification,2025-06-06,2025-06-19,13.0
OPP-00558,Proof of Concept,2025-06-19,2025-06-30,11.0
OPP-00558,Negotiation,2025-06-30,2025-07-20,20.0
OPP-00559,Discovery,2025-05-31,2025-06-11,11.0
OPP-00559,Qualification,2025-06-11,2025-06-28,17.0
OPP-00559,Proof of Concept,2025-06-28,2025-07-10,12.0
OPP-00559,Negotiation,2025-07-10,2025-07-17,7.0
OPP-00560,Discovery,2025-06-14,2025-06-21,7.0
OPP-00560,Qualification,2025-06-21,2025-06-30,9.0
OPP-00560,Proof of Concept,2025-06-30,2025-07-01,1.0
OPP-00560,Negotiation,2025-07-01,2025-07-07,6.0
OPP-00561,Discovery,2025-06-09,2025-06-11,2.0
OPP-00561,Qualification,2025-06-11,2025-06-29,18.0
OPP-00561,Proof of Concept,2025-06-29,2025-07-01,2.0
OPP-00561,Negotiation,2025-07-01,2025-07-12,11.0
OPP-00562,Discovery,2025-05-30,2025-06-05,6.0
OPP-00562,Qualification,2025-06-05,2025-06-20,15.0
OPP-00562,Proof of Concept,2025-06-20,2025-06-30,10.0
OPP-00562,Negotiation,2025-06-30,2025-07-03,3.0
OPP-00563,Discovery,2025-06-22,2025-06-24,2.0
OPP-00563,Qualification,2025-06-24,2025-07-09,15.0
OPP-00563,Proof of Concept,2025-07-09,2025-07-20,11.0
OPP-00563,Negotiation,2025-07-20,2025-07-24,4.0
OPP-00564,Discovery,2025-05-30,2025-05-31,1.0
OPP-00564,Qualification,2025-05-31,2025-06-09,9.0
OPP-00564,Proof of Concept,2025-06-09,2025-07-03,24.0
OPP-00564,Negotiation,2025-07-03,2025-07-11,8.0
OPP-00565,Discovery,2025-05-11,2025-05-12,1.0
OPP-00565,Qualification,2025-05-12,2025-05-21,9.0
OPP-00565,Proof of Concept,2025-05-21,2025-07-01,41.0
OPP-00565,Negotiation,2025-07-01,2025-07-14,13.0
OPP-00566,Discovery,2025-06-20,2025-06-25,5.0
OPP-00566,Qualification,2025-06-25,2025-07-02,7.0
OPP-00566,Proof of Concept,2025-07-02,2025-07-11,9.0
OPP-00566,Negotiation,2025-07-11,2025-07-16,5.0
OPP-00567,Discovery,2025-03-19,2025-04-09,21.0
OPP-00567,Qualification,2025-04-09,2025-05-18,39.0
OPP-00567,Proof of Concept,2025-05-18,2025-07-05,48.0
OPP-00567,Negotiation,2025-07-05,2025-07-26,21.0
OPP-00568,Discovery,2025-07-10,2025-07-20,10.0
OPP-00568,Qualification,2025-07-20,2025-07-22,2.0
OPP-00568,Proof of Concept,2025-07-22,2025-08-11,20.0
OPP-00568,Negotiation,2025-08-11,2025-08-14,3.0
OPP-00569,Discovery,2025-06-23,2025-06-28,5.0
OPP-00569,Qualification,2025-06-28,2025-07-17,19.0
OPP-00569,Proof of Concept,2025-07-17,2025-08-12,26.0
OPP-00569,Negotiation,2025-08-12,2025-08-16,4.0
OPP-00570,Discovery,2025-06-18,2025-06-29,11.0
OPP-00570,Qualification,2025-06-29,2025-07-11,12.0
OPP-00570,Proof of Concept,2025-07-11,2025-08-03,23.0
OPP-00570,Negotiation,2025-08-03,2025-08-13,10.0
OPP-00571,Discovery,2025-07-07,2025-07-11,4.0
OPP-00571,Qualification,2025-07-11,2025-07-24,13.0
OPP-00571,Proof of Concept,2025-07-24,2025-07-29,5.0
OPP-00571,Negotiation,2025-07-29,2025-08-05,7.0
OPP-00572,Discovery,2025-07-01,2025-07-05,4.0
OPP-00572,Qualification,2025-07-05,2025-07-24,19.0
OPP-00572,Proof of Concept,2025-07-24,2025-08-15,22.0
OPP-00572,Negotiation,2025-08-15,2025-08-22,7.0
OPP-00573,Discovery,2025-06-10,2025-06-21,11.0
OPP-00573,Qualification,2025-06-21,2025-06-25,4.0
OPP-00573,Proof of Concept,2025-06-25,2025-08-03,39.0
OPP-00573,Negotiation,2025-08-03,2025-08-10,7.0
OPP-00574,Discovery,2025-05-29,2025-06-09,11.0
OPP-00574,Qualification,2025-06-09,2025-06-23,14.0
OPP-00574,Proof of Concept,2025-06-23,2025-06-28,5.0
OPP-00574,Negotiation,2025-06-28,2025-08-08,41.0
OPP-00575,Discovery,2025-07-06,2025-07-13,7.0
OPP-00575,Qualification,2025-07-13,2025-07-18,5.0
OPP-00575,Proof of Concept,2025-07-18,2025-07-26,8.0
OPP-00575,Negotiation,2025-07-26,2025-08-04,9.0
OPP-00576,Discovery,2025-07-24,2025-07-31,7.0
OPP-00576,Qualification,2025-07-31,2025-08-10,10.0
OPP-00576,Proof of Concept,2025-08-10,2025-08-14,4.0
OPP-00576,Negotiation,2025-08-14,2025-08-23,9.0
OPP-00577,Discovery,2025-08-02,2025-08-04,2.0
OPP-00577,Qualification,2025-08-04,2025-08-07,3.0
OPP-00577,Proof of Concept,2025-08-07,2025-08-09,2.0
OPP-00577,Negotiation,2025-08-09,2025-08-12,3.0
OPP-00578,Discovery,2025-07-14,2025-07-17,3.0
OPP-00578,Qualification,2025-07-17,2025-07-21,4.0
OPP-00578,Proof of Concept,2025-07-21,2025-08-06,16.0
OPP-00578,Negotiation,2025-08-06,2025-08-08,2.0
OPP-00579,Discovery,2025-07-22,2025-08-01,10.0
OPP-00579,Qualification,2025-08-01,2025-08-08,7.0
OPP-00579,Proof of Concept,2025-08-08,2025-08-15,7.0
OPP-00579,Negotiation,2025-08-15,2025-08-22,7.0
OPP-00580,Discovery,2025-07-17,2025-07-19,2.0
OPP-00580,Qualification,2025-07-19,2025-07-20,1.0
OPP-00580,Proof of Concept,2025-07-20,2025-07-28,8.0
OPP-00580,Negotiation,2025-07-28,2025-08-09,12.0
OPP-00581,Discovery,2025-07-31,2025-08-04,4.0
OPP-00581,Qualification,2025-08-04,2025-08-09,5.0
OPP-00581,Proof of Concept,2025-08-09,2025-08-18,9.0
OPP-00581,Negotiation,2025-08-18,2025-08-21,3.0
OPP-00582,Discovery,2025-06-15,2025-06-17,2.0
OPP-00582,Qualification,2025-06-17,2025-07-06,19.0
OPP-00582,Proof of Concept,2025-07-06,2025-07-24,18.0
OPP-00582,Negotiation,2025-07-24,2025-08-17,24.0
OPP-00583,Discovery,2025-07-05,2025-07-12,7.0
OPP-00583,Qualification,2025-07-12,2025-07-20,8.0
OPP-00583,Proof of Concept,2025-07-20,2025-07-30,10.0
OPP-00583,Negotiation,2025-07-30,2025-08-27,28.0
OPP-00584,Discovery,2025-07-04,2025-07-11,7.0
OPP-00584,Qualification,2025-07-11,2025-07-19,8.0
OPP-00584,Proof of Concept,2025-07-19,2025-08-07,19.0
OPP-00584,Negotiation,2025-08-07,2025-08-18,11.0
OPP-00585,Discovery,2025-08-16,2025-08-18,2.0
OPP-00585,Qualification,2025-08-18,2025-08-27,9.0
OPP-00585,Proof of Concept,2025-08-27,2025-09-04,8.0
OPP-00585,Negotiation,2025-09-04,2025-09-11,7.0
OPP-00586,Discovery,2025-06-30,2025-07-11,11.0
OPP-00586,Qualification,2025-07-11,2025-07-25,14.0
OPP-00586,Proof of Concept,2025-07-25,2025-08-24,30.0
OPP-00586,Negotiation,2025-08-24,2025-09-12,19.0
OPP-00587,Discovery,2025-08-14,2025-08-23,9.0
OPP-00587,Qualification,2025-08-23,2025-09-13,21.0
OPP-00587,Proof of Concept,2025-09-13,2025-09-17,4.0
OPP-00587,Negotiation,2025-09-17,2025-09-26,9.0
OPP-00588,Discovery,2025-07-22,2025-07-30,8.0
OPP-00588,Qualification,2025-07-30,2025-08-13,14.0
OPP-00588,Proof of Concept,2025-08-13,2025-08-28,15.0
OPP-00588,Negotiation,2025-08-28,2025-09-04,7.0
OPP-00589,Discovery,2025-07-16,2025-07-30,14.0
OPP-00589,Qualification,2025-07-30,2025-08-17,18.0
OPP-00589,Proof of Concept,2025-08-17,2025-09-06,20.0
OPP-00589,Negotiation,2025-09-06,2025-09-12,6.0
OPP-00590,Discovery,2025-08-19,2025-08-23,4.0
OPP-00590,Qualification,2025-08-23,2025-08-30,7.0
OPP-00590,Proof of Concept,2025-08-30,2025-09-04,5.0
OPP-00590,Negotiation,2025-09-04,2025-09-15,11.0
OPP-00591,Discovery,2025-08-05,2025-08-23,18.0
OPP-00591,Qualification,2025-08-23,2025-09-08,16.0
OPP-00591,Proof of Concept,2025-09-08,2025-09-12,4.0
OPP-00591,Negotiation,2025-09-12,2025-09-27,15.0
OPP-00592,Discovery,2025-08-07,2025-08-15,8.0
OPP-00592,Qualification,2025-08-15,2025-09-05,21.0
OPP-00592,Proof of Concept,2025-09-05,2025-09-12,7.0
OPP-00592,Negotiation,2025-09-12,2025-09-14,2.0
OPP-00593,Discovery,2025-04-25,2025-05-03,8.0
OPP-00593,Qualification,2025-05-03,2025-05-20,17.0
OPP-00593,Proof of Concept,2025-05-20,2025-08-26,98.0
OPP-00593,Negotiation,2025-08-26,2025-09-11,16.0
OPP-00594,Discovery,2025-07-14,2025-08-02,19.0
OPP-00594,Qualification,2025-08-02,2025-08-14,12.0
OPP-00594,Proof of Concept,2025-08-14,2025-08-21,7.0
OPP-00594,Negotiation,2025-08-21,2025-09-07,17.0
OPP-00595,Discovery,2025-08-07,2025-08-11,4.0
OPP-00595,Qualification,2025-08-11,2025-08-18,7.0
OPP-00595,Proof of Concept,2025-08-18,2025-09-01,14.0
OPP-00595,Negotiation,2025-09-01,2025-09-15,14.0
OPP-00596,Discovery,2025-08-13,2025-08-22,9.0
OPP-00596,Qualification,2025-08-22,2025-08-27,5.0
OPP-00596,Proof of Concept,2025-08-27,2025-09-02,6.0
OPP-00596,Negotiation,2025-09-02,2025-09-15,13.0
OPP-00597,Discovery,2025-08-30,2025-09-03,4.0
OPP-00597,Qualification,2025-09-03,2025-09-06,3.0
OPP-00597,Proof of Concept,2025-09-06,2025-09-09,3.0
OPP-00597,Negotiation,2025-09-09,2025-09-12,3.0
OPP-00598,Discovery,2025-07-24,2025-08-08,15.0
OPP-00598,Qualification,2025-08-08,2025-08-17,9.0
OPP-00598,Proof of Concept,2025-08-17,2025-08-31,14.0
OPP-00598,Negotiation,2025-08-31,2025-09-09,9.0
OPP-00599,Discovery,2025-03-23,2025-04-07,15.0
OPP-00599,Qualification,2025-04-07,2025-04-22,15.0
OPP-00599,Proof of Concept,2025-04-22,2025-08-10,110.0
OPP-00599,Negotiation,2025-08-10,2025-09-15,36.0
OPP-00600,Discovery,2025-07-26,2025-07-28,2.0
OPP-00600,Qualification,2025-07-28,2025-08-05,8.0
OPP-00600,Proof of Concept,2025-08-05,2025-08-26,21.0
OPP-00600,Negotiation,2025-08-26,2025-09-13,18.0
OPP-00601,Discovery,2025-07-23,2025-07-26,3.0
OPP-00601,Qualification,2025-07-26,2025-08-27,32.0
OPP-00601,Proof of Concept,2025-08-27,2025-09-03,7.0
OPP-00601,Negotiation,2025-09-03,2025-09-06,3.0
OPP-00602,Discovery,2025-08-09,2025-08-12,3.0
OPP-00602,Qualification,2025-08-12,2025-08-19,7.0
OPP-00602,Proof of Concept,2025-08-19,2025-09-12,24.0
OPP-00602,Negotiation,2025-09-12,2025-09-21,9.0
OPP-00603,Discovery,2025-07-24,2025-07-31,7.0
OPP-00603,Qualification,2025-07-31,2025-08-09,9.0
OPP-00603,Proof of Concept,2025-08-09,2025-09-13,35.0
OPP-00603,Negotiation,2025-09-13,2025-09-26,13.0
OPP-00604,Discovery,2025-08-26,2025-08-29,3.0
OPP-00604,Qualification,2025-08-29,2025-09-02,4.0
OPP-00604,Proof of Concept,2025-09-02,2025-09-17,15.0
OPP-00604,Negotiation,2025-09-17,2025-09-19,2.0
OPP-00605,Discovery,2025-08-10,2025-08-17,7.0
OPP-00605,Qualification,2025-08-17,2025-09-04,18.0
OPP-00605,Proof of Concept,2025-09-04,2025-09-27,23.0
OPP-00605,Negotiation,2025-09-27,2025-10-08,11.0
OPP-00606,Discovery,2025-08-12,2025-08-17,5.0
OPP-00606,Qualification,2025-08-17,2025-08-27,10.0
OPP-00606,Proof of Concept,2025-08-27,2025-09-27,31.0
OPP-00606,Negotiation,2025-09-27,2025-10-02,5.0
OPP-00607,Discovery,2025-08-29,2025-09-08,10.0
OPP-00607,Qualification,2025-09-08,2025-09-13,5.0
OPP-00607,Proof of Concept,2025-09-13,2025-09-25,12.0
OPP-00607,Negotiation,2025-09-25,2025-10-03,8.0
OPP-00608,Discovery,2025-07-24,2025-08-08,15.0
OPP-00608,Qualification,2025-08-08,2025-08-16,8.0
OPP-00608,Proof of Concept,2025-08-16,2025-09-23,38.0
OPP-00608,Negotiation,2025-09-23,2025-10-11,18.0
OPP-00609,Discovery,2025-08-26,2025-08-29,3.0
OPP-00609,Qualification,2025-08-29,2025-09-04,6.0
OPP-00609,Proof of Concept,2025-09-04,2025-09-21,17.0
OPP-00609,Negotiation,2025-09-21,2025-10-02,11.0
OPP-00610,Discovery,2025-05-19,2025-06-15,27.0
OPP-00610,Qualification,2025-06-15,2025-07-01,16.0
OPP-00610,Proof of Concept,2025-07-01,2025-09-06,67.0
OPP-00610,Negotiation,2025-09-06,2025-10-15,39.0
OPP-00611,Discovery,2025-08-21,2025-09-08,18.0
OPP-00611,Qualification,2025-09-08,2025-09-22,14.0
OPP-00611,Proof of Concept,2025-09-22,2025-09-25,3.0
OPP-00611,Negotiation,2025-09-25,2025-10-03,8.0
OPP-00612,Discovery,2025-09-24,2025-09-25,1.0
OPP-00612,Qualification,2025-09-25,2025-09-28,3.0
OPP-00612,Proof of Concept,2025-09-28,2025-10-03,5.0
OPP-00612,Negotiation,2025-10-03,2025-10-05,2.0
OPP-00613,Discovery,2025-08-28,2025-09-06,9.0
OPP-00613,Qualification,2025-09-06,2025-09-11,5.0
OPP-00613,Proof of Concept,2025-09-11,2025-09-29,18.0
OPP-00613,Negotiation,2025-09-29,2025-10-15,16.0
OPP-00614,Discovery,2025-09-07,2025-09-16,9.0
OPP-00614,Qualification,2025-09-16,2025-09-20,4.0
OPP-00614,Proof of Concept,2025-09-20,2025-09-22,2.0
OPP-00614,Negotiation,2025-09-22,2025-10-03,11.0
OPP-00615,Discovery,2025-09-02,2025-09-11,9.0
OPP-00615,Qualification,2025-09-11,2025-09-27,16.0
OPP-00615,Proof of Concept,2025-09-27,2025-10-05,8.0
OPP-00615,Negotiation,2025-10-05,2025-10-20,15.0
OPP-00616,Discovery,2025-08-15,2025-08-21,6.0
OPP-00616,Qualification,2025-08-21,2025-10-07,47.0
OPP-00616,Proof of Concept,2025-10-07,2025-10-20,13.0
OPP-00616,Negotiation,2025-10-20,2025-10-25,5.0
OPP-00617,Discovery,2025-08-14,2025-08-19,5.0
OPP-00617,Qualification,2025-08-19,2025-08-26,7.0
OPP-00617,Proof of Concept,2025-08-26,2025-09-23,28.0
OPP-00617,Negotiation,2025-09-23,2025-10-02,9.0
OPP-00618,Discovery,2025-08-16,2025-08-23,7.0
OPP-00618,Qualification,2025-08-23,2025-08-31,8.0
OPP-00618,Proof of Concept,2025-08-31,2025-09-20,20.0
OPP-00618,Negotiation,2025-09-20,2025-10-12,22.0
OPP-00619,Discovery,2025-07-13,2025-07-31,18.0
OPP-00619,Qualification,2025-07-31,2025-08-11,11.0
OPP-00619,Proof of Concept,2025-08-11,2025-09-25,45.0
OPP-00619,Negotiation,2025-09-25,2025-10-18,23.0
OPP-00620,Discovery,2025-07-17,2025-07-25,8.0
OPP-00620,Qualification,2025-07-25,2025-08-24,30.0
OPP-00620,Proof of Concept,2025-08-24,2025-09-26,33.0
OPP-00620,Negotiation,2025-09-26,2025-10-09,13.0
OPP-00621,Discovery,2025-06-08,2025-06-20,12.0
OPP-00621,Qualification,2025-06-20,2025-06-27,7.0
OPP-00621,Proof of Concept,2025-06-27,2025-09-19,84.0
OPP-00621,Negotiation,2025-09-19,2025-10-05,16.0
OPP-00622,Discovery,2025-07-31,2025-08-06,6.0
OPP-00622,Qualification,2025-08-06,2025-08-08,2.0
OPP-00622,Proof of Concept,2025-08-08,2025-10-11,64.0
OPP-00622,Negotiation,2025-10-11,2025-10-23,12.0
OPP-00623,Discovery,2025-07-08,2025-07-24,16.0
OPP-00623,Qualification,2025-07-24,2025-08-01,8.0
OPP-00623,Proof of Concept,2025-08-01,2025-09-16,46.0
OPP-00623,Negotiation,2025-09-16,2025-10-05,19.0
OPP-00624,Discovery,2025-10-11,2025-10-17,6.0
OPP-00624,Qualification,2025-10-17,2025-10-21,4.0
OPP-00624,Proof of Concept,2025-10-21,2025-10-22,1.0
OPP-00624,Negotiation,2025-10-22,2025-10-26,4.0
OPP-00625,Discovery,2025-09-06,2025-09-17,11.0
OPP-00625,Qualification,2025-09-17,2025-09-23,6.0
OPP-00625,Proof of Concept,2025-09-23,2025-09-28,5.0
OPP-00625,Negotiation,2025-09-28,2025-11-13,46.0
OPP-00626,Discovery,2025-08-06,2025-08-14,8.0
OPP-00626,Qualification,2025-08-14,2025-09-03,20.0
OPP-00626,Proof of Concept,2025-09-03,2025-10-30,57.0
OPP-00626,Negotiation,2025-10-30,2025-11-09,10.0
OPP-00627,Discovery,2025-10-05,2025-10-25,20.0
OPP-00627,Qualification,2025-10-25,2025-11-02,8.0
OPP-00627,Proof of Concept,2025-11-02,2025-11-15,13.0
OPP-00627,Negotiation,2025-11-15,2025-11-16,1.0
OPP-00628,Discovery,2025-09-09,2025-09-23,14.0
OPP-00628,Qualification,2025-09-23,2025-11-04,42.0
OPP-00628,Proof of Concept,2025-11-04,2025-11-14,10.0
OPP-00628,Negotiation,2025-11-14,2025-11-20,6.0
OPP-00629,Discovery,2025-10-07,2025-10-10,3.0
OPP-00629,Qualification,2025-10-10,2025-10-29,19.0
OPP-00629,Proof of Concept,2025-10-29,2025-11-07,9.0
OPP-00629,Negotiation,2025-11-07,2025-11-25,18.0
OPP-00630,Discovery,2025-09-05,2025-09-15,10.0
OPP-00630,Qualification,2025-09-15,2025-09-22,7.0
OPP-00630,Proof of Concept,2025-09-22,2025-10-23,31.0
OPP-00630,Negotiation,2025-10-23,2025-11-24,32.0
OPP-00631,Discovery,2025-09-29,2025-10-20,21.0
OPP-00631,Qualification,2025-10-20,2025-11-19,30.0
OPP-00631,Proof of Concept,2025-11-19,2025-11-21,2.0
OPP-00631,Negotiation,2025-11-21,2025-11-22,1.0
OPP-00632,Discovery,2025-10-02,2025-10-08,6.0
OPP-00632,Qualification,2025-10-08,2025-10-21,13.0
OPP-00632,Proof of Concept,2025-10-21,2025-10-30,9.0
OPP-00632,Negotiation,2025-10-30,2025-11-04,5.0
OPP-00633,Discovery,2025-10-13,2025-10-25,12.0
OPP-00633,Qualification,2025-10-25,2025-10-29,4.0
OPP-00633,Proof of Concept,2025-10-29,2025-11-19,21.0
OPP-00633,Negotiation,2025-11-19,2025-11-22,3.0
OPP-00634,Discovery,2025-09-11,2025-10-04,23.0
OPP-00634,Qualification,2025-10-04,2025-10-25,21.0
OPP-00634,Proof of Concept,2025-10-25,2025-10-31,6.0
OPP-00634,Negotiation,2025-10-31,2025-11-12,12.0
OPP-00635,Discovery,2025-10-17,2025-10-19,2.0
OPP-00635,Qualification,2025-10-19,2025-10-25,6.0
OPP-00635,Proof of Concept,2025-10-25,2025-10-29,4.0
OPP-00635,Negotiation,2025-10-29,2025-11-07,9.0
OPP-00636,Discovery,2025-09-30,2025-10-05,5.0
OPP-00636,Qualification,2025-10-05,2025-10-13,8.0
OPP-00636,Proof of Concept,2025-10-13,2025-11-03,21.0
OPP-00636,Negotiation,2025-11-03,2025-11-12,9.0
OPP-00637,Discovery,2025-10-23,2025-10-28,5.0
OPP-00637,Qualification,2025-10-28,2025-10-30,2.0
OPP-00637,Proof of Concept,2025-10-30,2025-11-03,4.0
OPP-00637,Negotiation,2025-11-03,2025-11-08,5.0
OPP-00638,Discovery,2025-10-07,2025-10-13,6.0
OPP-00638,Qualification,2025-10-13,2025-11-02,20.0
OPP-00638,Proof of Concept,2025-11-02,2025-11-22,20.0
OPP-00638,Negotiation,2025-11-22,2025-11-27,5.0
OPP-00639,Discovery,2025-10-19,2025-11-01,13.0
OPP-00639,Qualification,2025-11-01,2025-11-05,4.0
OPP-00639,Proof of Concept,2025-11-05,2025-11-14,9.0
OPP-00639,Negotiation,2025-11-14,2025-11-27,13.0
OPP-00640,Discovery,2025-11-08,2025-11-13,5.0
OPP-00640,Qualification,2025-11-13,2025-11-14,1.0
OPP-00640,Proof of Concept,2025-11-14,2025-11-21,7.0
OPP-00640,Negotiation,2025-11-21,2025-11-26,5.0
OPP-00641,Discovery,2025-08-18,2025-08-23,5.0
OPP-00641,Qualification,2025-08-23,2025-09-12,20.0
OPP-00641,Proof of Concept,2025-09-12,2025-10-28,46.0
OPP-00641,Negotiation,2025-10-28,2025-11-14,17.0
OPP-00642,Discovery,2025-09-19,2025-10-07,18.0
OPP-00642,Qualification,2025-10-07,2025-10-19,12.0
OPP-00642,Proof of Concept,2025-10-19,2025-11-08,20.0
OPP-00642,Negotiation,2025-11-08,2025-11-26,18.0
OPP-00643,Discovery,2025-09-20,2025-09-24,4.0
OPP-00643,Qualification,2025-09-24,2025-10-02,8.0
OPP-00643,Proof of Concept,2025-10-02,2025-10-30,28.0
OPP-00643,Negotiation,2025-10-30,2025-11-08,9.0
OPP-00644,Discovery,2025-08-19,2025-08-31,12.0
OPP-00644,Qualification,2025-08-31,2025-09-20,20.0
OPP-00644,Proof of Concept,2025-09-20,2025-11-10,51.0
OPP-00644,Negotiation,2025-11-10,2025-11-19,9.0
OPP-00645,Discovery,2025-10-11,2025-10-18,7.0
OPP-00645,Qualification,2025-10-18,2025-10-19,1.0
OPP-00645,Proof of Concept,2025-10-19,2025-11-14,26.0
OPP-00645,Negotiation,2025-11-14,2025-11-21,7.0
OPP-00646,Discovery,2025-09-03,2025-09-16,13.0
OPP-00646,Qualification,2025-09-16,2025-09-26,10.0
OPP-00646,Proof of Concept,2025-09-26,2025-10-27,31.0
OPP-00646,Negotiation,2025-10-27,2025-11-07,11.0
OPP-00647,Discovery,2025-11-07,2025-11-19,12.0
OPP-00647,Qualification,2025-11-19,2025-11-25,6.0
OPP-00647,Proof of Concept,2025-11-25,2025-12-07,12.0
OPP-00647,Negotiation,2025-12-07,2025-12-19,12.0
OPP-00648,Discovery,2025-10-20,2025-11-02,13.0
OPP-00648,Qualification,2025-11-02,2025-11-14,12.0
OPP-00648,Proof of Concept,2025-11-14,2025-12-10,26.0
OPP-00648,Negotiation,2025-12-10,2025-12-21,11.0
OPP-00649,Discovery,2025-10-18,2025-10-26,8.0
OPP-00649,Qualification,2025-10-26,2025-10-30,4.0
OPP-00649,Proof of Concept,2025-10-30,2025-11-11,12.0
OPP-00649,Negotiation,2025-11-11,2025-12-05,24.0
OPP-00650,Discovery,2025-10-15,2025-10-22,7.0
OPP-00650,Qualification,2025-10-22,2025-11-11,20.0
OPP-00650,Proof of Concept,2025-11-11,2025-12-06,25.0
OPP-00650,Negotiation,2025-12-06,2025-12-11,5.0
OPP-00651,Discovery,2025-11-13,2025-11-19,6.0
OPP-00651,Qualification,2025-11-19,2025-12-03,14.0
OPP-00651,Proof of Concept,2025-12-03,2025-12-11,8.0
OPP-00651,Negotiation,2025-12-11,2025-12-15,4.0
OPP-00652,Discovery,2025-10-28,2025-11-04,7.0
OPP-00652,Qualification,2025-11-04,2025-11-19,15.0
OPP-00652,Proof of Concept,2025-11-19,2025-11-28,9.0
OPP-00652,Negotiation,2025-11-28,2025-12-15,17.0
OPP-00653,Discovery,2025-09-11,2025-09-17,6.0
OPP-00653,Qualification,2025-09-17,2025-11-02,46.0
OPP-00653,Proof of Concept,2025-11-02,2025-12-09,37.0
OPP-00653,Negotiation,2025-12-09,2025-12-22,13.0
OPP-00654,Discovery,2025-10-27,2025-11-10,14.0
OPP-00654,Qualification,2025-11-10,2025-11-21,11.0
OPP-00654,Proof of Concept,2025-11-21,2025-11-29,8.0
OPP-00654,Negotiation,2025-11-29,2025-12-19,20.0
OPP-00655,Discovery,2025-11-27,2025-12-05,8.0
OPP-00655,Qualification,2025-12-05,2025-12-13,8.0
OPP-00655,Proof of Concept,2025-12-13,2025-12-20,7.0
OPP-00655,Negotiation,2025-12-20,2025-12-26,6.0
OPP-00656,Discovery,2025-10-03,2025-10-08,5.0
OPP-00656,Qualification,2025-10-08,2025-10-23,15.0
OPP-00656,Proof of Concept,2025-10-23,2025-11-17,25.0
OPP-00656,Negotiation,2025-11-17,2025-12-09,22.0
OPP-00657,Discovery,2025-10-27,2025-11-09,13.0
OPP-00657,Qualification,2025-11-09,2025-11-14,5.0
OPP-00657,Proof of Concept,2025-11-14,2025-11-27,13.0
OPP-00657,Negotiation,2025-11-27,2025-12-26,29.0
OPP-00658,Discovery,2025-10-31,2025-11-02,2.0
OPP-00658,Qualification,2025-11-02,2025-11-14,12.0
OPP-00658,Proof of Concept,2025-11-14,2025-11-27,13.0
OPP-00658,Negotiation,2025-11-27,2025-12-17,20.0
OPP-00659,Discovery,2025-10-26,2025-11-04,9.0
OPP-00659,Qualification,2025-11-04,2025-11-13,9.0
OPP-00659,Proof of Concept,2025-11-13,2025-11-29,16.0
OPP-00659,Negotiation,2025-11-29,2025-12-16,17.0
OPP-00660,Discovery,2025-11-10,2025-11-15,5.0
OPP-00660,Qualification,2025-11-15,2025-11-17,2.0
OPP-00660,Proof of Concept,2025-11-17,2025-12-12,25.0
OPP-00660,Negotiation,2025-12-12,2025-12-16,4.0
OPP-00661,Discovery,2025-11-06,2025-11-09,3.0
OPP-00661,Qualification,2025-11-09,2025-11-13,4.0
OPP-00661,Proof of Concept,2025-11-13,2025-12-04,21.0
OPP-00661,Negotiation,2025-12-04,2025-12-09,5.0
OPP-00662,Discovery,2025-08-24,2025-09-14,21.0
OPP-00662,Qualification,2025-09-14,2025-09-18,4.0
OPP-00662,Proof of Concept,2025-09-18,2025-10-13,25.0
OPP-00662,Negotiation,2025-10-13,2025-12-01,49.0
OPP-00663,Discovery,2025-10-12,2025-10-14,2.0
OPP-00663,Qualification,2025-10-14,2025-10-20,6.0
OPP-00663,Proof of Concept,2025-10-20,2025-11-13,24.0
OPP-00663,Negotiation,2025-11-13,2025-12-01,18.0
OPP-00664,Discovery,2025-10-29,2025-11-08,10.0
OPP-00664,Qualification,2025-11-08,2025-11-10,2.0
OPP-00664,Proof of Concept,2025-11-10,2025-11-28,18.0
OPP-00664,Negotiation,2025-11-28,2025-12-17,19.0
OPP-00665,Discovery,2025-09-15,2025-10-03,18.0
OPP-00665,Qualification,2025-10-03,2025-10-10,7.0
OPP-00665,Proof of Concept,2025-10-10,2025-11-28,49.0
OPP-00665,Negotiation,2025-11-28,2025-12-25,27.0
OPP-00666,Discovery,2025-01-03,2025-01-24,21.0
OPP-00666,Qualification,2025-01-24,2025-01-25,1.0
OPP-00666,Proof of Concept,2025-01-25,2025-03-09,43.0
OPP-00666,Negotiation,2025-03-09,,
OPP-00667,Discovery,2025-05-28,2025-06-02,5.0
OPP-00667,Qualification,2025-06-02,2025-06-23,21.0
OPP-00667,Proof of Concept,2025-06-23,2025-07-04,11.0
OPP-00667,Negotiation,2025-07-04,,
OPP-00668,Discovery,2025-09-10,2025-09-12,2.0
OPP-00668,Qualification,2025-09-12,2025-09-24,12.0
OPP-00668,Proof of Concept,2025-09-24,2025-11-01,38.0
OPP-00668,Negotiation,2025-11-01,,
OPP-00669,Discovery,2025-10-04,2025-10-12,8.0
OPP-00669,Qualification,2025-10-12,2025-10-24,12.0
OPP-00669,Proof of Concept,2025-10-24,2025-11-16,23.0
OPP-00669,Negotiation,2025-11-16,,
OPP-00670,Discovery,2025-05-12,2025-05-18,6.0
OPP-00670,Qualification,2025-05-18,2025-06-28,41.0
OPP-00670,Proof of Concept,2025-06-28,2025-08-12,45.0
OPP-00670,Negotiation,2025-08-12,,
OPP-00671,Discovery,2025-03-21,2025-03-26,5.0
OPP-00671,Qualification,2025-03-26,2025-03-27,1.0
OPP-00671,Proof of Concept,2025-03-27,2025-04-06,10.0
OPP-00671,Negotiation,2025-04-06,,
OPP-00672,Discovery,2024-12-22,2024-12-27,5.0
OPP-00672,Qualification,2024-12-27,2025-01-17,21.0
OPP-00672,Proof of Concept,2025-01-17,2025-01-20,3.0
OPP-00672,Negotiation,2025-01-20,,
OPP-00673,Discovery,2024-12-16,2024-12-25,9.0
OPP-00673,Qualification,2024-12-25,2024-12-31,6.0
OPP-00673,Proof of Concept,2024-12-31,2025-02-05,36.0
OPP-00673,Negotiation,2025-02-05,,
OPP-00674,Discovery,2025-01-14,2025-01-17,3.0
OPP-00674,Qualification,2025-01-17,2025-02-01,15.0
OPP-00674,Proof of Concept,2025-02-01,2025-02-24,23.0
OPP-00674,Negotiation,2025-02-24,,
OPP-00675,Discovery,2025-08-18,2025-08-29,11.0
OPP-00675,Qualification,2025-08-29,2025-09-03,5.0
OPP-00675,Proof of Concept,2025-09-03,2025-09-10,7.0
OPP-00675,Negotiation,2025-09-10,,
OPP-00676,Discovery,2025-08-07,2025-09-04,28.0
OPP-00676,Qualification,2025-09-04,2025-09-15,11.0
OPP-00676,Proof of Concept,2025-09-15,2025-11-06,52.0
OPP-00676,Negotiation,2025-11-06,,
OPP-00677,Discovery,2025-02-10,2025-02-19,9.0
OPP-00677,Qualification,2025-02-19,2025-03-03,12.0
OPP-00677,Proof of Concept,2025-03-03,2025-03-13,10.0
OPP-00677,Negotiation,2025-03-13,,
OPP-00678,Discovery,2025-06-09,2025-06-23,14.0
OPP-00678,Qualification,2025-06-23,2025-07-07,14.0
OPP-00678,Proof of Concept,2025-07-07,2025-07-13,6.0
OPP-00678,Negotiation,2025-07-13,,
OPP-00679,Discovery,2025-01-24,2025-02-10,17.0
OPP-00679,Qualification,2025-02-10,2025-02-12,2.0
OPP-00679,Proof of Concept,2025-02-12,2025-02-19,7.0
OPP-00679,Negotiation,2025-02-19,,
OPP-00680,Discovery,2025-07-20,2025-07-30,10.0
OPP-00680,Qualification,2025-07-30,2025-08-05,6.0
OPP-00680,Proof of Concept,2025-08-05,2025-08-15,10.0
OPP-00680,Negotiation,2025-08-15,,
OPP-00681,Discovery,2025-07-03,2025-07-05,2.0
OPP-00681,Qualification,2025-07-05,2025-07-20,15.0
OPP-00681,Proof of Concept,2025-07-20,2025-07-31,11.0
OPP-00681,Negotiation,2025-07-31,,
OPP-00682,Discovery,2025-03-14,2025-03-15,1.0
OPP-00682,Qualification,2025-03-15,2025-03-17,2.0
OPP-00682,Proof of Concept,2025-03-17,2025-04-03,17.0
OPP-00682,Negotiation,2025-04-03,,
OPP-00683,Discovery,2025-11-03,2025-11-09,6.0
OPP-00683,Qualification,2025-11-09,2025-11-10,1.0
OPP-00683,Proof of Concept,2025-11-10,2025-11-22,12.0
OPP-00683,Negotiation,2025-11-22,,
OPP-00684,Discovery,2025-09-05,2025-09-10,5.0
OPP-00684,Qualification,2025-09-10,2025-09-30,20.0
OPP-00684,Proof of Concept,2025-09-30,2025-10-06,6.0
OPP-00684,Negotiation,2025-10-06,,
OPP-00685,Discovery,2024-12-23,2025-01-01,9.0
OPP-00685,Qualification,2025-01-01,2025-01-11,10.0
OPP-00685,Proof of Concept,2025-01-11,2025-02-16,36.0
OPP-00685,Negotiation,2025-02-16,,
OPP-00686,Discovery,2025-11-11,2025-11-18,7.0
OPP-00686,Qualification,2025-11-18,,
OPP-00687,Discovery,2025-05-26,2025-06-09,14.0
OPP-00687,Qualification,2025-06-09,2025-06-15,6.0
OPP-00687,Proof of Concept,2025-06-15,2025-06-23,8.0
OPP-00687,Negotiation,2025-06-23,,
OPP-00688,Discovery,2025-08-11,2025-08-27,16.0
OPP-00688,Qualification,2025-08-27,2025-09-12,16.0
OPP-00688,Proof of Concept,2025-09-12,,
OPP-00689,Discovery,2025-04-28,2025-05-12,14.0
OPP-00689,Qualification,2025-05-12,2025-05-23,11.0
OPP-00689,Proof of Concept,2025-05-23,2025-07-01,39.0
OPP-00689,Negotiation,2025-07-01,,
OPP-00690,Discovery,2025-09-10,2025-09-17,7.0
OPP-00690,Qualification,2025-09-17,2025-10-17,30.0
OPP-00690,Proof of Concept,2025-10-17,2025-11-18,32.0
OPP-00690,Negotiation,2025-11-18,,
OPP-00691,Discovery,2025-05-19,2025-05-26,7.0
OPP-00691,Qualification,2025-05-26,2025-06-08,13.0
OPP-00691,Proof of Concept,2025-06-08,2025-06-16,8.0
OPP-00691,Negotiation,2025-06-16,,
OPP-00692,Discovery,2025-06-10,2025-06-16,6.0
OPP-00692,Qualification,2025-06-16,2025-06-18,2.0
OPP-00692,Proof of Concept,2025-06-18,2025-07-06,18.0
OPP-00692,Negotiation,2025-07-06,,
OPP-00693,Discovery,2025-02-18,2025-03-08,18.0
OPP-00693,Qualification,2025-03-08,2025-03-31,23.0
OPP-00693,Proof of Concept,2025-03-31,2025-05-06,36.0
OPP-00693,Negotiation,2025-05-06,,
OPP-00694,Discovery,2025-06-15,2025-06-26,11.0
OPP-00694,Qualification,2025-06-26,2025-07-08,12.0
OPP-00694,Proof of Concept,2025-07-08,2025-07-29,21.0
OPP-00694,Negotiation,2025-07-29,,
OPP-00695,Discovery,2025-04-10,2025-04-29,19.0
OPP-00695,Qualification,2025-04-29,2025-05-07,8.0
OPP-00695,Proof of Concept,2025-05-07,2025-06-02,26.0
OPP-00695,Negotiation,2025-06-02,,
OPP-00696,Discovery,2025-02-23,2025-03-08,13.0
OPP-00696,Qualification,2025-03-08,2025-03-11,3.0
OPP-00696,Proof of Concept,2025-03-11,2025-03-29,18.0
OPP-00696,Negotiation,2025-03-29,,
OPP-00697,Discovery,2025-09-03,2025-09-28,25.0
OPP-00697,Qualification,2025-09-28,2025-10-14,16.0
OPP-00697,Proof of Concept,2025-10-14,2025-11-03,20.0
OPP-00697,Negotiation,2025-11-03,,
OPP-00698,Discovery,2025-07-31,2025-08-13,13.0
OPP-00698,Qualification,2025-08-13,2025-08-18,5.0
OPP-00698,Proof of Concept,2025-08-18,2025-09-17,30.0
OPP-00698,Negotiation,2025-09-17,,
OPP-00699,Discovery,2025-04-03,2025-04-07,4.0
OPP-00699,Qualification,2025-04-07,2025-04-10,3.0
OPP-00699,Proof of Concept,2025-04-10,2025-04-18,8.0
OPP-00699,Negotiation,2025-04-18,,
OPP-00700,Discovery,2025-05-14,2025-05-17,3.0
OPP-00700,Qualification,2025-05-17,2025-05-23,6.0
OPP-00700,Proof of Concept,2025-05-23,2025-06-13,21.0
OPP-00700,Negotiation,2025-06-13,,
OPP-00701,Discovery,2025-11-03,2025-11-10,7.0
OPP-00701,Qualification,2025-11-10,2025-11-19,9.0
OPP-00701,Proof of Concept,2025-11-19,,
OPP-00702,Discovery,2025-08-11,2025-08-20,9.0
OPP-00702,Qualification,2025-08-20,2025-09-16,27.0
OPP-00702,Proof of Concept,2025-09-16,2025-10-07,21.0
OPP-00702,Negotiation,2025-10-07,,
OPP-00703,Discovery,2025-08-30,2025-09-02,3.0
OPP-00703,Qualification,2025-09-02,2025-09-03,1.0
OPP-00703,Proof of Concept,2025-09-03,2025-09-14,11.0
OPP-00703,Negotiation,2025-09-14,,
OPP-00704,Discovery,2025-04-20,2025-04-23,3.0
OPP-00704,Qualification,2025-04-23,2025-04-27,4.0
OPP-00704,Proof of Concept,2025-04-27,2025-06-04,38.0
OPP-00704,Negotiation,2025-06-04,,
OPP-00705,Discovery,2025-03-19,2025-03-21,2.0
OPP-00705,Qualification,2025-03-21,2025-04-03,13.0
OPP-00705,Proof of Concept,2025-04-03,2025-04-29,26.0
OPP-00705,Negotiation,2025-04-29,,
OPP-00706,Discovery,2024-12-17,2024-12-22,5.0
OPP-00706,Qualification,2024-12-22,2024-12-28,6.0
OPP-00706,Proof of Concept,2024-12-28,2025-01-15,18.0
OPP-00706,Negotiation,2025-01-15,,
OPP-00707,Discovery,2025-10-17,2025-11-09,23.0
OPP-00707,Qualification,2025-11-09,2025-11-26,17.0
OPP-00707,Proof of Concept,2025-11-26,,
OPP-00708,Discovery,2024-12-13,2024-12-19,6.0
OPP-00708,Qualification,2024-12-19,2024-12-22,3.0
OPP-00708,Proof of Concept,2024-12-22,2024-12-23,1.0
OPP-00708,Negotiation,2024-12-23,,
OPP-00709,Discovery,2025-05-03,2025-05-13,10.0
OPP-00709,Qualification,2025-05-13,2025-05-26,13.0
OPP-00709,Proof of Concept,2025-05-26,2025-06-03,8.0
OPP-00709,Negotiation,2025-06-03,,
OPP-00710,Discovery,2025-09-17,2025-09-23,6.0
OPP-00710,Qualification,2025-09-23,2025-09-30,7.0
OPP-00710,Proof of Concept,2025-09-30,2025-10-03,3.0
OPP-00710,Negotiation,2025-10-03,,
OPP-00711,Discovery,2025-04-25,2025-04-29,4.0
OPP-00711,Qualification,2025-04-29,2025-05-16,17.0
OPP-00711,Proof of Concept,2025-05-16,2025-05-28,12.0
OPP-00711,Negotiation,2025-05-28,,
OPP-00712,Discovery,2025-04-25,2025-05-02,7.0
OPP-00712,Qualification,2025-05-02,2025-05-09,7.0
OPP-00712,Proof of Concept,2025-05-09,2025-05-14,5.0
OPP-00712,Negotiation,2025-05-14,,
OPP-00713,Discovery,2025-08-15,2025-08-17,2.0
OPP-00713,Qualification,2025-08-17,2025-09-10,24.0
OPP-00713,Proof of Concept,2025-09-10,2025-09-19,9.0
OPP-00713,Negotiation,2025-09-19,,
OPP-00714,Discovery,2025-03-11,2025-03-19,8.0
OPP-00714,Qualification,2025-03-19,2025-04-04,16.0
OPP-00714,Proof of Concept,2025-04-04,2025-04-08,4.0
OPP-00714,Negotiation,2025-04-08,,
OPP-00715,Discovery,2025-09-14,2025-09-23,9.0
OPP-00715,Qualification,2025-09-23,2025-09-26,3.0
OPP-00715,Proof of Concept,2025-09-26,2025-10-22,26.0
OPP-00715,Negotiation,2025-10-22,,
OPP-00716,Discovery,2025-10-11,2025-10-14,3.0
OPP-00716,Qualification,2025-10-14,2025-10-31,17.0
OPP-00716,Proof of Concept,2025-10-31,2025-11-23,23.0
OPP-00716,Negotiation,2025-11-23,,
OPP-00717,Discovery,2025-09-04,2025-09-05,1.0
OPP-00717,Qualification,2025-09-05,2025-09-25,20.0
OPP-00717,Proof of Concept,2025-09-25,,
OPP-00718,Discovery,2025-05-29,2025-06-09,11.0
OPP-00718,Qualification,2025-06-09,2025-06-13,4.0
OPP-00718,Proof of Concept,2025-06-13,2025-06-25,12.0
OPP-00718,Negotiation,2025-06-25,,
OPP-00719,Discovery,2025-07-30,2025-08-05,6.0
OPP-00719,Qualification,2025-08-05,2025-08-14,9.0
OPP-00719,Proof of Concept,2025-08-14,2025-08-22,8.0
OPP-00719,Negotiation,2025-08-22,,
OPP-00720,Discovery,2025-04-25,2025-05-03,8.0
OPP-00720,Qualification,2025-05-03,2025-05-30,27.0
OPP-00720,Proof of Concept,2025-05-30,2025-06-22,23.0
OPP-00720,Negotiation,2025-06-22,,
OPP-00721,Discovery,2025-10-09,2025-10-13,4.0
OPP-00721,Qualification,2025-10-13,2025-10-16,3.0
OPP-00721,Proof of Concept,2025-10-16,2025-10-24,8.0
OPP-00721,Negotiation,2025-10-24,,
OPP-00722,Discovery,2025-07-14,2025-07-18,4.0
OPP-00722,Qualification,2025-07-18,2025-07-26,8.0
OPP-00722,Proof of Concept,2025-07-26,2025-09-09,45.0
OPP-00722,Negotiation,2025-09-09,,
OPP-00723,Discovery,2025-11-07,2025-11-23,16.0
OPP-00723,Qualification,2025-11-23,,
OPP-00724,Discovery,2024-12-24,2024-12-26,2.0
OPP-00724,Qualification,2024-12-26,2025-01-05,10.0
OPP-00724,Proof of Concept,2025-01-05,2025-03-17,71.0
OPP-00724,Negotiation,2025-03-17,,
OPP-00725,Discovery,2024-12-02,2024-12-11,9.0
OPP-00725,Qualification,2024-12-11,2024-12-30,19.0
OPP-00725,Proof of Concept,2024-12-30,2025-01-01,2.0
OPP-00725,Negotiation,2025-01-01,,
OPP-00726,Discovery,2025-04-14,2025-04-21,7.0
OPP-00726,Qualification,2025-04-21,2025-05-12,21.0
OPP-00726,Proof of Concept,2025-05-12,2025-06-05,24.0
OPP-00726,Negotiation,2025-06-05,,
OPP-00727,Discovery,2025-10-18,2025-10-31,13.0
OPP-00727,Qualification,2025-10-31,2025-11-19,19.0
OPP-00727,Proof of Concept,2025-11-19,2025-11-27,8.0
OPP-00727,Negotiation,2025-11-27,,
OPP-00728,Discovery,2025-06-29,2025-07-07,8.0
OPP-00728,Qualification,2025-07-07,2025-08-02,26.0
OPP-00728,Proof of Concept,2025-08-02,2025-08-29,27.0
OPP-00728,Negotiation,2025-08-29,,
OPP-00729,Discovery,2025-11-06,2025-11-10,4.0
OPP-00729,Qualification,2025-11-10,2025-11-19,9.0
OPP-00729,Proof of Concept,2025-11-19,2025-11-29,10.0
OPP-00729,Negotiation,2025-11-29,,
OPP-00730,Discovery,2025-07-31,2025-08-04,4.0
OPP-00730,Qualification,2025-08-04,2025-08-14,10.0
OPP-00730,Proof of Concept,2025-08-14,2025-09-04,21.0
OPP-00730,Negotiation,2025-09-04,,
OPP-00731,Discovery,2025-08-12,2025-08-22,10.0
OPP-00731,Qualification,2025-08-22,2025-09-16,25.0
OPP-00731,Proof of Concept,2025-09-16,2025-11-02,47.0
OPP-00731,Negotiation,2025-11-02,,
OPP-00732,Discovery,2025-08-17,2025-08-27,10.0
OPP-00732,Qualification,2025-08-27,2025-10-20,54.0
OPP-00732,Proof of Concept,2025-10-20,2025-11-21,32.0
OPP-00732,Negotiation,2025-11-21,,
OPP-00733,Discovery,2025-10-22,2025-11-07,16.0
OPP-00733,Qualification,2025-11-07,2025-11-12,5.0
OPP-00733,Proof of Concept,2025-11-12,2025-11-22,10.0
OPP-00733,Negotiation,2025-11-22,,
OPP-00734,Discovery,2025-08-18,2025-08-23,5.0
OPP-00734,Qualification,2025-08-23,2025-08-29,6.0
OPP-00734,Proof of Concept,2025-08-29,2025-09-22,24.0
OPP-00734,Negotiation,2025-09-22,,
OPP-00735,Discovery,2025-03-05,2025-03-08,3.0
OPP-00735,Qualification,2025-03-08,2025-03-12,4.0
OPP-00735,Proof of Concept,2025-03-12,2025-04-02,21.0
OPP-00735,Negotiation,2025-04-02,,
OPP-00736,Discovery,2025-11-14,2025-11-16,2.0
OPP-00736,Qualification,2025-11-16,,
OPP-00737,Discovery,2025-09-11,2025-09-22,11.0
OPP-00737,Qualification,2025-09-22,2025-10-06,14.0
OPP-00737,Proof of Concept,2025-10-06,2025-10-16,10.0
OPP-00737,Negotiation,2025-10-16,,
OPP-00738,Discovery,2025-09-23,2025-09-25,2.0
OPP-00738,Qualification,2025-09-25,2025-10-02,7.0
OPP-00738,Proof of Concept,2025-10-02,2025-10-12,10.0
OPP-00738,Negotiation,2025-10-12,,
OPP-00739,Discovery,2025-05-23,2025-06-04,12.0
OPP-00739,Qualification,2025-06-04,2025-06-14,10.0
OPP-00739,Proof of Concept,2025-06-14,2025-06-28,14.0
OPP-00739,Negotiation,2025-06-28,,
OPP-00740,Discovery,2025-11-01,2025-11-02,1.0
OPP-00740,Qualification,2025-11-02,2025-11-11,9.0
OPP-00740,Proof of Concept,2025-11-11,2025-11-18,7.0
OPP-00740,Negotiation,2025-11-18,,
OPP-00741,Discovery,2025-06-05,2025-06-11,6.0
OPP-00741,Qualification,2025-06-11,2025-07-01,20.0
OPP-00741,Proof of Concept,2025-07-01,2025-07-16,15.0
OPP-00741,Negotiation,2025-07-16,,
OPP-00742,Discovery,2025-06-04,2025-06-05,1.0
OPP-00742,Qualification,2025-06-05,2025-06-09,4.0
OPP-00742,Proof of Concept,2025-06-09,2025-06-16,7.0
OPP-00742,Negotiation,2025-06-16,,
OPP-00743,Discovery,2025-04-04,2025-04-11,7.0
OPP-00743,Qualification,2025-04-11,2025-04-17,6.0
OPP-00743,Proof of Concept,2025-04-17,2025-06-05,49.0
OPP-00743,Negotiation,2025-06-05,,
OPP-00744,Discovery,2025-02-08,2025-02-13,5.0
OPP-00744,Qualification,2025-02-13,2025-02-14,1.0
OPP-00744,Proof of Concept,2025-02-14,2025-02-28,14.0
OPP-00744,Negotiation,2025-02-28,,
OPP-00745,Discovery,2024-12-12,2024-12-13,1.0
OPP-00745,Qualification,2024-12-13,2024-12-16,3.0
OPP-00745,Proof of Concept,2024-12-16,2024-12-26,10.0
OPP-00745,Negotiation,2024-12-26,,
OPP-00746,Discovery,2025-09-06,2025-09-08,2.0
OPP-00746,Qualification,2025-09-08,2025-09-25,17.0
OPP-00746,Proof of Concept,2025-09-25,2025-10-14,19.0
OPP-00746,Negotiation,2025-10-14,,
OPP-00747,Discovery,2025-08-17,2025-08-29,12.0
OPP-00747,Qualification,2025-08-29,2025-09-24,26.0
OPP-00747,Proof of Concept,2025-09-24,2025-10-15,21.0
OPP-00747,Negotiation,2025-10-15,,
OPP-00748,Discovery,2025-06-28,2025-07-04,6.0
OPP-00748,Qualification,2025-07-04,2025-07-12,8.0
OPP-00748,Proof of Concept,2025-07-12,2025-08-05,24.0
OPP-00748,Negotiation,2025-08-05,,
OPP-00749,Discovery,2025-11-22,,
OPP-00750,Discovery,2025-03-29,2025-04-04,6.0
OPP-00750,Qualification,2025-04-04,2025-05-07,33.0
OPP-00750,Proof of Concept,2025-05-07,2025-05-18,11.0
OPP-00750,Negotiation,2025-05-18,,
OPP-00751,Discovery,2025-09-12,2025-09-17,5.0
OPP-00751,Qualification,2025-09-17,2025-09-18,1.0
OPP-00751,Proof of Concept,2025-09-18,2025-09-27,9.0
OPP-00751,Negotiation,2025-09-27,,
OPP-00752,Discovery,2025-09-22,2025-09-27,5.0
OPP-00752,Qualification,2025-09-27,2025-10-19,22.0
OPP-00752,Proof of Concept,2025-10-19,2025-10-26,7.0
OPP-00752,Negotiation,2025-10-26,,
OPP-00753,Discovery,2025-09-17,2025-09-24,7.0
OPP-00753,Qualification,2025-09-24,2025-10-10,16.0
OPP-00753,Proof of Concept,2025-10-10,2025-11-18,39.0
OPP-00753,Negotiation,2025-11-18,,
OPP-00754,Discovery,2025-05-18,2025-06-04,17.0
OPP-00754,Qualification,2025-06-04,2025-07-02,28.0
OPP-00754,Proof of Concept,2025-07-02,2025-09-15,75.0
OPP-00754,Negotiation,2025-09-15,,
OPP-00755,Discovery,2025-04-03,2025-04-13,10.0
OPP-00755,Qualification,2025-04-13,2025-04-21,8.0
OPP-00755,Proof of Concept,2025-04-21,2025-05-03,12.0
OPP-00755,Negotiation,2025-05-03,,
OPP-00756,Discovery,2025-05-27,2025-06-04,8.0
OPP-00756,Qualification,2025-06-04,2025-06-22,18.0
OPP-00756,Proof of Concept,2025-06-22,2025-07-12,20.0
OPP-00756,Negotiation,2025-07-12,,
OPP-00757,Discovery,2025-01-15,2025-01-17,2.0
OPP-00757,Qualification,2025-01-17,2025-02-01,15.0
OPP-00757,Proof of Concept,2025-02-01,2025-04-10,68.0
OPP-00757,Negotiation,2025-04-10,,
OPP-00758,Discovery,2025-02-03,2025-02-08,5.0
OPP-00758,Qualification,2025-02-08,2025-02-16,8.0
OPP-00758,Proof of Concept,2025-02-16,2025-02-20,4.0
OPP-00758,Negotiation,2025-02-20,,
OPP-00759,Discovery,2024-12-18,2024-12-20,2.0
OPP-00759,Qualification,2024-12-20,2024-12-26,6.0
OPP-00759,Proof of Concept,2024-12-26,2025-02-13,49.0
OPP-00759,Negotiation,2025-02-13,,
OPP-00760,Discovery,2025-05-16,2025-05-25,9.0
OPP-00760,Qualification,2025-05-25,2025-06-05,11.0
OPP-00760,Proof of Concept,2025-06-05,2025-06-30,25.0
OPP-00760,Negotiation,2025-06-30,,
OPP-00761,Discovery,2025-08-24,2025-08-29,5.0
OPP-00761,Qualification,2025-08-29,2025-09-03,5.0
OPP-00761,Proof of Concept,2025-09-03,2025-10-01,28.0
OPP-00761,Negotiation,2025-10-01,,
OPP-00762,Discovery,2025-10-27,2025-11-03,7.0
OPP-00762,Qualification,2025-11-03,2025-11-17,14.0
OPP-00762,Proof of Concept,2025-11-17,,
OPP-00763,Discovery,2025-10-28,2025-11-06,9.0
OPP-00763,Qualification,2025-11-06,2025-11-21,15.0
OPP-00763,Proof of Concept,2025-11-21,,
OPP-00764,Discovery,2025-06-06,2025-06-07,1.0
OPP-00764,Qualification,2025-06-07,2025-06-12,5.0
OPP-00764,Proof of Concept,2025-06-12,2025-08-13,62.0
OPP-00764,Negotiation,2025-08-13,,
OPP-00765,Discovery,2025-01-15,2025-02-01,17.0
OPP-00765,Qualification,2025-02-01,2025-02-12,11.0
OPP-00765,Proof of Concept,2025-02-12,2025-05-18,95.0
OPP-00765,Negotiation,2025-05-18,,
OPP-00766,Discovery,2025-06-19,2025-06-26,7.0
OPP-00766,Qualification,2025-06-26,2025-07-03,7.0
OPP-00766,Proof of Concept,2025-07-03,2025-10-04,93.0
OPP-00766,Negotiation,2025-10-04,,
OPP-00767,Discovery,2025-10-27,2025-11-03,7.0
OPP-00767,Qualification,2025-11-03,2025-11-09,6.0
OPP-00767,Proof of Concept,2025-11-09,2025-11-20,11.0
OPP-00767,Negotiation,2025-11-20,,
OPP-00768,Discovery,2025-08-23,2025-09-02,10.0
OPP-00768,Qualification,2025-09-02,2025-09-07,5.0
OPP-00768,Proof of Concept,2025-09-07,2025-10-03,26.0
OPP-00768,Negotiation,2025-10-03,,
OPP-00769,Discovery,2025-11-26,,
OPP-00770,Discovery,2025-09-08,2025-09-16,8.0
OPP-00770,Qualification,2025-09-16,2025-10-14,28.0
OPP-00770,Proof of Concept,2025-10-14,2025-10-25,11.0
OPP-00770,Negotiation,2025-10-25,,
OPP-00771,Discovery,2025-06-24,2025-07-10,16.0
OPP-00771,Qualification,2025-07-10,2025-07-17,7.0
OPP-00771,Proof of Concept,2025-07-17,2025-07-22,5.0
OPP-00771,Negotiation,2025-07-22,,
OPP-00772,Discovery,2025-11-14,2025-11-15,1.0
OPP-00772,Qualification,2025-11-15,,
OPP-00773,Discovery,2025-01-01,2025-01-20,19.0
OPP-00773,Qualification,2025-01-20,2025-01-24,4.0
OPP-00773,Proof of Concept,2025-01-24,2025-02-12,19.0
OPP-00773,Negotiation,2025-02-12,,
OPP-00774,Discovery,2025-01-20,2025-01-28,8.0
OPP-00774,Qualification,2025-01-28,2025-02-14,17.0
OPP-00774,Proof of Concept,2025-02-14,2025-02-17,3.0
OPP-00774,Negotiation,2025-02-17,,
OPP-00775,Discovery,2025-04-30,2025-05-10,10.0
OPP-00775,Qualification,2025-05-10,2025-05-28,18.0
OPP-00775,Proof of Concept,2025-05-28,2025-06-15,18.0
OPP-00775,Negotiation,2025-06-15,,
OPP-00776,Discovery,2024-12-17,2024-12-25,8.0
OPP-00776,Qualification,2024-12-25,2025-01-15,21.0
OPP-00776,Proof of Concept,2025-01-15,2025-01-21,6.0
OPP-00776,Negotiation,2025-01-21,,
OPP-00777,Discovery,2025-07-30,2025-08-17,18.0
OPP-00777,Qualification,2025-08-17,2025-08-27,10.0
OPP-00777,Proof of Concept,2025-08-27,2025-10-18,52.0
OPP-00777,Negotiation,2025-10-18,,
OPP-00778,Discovery,2025-06-10,2025-06-18,8.0
OPP-00778,Qualification,2025-06-18,2025-07-04,16.0
OPP-00778,Proof of Concept,2025-07-04,2025-07-05,1.0
OPP-00778,Negotiation,2025-07-05,,
OPP-00779,Discovery,2025-04-11,2025-04-18,7.0
OPP-00779,Qualification,2025-04-18,2025-04-29,11.0
OPP-00779,Proof of Concept,2025-04-29,2025-05-16,17.0
OPP-00779,Negotiation,2025-05-16,,
OPP-00780,Discovery,2025-02-10,2025-02-18,8.0
OPP-00780,Qualification,2025-02-18,2025-02-27,9.0
OPP-00780,Proof of Concept,2025-02-27,2025-03-30,31.0
OPP-00780,Negotiation,2025-03-30,,
OPP-00781,Discovery,2025-10-01,2025-10-04,3.0
OPP-00781,Qualification,2025-10-04,2025-10-12,8.0
OPP-00781,Proof of Concept,2025-10-12,,
OPP-00782,Discovery,2025-07-15,2025-07-28,13.0
OPP-00782,Qualification,2025-07-28,2025-09-07,41.0
OPP-00782,Proof of Concept,2025-09-07,2025-10-11,34.0
OPP-00782,Negotiation,2025-10-11,,
OPP-00783,Discovery,2025-03-06,2025-03-14,8.0
OPP-00783,Qualification,2025-03-14,2025-03-16,2.0
OPP-00783,Proof of Concept,2025-03-16,2025-04-08,23.0
OPP-00783,Negotiation,2025-04-08,,
OPP-00784,Discovery,2025-04-07,2025-04-08,1.0
OPP-00784,Qualification,2025-04-08,2025-04-15,7.0
OPP-00784,Proof of Concept,2025-04-15,2025-05-02,17.0
OPP-00784,Negotiation,2025-05-02,,
OPP-00785,Discovery,2025-10-21,2025-10-28,7.0
OPP-00785,Qualification,2025-10-28,2025-11-02,5.0
OPP-00785,Proof of Concept,2025-11-02,2025-11-12,10.0
OPP-00785,Negotiation,2025-11-12,,
OPP-00786,Discovery,2025-10-17,2025-10-31,14.0
OPP-00786,Qualification,2025-10-31,2025-11-03,3.0
OPP-00786,Proof of Concept,2025-11-03,2025-11-08,5.0
OPP-00786,Negotiation,2025-11-08,,
OPP-00787,Discovery,2025-11-27,,
OPP-00788,Discovery,2025-04-05,2025-04-17,12.0
OPP-00788,Qualification,2025-04-17,2025-04-26,9.0
OPP-00788,Proof of Concept,2025-04-26,2025-05-22,26.0
OPP-00788,Negotiation,2025-05-22,,
OPP-00789,Discovery,2025-03-26,2025-04-01,6.0
OPP-00789,Qualification,2025-04-01,2025-05-09,38.0
OPP-00789,Proof of Concept,2025-05-09,2025-05-26,17.0
OPP-00789,Negotiation,2025-05-26,,
OPP-00790,Discovery,2025-01-23,2025-01-29,6.0
OPP-00790,Qualification,2025-01-29,2025-02-02,4.0
OPP-00790,Proof of Concept,2025-02-02,2025-02-08,6.0
OPP-00790,Negotiation,2025-02-08,,
OPP-00791,Discovery,2025-01-17,2025-01-29,12.0
OPP-00791,Qualification,2025-01-29,2025-02-02,4.0
OPP-00791,Proof of Concept,2025-02-02,2025-02-07,5.0
OPP-00791,Negotiation,2025-02-07,,
OPP-00792,Discovery,2025-11-19,,
OPP-00793,Discovery,2025-01-25,2025-01-27,2.0
OPP-00793,Qualification,2025-01-27,2025-02-23,27.0
OPP-00793,Proof of Concept,2025-02-23,2025-04-20,56.0
OPP-00793,Negotiation,2025-04-20,,
OPP-00794,Discovery,2025-10-20,2025-10-25,5.0
OPP-00794,Qualification,2025-10-25,2025-11-14,20.0
OPP-00794,Proof of Concept,2025-11-14,2025-11-23,9.0
OPP-00794,Negotiation,2025-11-23,,
OPP-00795,Discovery,2025-04-29,2025-05-01,2.0
OPP-00795,Qualification,2025-05-01,2025-05-23,22.0
OPP-00795,Proof of Concept,2025-05-23,2025-06-10,18.0
OPP-00795,Negotiation,2025-06-10,,
OPP-00796,Discovery,2025-03-12,2025-03-22,10.0
OPP-00796,Qualification,2025-03-22,2025-03-26,4.0
OPP-00796,Proof of Concept,2025-03-26,2025-04-05,10.0
OPP-00796,Negotiation,2025-04-05,,
OPP-00797,Discovery,2025-08-04,2025-08-06,2.0
OPP-00797,Qualification,2025-08-06,2025-08-24,18.0
OPP-00797,Proof of Concept,2025-08-24,2025-09-17,24.0
OPP-00797,Negotiation,2025-09-17,,
OPP-00798,Discovery,2025-11-21,2025-11-29,8.0
OPP-00798,Qualification,2025-11-29,,
OPP-00799,Discovery,2025-05-27,2025-05-30,3.0
OPP-00799,Qualification,2025-05-30,2025-06-02,3.0
OPP-00799,Proof of Concept,2025-06-02,2025-06-09,7.0
OPP-00799,Negotiation,2025-06-09,,
OPP-00800,Discovery,2025-10-02,2025-10-19,17.0
OPP-00800,Qualification,2025-10-19,2025-11-01,13.0
OPP-00800,Proof of Concept,2025-11-01,,
OPP-00801,Discovery,2025-03-08,2025-03-16,8.0
OPP-00801,Qualification,2025-03-16,2025-03-27,11.0
OPP-00801,Proof of Concept,2025-03-27,2025-04-18,22.0
OPP-00801,Negotiation,2025-04-18,,
OPP-00802,Discovery,2025-08-19,2025-08-24,5.0
OPP-00802,Qualification,2025-08-24,2025-10-05,42.0
OPP-00802,Proof of Concept,2025-10-05,2025-11-29,55.0
OPP-00802,Negotiation,2025-11-29,,
OPP-00803,Discovery,2025-01-20,2025-01-27,7.0
OPP-00803,Qualification,2025-01-27,2025-02-01,5.0
OPP-00803,Proof of Concept,2025-02-01,2025-02-13,12.0
OPP-00803,Negotiation,2025-02-13,,
OPP-00804,Discovery,2025-05-15,2025-05-18,3.0
OPP-00804,Qualification,2025-05-18,2025-05-30,12.0
OPP-00804,Proof of Concept,2025-05-30,2025-06-26,27.0
OPP-00804,Negotiation,2025-06-26,,
OPP-00805,Discovery,2025-08-10,2025-08-16,6.0
OPP-00805,Qualification,2025-08-16,2025-08-27,11.0
OPP-00805,Proof of Concept,2025-08-27,2025-09-05,9.0
OPP-00805,Negotiation,2025-09-05,,
OPP-00806,Discovery,2025-01-12,2025-01-20,8.0
OPP-00806,Qualification,2025-01-20,2025-01-28,8.0
OPP-00806,Proof of Concept,2025-01-28,2025-02-23,26.0
OPP-00806,Negotiation,2025-02-23,,
OPP-00807,Discovery,2025-08-15,2025-08-25,10.0
OPP-00807,Qualification,2025-08-25,2025-08-27,2.0
OPP-00807,Proof of Concept,2025-08-27,2025-09-12,16.0
OPP-00807,Negotiation,2025-09-12,,
OPP-00808,Discovery,2025-05-01,2025-05-02,1.0
OPP-00808,Qualification,2025-05-02,2025-05-12,10.0
OPP-00808,Proof of Concept,2025-05-12,2025-05-14,2.0
OPP-00808,Negotiation,2025-05-14,,
OPP-00809,Discovery,2025-07-13,2025-07-26,13.0
OPP-00809,Qualification,2025-07-26,2025-09-10,46.0
OPP-00809,Proof of Concept,2025-09-10,2025-11-15,66.0
OPP-00809,Negotiation,2025-11-15,,
OPP-00810,Discovery,2025-09-22,2025-09-27,5.0
OPP-00810,Qualification,2025-09-27,2025-10-10,13.0
OPP-00810,Proof of Concept,2025-10-10,2025-10-23,13.0
OPP-00810,Negotiation,2025-10-23,,
OPP-00811,Discovery,2025-08-16,2025-08-19,3.0
OPP-00811,Qualification,2025-08-19,2025-08-22,3.0
OPP-00811,Proof of Concept,2025-08-22,2025-09-14,23.0
OPP-00811,Negotiation,2025-09-14,,
OPP-00812,Discovery,2025-08-27,2025-09-01,5.0
OPP-00812,Qualification,2025-09-01,2025-09-07,6.0
OPP-00812,Proof of Concept,2025-09-07,2025-10-02,25.0
OPP-00812,Negotiation,2025-10-02,,
OPP-00813,Discovery,2025-02-26,2025-02-27,1.0
OPP-00813,Qualification,2025-02-27,2025-03-05,6.0
OPP-00813,Proof of Concept,2025-03-05,2025-03-09,4.0
OPP-00813,Negotiation,2025-03-09,,
OPP-00814,Discovery,2025-06-17,2025-06-18,1.0
OPP-00814,Qualification,2025-06-18,2025-07-05,17.0
OPP-00814,Proof of Concept,2025-07-05,2025-07-13,8.0
OPP-00814,Negotiation,2025-07-13,,
OPP-00815,Discovery,2025-05-16,2025-05-23,7.0
OPP-00815,Qualification,2025-05-23,2025-05-24,1.0
OPP-00815,Proof of Concept,2025-05-24,2025-06-10,17.0
OPP-00815,Negotiation,2025-06-10,,
OPP-00816,Discovery,2024-08-02,2024-08-16,14.0
OPP-00817,Discovery,2024-10-21,2024-10-30,9.0
OPP-00817,Qualification,2024-10-30,2024-11-06,7.0
OPP-00818,Discovery,2024-10-19,2024-10-20,1.0
OPP-00818,Qualification,2024-10-20,2024-10-27,7.0
OPP-00818,Proof of Concept,2024-10-27,2024-11-03,7.0
OPP-00819,Discovery,2025-11-07,2025-11-11,4.0
OPP-00819,Qualification,2025-11-11,2025-11-15,4.0
OPP-00820,Discovery,2025-08-10,2025-08-20,10.0
OPP-00820,Qualification,2025-08-20,2025-09-08,19.0
OPP-00820,Proof of Concept,2025-09-08,2025-10-25,47.0
OPP-00821,Discovery,2024-11-27,2024-12-08,11.0
OPP-00821,Qualification,2024-12-08,2025-01-02,25.0
OPP-00821,Proof of Concept,2025-01-02,2025-01-23,21.0
OPP-00822,Discovery,2024-12-15,2024-12-21,6.0
OPP-00822,Qualification,2024-12-21,2024-12-30,9.0
OPP-00823,Discovery,2025-09-14,2025-09-20,6.0
OPP-00823,Qualification,2025-09-20,2025-09-21,1.0
OPP-00824,Discovery,2024-07-14,2024-07-22,8.0
OPP-00824,Qualification,2024-07-22,2024-07-28,6.0
OPP-00824,Proof of Concept,2024-07-28,2024-07-31,3.0
OPP-00825,Discovery,2025-07-14,2025-07-20,6.0
OPP-00826,Discovery,2024-04-13,2024-04-24,11.0
OPP-00826,Qualification,2024-04-24,2024-04-29,5.0
OPP-00827,Discovery,2023-11-10,2023-12-04,24.0
OPP-00827,Qualification,2023-12-04,2024-01-02,29.0
OPP-00827,Proof of Concept,2024-01-02,2024-01-22,20.0
OPP-00828,Discovery,2025-01-09,2025-01-14,5.0
OPP-00828,Qualification,2025-01-14,2025-01-17,3.0
OPP-00828,Proof of Concept,2025-01-17,2025-01-22,5.0
OPP-00829,Discovery,2025-07-20,2025-07-24,4.0
OPP-00829,Qualification,2025-07-24,2025-07-26,2.0
OPP-00830,Discovery,2025-06-27,2025-07-12,15.0
OPP-00830,Qualification,2025-07-12,2025-07-23,11.0
OPP-00830,Proof of Concept,2025-07-23,2025-07-30,7.0
OPP-00831,Discovery,2025-10-22,2025-11-09,18.0
OPP-00832,Discovery,2024-02-02,2024-02-06,4.0
OPP-00832,Qualification,2024-02-06,2024-02-11,5.0
OPP-00832,Proof of Concept,2024-02-11,2024-02-19,8.0
OPP-00833,Discovery,2025-07-31,2025-08-05,5.0
OPP-00834,Discovery,2025-01-28,2025-02-13,16.0
OPP-00834,Qualification,2025-02-13,2025-02-14,1.0
OPP-00834,Proof of Concept,2025-02-14,2025-02-21,7.0
OPP-00834,Negotiation,2025-02-21,2025-03-08,15.0
OPP-00835,Discovery,2025-01-21,2025-02-04,14.0
OPP-00835,Qualification,2025-02-04,2025-02-16,12.0
OPP-00835,Proof of Concept,2025-02-16,2025-05-01,74.0
OPP-00836,Discovery,2024-12-11,2024-12-19,8.0
OPP-00836,Qualification,2024-12-19,2024-12-25,6.0
OPP-00836,Proof of Concept,2024-12-25,2024-12-31,6.0
OPP-00837,Discovery,2025-07-04,2025-07-12,8.0
OPP-00837,Qualification,2025-07-12,2025-07-22,10.0
OPP-00837,Proof of Concept,2025-07-22,2025-09-01,41.0
OPP-00838,Discovery,2025-11-14,2025-11-19,5.0
OPP-00838,Qualification,2025-11-19,2025-11-27,8.0
OPP-00839,Discovery,2024-09-08,2024-09-11,3.0
OPP-00839,Qualification,2024-09-11,2024-09-15,4.0
OPP-00839,Proof of Concept,2024-09-15,2024-12-03,79.0
OPP-00840,Discovery,2024-11-01,2024-11-09,8.0
OPP-00841,Discovery,2024-08-06,2024-08-14,8.0
OPP-00842,Discovery,2024-11-06,2024-11-16,10.0
OPP-00842,Qualification,2024-11-16,2024-12-08,22.0
OPP-00843,Discovery,2025-09-28,2025-10-19,21.0
OPP-00843,Qualification,2025-10-19,2025-10-23,4.0
OPP-00844,Discovery,2024-12-23,2024-12-25,2.0
OPP-00844,Qualification,2024-12-25,2024-12-30,5.0
OPP-00845,Discovery,2025-09-04,2025-09-22,18.0
OPP-00845,Qualification,2025-09-22,2025-09-28,6.0
OPP-00845,Proof of Concept,2025-09-28,2025-10-15,17.0
OPP-00846,Discovery,2025-03-13,2025-03-17,4.0
OPP-00847,Discovery,2024-08-29,2024-10-01,33.0
OPP-00847,Qualification,2024-10-01,2024-10-11,10.0
OPP-00847,Proof of Concept,2024-10-11,2025-01-03,84.0
OPP-00848,Discovery,2024-04-02,2024-04-09,7.0
OPP-00848,Qualification,2024-04-09,2024-04-25,16.0
OPP-00848,Proof of Concept,2024-04-25,2024-05-05,10.0
OPP-00849,Discovery,2025-05-06,2025-05-17,11.0
OPP-00849,Qualification,2025-05-17,2025-06-04,18.0
OPP-00850,Discovery,2025-05-21,2025-05-22,1.0
OPP-00850,Qualification,2025-05-22,2025-06-18,27.0
OPP-00851,Discovery,2024-02-07,2024-02-12,5.0
OPP-00851,Qualification,2024-02-12,2024-03-01,18.0
OPP-00851,Proof of Concept,2024-03-01,2024-03-28,27.0
OPP-00852,Discovery,2025-04-04,2025-04-15,11.0
OPP-00852,Qualification,2025-04-15,2025-04-24,9.0
OPP-00853,Discovery,2025-01-01,2025-01-29,28.0
OPP-00854,Discovery,2024-04-23,2024-05-02,9.0
OPP-00854,Qualification,2024-05-02,2024-05-30,28.0
OPP-00855,Discovery,2024-01-27,2024-01-29,2.0
OPP-00855,Qualification,2024-01-29,2024-02-18,20.0
OPP-00856,Discovery,2025-05-16,2025-05-21,5.0
OPP-00856,Qualification,2025-05-21,2025-06-01,11.0
OPP-00857,Discovery,2023-12-27,2023-12-30,3.0
OPP-00857,Qualification,2023-12-30,2024-01-08,9.0
OPP-00857,Proof of Concept,2024-01-08,2024-01-28,20.0
OPP-00858,Discovery,2024-04-25,2024-04-26,1.0
OPP-00858,Qualification,2024-04-26,2024-05-07,11.0
OPP-00859,Discovery,2025-01-01,2025-01-03,2.0
OPP-00859,Qualification,2025-01-03,2025-01-11,8.0
OPP-00859,Proof of Concept,2025-01-11,2025-02-10,30.0
OPP-00860,Discovery,2025-10-12,2025-10-22,10.0
OPP-00860,Qualification,2025-10-22,2025-10-31,9.0
OPP-00861,Discovery,2025-10-10,2025-10-13,3.0
OPP-00861,Qualification,2025-10-13,2025-10-21,8.0
OPP-00862,Discovery,2024-03-15,2024-03-20,5.0
OPP-00862,Qualification,2024-03-20,2024-03-31,11.0
OPP-00862,Proof of Concept,2024-03-31,2024-04-24,24.0
OPP-00863,Discovery,2024-11-05,2024-11-13,8.0
OPP-00863,Qualification,2024-11-13,2024-11-18,5.0
OPP-00863,Proof of Concept,2024-11-18,2024-12-21,33.0
OPP-00863,Negotiation,2024-12-21,2024-12-31,10.0
OPP-00864,Discovery,2025-02-03,2025-02-14,11.0
OPP-00864,Qualification,2025-02-14,2025-02-21,7.0
OPP-00864,Proof of Concept,2025-02-21,2025-03-18,25.0
OPP-00864,Negotiation,2025-03-18,2025-03-23,5.0
OPP-00865,Discovery,2025-03-13,2025-03-25,12.0
OPP-00866,Discovery,2025-12-02,2025-12-06,4.0
OPP-00866,Qualification,2025-12-06,2025-12-20,14.0
OPP-00866,Proof of Concept,2025-12-20,2025-12-23,3.0
OPP-00867,Discovery,2024-05-21,2024-06-01,11.0
OPP-00868,Discovery,2024-08-03,2024-08-17,14.0
OPP-00868,Qualification,2024-08-17,2024-09-02,16.0
OPP-00869,Discovery,2025-09-05,2025-09-07,2.0
OPP-00869,Qualification,2025-09-07,2025-09-11,4.0
OPP-00870,Discovery,2025-05-01,2025-05-08,7.0
OPP-00871,Discovery,2024-03-28,2024-04-07,10.0
OPP-00872,Discovery,2025-10-19,2025-10-28,9.0
OPP-00872,Qualification,2025-10-28,2025-11-13,16.0
OPP-00872,Proof of Concept,2025-11-13,2025-11-16,3.0
OPP-00872,Negotiation,2025-11-16,2025-12-07,21.0
OPP-00873,Discovery,2025-04-28,2025-05-03,5.0
OPP-00873,Qualification,2025-05-03,2025-05-08,5.0
OPP-00873,Proof of Concept,2025-05-08,2025-05-17,9.0
OPP-00874,Discovery,2024-08-07,2024-08-16,9.0
OPP-00874,Qualification,2024-08-16,2024-08-20,4.0
OPP-00874,Proof of Concept,2024-08-20,2024-08-25,5.0
OPP-00875,Discovery,2024-08-20,2024-08-23,3.0
OPP-00876,Discovery,2025-12-17,2025-12-28,11.0
OPP-00877,Discovery,2025-05-12,2025-06-13,32.0
OPP-00877,Qualification,2025-06-13,2025-06-14,1.0
OPP-00877,Proof of Concept,2025-06-14,2025-07-22,38.0
OPP-00878,Discovery,2025-01-09,2025-01-24,15.0
OPP-00878,Qualification,2025-01-24,2025-02-01,8.0
OPP-00878,Proof of Concept,2025-02-01,2025-02-28,27.0
OPP-00879,Discovery,2025-09-14,2025-09-24,10.0
OPP-00879,Qualification,2025-09-24,2025-11-13,50.0
OPP-00879,Proof of Concept,2025-11-13,2025-11-30,17.0
OPP-00880,Discovery,2024-07-17,2024-07-26,9.0
OPP-00880,Qualification,2024-07-26,2024-08-02,7.0
OPP-00881,Discovery,2024-10-16,2024-10-24,8.0
OPP-00881,Qualification,2024-10-24,2024-11-04,11.0
OPP-00881,Proof of Concept,2024-11-04,2024-11-11,7.0
OPP-00882,Discovery,2024-09-13,2024-09-25,12.0
OPP-00882,Qualification,2024-09-25,2024-10-10,15.0
OPP-00883,Discovery,2024-12-10,2024-12-11,1.0
OPP-00884,Discovery,2025-07-29,2025-08-01,3.0
OPP-00884,Qualification,2025-08-01,2025-08-11,10.0
OPP-00885,Discovery,2024-03-01,2024-03-08,7.0
OPP-00885,Qualification,2024-03-08,2024-03-27,19.0
OPP-00885,Proof of Concept,2024-03-27,2024-04-11,15.0
OPP-00886,Discovery,2025-06-05,2025-06-11,6.0
OPP-00887,Discovery,2025-10-10,2025-10-12,2.0
OPP-00887,Qualification,2025-10-12,2025-10-16,4.0
OPP-00887,Proof of Concept,2025-10-16,2025-11-14,29.0
OPP-00888,Discovery,2025-11-30,2025-12-10,10.0
OPP-00888,Qualification,2025-12-10,2025-12-16,6.0
OPP-00889,Discovery,2024-12-30,2025-01-04,5.0
OPP-00889,Qualification,2025-01-04,2025-01-11,7.0
OPP-00890,Discovery,2025-07-25,2025-08-16,22.0
OPP-00890,Qualification,2025-08-16,2025-08-27,11.0
OPP-00891,Discovery,2025-01-03,2025-01-12,9.0
OPP-00891,Qualification,2025-01-12,2025-01-20,8.0
OPP-00891,Proof of Concept,2025-01-20,2025-02-07,18.0
OPP-00892,Discovery,2025-07-27,2025-07-31,4.0
OPP-00892,Qualification,2025-07-31,2025-08-10,10.0
OPP-00892,Proof of Concept,2025-08-10,2025-08-17,7.0
OPP-00893,Discovery,2025-09-15,2025-09-23,8.0
OPP-00893,Qualification,2025-09-23,2025-10-05,12.0
OPP-00893,Proof of Concept,2025-10-05,2025-10-30,25.0
OPP-00894,Discovery,2025-09-08,2025-09-12,4.0
OPP-00894,Qualification,2025-09-12,2025-10-07,25.0
OPP-00894,Proof of Concept,2025-10-07,2025-10-24,17.0
OPP-00895,Discovery,2025-02-11,2025-02-20,9.0
OPP-00896,Discovery,2024-09-01,2024-09-02,1.0
OPP-00896,Qualification,2024-09-02,2024-09-07,5.0
OPP-00897,Discovery,2025-03-30,2025-04-01,2.0
OPP-00897,Qualification,2025-04-01,2025-04-26,25.0
OPP-00897,Proof of Concept,2025-04-26,2025-05-31,35.0
OPP-00897,Negotiation,2025-05-31,2025-06-10,10.0
OPP-00898,Discovery,2025-05-10,2025-05-16,6.0
OPP-00898,Qualification,2025-05-16,2025-06-08,23.0
OPP-00898,Proof of Concept,2025-06-08,2025-06-20,12.0
OPP-00899,Discovery,2025-05-28,2025-06-09,12.0
OPP-00899,Qualification,2025-06-09,2025-06-15,6.0
OPP-00899,Proof of Concept,2025-06-15,2025-07-08,23.0
OPP-00900,Discovery,2025-05-13,2025-05-19,6.0
OPP-00901,Discovery,2024-06-27,2024-07-12,15.0
OPP-00901,Qualification,2024-07-12,2024-07-30,18.0
OPP-00901,Proof of Concept,2024-07-30,2024-10-06,68.0
OPP-00902,Discovery,2024-05-01,2024-05-06,5.0
OPP-00902,Qualification,2024-05-06,2024-05-12,6.0
OPP-00902,Proof of Concept,2024-05-12,2024-05-24,12.0
OPP-00903,Discovery,2025-11-16,2025-11-26,10.0
OPP-00903,Qualification,2025-11-26,2025-12-04,8.0
OPP-00903,Proof of Concept,2025-12-04,2025-12-09,5.0
OPP-00904,Discovery,2024-10-14,2024-10-27,13.0
OPP-00904,Qualification,2024-10-27,2024-11-05,9.0
OPP-00905,Discovery,2025-11-03,2025-11-09,6.0
OPP-00906,Discovery,2025-09-01,2025-09-02,1.0
OPP-00906,Qualification,2025-09-02,2025-09-05,3.0
OPP-00906,Proof of Concept,2025-09-05,2025-09-11,6.0
OPP-00906,Negotiation,2025-09-11,2025-09-21,10.0
OPP-00907,Discovery,2024-09-13,2024-09-17,4.0
OPP-00907,Qualification,2024-09-17,2024-10-03,16.0
OPP-00907,Proof of Concept,2024-10-03,2024-10-06,3.0
OPP-00907,Negotiation,2024-10-06,2024-10-17,11.0
OPP-00908,Discovery,2025-06-19,2025-06-23,4.0
OPP-00908,Qualification,2025-06-23,2025-06-30,7.0
OPP-00908,Proof of Concept,2025-06-30,2025-08-16,47.0
OPP-00909,Discovery,2024-05-27,2024-06-05,9.0
OPP-00909,Qualification,2024-06-05,2024-06-09,4.0
OPP-00909,Proof of Concept,2024-06-09,2024-06-26,17.0
OPP-00910,Discovery,2025-04-22,2025-04-26,4.0
OPP-00910,Qualification,2025-04-26,2025-05-06,10.0
OPP-00910,Proof of Concept,2025-05-06,2025-05-10,4.0
OPP-00911,Discovery,2024-10-28,2024-10-30,2.0
OPP-00911,Qualification,2024-10-30,2024-11-16,17.0
OPP-00912,Discovery,2025-01-19,2025-01-24,5.0
OPP-00912,Qualification,2025-01-24,2025-02-16,23.0
OPP-00913,Discovery,2024-08-13,2024-08-20,7.0
OPP-00913,Qualification,2024-08-20,2024-08-31,11.0
OPP-00913,Proof of Concept,2024-08-31,2024-10-01,31.0
OPP-00914,Discovery,2024-02-13,2024-02-20,7.0
OPP-00914,Qualification,2024-02-20,2024-02-28,8.0
OPP-00914,Proof of Concept,2024-02-28,2024-03-18,19.0
OPP-00915,Discovery,2025-06-11,2025-06-13,2.0
OPP-00916,Discovery,2024-04-27,2024-05-02,5.0
OPP-00916,Qualification,2024-05-02,2024-05-26,24.0
OPP-00916,Proof of Concept,2024-05-26,2024-05-31,5.0
OPP-00917,Discovery,2025-11-16,2025-11-21,5.0
OPP-00917,Qualification,2025-11-21,2025-11-22,1.0
OPP-00917,Proof of Concept,2025-11-22,2025-11-27,5.0
OPP-00918,Discovery,2024-02-28,2024-03-01,2.0
OPP-00919,Discovery,2024-10-11,2024-10-23,12.0
OPP-00919,Qualification,2024-10-23,2024-10-26,3.0
OPP-00919,Proof of Concept,2024-10-26,2024-11-15,20.0
OPP-00919,Negotiation,2024-11-15,2024-11-27,12.0
OPP-00920,Discovery,2023-12-24,2023-12-26,2.0
OPP-00920,Qualification,2023-12-26,2024-01-21,26.0
OPP-00920,Proof of Concept,2024-01-21,2024-03-03,42.0
OPP-00921,Discovery,2024-05-08,2024-05-15,7.0
OPP-00921,Qualification,2024-05-15,2024-05-20,5.0
OPP-00921,Proof of Concept,2024-05-20,2024-06-02,13.0
OPP-00922,Discovery,2025-12-23,2025-12-29,6.0
OPP-00923,Discovery,2024-04-30,2024-05-04,4.0
OPP-00923,Qualification,2024-05-04,2024-05-06,2.0
OPP-00923,Proof of Concept,2024-05-06,2024-06-05,30.0
OPP-00924,Discovery,2025-02-18,2025-02-25,7.0
OPP-00924,Qualification,2025-02-25,2025-03-02,5.0
OPP-00924,Proof of Concept,2025-03-02,2025-03-04,2.0
OPP-00925,Discovery,2024-12-27,2025-01-02,6.0
OPP-00925,Qualification,2025-01-02,2025-01-07,5.0
OPP-00926,Discovery,2023-12-23,2024-01-03,11.0
OPP-00926,Qualification,2024-01-03,2024-01-10,7.0
OPP-00926,Proof of Concept,2024-01-10,2024-02-03,24.0
OPP-00927,Discovery,2024-10-30,2024-11-05,6.0
OPP-00928,Discovery,2023-12-30,2024-01-02,3.0
OPP-00928,Qualification,2024-01-02,2024-01-04,2.0
OPP-00928,Proof of Concept,2024-01-04,2024-01-11,7.0
OPP-00928,Negotiation,2024-01-11,2024-01-23,12.0
OPP-00929,Discovery,2024-09-09,2024-09-19,10.0
OPP-00929,Qualification,2024-09-19,2024-10-17,28.0
OPP-00929,Proof of Concept,2024-10-17,2024-10-21,4.0
OPP-00930,Discovery,2023-11-05,2023-11-10,5.0
OPP-00930,Qualification,2023-11-10,2023-11-19,9.0
OPP-00930,Proof of Concept,2023-11-19,2024-01-01,43.0
OPP-00931,Discovery,2024-06-30,2024-07-07,7.0
OPP-00931,Qualification,2024-07-07,2024-07-13,6.0
OPP-00932,Discovery,2024-05-04,2024-05-06,2.0
OPP-00932,Qualification,2024-05-06,2024-05-20,14.0
OPP-00933,Discovery,2024-05-29,2024-06-04,6.0
OPP-00934,Discovery,2024-10-07,2024-10-25,18.0
OPP-00934,Qualification,2024-10-25,2024-11-09,15.0
OPP-00935,Discovery,2024-12-28,2025-01-04,7.0
OPP-00935,Qualification,2025-01-04,2025-01-16,12.0
OPP-00936,Discovery,2023-11-27,2023-12-06,9.0
OPP-00936,Qualification,2023-12-06,2023-12-09,3.0
OPP-00936,Proof of Concept,2023-12-09,2024-01-06,28.0
OPP-00936,Negotiation,2024-01-06,2024-01-15,9.0
OPP-00937,Discovery,2025-08-03,2025-08-12,9.0
OPP-00937,Qualification,2025-08-12,2025-09-02,21.0
OPP-00937,Proof of Concept,2025-09-02,2025-09-11,9.0
OPP-00938,Discovery,2024-05-23,2024-05-24,1.0
OPP-00939,Discovery,2024-12-15,2024-12-18,3.0
OPP-00939,Qualification,2024-12-18,2025-01-03,16.0
OPP-00939,Proof of Concept,2025-01-03,2025-01-14,11.0
OPP-00939,Negotiation,2025-01-14,2025-01-16,2.0
OPP-00940,Discovery,2025-08-23,2025-08-31,8.0
OPP-00941,Discovery,2025-06-28,2025-07-18,20.0
OPP-00941,Qualification,2025-07-18,2025-07-28,10.0
OPP-00941,Proof of Concept,2025-07-28,2025-08-18,21.0
OPP-00942,Discovery,2024-10-21,2024-11-18,28.0
OPP-00942,Qualification,2024-11-18,2024-11-23,5.0
OPP-00942,Proof of Concept,2024-11-23,2024-12-19,26.0
OPP-00943,Discovery,2024-04-27,2024-05-02,5.0
OPP-00943,Qualification,2024-05-02,2024-05-10,8.0
OPP-00943,Proof of Concept,2024-05-10,2024-05-18,8.0
OPP-00944,Discovery,2024-08-05,2024-08-11,6.0
OPP-00945,Discovery,2024-01-29,2024-02-03,5.0
OPP-00945,Qualification,2024-02-03,2024-02-15,12.0
OPP-00945,Proof of Concept,2024-02-15,2024-03-13,27.0
OPP-00946,Discovery,2024-09-25,2024-10-11,16.0
OPP-00946,Qualification,2024-10-11,2024-11-09,29.0
OPP-00947,Discovery,2025-04-09,2025-04-23,14.0
OPP-00947,Qualification,2025-04-23,2025-05-02,9.0
OPP-00948,Discovery,2025-07-17,2025-07-25,8.0
OPP-00948,Qualification,2025-07-25,2025-07-30,5.0
OPP-00948,Proof of Concept,2025-07-30,2025-08-10,11.0
OPP-00949,Discovery,2025-06-09,2025-06-23,14.0
OPP-00950,Discovery,2024-04-12,2024-04-23,11.0
OPP-00950,Qualification,2024-04-23,2024-05-01,8.0
OPP-00950,Proof of Concept,2024-05-01,2024-06-09,39.0
OPP-00951,Discovery,2024-05-22,2024-05-27,5.0
OPP-00952,Discovery,2024-02-11,2024-02-20,9.0
OPP-00952,Qualification,2024-02-20,2024-02-26,6.0
OPP-00953,Discovery,2025-03-20,2025-03-23,3.0
OPP-00953,Qualification,2025-03-23,2025-04-19,27.0
OPP-00953,Proof of Concept,2025-04-19,2025-07-21,93.0
OPP-00954,Discovery,2025-05-19,2025-05-21,2.0
OPP-00954,Qualification,2025-05-21,2025-06-02,12.0
OPP-00954,Proof of Concept,2025-06-02,2025-06-19,17.0
OPP-00955,Discovery,2025-08-31,2025-09-09,9.0
OPP-00956,Discovery,2024-02-16,2024-02-20,4.0
OPP-00956,Qualification,2024-02-20,2024-03-05,14.0
OPP-00956,Proof of Concept,2024-03-05,2024-03-07,2.0
OPP-00957,Discovery,2024-10-14,2024-10-26,12.0
OPP-00958,Discovery,2024-11-10,2024-11-25,15.0
OPP-00959,Discovery,2023-10-03,2023-10-07,4.0
OPP-00959,Qualification,2023-10-07,2023-10-22,15.0
OPP-00959,Proof of Concept,2023-10-22,2024-01-07,77.0
OPP-00960,Discovery,2024-01-25,2024-01-28,3.0
OPP-00960,Qualification,2024-01-28,2024-02-13,16.0
OPP-00961,Discovery,2025-01-26,2025-02-01,6.0
OPP-00962,Discovery,2025-08-26,2025-08-28,2.0
OPP-00962,Qualification,2025-08-28,2025-09-22,25.0
OPP-00962,Proof of Concept,2025-09-22,2025-10-11,19.0
OPP-00963,Discovery,2024-05-15,2024-05-22,7.0
OPP-00964,Discovery,2024-03-25,2024-04-09,15.0
OPP-00964,Qualification,2024-04-09,2024-04-17,8.0
OPP-00964,Proof of Concept,2024-04-17,2024-05-02,15.0
OPP-00965,Discovery,2024-10-29,2024-11-07,9.0
OPP-00966,Discovery,2024-07-11,2024-07-18,7.0
OPP-00966,Qualification,2024-07-18,2024-07-21,3.0
OPP-00966,Proof of Concept,2024-07-21,2024-07-31,10.0
OPP-00967,Discovery,2024-12-29,2025-01-07,9.0
OPP-00968,Discovery,2024-11-02,2024-11-06,4.0
OPP-00968,Qualification,2024-11-06,2024-11-08,2.0
OPP-00969,Discovery,2025-07-20,2025-07-24,4.0
OPP-00969,Qualification,2025-07-24,2025-08-03,10.0
OPP-00969,Proof of Concept,2025-08-03,2025-08-14,11.0
OPP-00969,Negotiation,2025-08-14,2025-08-18,4.0
OPP-00970,Discovery,2025-02-16,2025-02-26,10.0
OPP-00970,Qualification,2025-02-26,2025-04-02,35.0
OPP-00970,Proof of Concept,2025-04-02,2025-05-11,39.0
OPP-00971,Discovery,2024-07-05,2024-07-28,23.0
OPP-00971,Qualification,2024-07-28,2024-08-05,8.0
OPP-00971,Proof of Concept,2024-08-05,2024-10-08,64.0
OPP-00972,Discovery,2025-09-17,2025-09-22,5.0
OPP-00972,Qualification,2025-09-22,2025-09-25,3.0
OPP-00972,Proof of Concept,2025-09-25,2025-10-26,31.0
OPP-00973,Discovery,2023-12-29,2024-01-03,5.0
OPP-00973,Qualification,2024-01-03,2024-01-21,18.0
OPP-00973,Proof of Concept,2024-01-21,2024-02-01,11.0
OPP-00974,Discovery,2024-07-15,2024-07-23,8.0
OPP-00975,Discovery,2024-11-10,2024-11-12,2.0
OPP-00975,Qualification,2024-11-12,2024-11-15,3.0
OPP-00975,Proof of Concept,2024-11-15,2024-11-27,12.0
OPP-00976,Discovery,2025-05-01,2025-05-11,10.0
OPP-00976,Qualification,2025-05-11,2025-05-30,19.0
OPP-00977,Discovery,2024-07-15,2024-07-17,2.0
OPP-00977,Qualification,2024-07-17,2024-08-04,18.0
OPP-00977,Proof of Concept,2024-08-04,2024-08-15,11.0
OPP-00978,Discovery,2025-05-18,2025-06-03,16.0
OPP-00978,Qualification,2025-06-03,2025-06-24,21.0
OPP-00979,Discovery,2025-02-25,2025-02-28,3.0
OPP-00979,Qualification,2025-02-28,2025-03-04,4.0
OPP-00979,Proof of Concept,2025-03-04,2025-03-12,8.0
OPP-00980,Discovery,2025-12-09,2025-12-14,5.0
OPP-00980,Qualification,2025-12-14,2025-12-21,7.0
OPP-00981,Discovery,2024-01-14,2024-01-24,10.0
OPP-00981,Qualification,2024-01-24,2024-02-08,15.0
OPP-00981,Proof of Concept,2024-02-08,2024-02-16,8.0
OPP-00981,Negotiation,2024-02-16,2024-02-19,3.0
OPP-00982,Discovery,2024-05-03,2024-05-08,5.0
OPP-00983,Discovery,2024-05-22,2024-05-25,3.0
OPP-00984,Discovery,2025-03-05,2025-03-13,8.0
OPP-00984,Qualification,2025-03-13,2025-03-14,1.0
OPP-00984,Proof of Concept,2025-03-14,2025-04-02,19.0
OPP-00985,Discovery,2024-06-21,2024-06-25,4.0
OPP-00986,Discovery,2024-06-16,2024-06-25,9.0
OPP-00986,Qualification,2024-06-25,2024-07-16,21.0
OPP-00986,Proof of Concept,2024-07-16,2024-08-11,26.0
OPP-00987,Discovery,2024-11-03,2024-11-18,15.0
OPP-00987,Qualification,2024-11-18,2024-12-01,13.0
OPP-00987,Proof of Concept,2024-12-01,2024-12-11,10.0
OPP-00988,Discovery,2024-01-06,2024-01-18,12.0
OPP-00988,Qualification,2024-01-18,2024-02-09,22.0
OPP-00989,Discovery,2024-01-03,2024-01-04,1.0
OPP-00990,Discovery,2025-04-09,2025-04-13,4.0
OPP-00990,Qualification,2025-04-13,2025-05-03,20.0
OPP-00990,Proof of Concept,2025-05-03,2025-07-26,84.0
OPP-00990,Negotiation,2025-07-26,2025-08-25,30.0
OPP-00991,Discovery,2024-11-03,2024-11-09,6.0
OPP-00992,Discovery,2024-06-24,2024-06-29,5.0
OPP-00992,Qualification,2024-06-29,2024-07-09,10.0
OPP-00992,Proof of Concept,2024-07-09,2024-07-18,9.0
OPP-00992,Negotiation,2024-07-18,2024-07-22,4.0
OPP-00993,Discovery,2024-04-01,2024-04-02,1.0
OPP-00993,Qualification,2024-04-02,2024-04-12,10.0
OPP-00994,Discovery,2025-07-14,2025-07-17,3.0
OPP-00995,Discovery,2025-02-01,2025-02-06,5.0
OPP-00995,Qualification,2025-02-06,2025-02-25,19.0
OPP-00995,Proof of Concept,2025-02-25,2025-05-08,72.0
OPP-00996,Discovery,2024-08-25,2024-08-31,6.0
OPP-00996,Qualification,2024-08-31,2024-09-02,2.0
OPP-00996,Proof of Concept,2024-09-02,2024-09-06,4.0
OPP-00996,Negotiation,2024-09-06,2024-09-12,6.0
OPP-00997,Discovery,2024-08-09,2024-08-16,7.0
OPP-00997,Qualification,2024-08-16,2024-08-25,9.0
OPP-00997,Proof of Concept,2024-08-25,2024-09-27,33.0
OPP-00998,Discovery,2025-12-03,2025-12-09,6.0
OPP-00998,Qualification,2025-12-09,2025-12-20,11.0
OPP-00999,Discovery,2024-04-16,2024-05-03,17.0
OPP-00999,Qualification,2024-05-03,2024-05-09,6.0
OPP-00999,Proof of Concept,2024-05-09,2024-05-22,13.0
OPP-01000,Discovery,2024-06-01,2024-06-09,8.0
OPP-01000,Qualification,2024-06-09,2024-06-28,19.0
OPP-01000,Proof of Concept,2024-06-28,2024-08-02,35.0
OPP-01001,Discovery,2024-06-08,2024-06-11,3.0
OPP-01001,Qualification,2024-06-11,2024-06-14,3.0
OPP-01001,Proof of Concept,2024-06-14,2024-07-02,18.0
OPP-01002,Discovery,2024-12-07,2024-12-16,9.0
OPP-01002,Qualification,2024-12-16,2024-12-20,4.0
OPP-01003,Discovery,2024-08-11,2024-08-18,7.0
OPP-01003,Qualification,2024-08-18,2024-08-26,8.0
OPP-01003,Proof of Concept,2024-08-26,2024-08-31,5.0
OPP-01004,Discovery,2025-10-26,2025-11-02,7.0
OPP-01004,Qualification,2025-11-02,2025-11-11,9.0
OPP-01005,Discovery,2024-01-04,2024-01-08,4.0
OPP-01005,Qualification,2024-01-08,2024-01-12,4.0
OPP-01005,Proof of Concept,2024-01-12,2024-01-23,11.0
OPP-01006,Discovery,2023-12-03,2023-12-04,1.0
OPP-01006,Qualification,2023-12-04,2023-12-25,21.0
OPP-01006,Proof of Concept,2023-12-25,2024-02-10,47.0
OPP-01007,Discovery,2025-04-13,2025-04-24,11.0
OPP-01008,Discovery,2024-06-03,2024-06-20,17.0
OPP-01008,Qualification,2024-06-20,2024-07-21,31.0
OPP-01009,Discovery,2024-05-25,2024-06-03,9.0
OPP-01009,Qualification,2024-06-03,2024-06-15,12.0
OPP-01010,Discovery,2024-05-09,2024-05-11,2.0
OPP-01010,Qualification,2024-05-11,2024-05-28,17.0
OPP-01011,Discovery,2024-05-29,2024-06-04,6.0
OPP-01011,Qualification,2024-06-04,2024-06-14,10.0
OPP-01012,Discovery,2024-08-17,2024-08-24,7.0
OPP-01012,Qualification,2024-08-24,2024-09-09,16.0
OPP-01012,Proof of Concept,2024-09-09,2024-09-30,21.0
OPP-01013,Discovery,2024-01-06,2024-01-11,5.0
OPP-01013,Qualification,2024-01-11,2024-01-26,15.0
OPP-01014,Discovery,2024-06-13,2024-06-25,12.0
OPP-01014,Qualification,2024-06-25,2024-07-04,9.0
OPP-01014,Proof of Concept,2024-07-04,2024-07-31,27.0
OPP-01014,Negotiation,2024-07-31,2024-08-12,12.0
OPP-01015,Discovery,2024-11-23,2024-12-11,18.0
OPP-01015,Qualification,2024-12-11,2025-01-08,28.0
OPP-01016,Discovery,2024-03-19,2024-03-29,10.0
OPP-01016,Qualification,2024-03-29,2024-04-03,5.0
OPP-01016,Proof of Concept,2024-04-03,2024-04-09,6.0
OPP-01017,Discovery,2024-03-28,2024-04-04,7.0
OPP-01017,Qualification,2024-04-04,2024-04-11,7.0
OPP-01017,Proof of Concept,2024-04-11,2024-04-24,13.0
OPP-01018,Discovery,2025-05-27,2025-05-31,4.0
OPP-01018,Qualification,2025-05-31,2025-06-10,10.0
OPP-01018,Proof of Concept,2025-06-10,2025-06-30,20.0
OPP-01019,Discovery,2024-11-17,2024-11-25,8.0
OPP-01019,Qualification,2024-11-25,2024-12-02,7.0
OPP-01019,Proof of Concept,2024-12-02,2024-12-03,1.0
OPP-01020,Discovery,2025-01-09,2025-01-14,5.0
OPP-01021,Discovery,2024-05-22,2024-05-28,6.0
OPP-01021,Qualification,2024-05-28,2024-06-13,16.0
OPP-01022,Discovery,2024-12-29,2025-01-02,4.0
OPP-01023,Discovery,2025-12-12,2025-12-19,7.0
OPP-01023,Qualification,2025-12-19,2025-12-30,11.0
OPP-01024,Discovery,2025-06-10,2025-07-10,30.0
OPP-01024,Qualification,2025-07-10,2025-08-10,31.0
OPP-01025,Discovery,2025-04-20,2025-04-23,3.0
OPP-01025,Qualification,2025-04-23,2025-05-06,13.0
OPP-01025,Proof of Concept,2025-05-06,2025-05-17,11.0
OPP-01025,Negotiation,2025-05-17,2025-05-22,5.0
OPP-01026,Discovery,2025-11-01,2025-11-12,11.0
OPP-01026,Qualification,2025-11-12,2025-11-21,9.0
OPP-01026,Proof of Concept,2025-11-21,2025-12-19,28.0
OPP-01027,Discovery,2024-04-27,2024-05-01,4.0
OPP-01027,Qualification,2024-05-01,2024-05-13,12.0
OPP-01027,Proof of Concept,2024-05-13,2024-06-03,21.0
OPP-01028,Discovery,2025-05-02,2025-05-08,6.0
OPP-01028,Qualification,2025-05-08,2025-05-09,1.0
OPP-01028,Proof of Concept,2025-05-09,2025-05-22,13.0
OPP-01029,Discovery,2025-01-23,2025-02-02,10.0
OPP-01029,Qualification,2025-02-02,2025-02-08,6.0
OPP-01029,Proof of Concept,2025-02-08,2025-02-18,10.0
OPP-01030,Discovery,2025-04-27,2025-05-10,13.0
OPP-01030,Qualification,2025-05-10,2025-05-14,4.0
OPP-01030,Proof of Concept,2025-05-14,2025-05-29,15.0
OPP-01030,Negotiation,2025-05-29,2025-06-04,6.0
OPP-01031,Discovery,2024-07-04,2024-07-12,8.0
OPP-01031,Qualification,2024-07-12,2024-07-23,11.0
OPP-01031,Proof of Concept,2024-07-23,2024-08-02,10.0
OPP-01032,Discovery,2025-10-30,2025-11-15,16.0
OPP-01032,Qualification,2025-11-15,2025-12-03,18.0
OPP-01032,Proof of Concept,2025-12-03,2025-12-13,10.0
OPP-01033,Discovery,2024-03-21,2024-03-24,3.0
OPP-01033,Qualification,2024-03-24,2024-03-31,7.0
OPP-01033,Proof of Concept,2024-03-31,2024-05-19,49.0
OPP-01034,Discovery,2025-08-14,2025-08-20,6.0
OPP-01035,Discovery,2024-10-06,2024-10-13,7.0
OPP-01035,Qualification,2024-10-13,2024-11-05,23.0
OPP-01035,Proof of Concept,2024-11-05,2024-12-11,36.0
OPP-01036,Discovery,2023-12-19,2023-12-21,2.0
OPP-01036,Qualification,2023-12-21,2024-01-04,14.0
OPP-01036,Proof of Concept,2024-01-04,2024-01-17,13.0
OPP-01037,Discovery,2024-05-15,2024-05-30,15.0
OPP-01037,Qualification,2024-05-30,2024-06-23,24.0
OPP-01038,Discovery,2024-01-08,2024-01-18,10.0
OPP-01038,Qualification,2024-01-18,2024-01-19,1.0
OPP-01038,Proof of Concept,2024-01-19,2024-06-02,135.0
OPP-01039,Discovery,2025-05-22,2025-06-05,14.0
OPP-01039,Qualification,2025-06-05,2025-06-18,13.0
OPP-01039,Proof of Concept,2025-06-18,2025-07-12,24.0
OPP-01040,Discovery,2025-09-10,2025-10-19,39.0
OPP-01040,Qualification,2025-10-19,2025-10-24,5.0
OPP-01041,Discovery,2024-02-16,2024-02-29,13.0
OPP-01042,Discovery,2024-07-10,2024-07-11,1.0
OPP-01042,Qualification,2024-07-11,2024-07-13,2.0
OPP-01042,Proof of Concept,2024-07-13,2024-07-22,9.0
OPP-01043,Discovery,2025-03-29,2025-04-03,5.0
OPP-01043,Qualification,2025-04-03,2025-04-08,5.0
OPP-01043,Proof of Concept,2025-04-08,2025-04-30,22.0
OPP-01044,Discovery,2025-02-19,2025-02-25,6.0
OPP-01045,Discovery,2024-03-11,2024-03-20,9.0
OPP-01045,Qualification,2024-03-20,2024-03-29,9.0
OPP-01046,Discovery,2023-12-02,2023-12-21,19.0
OPP-01046,Qualification,2023-12-21,2024-01-10,20.0
OPP-01047,Discovery,2025-08-17,2025-08-23,6.0
OPP-01047,Qualification,2025-08-23,2025-09-10,18.0
OPP-01048,Discovery,2025-05-15,2025-05-21,6.0
OPP-01048,Qualification,2025-05-21,2025-06-08,18.0
OPP-01048,Proof of Concept,2025-06-08,2025-06-13,5.0
OPP-01049,Discovery,2025-05-23,2025-06-09,17.0
OPP-01050,Discovery,2024-04-21,2024-04-28,7.0
OPP-01051,Discovery,2025-07-02,2025-07-05,3.0
OPP-01051,Qualification,2025-07-05,2025-07-23,18.0
OPP-01052,Discovery,2025-03-23,2025-03-29,6.0
OPP-01052,Qualification,2025-03-29,2025-04-13,15.0
OPP-01053,Discovery,2025-07-28,2025-07-31,3.0
OPP-01053,Qualification,2025-07-31,2025-08-07,7.0
OPP-01053,Proof of Concept,2025-08-07,2025-08-16,9.0
OPP-01054,Discovery,2025-04-19,2025-04-22,3.0
OPP-01054,Qualification,2025-04-22,2025-04-24,2.0
OPP-01055,Discovery,2025-04-05,2025-04-10,5.0
OPP-01055,Qualification,2025-04-10,2025-05-19,39.0
OPP-01055,Proof of Concept,2025-05-19,2025-05-23,4.0
OPP-01055,Negotiation,2025-05-23,2025-05-24,1.0
OPP-01056,Discovery,2023-12-19,2024-01-03,15.0
OPP-01056,Qualification,2024-01-03,2024-01-08,5.0
OPP-01056,Proof of Concept,2024-01-08,2024-01-21,13.0
OPP-01057,Discovery,2024-05-03,2024-05-10,7.0
OPP-01057,Qualification,2024-05-10,2024-05-19,9.0
OPP-01058,Discovery,2024-06-09,2024-06-14,5.0
OPP-01058,Qualification,2024-06-14,2024-07-03,19.0
OPP-01059,Discovery,2024-03-01,2024-03-12,11.0
OPP-01059,Qualification,2024-03-12,2024-03-30,18.0
OPP-01059,Proof of Concept,2024-03-30,2024-05-14,45.0
OPP-01060,Discovery,2025-02-06,2025-02-08,2.0
OPP-01060,Qualification,2025-02-08,2025-02-21,13.0
OPP-01061,Discovery,2024-10-15,2024-10-24,9.0
OPP-01062,Discovery,2025-04-13,2025-04-17,4.0
OPP-01062,Qualification,2025-04-17,2025-05-03,16.0
OPP-01062,Proof of Concept,2025-05-03,2025-05-16,13.0
OPP-01063,Discovery,2025-06-28,2025-07-01,3.0
OPP-01063,Qualification,2025-07-01,2025-07-09,8.0
OPP-01063,Proof of Concept,2025-07-09,2025-08-13,35.0
OPP-01064,Discovery,2024-01-24,2024-02-04,11.0
OPP-01064,Qualification,2024-02-04,2024-02-21,17.0
OPP-01064,Proof of Concept,2024-02-21,2024-02-28,7.0
OPP-01064,Negotiation,2024-02-28,2024-03-02,3.0
OPP-01065,Discovery,2024-07-12,2024-07-18,6.0
OPP-01065,Qualification,2024-07-18,2024-07-28,10.0
OPP-01065,Proof of Concept,2024-07-28,2024-08-14,17.0
OPP-01065,Negotiation,2024-08-14,2024-08-26,12.0
OPP-01066,Discovery,2025-05-31,2025-06-10,10.0
OPP-01066,Qualification,2025-06-10,2025-06-19,9.0
OPP-01066,Proof of Concept,2025-06-19,2025-09-08,81.0
OPP-01067,Discovery,2025-05-05,2025-05-12,7.0
OPP-01068,Discovery,2024-01-24,2024-01-27,3.0
OPP-01068,Qualification,2024-01-27,2024-02-12,16.0
OPP-01068,Proof of Concept,2024-02-12,2024-02-23,11.0
OPP-01069,Discovery,2025-05-28,2025-06-02,5.0
OPP-01069,Qualification,2025-06-02,2025-06-18,16.0
OPP-01069,Proof of Concept,2025-06-18,2025-06-30,12.0
OPP-01070,Discovery,2025-07-09,2025-07-12,3.0
OPP-01070,Qualification,2025-07-12,2025-07-26,14.0
OPP-01070,Proof of Concept,2025-07-26,2025-09-20,56.0
OPP-01071,Discovery,2024-09-05,2024-09-15,10.0
OPP-01071,Qualification,2024-09-15,2024-09-18,3.0
OPP-01071,Proof of Concept,2024-09-18,2024-10-18,30.0
OPP-01071,Negotiation,2024-10-18,2024-11-01,14.0
OPP-01072,Discovery,2024-11-27,2024-12-02,5.0
OPP-01073,Discovery,2025-06-22,2025-06-29,7.0
OPP-01073,Qualification,2025-06-29,2025-07-08,9.0
OPP-01073,Proof of Concept,2025-07-08,2025-07-16,8.0
OPP-01073,Negotiation,2025-07-16,2025-07-28,12.0
OPP-01074,Discovery,2025-10-17,2025-10-31,14.0
OPP-01074,Qualification,2025-10-31,2025-11-18,18.0
OPP-01074,Proof of Concept,2025-11-18,2025-11-27,9.0
OPP-01074,Negotiation,2025-11-27,2025-12-02,5.0
OPP-01075,Discovery,2025-03-09,2025-03-12,3.0
OPP-01075,Qualification,2025-03-12,2025-03-16,4.0
OPP-01075,Proof of Concept,2025-03-16,2025-03-23,7.0
OPP-01076,Discovery,2025-09-24,2025-10-06,12.0
OPP-01077,Discovery,2025-04-01,2025-04-06,5.0
OPP-01078,Discovery,2025-08-04,2025-08-08,4.0
OPP-01078,Qualification,2025-08-08,2025-08-18,10.0
OPP-01078,Proof of Concept,2025-08-18,2025-09-09,22.0
OPP-01079,Discovery,2024-05-20,2024-05-26,6.0
OPP-01079,Qualification,2024-05-26,2024-06-07,12.0
OPP-01080,Discovery,2024-09-14,2024-09-15,1.0
OPP-01080,Qualification,2024-09-15,2024-10-02,17.0
OPP-01081,Discovery,2024-10-07,2024-10-11,4.0
OPP-01081,Qualification,2024-10-11,2024-10-25,14.0
OPP-01082,Discovery,2024-08-14,2024-08-22,8.0
OPP-01082,Qualification,2024-08-22,2024-08-28,6.0
OPP-01082,Proof of Concept,2024-08-28,2024-09-04,7.0
OPP-01083,Discovery,2024-05-17,2024-05-24,7.0
OPP-01083,Qualification,2024-05-24,2024-06-02,9.0
OPP-01083,Proof of Concept,2024-06-02,2024-06-19,17.0
OPP-01084,Discovery,2025-06-29,2025-07-21,22.0
OPP-01085,Discovery,2024-12-17,2025-01-23,37.0
OPP-01085,Qualification,2025-01-23,2025-02-04,12.0
OPP-01086,Discovery,2025-03-11,2025-03-21,10.0
OPP-01086,Qualification,2025-03-21,2025-03-24,3.0
OPP-01087,Discovery,2024-03-04,2024-03-05,1.0
OPP-01087,Qualification,2024-03-05,2024-03-10,5.0
OPP-01087,Proof of Concept,2024-03-10,2024-04-09,30.0
OPP-01088,Discovery,2025-04-14,2025-04-15,1.0
OPP-01089,Discovery,2024-01-10,2024-01-17,7.0
OPP-01090,Discovery,2024-06-13,2024-06-20,7.0
OPP-01090,Qualification,2024-06-20,2024-07-20,30.0
OPP-01090,Proof of Concept,2024-07-20,2024-08-24,35.0
OPP-01091,Discovery,2025-05-21,2025-05-26,5.0
OPP-01091,Qualification,2025-05-26,2025-06-07,12.0
OPP-01091,Proof of Concept,2025-06-07,2025-06-16,9.0
OPP-01092,Discovery,2025-04-10,2025-04-12,2.0
OPP-01092,Qualification,2025-04-12,2025-04-23,11.0
OPP-01092,Proof of Concept,2025-04-23,2025-05-03,10.0
OPP-01093,Discovery,2025-04-05,2025-04-15,10.0
OPP-01093,Qualification,2025-04-15,2025-04-18,3.0
OPP-01093,Proof of Concept,2025-04-18,2025-05-07,19.0
OPP-01094,Discovery,2024-01-09,2024-01-16,7.0
OPP-01095,Discovery,2025-04-19,2025-04-28,9.0
OPP-01096,Discovery,2024-10-19,2024-10-21,2.0
OPP-01097,Discovery,2024-06-28,2024-06-30,2.0
OPP-01097,Qualification,2024-06-30,2024-07-09,9.0
OPP-01097,Proof of Concept,2024-07-09,2024-07-15,6.0
OPP-01098,Discovery,2024-12-14,2024-12-28,14.0
OPP-01098,Qualification,2024-12-28,2025-01-06,9.0
OPP-01098,Proof of Concept,2025-01-06,2025-01-12,6.0
OPP-01099,Discovery,2025-05-08,2025-05-22,14.0
OPP-01099,Qualification,2025-05-22,2025-05-24,2.0
OPP-01099,Proof of Concept,2025-05-24,2025-06-24,31.0
OPP-01100,Discovery,2024-10-11,2024-10-16,5.0
OPP-01100,Qualification,2024-10-16,2024-10-22,6.0
OPP-01100,Proof of Concept,2024-10-22,2024-10-28,6.0
OPP-01101,Discovery,2024-04-20,2024-04-25,5.0
OPP-01102,Discovery,2025-07-26,2025-07-31,5.0
OPP-01102,Qualification,2025-07-31,2025-08-06,6.0
OPP-01102,Proof of Concept,2025-08-06,2025-08-22,16.0
OPP-01102,Negotiation,2025-08-22,2025-09-10,19.0
OPP-01103,Discovery,2025-07-17,2025-07-21,4.0
OPP-01103,Qualification,2025-07-21,2025-07-27,6.0
OPP-01103,Proof of Concept,2025-07-27,2025-08-23,27.0
OPP-01103,Negotiation,2025-08-23,2025-08-28,5.0
OPP-01104,Discovery,2025-07-19,2025-07-30,11.0
OPP-01104,Qualification,2025-07-30,2025-08-21,22.0
OPP-01105,Discovery,2025-11-16,2025-11-18,2.0
OPP-01105,Qualification,2025-11-18,2025-12-05,17.0
OPP-01106,Discovery,2024-05-01,2024-05-12,11.0
OPP-01106,Qualification,2024-05-12,2024-05-29,17.0
OPP-01106,Proof of Concept,2024-05-29,2024-06-12,14.0
OPP-01106,Negotiation,2024-06-12,2024-07-01,19.0
OPP-01107,Discovery,2024-07-04,2024-07-14,10.0
OPP-01108,Discovery,2025-01-14,2025-01-15,1.0
OPP-01109,Discovery,2024-03-21,2024-03-26,5.0
OPP-01109,Qualification,2024-03-26,2024-03-28,2.0
OPP-01109,Proof of Concept,2024-03-28,2024-04-08,11.0
OPP-01110,Discovery,2024-03-05,2024-03-09,4.0
OPP-01110,Qualification,2024-03-09,2024-03-14,5.0
OPP-01111,Discovery,2024-06-13,2024-06-17,4.0
OPP-01111,Qualification,2024-06-17,2024-07-05,18.0
OPP-01111,Proof of Concept,2024-07-05,2025-01-15,194.0
OPP-01112,Discovery,2024-06-15,2024-07-02,17.0
OPP-01112,Qualification,2024-07-02,2024-07-21,19.0
OPP-01112,Proof of Concept,2024-07-21,2024-08-08,18.0
OPP-01112,Negotiation,2024-08-08,2024-08-22,14.0
OPP-01113,Discovery,2024-12-17,2024-12-21,4.0
OPP-01113,Qualification,2024-12-21,2025-01-02,12.0
OPP-01114,Discovery,2024-07-09,2024-07-19,10.0
OPP-01114,Qualification,2024-07-19,2024-08-03,15.0
OPP-01114,Proof of Concept,2024-08-03,2024-08-13,10.0
OPP-01115,Discovery,2025-08-25,2025-09-01,7.0
OPP-01116,Discovery,2025-10-28,2025-10-30,2.0
OPP-01116,Qualification,2025-10-30,2025-11-01,2.0
OPP-01116,Proof of Concept,2025-11-01,2025-11-09,8.0
OPP-01117,Discovery,2025-11-30,2025-12-13,13.0
OPP-01117,Qualification,2025-12-13,2025-12-21,8.0
OPP-01118,Discovery,2025-08-30,2025-09-03,4.0
OPP-01118,Qualification,2025-09-03,2025-09-16,13.0
OPP-01119,Discovery,2025-04-15,2025-04-30,15.0
OPP-01119,Qualification,2025-04-30,2025-05-19,19.0
OPP-01119,Proof of Concept,2025-05-19,2025-07-12,54.0
OPP-01120,Discovery,2024-02-03,2024-02-04,1.0
OPP-01120,Qualification,2024-02-04,2024-02-11,7.0
OPP-01120,Proof of Concept,2024-02-11,2024-04-27,76.0
OPP-01121,Discovery,2024-08-09,2024-08-22,13.0
OPP-01121,Qualification,2024-08-22,2024-08-30,8.0
OPP-01121,Proof of Concept,2024-08-30,2024-09-15,16.0
OPP-01121,Negotiation,2024-09-15,2024-10-14,29.0
OPP-01122,Discovery,2024-04-10,2024-04-17,7.0
OPP-01122,Qualification,2024-04-17,2024-04-30,13.0
OPP-01123,Discovery,2024-09-11,2024-09-14,3.0
OPP-01123,Qualification,2024-09-14,2024-10-04,20.0
OPP-01123,Proof of Concept,2024-10-04,2024-10-22,18.0
OPP-01124,Discovery,2025-08-27,2025-09-02,6.0
OPP-01125,Discovery,2024-09-29,2024-10-02,3.0
OPP-01126,Discovery,2024-09-02,2024-09-06,4.0
OPP-01126,Qualification,2024-09-06,2024-09-07,1.0
OPP-01126,Proof of Concept,2024-09-07,2024-09-20,13.0
OPP-01127,Discovery,2025-06-16,2025-07-01,15.0
OPP-01127,Qualification,2025-07-01,2025-07-10,9.0
OPP-01128,Discovery,2024-08-24,2024-09-10,17.0
OPP-01128,Qualification,2024-09-10,2024-09-16,6.0
OPP-01129,Discovery,2024-08-28,2024-09-02,5.0
OPP-01129,Qualification,2024-09-02,2024-09-19,17.0
OPP-01129,Proof of Concept,2024-09-19,2024-10-03,14.0
OPP-01130,Discovery,2025-04-29,2025-05-05,6.0
OPP-01131,Discovery,2025-07-17,2025-07-23,6.0
OPP-01131,Qualification,2025-07-23,2025-07-24,1.0
OPP-01132,Discovery,2025-07-21,2025-07-25,4.0
OPP-01133,Discovery,2024-03-17,2024-03-25,8.0
OPP-01133,Qualification,2024-03-25,2024-04-09,15.0
OPP-01133,Proof of Concept,2024-04-09,2024-04-23,14.0
OPP-01134,Discovery,2025-12-16,2025-12-22,6.0
OPP-01134,Qualification,2025-12-22,2025-12-26,4.0
OPP-01135,Discovery,2024-08-16,2024-08-23,7.0
OPP-01136,Discovery,2025-07-11,2025-08-01,21.0
OPP-01136,Qualification,2025-08-01,2025-08-20,19.0
OPP-01137,Discovery,2025-01-18,2025-01-25,7.0
OPP-01137,Qualification,2025-01-25,2025-01-27,2.0
OPP-01137,Proof of Concept,2025-01-27,2025-02-09,13.0
OPP-01137,Negotiation,2025-02-09,2025-02-13,4.0
OPP-01138,Discovery,2025-01-10,2025-01-19,9.0
OPP-01138,Qualification,2025-01-19,2025-02-02,14.0
OPP-01138,Proof of Concept,2025-02-02,2025-04-18,75.0
OPP-01139,Discovery,2024-12-06,2024-12-11,5.0
OPP-01139,Qualification,2024-12-11,2024-12-15,4.0
OPP-01140,Discovery,2024-10-27,2024-11-04,8.0
OPP-01140,Qualification,2024-11-04,2024-11-10,6.0
OPP-01141,Discovery,2024-06-12,2024-06-16,4.0
OPP-01141,Qualification,2024-06-16,2024-07-04,18.0
OPP-01142,Discovery,2024-11-24,2024-11-26,2.0
OPP-01142,Qualification,2024-11-26,2024-12-15,19.0
OPP-01143,Discovery,2024-10-06,2024-10-09,3.0
OPP-01144,Discovery,2025-01-27,2025-01-30,3.0
OPP-01144,Qualification,2025-01-30,2025-02-05,6.0
OPP-01144,Proof of Concept,2025-02-05,2025-05-17,101.0
OPP-01145,Discovery,2024-08-14,2024-08-28,14.0
OPP-01145,Qualification,2024-08-28,2024-09-08,11.0
OPP-01145,Proof of Concept,2024-09-08,2024-09-29,21.0
OPP-01146,Discovery,2025-03-20,2025-03-29,9.0
OPP-01146,Qualification,2025-03-29,2025-04-04,6.0
OPP-01146,Proof of Concept,2025-04-04,2025-04-10,6.0
OPP-01146,Negotiation,2025-04-10,2025-04-15,5.0
OPP-01147,Discovery,2024-11-26,2024-12-03,7.0
OPP-01148,Discovery,2025-02-01,2025-02-18,17.0
OPP-01148,Qualification,2025-02-18,2025-03-04,14.0
OPP-01149,Discovery,2025-05-17,2025-06-08,22.0
OPP-01150,Discovery,2024-06-11,2024-06-15,4.0
OPP-01150,Qualification,2024-06-15,2024-07-14,29.0
OPP-01150,Proof of Concept,2024-07-14,2024-07-20,6.0
OPP-01150,Negotiation,2024-07-20,2024-08-06,17.0
OPP-01151,Discovery,2024-02-19,2024-03-04,14.0
OPP-01152,Discovery,2024-12-07,2024-12-14,7.0
OPP-01152,Qualification,2024-12-14,2024-12-20,6.0
OPP-01152,Proof of Concept,2024-12-20,2025-01-28,39.0
OPP-01153,Discovery,2024-04-03,2024-04-25,22.0
OPP-01153,Qualification,2024-04-25,2024-04-30,5.0
OPP-01154,Discovery,2024-05-22,2024-05-25,3.0
OPP-01154,Qualification,2024-05-25,2024-06-12,18.0
OPP-01154,Proof of Concept,2024-06-12,2024-06-23,11.0
OPP-01155,Discovery,2024-02-07,2024-02-14,7.0
OPP-01156,Discovery,2024-07-25,2024-07-30,5.0
OPP-01156,Qualification,2024-07-30,2024-08-31,32.0
OPP-01157,Discovery,2025-06-19,2025-06-29,10.0
OPP-01157,Qualification,2025-06-29,2025-07-11,12.0
OPP-01157,Proof of Concept,2025-07-11,2025-07-19,8.0
OPP-01158,Discovery,2024-03-17,2024-03-20,3.0
OPP-01158,Qualification,2024-03-20,2024-04-05,16.0
OPP-01158,Proof of Concept,2024-04-05,2024-04-10,5.0
OPP-01159,Discovery,2025-01-02,2025-01-07,5.0
OPP-01159,Qualification,2025-01-07,2025-01-19,12.0
OPP-01159,Proof of Concept,2025-01-19,2025-02-19,31.0
OPP-01160,Discovery,2023-12-07,2023-12-23,16.0
OPP-01160,Qualification,2023-12-23,2024-01-09,17.0
OPP-01160,Proof of Concept,2024-01-09,2024-03-08,59.0
OPP-01160,Negotiation,2024-03-08,2024-04-23,46.0
OPP-01161,Discovery,2024-09-05,2024-09-19,14.0
OPP-01162,Discovery,2024-06-19,2024-06-29,10.0
OPP-01162,Qualification,2024-06-29,2024-07-15,16.0
OPP-01162,Proof of Concept,2024-07-15,2024-08-19,35.0
OPP-01163,Discovery,2025-06-20,2025-07-08,18.0
OPP-01163,Qualification,2025-07-08,2025-07-17,9.0
OPP-01163,Proof of Concept,2025-07-17,2025-08-22,36.0
OPP-01164,Discovery,2025-05-05,2025-05-07,2.0
OPP-01164,Qualification,2025-05-07,2025-05-20,13.0
OPP-01164,Proof of Concept,2025-05-20,2025-06-14,25.0
OPP-01164,Negotiation,2025-06-14,2025-06-28,14.0
OPP-01165,Discovery,2025-08-31,2025-09-05,5.0
OPP-01165,Qualification,2025-09-05,2025-09-21,16.0
OPP-01165,Proof of Concept,2025-09-21,2025-09-24,3.0
OPP-01166,Discovery,2024-05-17,2024-05-20,3.0
OPP-01166,Qualification,2024-05-20,2024-05-28,8.0
OPP-01166,Proof of Concept,2024-05-28,2024-06-21,24.0
OPP-01166,Negotiation,2024-06-21,2024-06-25,4.0
OPP-01167,Discovery,2025-10-14,2025-10-16,2.0
OPP-01167,Qualification,2025-10-16,2025-10-18,2.0
OPP-01167,Proof of Concept,2025-10-18,2025-11-17,30.0
OPP-01167,Negotiation,2025-11-17,2025-11-23,6.0
OPP-01168,Discovery,2024-09-04,2024-09-15,11.0
OPP-01168,Qualification,2024-09-15,2024-09-18,3.0
OPP-01168,Proof of Concept,2024-09-18,2024-09-30,12.0
OPP-01169,Discovery,2024-04-04,2024-04-07,3.0
OPP-01169,Qualification,2024-04-07,2024-04-19,12.0
OPP-01169,Proof of Concept,2024-04-19,2024-05-06,17.0
OPP-01170,Discovery,2024-04-10,2024-04-14,4.0
OPP-01171,Discovery,2025-09-29,2025-10-04,5.0
OPP-01171,Qualification,2025-10-04,2025-10-10,6.0
OPP-01172,Discovery,2025-03-28,2025-04-11,14.0
OPP-01172,Qualification,2025-04-11,2025-04-14,3.0
OPP-01172,Proof of Concept,2025-04-14,2025-05-08,24.0
OPP-01173,Discovery,2025-10-08,2025-10-12,4.0
OPP-01174,Discovery,2024-09-25,2024-10-18,23.0
OPP-01175,Discovery,2024-11-04,2024-11-17,13.0
OPP-01175,Qualification,2024-11-17,2024-11-23,6.0
OPP-01175,Proof of Concept,2024-11-23,2024-12-13,20.0
OPP-01176,Discovery,2025-02-15,2025-02-22,7.0
OPP-01176,Qualification,2025-02-22,2025-03-05,11.0
OPP-01176,Proof of Concept,2025-03-05,2025-04-10,36.0
OPP-01177,Discovery,2024-03-05,2024-03-09,4.0
OPP-01177,Qualification,2024-03-09,2024-03-21,12.0
OPP-01178,Discovery,2025-10-14,2025-10-20,6.0
OPP-01178,Qualification,2025-10-20,2025-10-26,6.0
OPP-01178,Proof of Concept,2025-10-26,2025-11-04,9.0
OPP-01179,Discovery,2025-08-01,2025-08-03,2.0
OPP-01180,Discovery,2024-04-16,2024-04-20,4.0
OPP-01180,Qualification,2024-04-20,2024-04-21,1.0
OPP-01180,Proof of Concept,2024-04-21,2024-04-30,9.0
OPP-01181,Discovery,2025-11-30,2025-12-14,14.0
OPP-01182,Discovery,2025-10-07,2025-10-15,8.0
OPP-01182,Qualification,2025-10-15,2025-10-25,10.0
OPP-01182,Proof of Concept,2025-10-25,2025-11-02,8.0
OPP-01183,Discovery,2024-04-08,2024-05-06,28.0
OPP-01183,Qualification,2024-05-06,2024-05-25,19.0
OPP-01183,Proof of Concept,2024-05-25,2024-06-26,32.0
OPP-01183,Negotiation,2024-06-26,2024-07-13,17.0
OPP-01184,Discovery,2025-10-26,2025-10-30,4.0
OPP-01184,Qualification,2025-10-30,2025-11-08,9.0
OPP-01185,Discovery,2024-01-09,2024-01-19,10.0
OPP-01185,Qualification,2024-01-19,2024-01-31,12.0
OPP-01186,Discovery,2025-04-22,2025-04-27,5.0
OPP-01186,Qualification,2025-04-27,2025-05-25,28.0
OPP-01186,Proof of Concept,2025-05-25,2025-06-20,26.0
OPP-01186,Negotiation,2025-06-20,2025-07-20,30.0
OPP-01187,Discovery,2024-11-23,2024-11-27,4.0
OPP-01187,Qualification,2024-11-27,2024-12-14,17.0
OPP-01187,Proof of Concept,2024-12-14,2024-12-23,9.0
OPP-01188,Discovery,2024-07-08,2024-07-10,2.0
OPP-01188,Qualification,2024-07-10,2024-07-28,18.0
OPP-01188,Proof of Concept,2024-07-28,2024-08-01,4.0
OPP-01189,Discovery,2024-08-04,2024-08-09,5.0
OPP-01189,Qualification,2024-08-09,2024-08-19,10.0
OPP-01189,Proof of Concept,2024-08-19,2024-09-30,42.0
OPP-01190,Discovery,2025-05-15,2025-05-30,15.0
OPP-01190,Qualification,2025-05-30,2025-06-08,9.0
OPP-01190,Proof of Concept,2025-06-08,2025-09-22,106.0
OPP-01191,Discovery,2025-07-28,2025-07-30,2.0
OPP-01191,Qualification,2025-07-30,2025-08-07,8.0
OPP-01192,Discovery,2024-02-02,2024-02-08,6.0
OPP-01193,Discovery,2024-11-24,2024-11-29,5.0
OPP-01193,Qualification,2024-11-29,2024-12-09,10.0
OPP-01193,Proof of Concept,2024-12-09,2025-02-15,68.0
OPP-01194,Discovery,2025-02-18,2025-02-23,5.0
OPP-01194,Qualification,2025-02-23,2025-03-10,15.0
OPP-01194,Proof of Concept,2025-03-10,2025-03-11,1.0
OPP-01195,Discovery,2025-02-24,2025-03-13,17.0
OPP-01195,Qualification,2025-03-13,2025-03-16,3.0
OPP-01196,Discovery,2024-03-27,2024-03-31,4.0
OPP-01196,Qualification,2024-03-31,2024-04-08,8.0
OPP-01196,Proof of Concept,2024-04-08,2024-04-14,6.0
OPP-01197,Discovery,2024-03-05,2024-03-09,4.0
OPP-01197,Qualification,2024-03-09,2024-03-22,13.0
OPP-01197,Proof of Concept,2024-03-22,2024-05-03,42.0
OPP-01198,Discovery,2024-01-08,2024-01-11,3.0
OPP-01198,Qualification,2024-01-11,2024-02-03,23.0
OPP-01198,Proof of Concept,2024-02-03,2024-02-18,15.0
OPP-01199,Discovery,2024-08-31,2024-09-07,7.0
OPP-01200,Discovery,2025-05-31,2025-06-02,2.0
OPP-01201,Discovery,2024-08-16,2024-08-28,12.0
OPP-01201,Qualification,2024-08-28,2024-09-12,15.0
OPP-01201,Proof of Concept,2024-09-12,2024-10-18,36.0
OPP-01202,Discovery,2025-07-01,2025-07-03,2.0
OPP-01202,Qualification,2025-07-03,2025-07-07,4.0
OPP-01202,Proof of Concept,2025-07-07,2025-08-11,35.0
OPP-01203,Discovery,2025-05-28,2025-06-04,7.0
OPP-01203,Qualification,2025-06-04,2025-06-21,17.0
OPP-01203,Proof of Concept,2025-06-21,2025-06-26,5.0
OPP-01204,Discovery,2024-04-08,2024-04-12,4.0
OPP-01205,Discovery,2024-03-16,2024-04-11,26.0
OPP-01206,Discovery,2025-11-14,2025-11-20,6.0
OPP-01206,Qualification,2025-11-20,2025-11-22,2.0
OPP-01206,Proof of Concept,2025-11-22,2025-11-24,2.0
OPP-01207,Discovery,2025-06-25,2025-07-04,9.0
OPP-01207,Qualification,2025-07-04,2025-07-18,14.0
OPP-01207,Proof of Concept,2025-07-18,2025-08-04,17.0
OPP-01208,Discovery,2024-05-10,2024-05-25,15.0
OPP-01208,Qualification,2024-05-25,2024-06-04,10.0
OPP-01209,Discovery,2024-04-03,2024-04-05,2.0
OPP-01209,Qualification,2024-04-05,2024-04-28,23.0
OPP-01209,Proof of Concept,2024-04-28,2024-06-03,36.0
OPP-01210,Discovery,2025-01-09,2025-01-15,6.0
OPP-01210,Qualification,2025-01-15,2025-01-27,12.0
OPP-01211,Discovery,2024-10-11,2024-10-21,10.0
OPP-01211,Qualification,2024-10-21,2024-11-08,18.0
OPP-01212,Discovery,2024-11-29,2024-12-10,11.0
OPP-01213,Discovery,2024-11-02,2024-11-23,21.0
OPP-01213,Qualification,2024-11-23,2024-12-02,9.0
OPP-01213,Proof of Concept,2024-12-02,2025-01-14,43.0
OPP-01214,Discovery,2024-09-07,2024-09-09,2.0
OPP-01214,Qualification,2024-09-09,2024-09-24,15.0
OPP-01214,Proof of Concept,2024-09-24,2024-10-21,27.0
OPP-01215,Discovery,2024-12-12,2025-01-06,25.0
OPP-01215,Qualification,2025-01-06,2025-02-28,53.0
OPP-01215,Proof of Concept,2025-02-28,2025-03-28,28.0
OPP-01215,Negotiation,2025-03-28,2025-04-19,22.0
OPP-01216,Discovery,2024-07-16,2024-07-31,15.0
OPP-01216,Qualification,2024-07-31,2024-08-02,2.0
OPP-01216,Proof of Concept,2024-08-02,2024-08-06,4.0
OPP-01217,Discovery,2024-02-02,2024-02-08,6.0
OPP-01218,Discovery,2025-04-20,2025-04-28,8.0
OPP-01219,Discovery,2024-06-15,2024-06-26,11.0
OPP-01220,Discovery,2024-06-19,2024-06-26,7.0
OPP-01221,Discovery,2025-08-14,2025-08-16,2.0
OPP-01221,Qualification,2025-08-16,2025-10-19,64.0
OPP-01222,Discovery,2024-10-07,2024-10-08,1.0
OPP-01222,Qualification,2024-10-08,2024-10-09,1.0
OPP-01223,Discovery,2025-04-20,2025-04-30,10.0
OPP-01223,Qualification,2025-04-30,2025-05-02,2.0
OPP-01223,Proof of Concept,2025-05-02,2025-05-31,29.0
OPP-01224,Discovery,2025-09-15,2025-10-15,30.0
OPP-01224,Qualification,2025-10-15,2025-10-17,2.0
OPP-01224,Proof of Concept,2025-10-17,2025-11-28,42.0
OPP-01224,Negotiation,2025-11-28,2025-12-18,20.0
OPP-01225,Discovery,2025-08-12,2025-08-16,4.0
OPP-01225,Qualification,2025-08-16,2025-08-23,7.0
OPP-01226,Discovery,2025-09-14,2025-10-02,18.0
OPP-01226,Qualification,2025-10-02,2025-10-25,23.0
OPP-01227,Discovery,2024-12-05,2024-12-13,8.0
OPP-01228,Discovery,2024-11-11,2024-11-29,18.0
OPP-01228,Qualification,2024-11-29,2024-12-03,4.0
OPP-01228,Proof of Concept,2024-12-03,2024-12-23,20.0
OPP-01229,Discovery,2024-12-18,2024-12-20,2.0
OPP-01230,Discovery,2024-11-18,2024-11-26,8.0
OPP-01231,Discovery,2024-01-12,2024-01-15,3.0
OPP-01231,Qualification,2024-01-15,2024-01-23,8.0
OPP-01231,Proof of Concept,2024-01-23,2024-01-27,4.0
OPP-01232,Discovery,2025-05-08,2025-05-14,6.0
OPP-01232,Qualification,2025-05-14,2025-05-21,7.0
OPP-01232,Proof of Concept,2025-05-21,2025-06-06,16.0
OPP-01233,Discovery,2025-10-17,2025-10-18,1.0
OPP-01234,Discovery,2024-07-24,2024-08-01,8.0
OPP-01234,Qualification,2024-08-01,2024-08-07,6.0
OPP-01234,Proof of Concept,2024-08-07,2024-08-18,11.0
OPP-01235,Discovery,2025-11-26,2025-11-27,1.0
OPP-01235,Qualification,2025-11-27,2025-12-01,4.0
OPP-01236,Discovery,2024-10-29,2024-11-08,10.0
OPP-01236,Qualification,2024-11-08,2024-11-18,10.0
OPP-01237,Discovery,2025-03-05,2025-03-30,25.0
OPP-01238,Discovery,2024-03-14,2024-03-17,3.0
OPP-01238,Qualification,2024-03-17,2024-03-24,7.0
OPP-01238,Proof of Concept,2024-03-24,2024-03-31,7.0
OPP-01239,Discovery,2024-06-04,2024-06-12,8.0
OPP-01239,Qualification,2024-06-12,2024-06-25,13.0
OPP-01239,Proof of Concept,2024-06-25,2024-06-26,1.0
OPP-01240,Discovery,2025-10-01,2025-10-07,6.0
OPP-01240,Qualification,2025-10-07,2025-10-19,12.0
OPP-01240,Proof of Concept,2025-10-19,2025-10-27,8.0
OPP-01241,Discovery,2025-05-20,2025-05-26,6.0
OPP-01241,Qualification,2025-05-26,2025-06-07,12.0
OPP-01241,Proof of Concept,2025-06-07,2025-06-13,6.0
OPP-01242,Discovery,2025-04-07,2025-04-22,15.0
OPP-01242,Qualification,2025-04-22,2025-05-05,13.0
OPP-01242,Proof of Concept,2025-05-05,2025-05-09,4.0
OPP-01243,Discovery,2025-03-05,2025-03-14,9.0
OPP-01243,Qualification,2025-03-14,2025-03-29,15.0
OPP-01243,Proof of Concept,2025-03-29,2025-05-08,40.0
OPP-01244,Discovery,2024-12-05,2024-12-08,3.0
OPP-01244,Qualification,2024-12-08,2024-12-26,18.0
OPP-01244,Proof of Concept,2024-12-26,2025-01-13,18.0
OPP-01244,Negotiation,2025-01-13,2025-01-28,15.0
OPP-01245,Discovery,2025-06-20,2025-06-24,4.0
OPP-01245,Qualification,2025-06-24,2025-07-03,9.0
OPP-01245,Proof of Concept,2025-07-03,2025-08-03,31.0
OPP-01246,Discovery,2025-04-09,2025-04-21,12.0
OPP-01246,Qualification,2025-04-21,2025-04-29,8.0
OPP-01246,Proof of Concept,2025-04-29,2025-05-09,10.0
OPP-01247,Discovery,2024-02-19,2024-02-21,2.0
OPP-01247,Qualification,2024-02-21,2024-03-08,16.0
OPP-01248,Discovery,2024-10-26,2024-10-30,4.0
OPP-01248,Qualification,2024-10-30,2024-11-02,3.0
OPP-01248,Proof of Concept,2024-11-02,2024-11-08,6.0
OPP-01249,Discovery,2024-04-04,2024-04-10,6.0
OPP-01249,Qualification,2024-04-10,2024-04-15,5.0
OPP-01249,Proof of Concept,2024-04-15,2024-04-27,12.0
OPP-01250,Discovery,2025-01-14,2025-01-17,3.0
OPP-01250,Qualification,2025-01-17,2025-01-19,2.0
OPP-01250,Proof of Concept,2025-01-19,2025-02-20,32.0
OPP-01251,Discovery,2025-06-11,2025-06-12,1.0
OPP-01251,Qualification,2025-06-12,2025-06-16,4.0
OPP-01251,Proof of Concept,2025-06-16,2025-06-18,2.0
OPP-01251,Negotiation,2025-06-18,2025-06-26,8.0
OPP-01252,Discovery,2024-07-13,2024-07-29,16.0
OPP-01252,Qualification,2024-07-29,2024-09-10,43.0
OPP-01253,Discovery,2024-03-26,2024-03-28,2.0
OPP-01254,Discovery,2025-04-02,2025-04-10,8.0
OPP-01254,Qualification,2025-04-10,2025-04-18,8.0
OPP-01254,Proof of Concept,2025-04-18,2025-05-04,16.0
OPP-01255,Discovery,2025-06-09,2025-06-15,6.0
OPP-01255,Qualification,2025-06-15,2025-06-22,7.0
OPP-01255,Proof of Concept,2025-06-22,2025-09-07,77.0
OPP-01256,Discovery,2024-01-19,2024-01-20,1.0
OPP-01256,Qualification,2024-01-20,2024-02-06,17.0
OPP-01256,Proof of Concept,2024-02-06,2024-02-15,9.0
OPP-01257,Discovery,2023-08-15,2023-09-06,22.0
OPP-01257,Qualification,2023-09-06,2023-10-03,27.0
OPP-01257,Proof of Concept,2023-10-03,2024-01-13,102.0
OPP-01258,Discovery,2024-03-11,2024-03-16,5.0
OPP-01259,Discovery,2025-10-15,2025-10-22,7.0
OPP-01259,Qualification,2025-10-22,2025-10-29,7.0
OPP-01259,Proof of Concept,2025-10-29,2025-11-13,15.0
OPP-01260,Discovery,2024-11-18,2024-12-04,16.0
OPP-01260,Qualification,2024-12-04,2024-12-15,11.0
OPP-01260,Proof of Concept,2024-12-15,2025-02-17,64.0
OPP-01261,Discovery,2024-05-07,2024-05-18,11.0
OPP-01261,Qualification,2024-05-18,2024-05-26,8.0
OPP-01261,Proof of Concept,2024-05-26,2024-06-11,16.0
OPP-01262,Discovery,2025-02-08,2025-02-15,7.0
OPP-01262,Qualification,2025-02-15,2025-02-20,5.0
OPP-01263,Discovery,2024-01-26,2024-02-02,7.0
OPP-01263,Qualification,2024-02-02,2024-02-04,2.0
OPP-01263,Proof of Concept,2024-02-04,2024-02-22,18.0
OPP-01264,Discovery,2025-09-07,2025-09-11,4.0
OPP-01264,Qualification,2025-09-11,2025-09-24,13.0
OPP-01264,Proof of Concept,2025-09-24,2025-10-17,23.0
OPP-01264,Negotiation,2025-10-17,2025-10-30,13.0
OPP-01265,Discovery,2024-09-02,2024-09-11,9.0
OPP-01266,Discovery,2025-05-19,2025-06-01,13.0
OPP-01267,Discovery,2025-08-16,2025-08-27,11.0
OPP-01268,Discovery,2025-12-24,2025-12-27,3.0
OPP-01269,Discovery,2023-12-14,2023-12-20,6.0
OPP-01269,Qualification,2023-12-20,2024-01-01,12.0
OPP-01270,Discovery,2025-08-05,2025-08-25,20.0
OPP-01270,Qualification,2025-08-25,2025-09-02,8.0
OPP-01270,Proof of Concept,2025-09-02,2025-09-29,27.0
OPP-01271,Discovery,2024-08-15,2024-08-18,3.0
OPP-01272,Discovery,2024-09-16,2024-09-19,3.0
OPP-01273,Discovery,2024-04-13,2024-04-23,10.0
OPP-01273,Qualification,2024-04-23,2024-05-02,9.0
OPP-01273,Proof of Concept,2024-05-02,2024-05-25,23.0
OPP-01274,Discovery,2025-04-27,2025-04-30,3.0
OPP-01274,Qualification,2025-04-30,2025-05-24,24.0
OPP-01274,Proof of Concept,2025-05-24,2025-06-17,24.0
OPP-01275,Discovery,2024-05-08,2024-05-28,20.0
OPP-01275,Qualification,2024-05-28,2024-06-17,20.0
OPP-01275,Proof of Concept,2024-06-17,2024-08-06,50.0
OPP-01276,Discovery,2024-07-30,2024-08-02,3.0
OPP-01276,Qualification,2024-08-02,2024-08-12,10.0
OPP-01276,Proof of Concept,2024-08-12,2024-08-26,14.0
OPP-01277,Discovery,2024-02-13,2024-03-04,20.0
OPP-01277,Qualification,2024-03-04,2024-03-06,2.0
OPP-01278,Discovery,2025-06-25,2025-07-07,12.0
OPP-01279,Discovery,2024-05-05,2024-05-15,10.0
OPP-01279,Qualification,2024-05-15,2024-05-16,1.0
OPP-01279,Proof of Concept,2024-05-16,2024-06-07,22.0
OPP-01279,Negotiation,2024-06-07,2024-06-12,5.0
OPP-01280,Discovery,2024-01-03,2024-01-14,11.0
OPP-01280,Qualification,2024-01-14,2024-01-16,2.0
OPP-01280,Proof of Concept,2024-01-16,2024-02-12,27.0
OPP-01281,Discovery,2024-12-12,2024-12-24,12.0
OPP-01281,Qualification,2024-12-24,2025-01-04,11.0
OPP-01282,Discovery,2025-09-29,2025-10-06,7.0
OPP-01282,Qualification,2025-10-06,2025-11-08,33.0
OPP-01282,Proof of Concept,2025-11-08,2025-12-29,51.0
OPP-01282,Negotiation,2025-12-29,2025-12-30,1.0
OPP-01283,Discovery,2024-09-22,2024-09-26,4.0
OPP-01283,Qualification,2024-09-26,2024-10-10,14.0
OPP-01284,Discovery,2024-03-15,2024-03-22,7.0
OPP-01284,Qualification,2024-03-22,2024-03-31,9.0
OPP-01285,Discovery,2025-05-18,2025-05-22,4.0
OPP-01285,Qualification,2025-05-22,2025-05-28,6.0
OPP-01285,Proof of Concept,2025-05-28,2025-06-11,14.0
OPP-01286,Discovery,2025-07-28,2025-07-31,3.0
OPP-01286,Qualification,2025-07-31,2025-08-14,14.0
OPP-01287,Discovery,2025-05-05,2025-05-21,16.0
OPP-01287,Qualification,2025-05-21,2025-06-01,11.0
OPP-01288,Discovery,2025-07-11,2025-07-19,8.0
OPP-01288,Qualification,2025-07-19,2025-07-27,8.0
OPP-01288,Proof of Concept,2025-07-27,2025-08-08,12.0
OPP-01288,Negotiation,2025-08-08,2025-08-27,19.0
OPP-01289,Discovery,2025-02-16,2025-03-03,15.0
OPP-01289,Qualification,2025-03-03,2025-03-05,2.0
OPP-01289,Proof of Concept,2025-03-05,2025-03-16,11.0
OPP-01290,Discovery,2024-03-10,2024-03-22,12.0
OPP-01290,Qualification,2024-03-22,2024-03-29,7.0
OPP-01290,Proof of Concept,2024-03-29,2024-04-10,12.0
OPP-01291,Discovery,2024-12-22,2024-12-31,9.0
OPP-01291,Qualification,2024-12-31,2025-01-05,5.0
OPP-01291,Proof of Concept,2025-01-05,2025-01-23,18.0
OPP-01291,Negotiation,2025-01-23,2025-01-24,1.0
OPP-01292,Discovery,2023-12-26,2024-01-01,6.0
OPP-01293,Discovery,2024-08-25,2024-09-10,16.0
OPP-01294,Discovery,2025-11-10,2025-11-14,4.0
OPP-01294,Qualification,2025-11-14,2025-11-19,5.0
OPP-01295,Discovery,2025-11-04,2025-11-09,5.0
OPP-01295,Qualification,2025-11-09,2025-11-20,11.0
OPP-01296,Discovery,2024-06-26,2024-07-01,5.0
OPP-01297,Discovery,2024-04-19,2024-05-02,13.0
OPP-01297,Qualification,2024-05-02,2024-05-09,7.0
OPP-01297,Proof of Concept,2024-05-09,2024-07-18,70.0
OPP-01298,Discovery,2024-02-06,2024-03-13,36.0
OPP-01298,Qualification,2024-03-13,2024-04-04,22.0
OPP-01299,Discovery,2024-11-23,2024-12-01,8.0
OPP-01299,Qualification,2024-12-01,2024-12-06,5.0
OPP-01300,Discovery,2025-03-27,2025-04-06,10.0
OPP-01301,Discovery,2025-04-15,2025-04-27,12.0
OPP-01302,Discovery,2025-12-15,2025-12-23,8.0
OPP-01303,Discovery,2025-02-04,2025-02-06,2.0
OPP-01304,Discovery,2024-03-14,2024-03-28,14.0
OPP-01305,Discovery,2025-03-06,2025-03-10,4.0
OPP-01305,Qualification,2025-03-10,2025-04-04,25.0
OPP-01305,Proof of Concept,2025-04-04,2025-05-02,28.0
OPP-01305,Negotiation,2025-05-02,2025-05-12,10.0
OPP-01306,Discovery,2024-08-02,2024-08-06,4.0
OPP-01307,Discovery,2025-02-03,2025-02-15,12.0
OPP-01308,Discovery,2024-09-24,2024-09-26,2.0
OPP-01308,Qualification,2024-09-26,2024-10-07,11.0
OPP-01309,Discovery,2024-11-25,2024-11-26,1.0
OPP-01310,Discovery,2025-03-28,2025-03-29,1.0
OPP-01310,Qualification,2025-03-29,2025-04-06,8.0
OPP-01310,Proof of Concept,2025-04-06,2025-04-16,10.0
OPP-01311,Discovery,2025-08-27,2025-09-04,8.0
OPP-01311,Qualification,2025-09-04,2025-09-22,18.0
OPP-01311,Proof of Concept,2025-09-22,2025-09-30,8.0
OPP-01312,Discovery,2024-10-28,2024-11-12,15.0
OPP-01312,Qualification,2024-11-12,2024-11-26,14.0
OPP-01313,Discovery,2024-01-28,2024-02-01,4.0
OPP-01313,Qualification,2024-02-01,2024-02-16,15.0
OPP-01314,Discovery,2025-04-30,2025-05-06,6.0
OPP-01314,Qualification,2025-05-06,2025-05-17,11.0
OPP-01315,Discovery,2025-03-03,2025-03-10,7.0
OPP-01315,Qualification,2025-03-10,2025-03-12,2.0
OPP-01316,Discovery,2025-06-29,2025-07-14,15.0
OPP-01317,Discovery,2025-05-02,2025-05-22,20.0
OPP-01317,Qualification,2025-05-22,2025-05-31,9.0
OPP-01317,Proof of Concept,2025-05-31,2025-06-28,28.0
OPP-01318,Discovery,2024-01-05,2024-01-08,3.0
OPP-01318,Qualification,2024-01-08,2024-01-30,22.0
OPP-01318,Proof of Concept,2024-01-30,2024-02-17,18.0
OPP-01318,Negotiation,2024-02-17,2024-02-25,8.0
OPP-01319,Discovery,2024-06-08,2024-06-14,6.0
OPP-01319,Qualification,2024-06-14,2024-06-20,6.0
OPP-01319,Proof of Concept,2024-06-20,2024-06-24,4.0
OPP-01320,Discovery,2024-12-25,2024-12-31,6.0
OPP-01320,Qualification,2024-12-31,2025-01-05,5.0
OPP-01321,Discovery,2025-07-29,2025-08-10,12.0
OPP-01322,Discovery,2025-07-22,2025-07-28,6.0
OPP-01322,Qualification,2025-07-28,2025-08-07,10.0
OPP-01322,Proof of Concept,2025-08-07,2025-09-16,40.0
OPP-01322,Negotiation,2025-09-16,2025-09-22,6.0
OPP-01323,Discovery,2024-12-25,2025-01-04,10.0
OPP-01324,Discovery,2024-12-24,2024-12-31,7.0
OPP-01324,Qualification,2024-12-31,2025-01-08,8.0
OPP-01324,Proof of Concept,2025-01-08,2025-01-12,4.0
OPP-01325,Discovery,2024-07-28,2024-08-03,6.0
OPP-01325,Qualification,2024-08-03,2024-09-14,42.0
OPP-01326,Discovery,2024-07-24,2024-08-04,11.0
OPP-01327,Discovery,2025-08-30,2025-09-05,6.0
OPP-01327,Qualification,2025-09-05,2025-09-17,12.0
OPP-01327,Proof of Concept,2025-09-17,2025-10-24,37.0
OPP-01328,Discovery,2024-09-23,2024-10-18,25.0
OPP-01328,Qualification,2024-10-18,2024-10-24,6.0
OPP-01329,Discovery,2025-09-21,2025-09-27,6.0
OPP-01329,Qualification,2025-09-27,2025-10-06,9.0
OPP-01329,Proof of Concept,2025-10-06,2025-10-13,7.0
OPP-01330,Discovery,2024-09-28,2024-09-30,2.0
OPP-01331,Discovery,2025-11-13,2025-11-27,14.0
OPP-01332,Discovery,2024-12-19,2025-01-01,13.0
OPP-01332,Qualification,2025-01-01,2025-01-06,5.0
OPP-01332,Proof of Concept,2025-01-06,2025-03-17,70.0
OPP-01333,Discovery,2025-01-19,2025-01-23,4.0
OPP-01333,Qualification,2025-01-23,2025-01-29,6.0
OPP-01334,Discovery,2024-12-01,2024-12-02,1.0
OPP-01334,Qualification,2024-12-02,2024-12-04,2.0
OPP-01335,Discovery,2025-06-13,2025-06-18,5.0
OPP-01335,Qualification,2025-06-18,2025-06-28,10.0
OPP-01335,Proof of Concept,2025-06-28,2025-07-11,13.0
OPP-01336,Discovery,2025-05-18,2025-05-26,8.0
OPP-01336,Qualification,2025-05-26,2025-06-08,13.0
OPP-01337,Discovery,2025-09-25,2025-11-04,40.0
OPP-01338,Discovery,2025-10-27,2025-11-01,5.0
OPP-01338,Qualification,2025-11-01,2025-11-07,6.0
OPP-01338,Proof of Concept,2025-11-07,2025-11-20,13.0
OPP-01338,Negotiation,2025-11-20,2025-12-02,12.0
OPP-01339,Discovery,2024-07-11,2024-07-18,7.0
OPP-01339,Qualification,2024-07-18,2024-07-30,12.0
OPP-01339,Proof of Concept,2024-07-30,2024-08-07,8.0
OPP-01340,Discovery,2025-05-29,2025-06-04,6.0
OPP-01340,Qualification,2025-06-04,2025-06-13,9.0
OPP-01340,Proof of Concept,2025-06-13,2025-06-26,13.0
OPP-01340,Negotiation,2025-06-26,2025-07-02,6.0
OPP-01341,Discovery,2025-02-14,2025-02-19,5.0
OPP-01342,Discovery,2024-06-10,2024-06-14,4.0
OPP-01342,Qualification,2024-06-14,2024-06-27,13.0
OPP-01342,Proof of Concept,2024-06-27,2024-07-21,24.0
OPP-01343,Discovery,2025-08-15,2025-08-19,4.0
OPP-01344,Discovery,2024-12-23,2025-01-01,9.0
OPP-01345,Discovery,2024-01-23,2024-01-25,2.0
OPP-01345,Qualification,2024-01-25,2024-01-30,5.0
OPP-01345,Proof of Concept,2024-01-30,2024-02-14,15.0
OPP-01345,Negotiation,2024-02-14,2024-02-17,3.0
OPP-01346,Discovery,2025-09-06,2025-09-20,14.0
OPP-01347,Discovery,2024-07-30,2024-08-10,11.0
OPP-01347,Qualification,2024-08-10,2024-08-30,20.0
OPP-01347,Proof of Concept,2024-08-30,2024-09-21,22.0
OPP-01347,Negotiation,2024-09-21,2024-09-30,9.0
OPP-01348,Discovery,2024-12-23,2025-01-05,13.0
OPP-01348,Qualification,2025-01-05,2025-01-06,1.0
OPP-01349,Discovery,2024-06-20,2024-06-29,9.0
OPP-01349,Qualification,2024-06-29,2024-06-30,1.0
OPP-01349,Proof of Concept,2024-06-30,2024-07-22,22.0
OPP-01350,Discovery,2025-04-13,2025-04-24,11.0
OPP-01350,Qualification,2025-04-24,2025-04-25,1.0
OPP-01351,Discovery,2024-10-11,2024-10-14,3.0
OPP-01351,Qualification,2024-10-14,2024-10-25,11.0
OPP-01351,Proof of Concept,2024-10-25,2024-11-25,31.0
OPP-01352,Discovery,2023-12-20,2023-12-27,7.0
OPP-01352,Qualification,2023-12-27,2024-01-05,9.0
OPP-01352,Proof of Concept,2024-01-05,2024-01-15,10.0
OPP-01353,Discovery,2025-06-03,2025-06-09,6.0
OPP-01353,Qualification,2025-06-09,2025-06-14,5.0
OPP-01353,Proof of Concept,2025-06-14,2025-07-05,21.0
OPP-01354,Discovery,2025-01-26,2025-02-04,9.0
OPP-01354,Qualification,2025-02-04,2025-02-09,5.0
OPP-01355,Discovery,2025-01-14,2025-01-16,2.0
OPP-01355,Qualification,2025-01-16,2025-01-31,15.0
OPP-01355,Proof of Concept,2025-01-31,2025-02-17,17.0
OPP-01355,Negotiation,2025-02-17,2025-02-23,6.0
OPP-01356,Discovery,2025-09-02,2025-09-03,1.0
OPP-01356,Qualification,2025-09-03,2025-09-04,1.0
OPP-01357,Discovery,2024-12-29,2025-01-03,5.0
OPP-01358,Discovery,2024-06-15,2024-06-20,5.0
OPP-01358,Qualification,2024-06-20,2024-08-01,42.0
OPP-01358,Proof of Concept,2024-08-01,2024-09-12,42.0
OPP-01359,Discovery,2025-01-12,2025-01-18,6.0
OPP-01359,Qualification,2025-01-18,2025-01-22,4.0
OPP-01359,Proof of Concept,2025-01-22,2025-01-28,6.0
OPP-01360,Discovery,2024-12-02,2024-12-11,9.0
OPP-01360,Qualification,2024-12-11,2024-12-18,7.0
OPP-01360,Proof of Concept,2024-12-18,2025-01-10,23.0
OPP-01361,Discovery,2024-10-18,2024-10-30,12.0
OPP-01362,Discovery,2025-05-26,2025-05-28,2.0
OPP-01362,Qualification,2025-05-28,2025-05-30,2.0
OPP-01362,Proof of Concept,2025-05-30,2025-06-03,4.0
OPP-01362,Negotiation,2025-06-03,2025-06-07,4.0
OPP-01363,Discovery,2024-11-05,2024-11-12,7.0
OPP-01363,Qualification,2024-11-12,2024-12-04,22.0
OPP-01364,Discovery,2024-04-17,2024-04-20,3.0
OPP-01364,Qualification,2024-04-20,2024-05-10,20.0
OPP-01365,Discovery,2024-08-20,2024-08-27,7.0
OPP-01365,Qualification,2024-08-27,2024-09-17,21.0
OPP-01366,Discovery,2025-09-18,2025-10-03,15.0
OPP-01366,Qualification,2025-10-03,2025-10-08,5.0
OPP-01366,Proof of Concept,2025-10-08,2025-10-30,22.0
OPP-01367,Discovery,2024-07-14,2024-07-16,2.0
OPP-01367,Qualification,2024-07-16,2024-07-23,7.0
OPP-01368,Discovery,2024-07-06,2024-07-13,7.0
OPP-01368,Qualification,2024-07-13,2024-08-09,27.0
OPP-01369,Discovery,2025-11-07,2025-11-14,7.0
OPP-01369,Qualification,2025-11-14,2025-11-27,13.0
OPP-01369,Proof of Concept,2025-11-27,2025-12-16,19.0
OPP-01370,Discovery,2024-10-16,2024-10-21,5.0
OPP-01370,Qualification,2024-10-21,2024-10-25,4.0
OPP-01370,Proof of Concept,2024-10-25,2024-11-21,27.0
OPP-01371,Discovery,2023-12-29,2024-01-14,16.0
OPP-01371,Qualification,2024-01-14,2024-01-28,14.0
OPP-01371,Proof of Concept,2024-01-28,2024-02-13,16.0
OPP-01372,Discovery,2024-03-28,2024-04-12,15.0
OPP-01373,Discovery,2025-01-10,2025-01-16,6.0
OPP-01374,Discovery,2024-06-20,2024-06-25,5.0
OPP-01374,Qualification,2024-06-25,2024-07-11,16.0
OPP-01375,Discovery,2024-01-16,2024-01-20,4.0
OPP-01376,Discovery,2025-03-28,2025-04-03,6.0
OPP-01376,Qualification,2025-04-03,2025-04-09,6.0
OPP-01376,Proof of Concept,2025-04-09,2025-04-25,16.0
OPP-01377,Discovery,2025-11-05,2025-11-07,2.0
OPP-01377,Qualification,2025-11-07,2025-11-14,7.0
OPP-01377,Proof of Concept,2025-11-14,2025-11-26,12.0
OPP-01378,Discovery,2024-02-16,2024-02-24,8.0
OPP-01379,Discovery,2024-11-13,2024-11-26,13.0
OPP-01379,Qualification,2024-11-26,2024-12-09,13.0
OPP-01380,Discovery,2025-01-07,2025-01-19,12.0
OPP-01380,Qualification,2025-01-19,2025-01-22,3.0
OPP-01380,Proof of Concept,2025-01-22,2025-02-01,10.0
OPP-01381,Discovery,2025-04-06,2025-04-18,12.0
OPP-01381,Qualification,2025-04-18,2025-05-04,16.0
OPP-01381,Proof of Concept,2025-05-04,2025-07-26,83.0
OPP-01381,Negotiation,2025-07-26,2025-08-21,26.0
OPP-01382,Discovery,2024-08-20,2024-08-24,4.0
OPP-01382,Qualification,2024-08-24,2024-08-27,3.0
OPP-01382,Proof of Concept,2024-08-27,2024-09-22,26.0
OPP-01383,Discovery,2024-04-18,2024-05-01,13.0
OPP-01383,Qualification,2024-05-01,2024-05-08,7.0
OPP-01383,Proof of Concept,2024-05-08,2024-05-30,22.0
OPP-01384,Discovery,2024-02-08,2024-02-09,1.0
OPP-01384,Qualification,2024-02-09,2024-02-18,9.0
OPP-01385,Discovery,2024-04-06,2024-04-10,4.0
OPP-01385,Qualification,2024-04-10,2024-05-02,22.0
OPP-01385,Proof of Concept,2024-05-02,2024-05-12,10.0
OPP-01386,Discovery,2024-02-02,2024-02-07,5.0
OPP-01386,Qualification,2024-02-07,2024-02-22,15.0
OPP-01387,Discovery,2025-09-08,2025-09-14,6.0
OPP-01388,Discovery,2024-08-10,2024-08-12,2.0
OPP-01388,Qualification,2024-08-12,2024-08-19,7.0
OPP-01388,Proof of Concept,2024-08-19,2024-09-10,22.0
OPP-01388,Negotiation,2024-09-10,2024-09-11,1.0
OPP-01389,Discovery,2024-10-05,2024-10-12,7.0
OPP-01389,Qualification,2024-10-12,2024-10-19,7.0
OPP-01390,Discovery,2024-08-11,2024-08-14,3.0
OPP-01391,Discovery,2025-03-24,2025-03-31,7.0
OPP-01392,Discovery,2024-02-18,2024-03-19,30.0
OPP-01393,Discovery,2024-06-20,2024-06-24,4.0
OPP-01393,Qualification,2024-06-24,2024-07-15,21.0
OPP-01394,Discovery,2025-01-20,2025-01-26,6.0
OPP-01394,Qualification,2025-01-26,2025-02-13,18.0
OPP-01394,Proof of Concept,2025-02-13,2025-02-17,4.0
OPP-01395,Discovery,2024-11-17,2024-12-05,18.0
OPP-01395,Qualification,2024-12-05,2024-12-06,1.0
OPP-01396,Discovery,2024-05-28,2024-05-29,1.0
OPP-01396,Qualification,2024-05-29,2024-06-28,30.0
OPP-01396,Proof of Concept,2024-06-28,2024-06-29,1.0
OPP-01397,Discovery,2025-04-10,2025-04-13,3.0
OPP-01397,Qualification,2025-04-13,2025-04-14,1.0
OPP-01398,Discovery,2025-01-16,2025-01-21,5.0
OPP-01398,Qualification,2025-01-21,2025-01-29,8.0
OPP-01398,Proof of Concept,2025-01-29,2025-03-01,31.0
OPP-01399,Discovery,2024-07-28,2024-07-30,2.0
OPP-01399,Qualification,2024-07-30,2024-08-08,9.0
OPP-01399,Proof of Concept,2024-08-08,2024-08-20,12.0
OPP-01399,Negotiation,2024-08-20,2024-08-26,6.0
OPP-01400,Discovery,2024-11-20,2024-11-22,2.0
OPP-01401,Discovery,2024-12-18,2024-12-22,4.0
OPP-01401,Qualification,2024-12-22,2024-12-27,5.0
OPP-01401,Proof of Concept,2024-12-27,2025-01-05,9.0
OPP-01401,Negotiation,2025-01-05,2025-01-17,12.0
OPP-01402,Discovery,2024-05-06,2024-05-07,1.0
OPP-01402,Qualification,2024-05-07,2024-05-12,5.0
OPP-01402,Proof of Concept,2024-05-12,2024-05-22,10.0
OPP-01403,Discovery,2025-02-12,2025-02-21,9.0
OPP-01403,Qualification,2025-02-21,2025-03-02,9.0
OPP-01404,Discovery,2024-10-27,2024-11-03,7.0
OPP-01405,Discovery,2025-09-25,2025-09-28,3.0
OPP-01406,Discovery,2025-03-16,2025-04-01,16.0
OPP-01406,Qualification,2025-04-01,2025-05-13,42.0
OPP-01406,Proof of Concept,2025-05-13,2025-05-31,18.0
OPP-01407,Discovery,2025-12-03,2025-12-04,1.0
OPP-01408,Discovery,2024-03-17,2024-03-21,4.0
OPP-01408,Qualification,2024-03-21,2024-04-01,11.0
OPP-01409,Discovery,2025-12-09,2025-12-10,1.0
OPP-01410,Discovery,2025-03-13,2025-03-17,4.0
OPP-01410,Qualification,2025-03-17,2025-03-19,2.0
OPP-01410,Proof of Concept,2025-03-19,2025-04-03,15.0
OPP-01411,Discovery,2024-04-19,2024-05-05,16.0
OPP-01411,Qualification,2024-05-05,2024-05-19,14.0
OPP-01411,Proof of Concept,2024-05-19,2024-05-27,8.0
OPP-01412,Discovery,2025-11-29,2025-12-06,7.0
OPP-01412,Qualification,2025-12-06,2025-12-09,3.0
OPP-01413,Discovery,2024-10-05,2024-10-06,1.0
OPP-01413,Qualification,2024-10-06,2024-10-11,5.0
OPP-01413,Proof of Concept,2024-10-11,2024-10-13,2.0
OPP-01413,Negotiation,2024-10-13,2024-10-27,14.0
OPP-01414,Discovery,2024-03-28,2024-03-30,2.0
OPP-01415,Discovery,2025-11-07,2025-11-15,8.0
OPP-01415,Qualification,2025-11-15,2025-11-20,5.0
OPP-01416,Discovery,2024-07-07,2024-07-13,6.0
OPP-01416,Qualification,2024-07-13,2024-07-14,1.0
OPP-01416,Proof of Concept,2024-07-14,2024-07-21,7.0
OPP-01417,Discovery,2024-11-01,2024-11-07,6.0
OPP-01417,Qualification,2024-11-07,2024-11-23,16.0
OPP-01417,Proof of Concept,2024-11-23,2025-01-23,61.0
OPP-01418,Discovery,2024-01-18,2024-01-21,3.0
OPP-01419,Discovery,2024-12-22,2025-01-08,17.0
OPP-01420,Discovery,2024-11-12,2024-11-16,4.0
OPP-01421,Discovery,2025-10-27,2025-11-08,12.0
OPP-01421,Qualification,2025-11-08,2025-11-10,2.0
OPP-01421,Proof of Concept,2025-11-10,2025-11-18,8.0
OPP-01422,Discovery,2025-03-24,2025-04-07,14.0
OPP-01423,Discovery,2025-05-26,2025-06-01,6.0
OPP-01423,Qualification,2025-06-01,2025-06-08,7.0
OPP-01424,Discovery,2024-10-26,2024-10-31,5.0
OPP-01424,Qualification,2024-10-31,2024-11-03,3.0
OPP-01424,Proof of Concept,2024-11-03,2024-11-08,5.0
OPP-01425,Discovery,2025-02-07,2025-02-11,4.0
OPP-01426,Discovery,2025-02-20,2025-02-28,8.0
OPP-01426,Qualification,2025-02-28,2025-03-11,11.0
OPP-01427,Discovery,2024-04-02,2024-04-08,6.0
OPP-01427,Qualification,2024-04-08,2024-04-10,2.0
OPP-01427,Proof of Concept,2024-04-10,2024-04-18,8.0
OPP-01428,Discovery,2024-10-11,2024-10-19,8.0
OPP-01429,Discovery,2025-10-13,2025-10-21,8.0
OPP-01429,Qualification,2025-10-21,2025-10-31,10.0
OPP-01429,Proof of Concept,2025-10-31,2025-11-08,8.0
OPP-01430,Discovery,2024-11-25,2024-12-19,24.0
OPP-01431,Discovery,2025-02-07,2025-02-14,7.0
OPP-01431,Qualification,2025-02-14,2025-02-16,2.0
OPP-01431,Proof of Concept,2025-02-16,2025-02-19,3.0
OPP-01432,Discovery,2024-11-17,2024-11-27,10.0
OPP-01432,Qualification,2024-11-27,2024-11-29,2.0
OPP-01432,Proof of Concept,2024-11-29,2024-12-08,9.0
OPP-01433,Discovery,2024-04-21,2024-04-30,9.0
OPP-01433,Qualification,2024-04-30,2024-05-05,5.0
OPP-01434,Discovery,2024-12-24,2024-12-29,5.0
OPP-01435,Discovery,2024-01-23,2024-02-11,19.0
OPP-01435,Qualification,2024-02-11,2024-02-16,5.0
OPP-01435,Proof of Concept,2024-02-16,2024-04-16,60.0
OPP-01436,Discovery,2025-10-22,2025-10-26,4.0
OPP-01436,Qualification,2025-10-26,2025-11-15,20.0
OPP-01437,Discovery,2024-10-10,2024-10-22,12.0
OPP-01437,Qualification,2024-10-22,2024-10-25,3.0
OPP-01437,Proof of Concept,2024-10-25,2024-11-06,12.0
OPP-01438,Discovery,2025-05-14,2025-05-21,7.0
OPP-01438,Qualification,2025-05-21,2025-06-12,22.0
OPP-01438,Proof of Concept,2025-06-12,2025-06-14,2.0
OPP-01439,Discovery,2025-03-15,2025-03-16,1.0
OPP-01439,Qualification,2025-03-16,2025-04-16,31.0
OPP-01440,Discovery,2024-05-13,2024-05-17,4.0
OPP-01440,Qualification,2024-05-17,2024-05-21,4.0
OPP-01440,Proof of Concept,2024-05-21,2024-06-18,28.0
OPP-01441,Discovery,2025-10-21,2025-10-22,1.0
OPP-01442,Discovery,2024-10-28,2024-11-03,6.0
OPP-01442,Qualification,2024-11-03,2024-11-09,6.0
OPP-01442,Proof of Concept,2024-11-09,2024-11-21,12.0
OPP-01443,Discovery,2024-10-19,2024-10-21,2.0
OPP-01444,Discovery,2024-08-23,2024-09-14,22.0
OPP-01444,Qualification,2024-09-14,2024-10-11,27.0
OPP-01445,Discovery,2025-02-13,2025-02-22,9.0
OPP-01445,Qualification,2025-02-22,2025-03-05,11.0
OPP-01445,Proof of Concept,2025-03-05,2025-03-18,13.0
OPP-01446,Discovery,2025-01-01,2025-01-03,2.0
OPP-01446,Qualification,2025-01-03,2025-01-14,11.0
OPP-01447,Discovery,2025-10-29,2025-11-04,6.0
OPP-01447,Qualification,2025-11-04,2025-11-15,11.0
OPP-01448,Discovery,2024-01-25,2024-02-06,12.0
OPP-01448,Qualification,2024-02-06,2024-02-13,7.0
OPP-01448,Proof of Concept,2024-02-13,2024-02-22,9.0
OPP-01448,Negotiation,2024-02-22,2024-02-26,4.0
OPP-01449,Discovery,2024-07-15,2024-07-16,1.0
OPP-01449,Qualification,2024-07-16,2024-07-20,4.0
OPP-01450,Discovery,2025-09-29,2025-10-12,13.0
OPP-01450,Qualification,2025-10-12,2025-10-27,15.0
OPP-01451,Discovery,2025-10-09,2025-10-19,10.0
OPP-01451,Qualification,2025-10-19,2025-10-23,4.0
OPP-01451,Proof of Concept,2025-10-23,2025-11-03,11.0
OPP-01452,Discovery,2024-09-20,2024-10-06,16.0
OPP-01453,Discovery,2024-10-22,2024-10-31,9.0
OPP-01454,Discovery,2025-03-30,2025-04-06,7.0
OPP-01455,Discovery,2024-03-05,2024-03-19,14.0
OPP-01455,Qualification,2024-03-19,2024-03-24,5.0
OPP-01456,Discovery,2024-01-20,2024-01-27,7.0
OPP-01456,Qualification,2024-01-27,2024-02-11,15.0
OPP-01457,Discovery,2025-07-07,2025-07-18,11.0
OPP-01458,Discovery,2024-09-28,2024-10-02,4.0
OPP-01458,Qualification,2024-10-02,2024-10-09,7.0
OPP-01459,Discovery,2024-01-19,2024-02-06,18.0
OPP-01460,Discovery,2023-12-20,2023-12-21,1.0
OPP-01460,Qualification,2023-12-21,2024-01-24,34.0
OPP-01460,Proof of Concept,2024-01-24,2024-03-16,52.0
OPP-01461,Discovery,2024-03-03,2024-03-19,16.0
OPP-01461,Qualification,2024-03-19,2024-04-02,14.0
OPP-01462,Discovery,2025-04-25,2025-04-30,5.0
OPP-01463,Discovery,2024-09-20,2024-09-24,4.0
OPP-01464,Discovery,2025-08-20,2025-08-24,4.0
OPP-01464,Qualification,2025-08-24,2025-08-29,5.0
OPP-01464,Proof of Concept,2025-08-29,2025-11-23,86.0
OPP-01464,Negotiation,2025-11-23,2025-12-24,31.0
OPP-01465,Discovery,2025-07-28,2025-08-04,7.0
OPP-01466,Discovery,2025-10-09,2025-10-22,13.0
OPP-01466,Qualification,2025-10-22,2025-10-24,2.0
OPP-01467,Discovery,2025-01-21,2025-01-25,4.0
OPP-01467,Qualification,2025-01-25,2025-02-21,27.0
OPP-01467,Proof of Concept,2025-02-21,2025-03-24,31.0
OPP-01468,Discovery,2024-10-07,2024-10-09,2.0
OPP-01468,Qualification,2024-10-09,2024-10-14,5.0
OPP-01468,Proof of Concept,2024-10-14,2024-10-21,7.0
OPP-01469,Discovery,2025-05-14,2025-05-18,4.0
OPP-01470,Discovery,2024-08-13,2024-08-16,3.0
OPP-01470,Qualification,2024-08-16,2024-08-19,3.0
OPP-01470,Proof of Concept,2024-08-19,2024-08-23,4.0
OPP-01470,Negotiation,2024-08-23,2024-09-05,13.0
OPP-01471,Discovery,2024-05-07,2024-05-13,6.0
OPP-01472,Discovery,2025-03-13,2025-04-07,25.0
OPP-01472,Qualification,2025-04-07,2025-04-22,15.0
OPP-01472,Proof of Concept,2025-04-22,2025-06-02,41.0
OPP-01473,Discovery,2025-11-03,2025-11-10,7.0
OPP-01473,Qualification,2025-11-10,2025-11-23,13.0
OPP-01473,Proof of Concept,2025-11-23,2025-12-23,30.0
OPP-01474,Discovery,2024-04-19,2024-04-22,3.0
OPP-01475,Discovery,2025-06-13,2025-07-07,24.0
OPP-01475,Qualification,2025-07-07,2025-07-18,11.0
OPP-01476,Discovery,2025-06-22,2025-07-10,18.0
OPP-01476,Qualification,2025-07-10,2025-08-03,24.0
OPP-01476,Proof of Concept,2025-08-03,2025-08-15,12.0
OPP-01477,Discovery,2024-12-12,2024-12-20,8.0
OPP-01477,Qualification,2024-12-20,2025-01-02,13.0
OPP-01477,Proof of Concept,2025-01-02,2025-01-07,5.0
OPP-01478,Discovery,2025-06-07,2025-06-10,3.0
OPP-01478,Qualification,2025-06-10,2025-06-18,8.0
OPP-01479,Discovery,2024-08-31,2024-09-01,1.0
OPP-01479,Qualification,2024-09-01,2024-10-05,34.0
OPP-01479,Proof of Concept,2024-10-05,2024-10-12,7.0
OPP-01479,Negotiation,2024-10-12,2024-10-20,8.0
OPP-01480,Discovery,2025-01-20,2025-01-21,1.0
OPP-01481,Discovery,2025-07-28,2025-08-14,17.0
OPP-01482,Discovery,2025-05-29,2025-05-31,2.0
OPP-01482,Qualification,2025-05-31,2025-06-11,11.0
OPP-01482,Proof of Concept,2025-06-11,2025-06-18,7.0
OPP-01483,Discovery,2024-09-19,2024-10-01,12.0
OPP-01483,Qualification,2024-10-01,2024-10-20,19.0
OPP-01484,Discovery,2024-06-09,2024-06-26,17.0
OPP-01485,Discovery,2025-06-06,2025-06-14,8.0
OPP-01485,Qualification,2025-06-14,2025-06-19,5.0
OPP-01486,Discovery,2025-12-11,2025-12-25,14.0
OPP-01487,Discovery,2024-05-09,2024-05-25,16.0
OPP-01487,Qualification,2024-05-25,2024-06-06,12.0
OPP-01487,Proof of Concept,2024-06-06,2024-06-12,6.0
OPP-01487,Negotiation,2024-06-12,2024-06-17,5.0
OPP-01488,Discovery,2025-07-05,2025-07-13,8.0
OPP-01488,Qualification,2025-07-13,2025-07-19,6.0
OPP-01488,Proof of Concept,2025-07-19,2025-08-08,20.0
OPP-01488,Negotiation,2025-08-08,2025-08-09,1.0
OPP-01489,Discovery,2024-08-02,2024-08-13,11.0
OPP-01489,Qualification,2024-08-13,2024-08-23,10.0
OPP-01489,Proof of Concept,2024-08-23,2024-10-23,61.0
OPP-01490,Discovery,2024-03-16,2024-03-20,4.0
OPP-01490,Qualification,2024-03-20,2024-04-08,19.0
OPP-01490,Proof of Concept,2024-04-08,2024-06-17,70.0
OPP-01490,Negotiation,2024-06-17,2024-06-19,2.0
OPP-01491,Discovery,2025-01-16,2025-02-03,18.0
OPP-01491,Qualification,2025-02-03,2025-02-05,2.0
OPP-01491,Proof of Concept,2025-02-05,2025-03-26,49.0
OPP-01492,Discovery,2024-07-15,2024-07-24,9.0
OPP-01492,Qualification,2024-07-24,2024-08-07,14.0
OPP-01492,Proof of Concept,2024-08-07,2024-08-11,4.0
OPP-01493,Discovery,2025-04-03,2025-05-14,41.0
OPP-01494,Discovery,2024-12-15,2024-12-25,10.0
OPP-01494,Qualification,2024-12-25,2024-12-27,2.0
OPP-01494,Proof of Concept,2024-12-27,2025-06-08,163.0
OPP-01495,Discovery,2024-01-05,2024-01-16,11.0
OPP-01495,Qualification,2024-01-16,2024-01-23,7.0
OPP-01495,Proof of Concept,2024-01-23,2024-01-29,6.0
OPP-01496,Discovery,2024-09-17,2024-09-30,13.0
OPP-01497,Discovery,2024-06-29,2024-07-05,6.0
OPP-01497,Qualification,2024-07-05,2024-07-18,13.0
OPP-01497,Proof of Concept,2024-07-18,2024-08-18,31.0
OPP-01497,Negotiation,2024-08-18,2024-09-29,42.0
OPP-01498,Discovery,2023-12-26,2024-01-08,13.0
OPP-01498,Qualification,2024-01-08,2024-01-18,10.0
OPP-01498,Proof of Concept,2024-01-18,2024-02-11,24.0
OPP-01499,Discovery,2023-12-19,2024-01-06,18.0
OPP-01499,Qualification,2024-01-06,2024-01-12,6.0
OPP-01499,Proof of Concept,2024-01-12,2024-01-20,8.0
OPP-01500,Discovery,2024-05-11,2024-05-16,5.0
OPP-01500,Qualification,2024-05-16,2024-05-28,12.0
OPP-01500,Proof of Concept,2024-05-28,2024-06-02,5.0
OPP-01500,Negotiation,2024-06-02,2024-06-11,9.0
OPP-01501,Discovery,2024-06-05,2024-06-14,9.0
OPP-01501,Qualification,2024-06-14,2024-06-18,4.0
OPP-01501,Proof of Concept,2024-06-18,2024-07-28,40.0
OPP-01502,Discovery,2024-09-02,2024-09-11,9.0
OPP-01503,Discovery,2025-07-13,2025-07-24,11.0
OPP-01504,Discovery,2024-05-02,2024-05-17,15.0
OPP-01505,Discovery,2024-12-06,2025-01-07,32.0
OPP-01505,Qualification,2025-01-07,2025-01-19,12.0
OPP-01505,Proof of Concept,2025-01-19,2025-02-28,40.0
OPP-01506,Discovery,2024-02-09,2024-02-10,1.0
OPP-01506,Qualification,2024-02-10,2024-03-04,23.0
OPP-01506,Proof of Concept,2024-03-04,2024-03-13,9.0
OPP-01507,Discovery,2025-10-01,2025-10-02,1.0
OPP-01507,Qualification,2025-10-02,2025-10-09,7.0
OPP-01507,Proof of Concept,2025-10-09,2025-10-24,15.0
OPP-01508,Discovery,2024-09-11,2024-09-12,1.0
OPP-01508,Qualification,2024-09-12,2024-09-18,6.0
OPP-01508,Proof of Concept,2024-09-18,2024-09-29,11.0
OPP-01508,Negotiation,2024-09-29,2024-10-02,3.0
OPP-01509,Discovery,2025-06-29,2025-07-02,3.0
OPP-01509,Qualification,2025-07-02,2025-07-23,21.0
OPP-01509,Proof of Concept,2025-07-23,2025-08-01,9.0
OPP-01510,Discovery,2024-03-22,2024-03-30,8.0
OPP-01510,Qualification,2024-03-30,2024-04-21,22.0
OPP-01510,Proof of Concept,2024-04-21,2024-04-25,4.0
OPP-01510,Negotiation,2024-04-25,2024-05-16,21.0
OPP-01511,Discovery,2024-08-29,2024-09-15,17.0
OPP-01512,Discovery,2024-03-25,2024-04-04,10.0
OPP-01512,Qualification,2024-04-04,2024-04-10,6.0
OPP-01513,Discovery,2025-05-31,2025-06-25,25.0
OPP-01513,Qualification,2025-06-25,2025-08-22,58.0
OPP-01514,Discovery,2025-07-15,2025-07-20,5.0
OPP-01515,Discovery,2025-01-17,2025-01-22,5.0
OPP-01515,Qualification,2025-01-22,2025-01-27,5.0
OPP-01516,Discovery,2025-11-19,2025-12-02,13.0
OPP-01516,Qualification,2025-12-02,2025-12-13,11.0
OPP-01517,Discovery,2025-06-06,2025-06-12,6.0
OPP-01517,Qualification,2025-06-12,2025-06-17,5.0
OPP-01517,Proof of Concept,2025-06-17,2025-07-13,26.0
OPP-01518,Discovery,2024-06-07,2024-06-12,5.0
OPP-01518,Qualification,2024-06-12,2024-06-16,4.0
OPP-01518,Proof of Concept,2024-06-16,2024-07-04,18.0
OPP-01518,Negotiation,2024-07-04,2024-07-14,10.0
OPP-01519,Discovery,2024-05-22,2024-05-27,5.0
OPP-01519,Qualification,2024-05-27,2024-06-02,6.0
OPP-01519,Proof of Concept,2024-06-02,2024-06-09,7.0
OPP-01520,Discovery,2025-08-23,2025-09-10,18.0
OPP-01520,Qualification,2025-09-10,2025-10-06,26.0
OPP-01520,Proof of Concept,2025-10-06,2025-10-19,13.0
OPP-01521,Discovery,2025-06-14,2025-06-16,2.0
OPP-01521,Qualification,2025-06-16,2025-07-05,19.0
OPP-01521,Proof of Concept,2025-07-05,2025-07-21,16.0
OPP-01522,Discovery,2024-06-14,2024-06-28,14.0
OPP-01522,Qualification,2024-06-28,2024-07-04,6.0
OPP-01522,Proof of Concept,2024-07-04,2024-07-21,17.0
OPP-01522,Negotiation,2024-07-21,2024-07-23,2.0
OPP-01523,Discovery,2023-11-30,2023-12-24,24.0
OPP-01523,Qualification,2023-12-24,2024-01-01,8.0
OPP-01524,Discovery,2024-05-16,2024-05-26,10.0
OPP-01524,Qualification,2024-05-26,2024-05-29,3.0
OPP-01524,Proof of Concept,2024-05-29,2024-06-05,7.0
OPP-01525,Discovery,2023-11-04,2023-11-16,12.0
OPP-01525,Qualification,2023-11-16,2023-12-10,24.0
OPP-01525,Proof of Concept,2023-12-10,2024-01-08,29.0
OPP-01526,Discovery,2024-10-19,2024-11-13,25.0
OPP-01526,Qualification,2024-11-13,2024-11-15,2.0
OPP-01527,Discovery,2024-05-09,2024-05-11,2.0
OPP-01527,Qualification,2024-05-11,2024-05-24,13.0
OPP-01527,Proof of Concept,2024-05-24,2024-05-28,4.0
OPP-01528,Discovery,2024-11-12,2024-11-21,9.0
OPP-01528,Qualification,2024-11-21,2024-11-26,5.0
OPP-01528,Proof of Concept,2024-11-26,2024-12-03,7.0
OPP-01529,Discovery,2025-07-31,2025-08-04,4.0
OPP-01529,Qualification,2025-08-04,2025-09-11,38.0
OPP-01529,Proof of Concept,2025-09-11,2025-09-30,19.0
OPP-01530,Discovery,2025-03-15,2025-03-23,8.0
OPP-01530,Qualification,2025-03-23,2025-04-06,14.0
OPP-01531,Discovery,2025-11-11,2025-11-16,5.0
OPP-01532,Discovery,2025-06-22,2025-06-30,8.0
OPP-01532,Qualification,2025-06-30,2025-07-02,2.0
OPP-01532,Proof of Concept,2025-07-02,2025-07-12,10.0
OPP-01533,Discovery,2025-09-20,2025-10-01,11.0
OPP-01533,Qualification,2025-10-01,2025-10-16,15.0
OPP-01533,Proof of Concept,2025-10-16,2025-11-24,39.0
OPP-01534,Discovery,2025-06-23,2025-07-01,8.0
OPP-01534,Qualification,2025-07-01,2025-07-09,8.0
OPP-01534,Proof of Concept,2025-07-09,2025-09-19,72.0
OPP-01535,Discovery,2024-09-05,2024-09-08,3.0
OPP-01536,Discovery,2024-07-22,2024-07-25,3.0
OPP-01536,Qualification,2024-07-25,2024-08-22,28.0
OPP-01536,Proof of Concept,2024-08-22,2024-09-17,26.0
OPP-01536,Negotiation,2024-09-17,2024-10-10,23.0
OPP-01537,Discovery,2024-11-23,2024-12-02,9.0
OPP-01537,Qualification,2024-12-02,2024-12-05,3.0
OPP-01538,Discovery,2024-01-29,2024-02-08,10.0
OPP-01538,Qualification,2024-02-08,2024-02-09,1.0
OPP-01539,Discovery,2024-05-15,2024-05-20,5.0
OPP-01539,Qualification,2024-05-20,2024-06-03,14.0
OPP-01539,Proof of Concept,2024-06-03,2024-06-26,23.0
OPP-01540,Discovery,2025-07-07,2025-07-26,19.0
OPP-01540,Qualification,2025-07-26,2025-08-01,6.0
OPP-01540,Proof of Concept,2025-08-01,2025-10-25,85.0
OPP-01541,Discovery,2025-03-24,2025-04-10,17.0
OPP-01541,Qualification,2025-04-10,2025-05-06,26.0
OPP-01541,Proof of Concept,2025-05-06,2025-06-14,39.0
OPP-01542,Discovery,2023-12-29,2024-01-08,10.0
OPP-01542,Qualification,2024-01-08,2024-02-03,26.0
OPP-01542,Proof of Concept,2024-02-03,2024-02-05,2.0
OPP-01543,Discovery,2025-01-03,2025-01-16,13.0
OPP-01543,Qualification,2025-01-16,2025-02-15,30.0
OPP-01543,Proof of Concept,2025-02-15,2025-02-26,11.0
OPP-01544,Discovery,2024-09-01,2024-09-04,3.0
OPP-01544,Qualification,2024-09-04,2024-09-12,8.0
OPP-01545,Discovery,2024-09-27,2024-10-03,6.0
OPP-01545,Qualification,2024-10-03,2024-12-02,60.0
OPP-01546,Discovery,2024-12-26,2024-12-29,3.0
OPP-01547,Discovery,2024-10-24,2024-11-11,18.0
OPP-01547,Qualification,2024-11-11,2024-11-22,11.0
OPP-01547,Proof of Concept,2024-11-22,2025-02-02,72.0
OPP-01548,Discovery,2025-05-31,2025-06-08,8.0
OPP-01548,Qualification,2025-06-08,2025-06-14,6.0
OPP-01548,Proof of Concept,2025-06-14,2025-07-12,28.0
OPP-01548,Negotiation,2025-07-12,2025-08-03,22.0
OPP-01549,Discovery,2024-06-09,2024-06-19,10.0
OPP-01549,Qualification,2024-06-19,2024-06-21,2.0
OPP-01550,Discovery,2025-08-18,2025-08-20,2.0
OPP-01550,Qualification,2025-08-20,2025-08-28,8.0
OPP-01551,Discovery,2025-09-29,2025-10-04,5.0
OPP-01552,Discovery,2024-03-08,2024-03-09,1.0
OPP-01553,Discovery,2024-07-25,2024-07-31,6.0
OPP-01554,Discovery,2024-05-11,2024-05-13,2.0
OPP-01554,Qualification,2024-05-13,2024-05-19,6.0
OPP-01555,Discovery,2025-07-14,2025-07-16,2.0
OPP-01555,Qualification,2025-07-16,2025-07-17,1.0
OPP-01556,Discovery,2024-06-19,2024-06-26,7.0
OPP-01556,Qualification,2024-06-26,2024-07-15,19.0
OPP-01556,Proof of Concept,2024-07-15,2024-08-31,47.0
OPP-01557,Discovery,2025-02-21,2025-02-22,1.0
OPP-01557,Qualification,2025-02-22,2025-03-05,11.0
OPP-01558,Discovery,2025-07-10,2025-07-14,4.0
OPP-01558,Qualification,2025-07-14,2025-07-24,10.0
OPP-01558,Proof of Concept,2025-07-24,2025-07-31,7.0
OPP-01558,Negotiation,2025-07-31,2025-08-09,9.0
OPP-01559,Discovery,2024-10-11,2024-10-23,12.0
OPP-01559,Qualification,2024-10-23,2024-10-26,3.0
OPP-01560,Discovery,2025-06-06,2025-06-10,4.0
OPP-01560,Qualification,2025-06-10,2025-06-23,13.0
OPP-01561,Discovery,2025-08-31,2025-09-23,23.0
OPP-01561,Qualification,2025-09-23,2025-10-01,8.0
OPP-01561,Proof of Concept,2025-10-01,2025-11-24,54.0
OPP-01561,Negotiation,2025-11-24,2025-12-08,14.0
OPP-01562,Discovery,2025-03-04,2025-04-12,39.0
OPP-01562,Qualification,2025-04-12,2025-04-29,17.0
OPP-01563,Discovery,2025-03-13,2025-03-19,6.0
OPP-01563,Qualification,2025-03-19,2025-03-24,5.0
OPP-01563,Proof of Concept,2025-03-24,2025-03-28,4.0
OPP-01564,Discovery,2024-11-16,2024-11-22,6.0
OPP-01564,Qualification,2024-11-22,2024-12-05,13.0
OPP-01564,Proof of Concept,2024-12-05,2025-01-22,48.0
OPP-01565,Discovery,2024-11-21,2024-11-28,7.0
OPP-01566,Discovery,2024-01-16,2024-01-21,5.0
OPP-01567,Discovery,2025-08-21,2025-08-28,7.0
OPP-01567,Qualification,2025-08-28,2025-09-05,8.0
OPP-01567,Proof of Concept,2025-09-05,2025-09-17,12.0
OPP-01568,Discovery,2025-03-29,2025-04-04,6.0
OPP-01568,Qualification,2025-04-04,2025-04-12,8.0
OPP-01568,Proof of Concept,2025-04-12,2025-05-09,27.0
OPP-01569,Discovery,2025-02-17,2025-03-07,18.0
OPP-01569,Qualification,2025-03-07,2025-03-16,9.0
OPP-01570,Discovery,2024-12-16,2025-01-16,31.0
OPP-01571,Discovery,2024-11-24,2024-12-01,7.0
OPP-01571,Qualification,2024-12-01,2024-12-12,11.0
OPP-01571,Proof of Concept,2024-12-12,2024-12-26,14.0
OPP-01572,Discovery,2024-12-06,2025-01-01,26.0
OPP-01572,Qualification,2025-01-01,2025-02-18,48.0
OPP-01573,Discovery,2025-02-12,2025-02-17,5.0
OPP-01573,Qualification,2025-02-17,2025-02-20,3.0
OPP-01574,Discovery,2025-01-30,2025-03-03,32.0
OPP-01574,Qualification,2025-03-03,2025-03-12,9.0
OPP-01575,Discovery,2024-11-16,2024-11-22,6.0
OPP-01575,Qualification,2024-11-22,2024-11-29,7.0
OPP-01575,Proof of Concept,2024-11-29,2024-12-03,4.0
OPP-01575,Negotiation,2024-12-03,2024-12-13,10.0
OPP-01576,Discovery,2024-10-03,2024-10-07,4.0
OPP-01576,Qualification,2024-10-07,2024-10-08,1.0
OPP-01577,Discovery,2024-12-24,2024-12-27,3.0
OPP-01578,Discovery,2024-10-22,2024-10-23,1.0
OPP-01578,Qualification,2024-10-23,2024-10-31,8.0
OPP-01578,Proof of Concept,2024-10-31,2024-11-09,9.0
OPP-01579,Discovery,2025-05-06,2025-05-09,3.0
OPP-01579,Qualification,2025-05-09,2025-05-19,10.0
OPP-01579,Proof of Concept,2025-05-19,2025-06-09,21.0
OPP-01579,Negotiation,2025-06-09,2025-06-30,21.0
OPP-01580,Discovery,2025-02-27,2025-03-03,4.0
OPP-01580,Qualification,2025-03-03,2025-03-08,5.0
OPP-01580,Proof of Concept,2025-03-08,2025-03-16,8.0
OPP-01581,Discovery,2025-08-15,2025-08-19,4.0
OPP-01581,Qualification,2025-08-19,2025-08-25,6.0
OPP-01582,Discovery,2025-02-08,2025-02-17,9.0
OPP-01582,Qualification,2025-02-17,2025-03-07,18.0
OPP-01582,Proof of Concept,2025-03-07,2025-03-24,17.0
OPP-01582,Negotiation,2025-03-24,2025-04-09,16.0
OPP-01583,Discovery,2025-01-04,2025-01-30,26.0
OPP-01583,Qualification,2025-01-30,2025-02-02,3.0
OPP-01583,Proof of Concept,2025-02-02,2025-02-21,19.0
OPP-01584,Discovery,2025-01-13,2025-01-19,6.0
OPP-01584,Qualification,2025-01-19,2025-01-28,9.0
OPP-01584,Proof of Concept,2025-01-28,2025-02-12,15.0
OPP-01585,Discovery,2024-07-05,2024-07-10,5.0
OPP-01585,Qualification,2024-07-10,2024-08-16,37.0
OPP-01585,Proof of Concept,2024-08-16,2024-09-04,19.0
OPP-01585,Negotiation,2024-09-04,2024-09-29,25.0
OPP-01586,Discovery,2025-08-07,2025-08-10,3.0
OPP-01586,Qualification,2025-08-10,2025-08-22,12.0
OPP-01586,Proof of Concept,2025-08-22,2025-08-24,2.0
OPP-01587,Discovery,2025-03-05,2025-03-07,2.0
OPP-01587,Qualification,2025-03-07,2025-03-23,16.0
OPP-01587,Proof of Concept,2025-03-23,2025-04-06,14.0
OPP-01588,Discovery,2025-09-19,2025-09-21,2.0
OPP-01588,Qualification,2025-09-21,2025-09-30,9.0
OPP-01589,Discovery,2025-03-22,2025-04-03,12.0
OPP-01589,Qualification,2025-04-03,2025-04-04,1.0
OPP-01589,Proof of Concept,2025-04-04,2025-04-15,11.0
OPP-01590,Discovery,2024-03-08,2024-03-10,2.0
OPP-01590,Qualification,2024-03-10,2024-03-16,6.0
OPP-01591,Discovery,2024-08-26,2024-09-17,22.0
OPP-01591,Qualification,2024-09-17,2024-10-09,22.0
OPP-01592,Discovery,2025-06-20,2025-07-28,38.0
OPP-01592,Qualification,2025-07-28,2025-07-31,3.0
OPP-01593,Discovery,2025-03-14,2025-04-04,21.0
OPP-01594,Discovery,2024-10-25,2024-11-04,10.0
OPP-01594,Qualification,2024-11-04,2024-11-15,11.0
OPP-01594,Proof of Concept,2024-11-15,2024-11-26,11.0
OPP-01594,Negotiation,2024-11-26,2024-12-07,11.0
OPP-01595,Discovery,2023-12-18,2023-12-24,6.0
OPP-01595,Qualification,2023-12-24,2023-12-25,1.0
OPP-01595,Proof of Concept,2023-12-25,2024-01-27,33.0
OPP-01596,Discovery,2025-02-07,2025-02-25,18.0
OPP-01597,Discovery,2024-01-09,2024-01-23,14.0
OPP-01597,Qualification,2024-01-23,2024-02-03,11.0
OPP-01598,Discovery,2025-04-12,2025-04-29,17.0
OPP-01598,Qualification,2025-04-29,2025-05-04,5.0
OPP-01598,Proof of Concept,2025-05-04,2025-06-07,34.0
OPP-01599,Discovery,2024-01-23,2024-02-01,9.0
OPP-01599,Qualification,2024-02-01,2024-02-17,16.0
OPP-01600,Discovery,2025-08-24,2025-08-27,3.0
OPP-01601,Discovery,2024-02-18,2024-02-27,9.0
OPP-01601,Qualification,2024-02-27,2024-03-25,27.0
OPP-01602,Discovery,2025-03-04,2025-03-13,9.0
OPP-01602,Qualification,2025-03-13,2025-04-01,19.0
OPP-01602,Proof of Concept,2025-04-01,2025-04-13,12.0
OPP-01603,Discovery,2024-11-28,2024-12-01,3.0
OPP-01603,Qualification,2024-12-01,2024-12-13,12.0
OPP-01604,Discovery,2025-04-30,2025-05-03,3.0
OPP-01604,Qualification,2025-05-03,2025-05-21,18.0
OPP-01605,Discovery,2024-02-20,2024-02-26,6.0
OPP-01605,Qualification,2024-02-26,2024-03-04,7.0
OPP-01606,Discovery,2024-02-09,2024-02-10,1.0
OPP-01606,Qualification,2024-02-10,2024-03-02,21.0
OPP-01606,Proof of Concept,2024-03-02,2024-04-10,39.0
OPP-01606,Negotiation,2024-04-10,2024-04-29,19.0
OPP-01607,Discovery,2024-07-07,2024-07-09,2.0
OPP-01607,Qualification,2024-07-09,2024-08-01,23.0
OPP-01607,Proof of Concept,2024-08-01,2024-10-14,74.0
OPP-01607,Negotiation,2024-10-14,2024-10-20,6.0
OPP-01608,Discovery,2024-06-11,2024-06-13,2.0
OPP-01609,Discovery,2024-07-21,2024-07-29,8.0
OPP-01610,Discovery,2025-07-03,2025-07-09,6.0
OPP-01610,Qualification,2025-07-09,2025-07-18,9.0
OPP-01610,Proof of Concept,2025-07-18,2025-08-27,40.0
OPP-01611,Discovery,2025-06-19,2025-06-24,5.0
OPP-01611,Qualification,2025-06-24,2025-07-10,16.0
OPP-01612,Discovery,2025-01-28,2025-02-13,16.0
OPP-01612,Qualification,2025-02-13,2025-03-12,27.0
OPP-01612,Proof of Concept,2025-03-12,2025-04-29,48.0
OPP-01613,Discovery,2025-02-12,2025-02-20,8.0
OPP-01613,Qualification,2025-02-20,2025-02-25,5.0
OPP-01613,Proof of Concept,2025-02-25,2025-03-11,14.0
OPP-01614,Discovery,2025-10-08,2025-10-24,16.0
OPP-01615,Discovery,2024-03-13,2024-03-31,18.0
OPP-01615,Qualification,2024-03-31,2024-04-06,6.0
OPP-01615,Proof of Concept,2024-04-06,2024-07-23,108.0
OPP-01616,Discovery,2025-02-16,2025-02-26,10.0
OPP-01616,Qualification,2025-02-26,2025-02-28,2.0
OPP-01616,Proof of Concept,2025-02-28,2025-03-05,5.0
OPP-01617,Discovery,2023-12-09,2023-12-23,14.0
OPP-01617,Qualification,2023-12-23,2023-12-31,8.0
OPP-01617,Proof of Concept,2023-12-31,2024-01-09,9.0
OPP-01618,Discovery,2024-09-30,2024-10-05,5.0
OPP-01618,Qualification,2024-10-05,2024-10-07,2.0
OPP-01618,Proof of Concept,2024-10-07,2024-11-23,47.0
OPP-01619,Discovery,2024-11-29,2024-12-01,2.0
OPP-01619,Qualification,2024-12-01,2024-12-03,2.0
OPP-01619,Proof of Concept,2024-12-03,2024-12-16,13.0
OPP-01620,Discovery,2024-08-26,2024-09-09,14.0
OPP-01621,Discovery,2025-09-14,2025-09-20,6.0
OPP-01622,Discovery,2025-11-28,2025-12-02,4.0
OPP-01622,Qualification,2025-12-02,2025-12-18,16.0
OPP-01623,Discovery,2024-07-18,2024-07-20,2.0
OPP-01623,Qualification,2024-07-20,2024-07-28,8.0
OPP-01624,Discovery,2024-12-08,2024-12-18,10.0
OPP-01624,Qualification,2024-12-18,2024-12-31,13.0
OPP-01624,Proof of Concept,2024-12-31,2025-01-11,11.0
OPP-01625,Discovery,2024-11-10,2024-11-14,4.0
OPP-01626,Discovery,2025-02-26,2025-03-08,10.0
OPP-01626,Qualification,2025-03-08,2025-03-22,14.0
OPP-01626,Proof of Concept,2025-03-22,2025-03-25,3.0
OPP-01627,Discovery,2025-07-09,2025-07-18,9.0
OPP-01627,Qualification,2025-07-18,2025-07-21,3.0
OPP-01627,Proof of Concept,2025-07-21,2025-07-31,10.0
OPP-01628,Discovery,2025-03-23,2025-03-28,5.0
OPP-01628,Qualification,2025-03-28,2025-04-16,19.0
OPP-01628,Proof of Concept,2025-04-16,2025-04-21,5.0
OPP-01629,Discovery,2025-04-24,2025-04-29,5.0
OPP-01629,Qualification,2025-04-29,2025-05-02,3.0
OPP-01629,Proof of Concept,2025-05-02,2025-05-30,28.0
OPP-01630,Discovery,2025-04-15,2025-05-05,20.0
OPP-01630,Qualification,2025-05-05,2025-05-21,16.0
OPP-01630,Proof of Concept,2025-05-21,2025-06-01,11.0
OPP-01631,Discovery,2024-07-31,2024-08-06,6.0
OPP-01631,Qualification,2024-08-06,2024-08-15,9.0
OPP-01631,Proof of Concept,2024-08-15,2024-08-22,7.0
OPP-01632,Discovery,2024-02-01,2024-02-20,19.0
OPP-01632,Qualification,2024-02-20,2024-03-04,13.0
OPP-01632,Proof of Concept,2024-03-04,2024-03-12,8.0
OPP-01633,Discovery,2025-08-27,2025-09-02,6.0
OPP-01633,Qualification,2025-09-02,2025-09-11,9.0
OPP-01633,Proof of Concept,2025-09-11,2025-10-06,25.0
OPP-01634,Discovery,2025-07-22,2025-07-24,2.0
OPP-01634,Qualification,2025-07-24,2025-07-29,5.0
OPP-01634,Proof of Concept,2025-07-29,2025-10-21,84.0
OPP-01635,Discovery,2025-10-14,2025-10-29,15.0
OPP-01635,Qualification,2025-10-29,2025-11-11,13.0
OPP-01636,Discovery,2024-08-12,2024-09-01,20.0
OPP-01636,Qualification,2024-09-01,2024-09-05,4.0
OPP-01637,Discovery,2024-10-22,2024-10-30,8.0
OPP-01637,Qualification,2024-10-30,2024-11-08,9.0
OPP-01637,Proof of Concept,2024-11-08,2024-11-28,20.0
OPP-01638,Discovery,2024-03-12,2024-03-20,8.0
OPP-01638,Qualification,2024-03-20,2024-04-03,14.0
OPP-01638,Proof of Concept,2024-04-03,2024-04-18,15.0
OPP-01639,Discovery,2024-02-10,2024-02-16,6.0
OPP-01639,Qualification,2024-02-16,2024-03-01,14.0
OPP-01639,Proof of Concept,2024-03-01,2024-04-02,32.0
OPP-01640,Discovery,2024-08-26,2024-09-08,13.0
OPP-01641,Discovery,2024-10-05,2024-10-17,12.0
OPP-01642,Discovery,2025-09-19,2025-09-24,5.0
OPP-01642,Qualification,2025-09-24,2025-09-25,1.0
OPP-01643,Discovery,2024-11-05,2024-11-10,5.0
OPP-01643,Qualification,2024-11-10,2024-11-14,4.0
OPP-01644,Discovery,2024-09-16,2024-09-26,10.0
OPP-01644,Qualification,2024-09-26,2024-10-05,9.0
OPP-01644,Proof of Concept,2024-10-05,2024-10-17,12.0
OPP-01645,Discovery,2024-06-08,2024-06-14,6.0
OPP-01645,Qualification,2024-06-14,2024-06-25,11.0
OPP-01645,Proof of Concept,2024-06-25,2024-07-07,12.0
OPP-01646,Discovery,2025-06-23,2025-06-25,2.0
OPP-01647,Discovery,2025-09-08,2025-09-11,3.0
OPP-01647,Qualification,2025-09-11,2025-09-19,8.0
OPP-01648,Discovery,2024-02-20,2024-02-27,7.0
OPP-01648,Qualification,2024-02-27,2024-03-06,8.0
OPP-01648,Proof of Concept,2024-03-06,2024-03-31,25.0
OPP-01649,Discovery,2024-03-18,2024-03-27,9.0
OPP-01649,Qualification,2024-03-27,2024-03-31,4.0
OPP-01650,Discovery,2024-05-29,2024-06-23,25.0
OPP-01651,Discovery,2025-04-13,2025-04-20,7.0
OPP-01651,Qualification,2025-04-20,2025-04-21,1.0
OPP-01651,Proof of Concept,2025-04-21,2025-04-29,8.0
OPP-01652,Discovery,2024-05-07,2024-05-13,6.0
OPP-01653,Discovery,2025-04-24,2025-05-04,10.0
OPP-01654,Discovery,2024-07-03,2024-07-08,5.0
OPP-01654,Qualification,2024-07-08,2024-07-14,6.0
OPP-01655,Discovery,2024-02-09,2024-02-14,5.0
OPP-01655,Qualification,2024-02-14,2024-02-27,13.0
OPP-01656,Discovery,2025-10-31,2025-11-02,2.0
OPP-01657,Discovery,2024-09-19,2024-09-30,11.0
OPP-01658,Discovery,2024-01-22,2024-02-08,17.0
OPP-01658,Qualification,2024-02-08,2024-02-15,7.0
OPP-01658,Proof of Concept,2024-02-15,2024-03-04,18.0
OPP-01658,Negotiation,2024-03-04,2024-04-09,36.0
OPP-01659,Discovery,2025-04-04,2025-04-18,14.0
OPP-01659,Qualification,2025-04-18,2025-04-20,2.0
OPP-01660,Discovery,2023-12-22,2024-01-03,12.0
OPP-01661,Discovery,2024-11-01,2024-11-07,6.0
OPP-01662,Discovery,2024-05-16,2024-05-19,3.0
OPP-01663,Discovery,2024-12-02,2024-12-11,9.0
OPP-01663,Qualification,2024-12-11,2024-12-19,8.0
OPP-01663,Proof of Concept,2024-12-19,2025-02-21,64.0
OPP-01664,Discovery,2025-06-17,2025-06-19,2.0
OPP-01665,Discovery,2024-10-10,2024-10-20,10.0
OPP-01665,Qualification,2024-10-20,2024-10-31,11.0
OPP-01665,Proof of Concept,2024-10-31,2024-11-10,10.0
OPP-01666,Discovery,2025-05-25,2025-05-29,4.0
OPP-01666,Qualification,2025-05-29,2025-06-03,5.0
OPP-01666,Proof of Concept,2025-06-03,2025-06-21,18.0
OPP-01667,Discovery,2025-05-03,2025-05-08,5.0
OPP-01668,Discovery,2025-11-05,2025-11-08,3.0
OPP-01669,Discovery,2025-04-24,2025-05-01,7.0
OPP-01669,Qualification,2025-05-01,2025-05-17,16.0
OPP-01669,Proof of Concept,2025-05-17,2025-06-01,15.0
OPP-01669,Negotiation,2025-06-01,2025-06-09,8.0
OPP-01670,Discovery,2024-06-15,2024-06-16,1.0
OPP-01670,Qualification,2024-06-16,2024-06-24,8.0
OPP-01671,Discovery,2024-08-08,2024-08-12,4.0
OPP-01671,Qualification,2024-08-12,2024-09-01,20.0
OPP-01672,Discovery,2024-06-14,2024-06-16,2.0
OPP-01673,Discovery,2025-04-29,2025-05-30,31.0
OPP-01674,Discovery,2025-04-03,2025-04-06,3.0
OPP-01674,Qualification,2025-04-06,2025-04-26,20.0
OPP-01675,Discovery,2024-10-18,2024-11-03,16.0
OPP-01675,Qualification,2024-11-03,2024-12-18,45.0
OPP-01676,Discovery,2024-03-28,2024-04-19,22.0
OPP-01676,Qualification,2024-04-19,2024-04-28,9.0
OPP-01677,Discovery,2024-10-29,2024-11-01,3.0
OPP-01678,Discovery,2024-08-24,2024-09-02,9.0
OPP-01679,Discovery,2024-11-26,2024-12-01,5.0
OPP-01679,Qualification,2024-12-01,2024-12-09,8.0
OPP-01679,Proof of Concept,2024-12-09,2025-02-13,66.0
OPP-01680,Discovery,2025-08-18,2025-09-03,16.0
OPP-01680,Qualification,2025-09-03,2025-09-10,7.0
OPP-01680,Proof of Concept,2025-09-10,2025-10-10,30.0
OPP-01680,Negotiation,2025-10-10,2025-10-27,17.0
OPP-01681,Discovery,2024-05-27,2024-05-29,2.0
OPP-01682,Discovery,2025-07-23,2025-07-28,5.0
OPP-01682,Qualification,2025-07-28,2025-07-30,2.0
OPP-01682,Proof of Concept,2025-07-30,2025-08-01,2.0
OPP-01683,Discovery,2025-01-24,2025-01-31,7.0
OPP-01683,Qualification,2025-01-31,2025-02-06,6.0
OPP-01684,Discovery,2024-03-13,2024-03-17,4.0
OPP-01684,Qualification,2024-03-17,2024-04-08,22.0
OPP-01684,Proof of Concept,2024-04-08,2024-05-12,34.0
OPP-01685,Discovery,2024-04-24,2024-05-09,15.0
OPP-01686,Discovery,2024-09-18,2024-09-24,6.0
OPP-01687,Discovery,2025-05-16,2025-06-04,19.0
OPP-01687,Qualification,2025-06-04,2025-06-13,9.0
OPP-01687,Proof of Concept,2025-06-13,2025-10-04,113.0
OPP-01688,Discovery,2025-10-07,2025-10-15,8.0
OPP-01688,Qualification,2025-10-15,2025-11-15,31.0
OPP-01689,Discovery,2024-07-21,2024-07-30,9.0
OPP-01689,Qualification,2024-07-30,2024-08-05,6.0
OPP-01690,Discovery,2024-02-08,2024-02-10,2.0
OPP-01690,Qualification,2024-02-10,2024-02-24,14.0
OPP-01690,Proof of Concept,2024-02-24,2024-03-03,8.0
OPP-01691,Discovery,2024-03-27,2024-04-07,11.0
OPP-01691,Qualification,2024-04-07,2024-04-10,3.0
OPP-01691,Proof of Concept,2024-04-10,2024-04-23,13.0
OPP-01692,Discovery,2024-07-28,2024-08-12,15.0
OPP-01692,Qualification,2024-08-12,2024-09-10,29.0
OPP-01693,Discovery,2024-08-31,2024-09-04,4.0
OPP-01693,Qualification,2024-09-04,2024-09-11,7.0
OPP-01693,Proof of Concept,2024-09-11,2024-10-04,23.0
OPP-01694,Discovery,2024-10-01,2024-10-07,6.0
OPP-01694,Qualification,2024-10-07,2024-11-11,35.0
OPP-01695,Discovery,2025-02-27,2025-02-28,1.0
OPP-01695,Qualification,2025-02-28,2025-03-06,6.0
OPP-01696,Discovery,2024-01-31,2024-02-06,6.0
OPP-01696,Qualification,2024-02-06,2024-02-17,11.0
OPP-01697,Discovery,2024-07-18,2024-07-23,5.0
OPP-01697,Qualification,2024-07-23,2024-07-24,1.0
OPP-01697,Proof of Concept,2024-07-24,2024-08-20,27.0
OPP-01698,Discovery,2024-05-17,2024-05-22,5.0
OPP-01698,Qualification,2024-05-22,2024-05-26,4.0
OPP-01699,Discovery,2024-01-31,2024-02-05,5.0
OPP-01700,Discovery,2025-10-02,2025-10-06,4.0
OPP-01700,Qualification,2025-10-06,2025-10-11,5.0
OPP-01700,Proof of Concept,2025-10-11,2025-10-26,15.0
OPP-01701,Discovery,2024-08-24,2024-09-15,22.0
OPP-01701,Qualification,2024-09-15,2024-09-28,13.0
OPP-01701,Proof of Concept,2024-09-28,2024-10-29,31.0
OPP-01702,Discovery,2024-10-04,2024-10-21,17.0
OPP-01702,Qualification,2024-10-21,2024-11-13,23.0
OPP-01702,Proof of Concept,2024-11-13,2024-11-22,9.0
OPP-01703,Discovery,2023-12-09,2023-12-14,5.0
OPP-01703,Qualification,2023-12-14,2023-12-21,7.0
OPP-01703,Proof of Concept,2023-12-21,2024-01-03,13.0
OPP-01704,Discovery,2025-01-14,2025-01-18,4.0
OPP-01704,Qualification,2025-01-18,2025-01-25,7.0
OPP-01704,Proof of Concept,2025-01-25,2025-02-07,13.0
OPP-01705,Discovery,2024-05-28,2024-06-06,9.0
OPP-01705,Qualification,2024-06-06,2024-06-28,22.0
OPP-01705,Proof of Concept,2024-06-28,2024-07-14,16.0
OPP-01706,Discovery,2024-12-24,2024-12-30,6.0
OPP-01706,Qualification,2024-12-30,2025-01-27,28.0
OPP-01706,Proof of Concept,2025-01-27,2025-03-14,46.0
OPP-01707,Discovery,2025-05-21,2025-05-26,5.0
OPP-01708,Discovery,2025-09-16,2025-09-24,8.0
OPP-01708,Qualification,2025-09-24,2025-09-27,3.0
OPP-01708,Proof of Concept,2025-09-27,2025-11-29,63.0
OPP-01709,Discovery,2024-09-09,2024-09-20,11.0
OPP-01710,Discovery,2025-04-12,2025-04-22,10.0
OPP-01710,Qualification,2025-04-22,2025-05-02,10.0
OPP-01710,Proof of Concept,2025-05-02,2025-05-09,7.0
OPP-01710,Negotiation,2025-05-09,2025-05-19,10.0
OPP-01711,Discovery,2025-05-22,2025-05-24,2.0
OPP-01712,Discovery,2025-06-01,2025-06-05,4.0
OPP-01712,Qualification,2025-06-05,2025-06-13,8.0
OPP-01713,Discovery,2025-09-07,2025-09-20,13.0
OPP-01714,Discovery,2024-08-20,2024-08-27,7.0
OPP-01714,Qualification,2024-08-27,2024-09-06,10.0
OPP-01715,Discovery,2024-01-03,2024-01-11,8.0
OPP-01715,Qualification,2024-01-11,2024-01-24,13.0
OPP-01715,Proof of Concept,2024-01-24,2024-02-09,16.0
OPP-01716,Discovery,2025-09-14,2025-09-16,2.0
OPP-01717,Discovery,2024-08-14,2024-08-18,4.0
OPP-01717,Qualification,2024-08-18,2024-08-25,7.0
OPP-01718,Discovery,2024-05-17,2024-05-18,1.0
OPP-01718,Qualification,2024-05-18,2024-05-24,6.0
OPP-01718,Proof of Concept,2024-05-24,2024-06-02,9.0
OPP-01719,Discovery,2023-12-08,2023-12-11,3.0
OPP-01719,Qualification,2023-12-11,2024-01-16,36.0
OPP-01720,Discovery,2024-09-20,2024-10-12,22.0
OPP-01720,Qualification,2024-10-12,2024-10-22,10.0
OPP-01720,Proof of Concept,2024-10-22,2024-11-26,35.0
OPP-01720,Negotiation,2024-11-26,2025-03-03,97.0
OPP-01721,Discovery,2024-01-19,2024-01-24,5.0
OPP-01721,Qualification,2024-01-24,2024-02-08,15.0
OPP-01721,Proof of Concept,2024-02-08,2024-02-12,4.0
OPP-01722,Discovery,2023-12-12,2023-12-13,1.0
OPP-01722,Qualification,2023-12-13,2023-12-16,3.0
OPP-01722,Proof of Concept,2023-12-16,2024-01-16,31.0
OPP-01723,Discovery,2024-04-04,2024-04-25,21.0
OPP-01723,Qualification,2024-04-25,2024-05-17,22.0
OPP-01723,Proof of Concept,2024-05-17,2024-06-18,32.0
OPP-01724,Discovery,2025-01-24,2025-01-28,4.0
OPP-01724,Qualification,2025-01-28,2025-02-07,10.0
OPP-01724,Proof of Concept,2025-02-07,2025-02-19,12.0
OPP-01724,Negotiation,2025-02-19,2025-03-02,11.0
OPP-01725,Discovery,2024-03-25,2024-03-29,4.0
OPP-01725,Qualification,2024-03-29,2024-04-05,7.0
OPP-01726,Discovery,2025-02-05,2025-02-14,9.0
OPP-01726,Qualification,2025-02-14,2025-03-18,32.0
OPP-01726,Proof of Concept,2025-03-18,2025-03-27,9.0
OPP-01727,Discovery,2025-02-16,2025-03-04,16.0
OPP-01727,Qualification,2025-03-04,2025-03-29,25.0
OPP-01727,Proof of Concept,2025-03-29,2025-04-14,16.0
OPP-01727,Negotiation,2025-04-14,2025-05-08,24.0
OPP-01728,Discovery,2024-05-13,2024-05-24,11.0
OPP-01728,Qualification,2024-05-24,2024-06-06,13.0
OPP-01728,Proof of Concept,2024-06-06,2024-06-30,24.0
OPP-01728,Negotiation,2024-06-30,2024-07-19,19.0
OPP-01729,Discovery,2024-05-27,2024-06-05,9.0
OPP-01729,Qualification,2024-06-05,2024-06-12,7.0
OPP-01730,Discovery,2024-11-23,2024-11-28,5.0
OPP-01730,Qualification,2024-11-28,2024-12-19,21.0
OPP-01730,Proof of Concept,2024-12-19,2025-01-03,15.0
OPP-01731,Discovery,2025-02-10,2025-02-14,4.0
OPP-01731,Qualification,2025-02-14,2025-03-03,17.0
OPP-01731,Proof of Concept,2025-03-03,2025-03-14,11.0
OPP-01732,Discovery,2024-09-20,2024-10-01,11.0
OPP-01733,Discovery,2024-10-30,2024-11-08,9.0
OPP-01733,Qualification,2024-11-08,2024-11-11,3.0
OPP-01734,Discovery,2025-06-03,2025-06-07,4.0
OPP-01734,Qualification,2025-06-07,2025-06-14,7.0
OPP-01735,Discovery,2024-03-08,2024-03-20,12.0
OPP-01736,Discovery,2025-12-09,2025-12-15,6.0
OPP-01736,Qualification,2025-12-15,2025-12-20,5.0
OPP-01737,Discovery,2025-01-17,2025-01-24,7.0
OPP-01738,Discovery,2025-03-11,2025-03-15,4.0
OPP-01739,Discovery,2024-04-07,2024-04-17,10.0
OPP-01740,Discovery,2025-03-14,2025-03-17,3.0
OPP-01741,Discovery,2025-11-24,2025-11-30,6.0
OPP-01741,Qualification,2025-11-30,2025-12-12,12.0
OPP-01742,Discovery,2024-01-10,2024-01-14,4.0
OPP-01742,Qualification,2024-01-14,2024-01-19,5.0
OPP-01742,Proof of Concept,2024-01-19,2024-02-13,25.0
OPP-01743,Discovery,2025-08-17,2025-08-25,8.0
OPP-01743,Qualification,2025-08-25,2025-09-04,10.0
OPP-01743,Proof of Concept,2025-09-04,2025-09-17,13.0
OPP-01744,Discovery,2025-01-31,2025-02-08,8.0
OPP-01744,Qualification,2025-02-08,2025-03-17,37.0
OPP-01745,Discovery,2024-07-31,2024-08-01,1.0
OPP-01745,Qualification,2024-08-01,2024-08-18,17.0
OPP-01745,Proof of Concept,2024-08-18,2024-09-02,15.0
OPP-01746,Discovery,2024-04-07,2024-04-12,5.0
OPP-01746,Qualification,2024-04-12,2024-04-27,15.0
OPP-01746,Proof of Concept,2024-04-27,2024-07-25,89.0
OPP-01747,Discovery,2025-03-16,2025-03-24,8.0
OPP-01748,Discovery,2024-07-05,2024-07-09,4.0
OPP-01749,Discovery,2024-04-16,2024-04-26,10.0
OPP-01749,Qualification,2024-04-26,2024-05-11,15.0
OPP-01750,Discovery,2024-04-13,2024-04-20,7.0
OPP-01750,Qualification,2024-04-20,2024-04-26,6.0
OPP-01750,Proof of Concept,2024-04-26,2024-05-12,16.0
OPP-01751,Discovery,2024-03-22,2024-03-31,9.0
OPP-01751,Qualification,2024-03-31,2024-04-08,8.0
OPP-01752,Discovery,2024-03-08,2024-03-15,7.0
OPP-01752,Qualification,2024-03-15,2024-03-22,7.0
OPP-01752,Proof of Concept,2024-03-22,2024-04-21,30.0
OPP-01752,Negotiation,2024-04-21,2024-06-11,51.0
OPP-01753,Discovery,2025-08-21,2025-08-28,7.0
OPP-01753,Qualification,2025-08-28,2025-09-09,12.0
OPP-01753,Proof of Concept,2025-09-09,2025-10-02,23.0
OPP-01754,Discovery,2024-08-13,2024-08-15,2.0
OPP-01754,Qualification,2024-08-15,2024-08-19,4.0
OPP-01755,Discovery,2025-06-12,2025-06-22,10.0
OPP-01755,Qualification,2025-06-22,2025-06-27,5.0
OPP-01756,Discovery,2025-10-20,2025-11-08,19.0
OPP-01756,Qualification,2025-11-08,2025-11-20,12.0
OPP-01756,Proof of Concept,2025-11-20,2025-12-05,15.0
OPP-01757,Discovery,2025-01-20,2025-01-31,11.0
OPP-01757,Qualification,2025-01-31,2025-02-01,1.0
OPP-01757,Proof of Concept,2025-02-01,2025-02-26,25.0
OPP-01758,Discovery,2025-11-28,2025-12-02,4.0
OPP-01758,Qualification,2025-12-02,2025-12-04,2.0
OPP-01759,Discovery,2024-04-11,2024-04-19,8.0
OPP-01759,Qualification,2024-04-19,2024-04-26,7.0
OPP-01759,Proof of Concept,2024-04-26,2024-05-17,21.0
OPP-01759,Negotiation,2024-05-17,2024-05-22,5.0
OPP-01760,Discovery,2025-11-06,2025-11-19,13.0
OPP-01760,Qualification,2025-11-19,2025-11-21,2.0
OPP-01761,Discovery,2024-07-29,2024-07-31,2.0
OPP-01762,Discovery,2025-05-13,2025-06-07,25.0
OPP-01763,Discovery,2024-12-29,2025-01-02,4.0
OPP-01764,Discovery,2025-05-15,2025-05-19,4.0
OPP-01764,Qualification,2025-05-19,2025-05-24,5.0
OPP-01764,Proof of Concept,2025-05-24,2025-05-30,6.0
OPP-01765,Discovery,2025-02-26,2025-03-06,8.0
OPP-01765,Qualification,2025-03-06,2025-03-20,14.0
OPP-01765,Proof of Concept,2025-03-20,2025-03-28,8.0
OPP-01766,Discovery,2024-06-23,2024-07-10,17.0
OPP-01766,Qualification,2024-07-10,2024-07-28,18.0
OPP-01767,Discovery,2024-08-23,2024-08-27,4.0
OPP-01767,Qualification,2024-08-27,2024-09-14,18.0
OPP-01767,Proof of Concept,2024-09-14,2024-09-19,5.0
OPP-01768,Discovery,2024-01-01,2024-01-02,1.0
OPP-01768,Qualification,2024-01-02,2024-01-14,12.0
OPP-01769,Discovery,2024-08-05,2024-08-08,3.0
OPP-01770,Discovery,2024-03-29,2024-04-02,4.0
OPP-01770,Qualification,2024-04-02,2024-04-12,10.0
OPP-01771,Discovery,2024-07-04,2024-07-15,11.0
OPP-01771,Qualification,2024-07-15,2024-08-04,20.0
OPP-01771,Proof of Concept,2024-08-04,2024-10-15,72.0
OPP-01772,Discovery,2024-03-07,2024-04-02,26.0
OPP-01772,Qualification,2024-04-02,2024-04-19,17.0
OPP-01773,Discovery,2024-06-07,2024-06-20,13.0
OPP-01773,Qualification,2024-06-20,2024-07-10,20.0
OPP-01773,Proof of Concept,2024-07-10,2024-07-26,16.0
OPP-01774,Discovery,2024-09-07,2024-09-11,4.0
OPP-01775,Discovery,2024-11-12,2024-11-17,5.0
OPP-01776,Discovery,2023-12-14,2023-12-18,4.0
OPP-01776,Qualification,2023-12-18,2024-01-12,25.0
OPP-01776,Proof of Concept,2024-01-12,2024-01-28,16.0
OPP-01777,Discovery,2024-12-02,2024-12-15,13.0
OPP-01777,Qualification,2024-12-15,2024-12-24,9.0
OPP-01778,Discovery,2024-07-04,2024-07-10,6.0
OPP-01778,Qualification,2024-07-10,2024-07-13,3.0
OPP-01778,Proof of Concept,2024-07-13,2024-07-17,4.0
OPP-01779,Discovery,2024-06-16,2024-06-21,5.0
OPP-01780,Discovery,2024-03-27,2024-04-03,7.0
OPP-01781,Discovery,2025-05-15,2025-05-22,7.0
OPP-01781,Qualification,2025-05-22,2025-06-07,16.0
OPP-01781,Proof of Concept,2025-06-07,2025-09-12,97.0
OPP-01781,Negotiation,2025-09-12,2025-10-13,31.0
OPP-01782,Discovery,2025-01-01,2025-01-13,12.0
OPP-01783,Discovery,2024-07-27,2024-07-30,3.0
OPP-01783,Qualification,2024-07-30,2024-08-08,9.0
OPP-01783,Proof of Concept,2024-08-08,2024-08-31,23.0
OPP-01783,Negotiation,2024-08-31,2024-09-05,5.0
OPP-01784,Discovery,2025-03-08,2025-03-12,4.0
OPP-01785,Discovery,2023-12-06,2023-12-22,16.0
OPP-01785,Qualification,2023-12-22,2023-12-23,1.0
OPP-01785,Proof of Concept,2023-12-23,2024-01-01,9.0
OPP-01786,Discovery,2025-03-15,2025-04-01,17.0
OPP-01786,Qualification,2025-04-01,2025-05-10,39.0
OPP-01787,Discovery,2024-09-16,2024-10-15,29.0
OPP-01787,Qualification,2024-10-15,2024-11-15,31.0
OPP-01788,Discovery,2025-08-10,2025-08-16,6.0
OPP-01788,Qualification,2025-08-16,2025-08-25,9.0
OPP-01789,Discovery,2024-08-12,2024-08-19,7.0
OPP-01789,Qualification,2024-08-19,2024-09-22,34.0
OPP-01789,Proof of Concept,2024-09-22,2024-10-24,32.0
OPP-01790,Discovery,2025-02-19,2025-02-26,7.0
OPP-01790,Qualification,2025-02-26,2025-03-06,8.0
OPP-01790,Proof of Concept,2025-03-06,2025-04-30,55.0
OPP-01790,Negotiation,2025-04-30,2025-05-03,3.0
OPP-01791,Discovery,2025-07-19,2025-07-30,11.0
OPP-01791,Qualification,2025-07-30,2025-08-04,5.0
OPP-01792,Discovery,2025-11-12,2025-11-19,7.0
OPP-01792,Qualification,2025-11-19,2025-11-29,10.0
OPP-01793,Discovery,2024-11-22,2024-11-25,3.0
OPP-01793,Qualification,2024-11-25,2024-12-06,11.0
OPP-01794,Discovery,2025-05-04,2025-05-19,15.0
OPP-01794,Qualification,2025-05-19,2025-05-30,11.0
OPP-01794,Proof of Concept,2025-05-30,2025-06-22,23.0
OPP-01795,Discovery,2024-04-22,2024-04-25,3.0
OPP-01795,Qualification,2024-04-25,2024-05-10,15.0
OPP-01796,Discovery,2024-09-27,2024-10-05,8.0
OPP-01796,Qualification,2024-10-05,2024-10-29,24.0
OPP-01797,Discovery,2025-09-12,2025-09-20,8.0
OPP-01798,Discovery,2025-06-03,2025-06-10,7.0
OPP-01798,Qualification,2025-06-10,2025-06-22,12.0
OPP-01798,Proof of Concept,2025-06-22,2025-10-03,103.0
OPP-01798,Negotiation,2025-10-03,2025-11-07,35.0
OPP-01799,Discovery,2024-10-14,2024-10-17,3.0
OPP-01799,Qualification,2024-10-17,2024-10-23,6.0
OPP-01799,Proof of Concept,2024-10-23,2024-11-06,14.0
OPP-01799,Negotiation,2024-11-06,2024-11-15,9.0
OPP-01800,Discovery,2025-08-19,2025-08-29,10.0
OPP-01801,Discovery,2025-06-29,2025-07-01,2.0
OPP-01801,Qualification,2025-07-01,2025-07-09,8.0
OPP-01802,Discovery,2024-05-08,2024-05-13,5.0
OPP-01803,Discovery,2025-06-28,2025-07-08,10.0
OPP-01803,Qualification,2025-07-08,2025-07-15,7.0
OPP-01803,Proof of Concept,2025-07-15,2025-07-26,11.0
OPP-01804,Discovery,2025-06-11,2025-06-24,13.0
OPP-01805,Discovery,2025-03-06,2025-03-08,2.0
OPP-01806,Discovery,2025-04-27,2025-05-11,14.0
OPP-01807,Discovery,2025-01-13,2025-01-15,2.0
OPP-01807,Qualification,2025-01-15,2025-01-31,16.0
OPP-01807,Proof of Concept,2025-01-31,2025-03-21,49.0
OPP-01808,Discovery,2025-08-03,2025-08-15,12.0
OPP-01808,Qualification,2025-08-15,2025-09-06,22.0
OPP-01808,Proof of Concept,2025-09-06,2025-09-11,5.0
OPP-01808,Negotiation,2025-09-11,2025-10-08,27.0
OPP-01809,Discovery,2024-10-12,2024-10-16,4.0
OPP-01809,Qualification,2024-10-16,2024-10-24,8.0
OPP-01809,Proof of Concept,2024-10-24,2024-12-21,58.0
OPP-01810,Discovery,2024-04-07,2024-04-10,3.0
OPP-01811,Discovery,2025-02-24,2025-03-05,9.0
OPP-01812,Discovery,2024-10-12,2024-10-22,10.0
OPP-01812,Qualification,2024-10-22,2024-11-03,12.0
OPP-01812,Proof of Concept,2024-11-03,2024-11-09,6.0
OPP-01812,Negotiation,2024-11-09,2024-12-05,26.0
OPP-01813,Discovery,2024-02-08,2024-02-21,13.0
OPP-01813,Qualification,2024-02-21,2024-02-23,2.0
OPP-01814,Discovery,2024-03-24,2024-04-03,10.0
OPP-01814,Qualification,2024-04-03,2024-04-07,4.0
OPP-01814,Proof of Concept,2024-04-07,2024-04-14,7.0
OPP-01815,Discovery,2025-08-12,2025-08-27,15.0
OPP-01815,Qualification,2025-08-27,2025-09-18,22.0
OPP-01816,Discovery,2024-09-08,2024-09-27,19.0
OPP-01816,Qualification,2024-09-27,2024-10-02,5.0
OPP-01816,Proof of Concept,2024-10-02,2024-10-15,13.0
OPP-01817,Discovery,2025-10-09,2025-10-15,6.0
OPP-01817,Qualification,2025-10-15,2025-10-22,7.0
OPP-01817,Proof of Concept,2025-10-22,2025-11-16,25.0
OPP-01817,Negotiation,2025-11-16,2025-11-20,4.0
OPP-01818,Discovery,2024-05-25,2024-05-29,4.0
OPP-01819,Discovery,2025-02-19,2025-02-27,8.0
OPP-01820,Discovery,2024-09-21,2024-10-01,10.0
OPP-01821,Discovery,2025-08-04,2025-08-11,7.0
OPP-01821,Qualification,2025-08-11,2025-08-27,16.0
OPP-01822,Discovery,2025-12-14,2025-12-25,11.0
OPP-01822,Qualification,2025-12-25,2025-12-27,2.0
OPP-01823,Discovery,2025-02-15,2025-02-25,10.0
OPP-01823,Qualification,2025-02-25,2025-03-04,7.0
OPP-01823,Proof of Concept,2025-03-04,2025-04-08,35.0
OPP-01824,Discovery,2024-04-05,2024-04-15,10.0
OPP-01825,Discovery,2025-09-23,2025-09-30,7.0
OPP-01825,Qualification,2025-09-30,2025-10-04,4.0
OPP-01826,Discovery,2024-03-20,2024-03-31,11.0
OPP-01826,Qualification,2024-03-31,2024-04-09,9.0
OPP-01826,Proof of Concept,2024-04-09,2024-04-20,11.0
OPP-01827,Discovery,2024-03-11,2024-03-15,4.0
OPP-01827,Qualification,2024-03-15,2024-03-26,11.0
OPP-01828,Discovery,2025-03-02,2025-03-18,16.0
OPP-01829,Discovery,2024-06-05,2024-06-13,8.0
OPP-01830,Discovery,2025-05-03,2025-05-14,11.0
OPP-01830,Qualification,2025-05-14,2025-05-25,11.0
OPP-01831,Discovery,2024-01-03,2024-01-14,11.0
OPP-01831,Qualification,2024-01-14,2024-01-21,7.0
OPP-01831,Proof of Concept,2024-01-21,2024-02-21,31.0
OPP-01832,Discovery,2024-04-26,2024-05-03,7.0
OPP-01833,Discovery,2024-01-29,2024-02-10,12.0
OPP-01834,Discovery,2024-09-22,2024-09-27,5.0
OPP-01834,Qualification,2024-09-27,2024-10-04,7.0
OPP-01834,Proof of Concept,2024-10-04,2024-11-28,55.0
OPP-01835,Discovery,2024-02-03,2024-02-05,2.0
OPP-01836,Discovery,2023-11-08,2023-11-20,12.0
OPP-01836,Qualification,2023-11-20,2023-12-13,23.0
OPP-01836,Proof of Concept,2023-12-13,2024-01-01,19.0
OPP-01837,Discovery,2024-08-01,2024-08-08,7.0
OPP-01837,Qualification,2024-08-08,2024-08-13,5.0
OPP-01837,Proof of Concept,2024-08-13,2024-10-15,63.0
OPP-01838,Discovery,2024-05-09,2024-05-16,7.0
OPP-01839,Discovery,2024-01-18,2024-02-04,17.0
OPP-01840,Discovery,2024-10-12,2024-10-16,4.0
OPP-01840,Qualification,2024-10-16,2024-11-14,29.0
OPP-01840,Proof of Concept,2024-11-14,2024-12-10,26.0
OPP-01840,Negotiation,2024-12-10,2024-12-25,15.0
OPP-01841,Discovery,2025-10-27,2025-11-02,6.0
OPP-01842,Discovery,2025-07-19,2025-07-27,8.0
OPP-01843,Discovery,2025-01-03,2025-01-12,9.0
OPP-01843,Qualification,2025-01-12,2025-01-24,12.0
OPP-01843,Proof of Concept,2025-01-24,2025-03-10,45.0
OPP-01844,Discovery,2025-07-26,2025-08-05,10.0
OPP-01845,Discovery,2024-04-03,2024-04-18,15.0
OPP-01845,Qualification,2024-04-18,2024-05-01,13.0
OPP-01845,Proof of Concept,2024-05-01,2024-06-15,45.0
OPP-01846,Discovery,2025-04-06,2025-04-10,4.0
OPP-01846,Qualification,2025-04-10,2025-04-22,12.0
OPP-01846,Proof of Concept,2025-04-22,2025-06-02,41.0
OPP-01847,Discovery,2024-07-14,2024-07-18,4.0
OPP-01847,Qualification,2024-07-18,2024-07-28,10.0
OPP-01847,Proof of Concept,2024-07-28,2024-08-11,14.0
OPP-01847,Negotiation,2024-08-11,2024-08-15,4.0
OPP-01848,Discovery,2025-05-14,2025-05-17,3.0
OPP-01849,Discovery,2025-10-18,2025-10-21,3.0
OPP-01849,Qualification,2025-10-21,2025-10-23,2.0
OPP-01850,Discovery,2025-10-10,2025-10-20,10.0
OPP-01850,Qualification,2025-10-20,2025-11-01,12.0
OPP-01851,Discovery,2024-08-26,2024-09-07,12.0
OPP-01851,Qualification,2024-09-07,2024-09-12,5.0
OPP-01851,Proof of Concept,2024-09-12,2024-10-12,30.0
OPP-01852,Discovery,2024-05-22,2024-05-26,4.0
OPP-01853,Discovery,2024-03-27,2024-04-06,10.0
OPP-01853,Qualification,2024-04-06,2024-04-25,19.0
OPP-01853,Proof of Concept,2024-04-25,2024-05-22,27.0
OPP-01854,Discovery,2024-12-08,2024-12-20,12.0
OPP-01855,Discovery,2025-10-03,2025-10-09,6.0
OPP-01855,Qualification,2025-10-09,2025-10-14,5.0
OPP-01855,Proof of Concept,2025-10-14,2025-12-29,76.0
OPP-01856,Discovery,2024-11-30,2024-12-04,4.0
OPP-01856,Qualification,2024-12-04,2024-12-15,11.0
OPP-01856,Proof of Concept,2024-12-15,2024-12-28,13.0
OPP-01856,Negotiation,2024-12-28,2025-01-10,13.0
OPP-01857,Discovery,2025-08-02,2025-08-24,22.0
OPP-01857,Qualification,2025-08-24,2025-08-28,4.0
OPP-01857,Proof of Concept,2025-08-28,2025-09-15,18.0
OPP-01857,Negotiation,2025-09-15,2025-10-02,17.0
OPP-01858,Discovery,2025-11-04,2025-11-10,6.0
OPP-01859,Discovery,2024-04-26,2024-05-06,10.0
OPP-01860,Discovery,2025-06-23,2025-07-04,11.0
OPP-01860,Qualification,2025-07-04,2025-07-09,5.0
OPP-01861,Discovery,2025-02-03,2025-02-14,11.0
OPP-01861,Qualification,2025-02-14,2025-02-26,12.0
OPP-01861,Proof of Concept,2025-02-26,2025-04-03,36.0
OPP-01862,Discovery,2024-03-02,2024-03-06,4.0
OPP-01862,Qualification,2024-03-06,2024-03-12,6.0
OPP-01862,Proof of Concept,2024-03-12,2024-03-16,4.0
OPP-01863,Discovery,2025-04-21,2025-05-03,12.0
OPP-01863,Qualification,2025-05-03,2025-05-20,17.0
OPP-01863,Proof of Concept,2025-05-20,2025-07-11,52.0
OPP-01864,Discovery,2024-12-06,2024-12-17,11.0
OPP-01864,Qualification,2024-12-17,2025-01-04,18.0
OPP-01864,Proof of Concept,2025-01-04,2025-03-15,70.0
OPP-01865,Discovery,2025-04-11,2025-04-14,3.0
OPP-01865,Qualification,2025-04-14,2025-04-15,1.0
OPP-01866,Discovery,2024-06-15,2024-06-17,2.0
OPP-01866,Qualification,2024-06-17,2024-06-22,5.0
OPP-01866,Proof of Concept,2024-06-22,2024-06-24,2.0
OPP-01866,Negotiation,2024-06-24,2024-07-02,8.0
OPP-01867,Discovery,2025-10-26,2025-11-02,7.0
OPP-01867,Qualification,2025-11-02,2025-11-07,5.0
OPP-01867,Proof of Concept,2025-11-07,2025-11-23,16.0
OPP-01867,Negotiation,2025-11-23,2025-12-03,10.0
OPP-01868,Discovery,2025-01-26,2025-02-03,8.0
OPP-01868,Qualification,2025-02-03,2025-02-07,4.0
OPP-01869,Discovery,2025-05-14,2025-05-16,2.0
OPP-01869,Qualification,2025-05-16,2025-05-31,15.0
OPP-01869,Proof of Concept,2025-05-31,2025-06-19,19.0
OPP-01870,Discovery,2024-04-09,2024-04-18,9.0
OPP-01870,Qualification,2024-04-18,2024-05-03,15.0
OPP-01870,Proof of Concept,2024-05-03,2024-05-12,9.0
OPP-01871,Discovery,2024-03-06,2024-03-08,2.0
OPP-01872,Discovery,2025-10-15,2025-10-20,5.0
OPP-01872,Qualification,2025-10-20,2025-10-25,5.0
OPP-01873,Discovery,2025-11-08,2025-11-12,4.0
OPP-01874,Discovery,2024-02-23,2024-02-25,2.0
OPP-01875,Discovery,2025-02-07,2025-02-14,7.0
OPP-01875,Qualification,2025-02-14,2025-02-23,9.0
OPP-01876,Discovery,2025-02-02,2025-02-06,4.0
OPP-01876,Qualification,2025-02-06,2025-02-13,7.0
OPP-01877,Discovery,2024-09-17,2024-09-22,5.0
OPP-01877,Qualification,2024-09-22,2024-10-01,9.0
OPP-01877,Proof of Concept,2024-10-01,2024-10-08,7.0
OPP-01878,Discovery,2024-10-06,2024-10-09,3.0
OPP-01878,Qualification,2024-10-09,2024-10-11,2.0
OPP-01878,Proof of Concept,2024-10-11,2024-10-26,15.0
OPP-01879,Discovery,2024-09-24,2024-10-09,15.0
OPP-01879,Qualification,2024-10-09,2024-10-18,9.0
OPP-01879,Proof of Concept,2024-10-18,2024-12-08,51.0
OPP-01880,Discovery,2024-04-20,2024-04-25,5.0
OPP-01880,Qualification,2024-04-25,2024-04-28,3.0
OPP-01880,Proof of Concept,2024-04-28,2024-05-07,9.0
OPP-01881,Discovery,2025-07-31,2025-08-03,3.0
OPP-01882,Discovery,2023-12-06,2023-12-19,13.0
OPP-01882,Qualification,2023-12-19,2024-01-02,14.0
OPP-01883,Discovery,2024-10-04,2024-10-07,3.0
OPP-01884,Discovery,2024-07-02,2024-07-11,9.0
OPP-01884,Qualification,2024-07-11,2024-07-19,8.0
OPP-01885,Discovery,2024-09-29,2024-10-03,4.0
OPP-01885,Qualification,2024-10-03,2024-10-17,14.0
OPP-01885,Proof of Concept,2024-10-17,2024-10-23,6.0
OPP-01886,Discovery,2024-05-28,2024-06-09,12.0
OPP-01886,Qualification,2024-06-09,2024-07-02,23.0
OPP-01886,Proof of Concept,2024-07-02,2024-09-28,88.0
OPP-01887,Discovery,2025-11-14,2025-11-19,5.0
OPP-01887,Qualification,2025-11-19,2025-11-25,6.0
OPP-01887,Proof of Concept,2025-11-25,2025-11-30,5.0
OPP-01888,Discovery,2024-01-09,2024-01-16,7.0
OPP-01888,Qualification,2024-01-16,2024-01-30,14.0
OPP-01888,Proof of Concept,2024-01-30,2024-03-12,42.0
OPP-01889,Discovery,2024-02-17,2024-02-25,8.0
OPP-01890,Discovery,2025-09-03,2025-09-15,12.0
OPP-01890,Qualification,2025-09-15,2025-09-28,13.0
OPP-01890,Proof of Concept,2025-09-28,2025-11-07,40.0
OPP-01891,Discovery,2025-05-04,2025-05-09,5.0
OPP-01891,Qualification,2025-05-09,2025-05-11,2.0
OPP-01891,Proof of Concept,2025-05-11,2025-05-23,12.0
OPP-01892,Discovery,2025-04-05,2025-04-19,14.0
OPP-01892,Qualification,2025-04-19,2025-04-27,8.0
OPP-01893,Discovery,2024-10-18,2024-11-02,15.0
OPP-01893,Qualification,2024-11-02,2024-11-08,6.0
OPP-01893,Proof of Concept,2024-11-08,2024-11-23,15.0
OPP-01893,Negotiation,2024-11-23,2024-11-25,2.0
OPP-01894,Discovery,2025-05-26,2025-05-30,4.0
OPP-01894,Qualification,2025-05-30,2025-06-08,9.0
OPP-01894,Proof of Concept,2025-06-08,2025-06-20,12.0
OPP-01895,Discovery,2025-05-09,2025-05-14,5.0
OPP-01895,Qualification,2025-05-14,2025-05-19,5.0
OPP-01895,Proof of Concept,2025-05-19,2025-06-08,20.0
OPP-01896,Discovery,2025-11-16,2025-11-17,1.0
OPP-01897,Discovery,2025-05-05,2025-05-14,9.0
OPP-01898,Discovery,2024-02-22,2024-03-03,10.0
OPP-01898,Qualification,2024-03-03,2024-03-07,4.0
OPP-01899,Discovery,2025-02-15,2025-02-20,5.0
OPP-01899,Qualification,2025-02-20,2025-02-23,3.0
OPP-01899,Proof of Concept,2025-02-23,2025-03-01,6.0
OPP-01900,Discovery,2025-12-02,2025-12-10,8.0
OPP-01900,Qualification,2025-12-10,2025-12-13,3.0
OPP-01900,Proof of Concept,2025-12-13,2025-12-25,12.0
OPP-01901,Discovery,2025-11-17,2025-11-28,11.0
OPP-01901,Qualification,2025-11-28,2025-12-08,10.0
OPP-01902,Discovery,2024-02-28,2024-03-01,2.0
OPP-01902,Qualification,2024-03-01,2024-03-09,8.0
OPP-01902,Proof of Concept,2024-03-09,2024-03-23,14.0
OPP-01903,Discovery,2024-04-22,2024-05-06,14.0
OPP-01903,Qualification,2024-05-06,2024-05-12,6.0
OPP-01903,Proof of Concept,2024-05-12,2024-06-08,27.0
OPP-01904,Discovery,2024-12-17,2024-12-26,9.0
OPP-01905,Discovery,2024-09-02,2024-09-25,23.0
OPP-01906,Discovery,2025-04-14,2025-04-16,2.0
OPP-01906,Qualification,2025-04-16,2025-04-29,13.0
OPP-01906,Proof of Concept,2025-04-29,2025-05-06,7.0
OPP-01907,Discovery,2024-09-13,2024-09-18,5.0
OPP-01907,Qualification,2024-09-18,2024-10-07,19.0
OPP-01908,Discovery,2024-07-22,2024-07-25,3.0
OPP-01908,Qualification,2024-07-25,2024-08-07,13.0
OPP-01908,Proof of Concept,2024-08-07,2024-09-01,25.0
OPP-01908,Negotiation,2024-09-01,2024-09-05,4.0
OPP-01909,Discovery,2025-07-11,2025-07-18,7.0
OPP-01909,Qualification,2025-07-18,2025-08-02,15.0
OPP-01909,Proof of Concept,2025-08-02,2025-08-15,13.0
OPP-01910,Discovery,2024-04-24,2024-04-28,4.0
OPP-01911,Discovery,2024-08-07,2024-08-10,3.0
OPP-01911,Qualification,2024-08-10,2024-08-30,20.0
OPP-01912,Discovery,2024-03-25,2024-03-31,6.0
OPP-01913,Discovery,2024-05-07,2024-05-16,9.0
OPP-01914,Discovery,2025-10-22,2025-10-29,7.0
OPP-01914,Qualification,2025-10-29,2025-11-14,16.0
OPP-01914,Proof of Concept,2025-11-14,2025-12-12,28.0
OPP-01915,Discovery,2024-01-21,2024-02-02,12.0
OPP-01915,Qualification,2024-02-02,2024-02-13,11.0
OPP-01916,Discovery,2025-07-20,2025-07-21,1.0
OPP-01916,Qualification,2025-07-21,2025-07-26,5.0
OPP-01916,Proof of Concept,2025-07-26,2025-07-27,1.0
OPP-01917,Discovery,2024-12-13,2024-12-22,9.0
OPP-01917,Qualification,2024-12-22,2024-12-28,6.0
OPP-01917,Proof of Concept,2024-12-28,2025-01-04,7.0
OPP-01918,Discovery,2025-10-12,2025-10-26,14.0
OPP-01918,Qualification,2025-10-26,2025-10-30,4.0
OPP-01919,Discovery,2025-02-23,2025-02-28,5.0
OPP-01919,Qualification,2025-02-28,2025-03-04,4.0
OPP-01919,Proof of Concept,2025-03-04,2025-04-04,31.0
OPP-01920,Discovery,2024-06-09,2024-06-13,4.0
OPP-01920,Qualification,2024-06-13,2024-06-30,17.0
OPP-01921,Discovery,2025-06-20,2025-06-22,2.0
OPP-01921,Qualification,2025-06-22,2025-07-29,37.0
OPP-01922,Discovery,2025-08-07,2025-08-24,17.0
OPP-01922,Qualification,2025-08-24,2025-09-12,19.0
OPP-01922,Proof of Concept,2025-09-12,2025-10-18,36.0
OPP-01923,Discovery,2024-11-04,2024-11-15,11.0
OPP-01924,Discovery,2025-03-27,2025-04-24,28.0
OPP-01924,Qualification,2025-04-24,2025-04-29,5.0
OPP-01925,Discovery,2025-03-19,2025-04-05,17.0
OPP-01925,Qualification,2025-04-05,2025-04-11,6.0
OPP-01926,Discovery,2024-02-20,2024-02-24,4.0
OPP-01926,Qualification,2024-02-24,2024-02-25,1.0
OPP-01926,Proof of Concept,2024-02-25,2024-03-03,7.0
OPP-01927,Discovery,2024-12-14,2024-12-18,4.0
OPP-01927,Qualification,2024-12-18,2025-01-01,14.0
OPP-01927,Proof of Concept,2025-01-01,2025-01-15,14.0
OPP-01928,Discovery,2025-04-04,2025-04-05,1.0
OPP-01929,Discovery,2025-11-11,2025-11-12,1.0
OPP-01929,Qualification,2025-11-12,2025-11-27,15.0
OPP-01929,Proof of Concept,2025-11-27,2025-12-10,13.0
OPP-01930,Discovery,2024-02-07,2024-02-13,6.0
OPP-01931,Discovery,2024-10-13,2024-10-16,3.0
OPP-01931,Qualification,2024-10-16,2024-10-24,8.0
OPP-01931,Proof of Concept,2024-10-24,2024-10-29,5.0
OPP-01932,Discovery,2025-11-22,2025-11-25,3.0
OPP-01932,Qualification,2025-11-25,2025-11-30,5.0
OPP-01932,Proof of Concept,2025-11-30,2025-12-27,27.0
OPP-01933,Discovery,2025-10-11,2025-10-25,14.0
OPP-01933,Qualification,2025-10-25,2025-10-30,5.0
OPP-01934,Discovery,2024-11-08,2024-11-10,2.0
OPP-01935,Discovery,2023-12-08,2024-01-03,26.0
OPP-01935,Qualification,2024-01-03,2024-01-08,5.0
OPP-01935,Proof of Concept,2024-01-08,2024-01-19,11.0
OPP-01936,Discovery,2025-02-12,2025-02-16,4.0
OPP-01936,Qualification,2025-02-16,2025-04-03,46.0
OPP-01936,Proof of Concept,2025-04-03,2025-04-24,21.0
OPP-01937,Discovery,2024-03-31,2024-04-07,7.0
OPP-01937,Qualification,2024-04-07,2024-04-09,2.0
OPP-01937,Proof of Concept,2024-04-09,2024-05-02,23.0
OPP-01938,Discovery,2024-08-26,2024-09-04,9.0
OPP-01938,Qualification,2024-09-04,2024-09-05,1.0
OPP-01938,Proof of Concept,2024-09-05,2024-10-05,30.0
OPP-01938,Negotiation,2024-10-05,2024-10-12,7.0
OPP-01939,Discovery,2024-05-22,2024-05-30,8.0
OPP-01940,Discovery,2025-05-25,2025-06-02,8.0
OPP-01940,Qualification,2025-06-02,2025-06-03,1.0
OPP-01940,Proof of Concept,2025-06-03,2025-06-29,26.0
OPP-01941,Discovery,2023-12-24,2024-01-10,17.0
OPP-01941,Qualification,2024-01-10,2024-01-18,8.0
OPP-01941,Proof of Concept,2024-01-18,2024-01-23,5.0
OPP-01941,Negotiation,2024-01-23,2024-01-26,3.0
OPP-01942,Discovery,2025-04-28,2025-05-14,16.0
OPP-01942,Qualification,2025-05-14,2025-05-20,6.0
OPP-01942,Proof of Concept,2025-05-20,2025-06-23,34.0
OPP-01942,Negotiation,2025-06-23,2025-07-12,19.0
OPP-01943,Discovery,2024-06-17,2024-06-20,3.0
OPP-01943,Qualification,2024-06-20,2024-06-26,6.0
OPP-01943,Proof of Concept,2024-06-26,2024-07-15,19.0
OPP-01944,Discovery,2024-08-11,2024-08-12,1.0
OPP-01944,Qualification,2024-08-12,2024-08-29,17.0
OPP-01944,Proof of Concept,2024-08-29,2024-09-16,18.0
OPP-01945,Discovery,2025-01-11,2025-01-25,14.0
OPP-01945,Qualification,2025-01-25,2025-02-10,16.0
OPP-01945,Proof of Concept,2025-02-10,2025-03-16,34.0
OPP-01946,Discovery,2024-07-25,2024-08-05,11.0
OPP-01946,Qualification,2024-08-05,2024-08-09,4.0
OPP-01947,Discovery,2025-03-20,2025-03-26,6.0
OPP-01948,Discovery,2025-10-25,2025-10-29,4.0
OPP-01949,Discovery,2025-02-01,2025-02-08,7.0
OPP-01949,Qualification,2025-02-08,2025-02-12,4.0
OPP-01949,Proof of Concept,2025-02-12,2025-04-01,48.0
OPP-01950,Discovery,2025-06-23,2025-07-17,24.0
OPP-01950,Qualification,2025-07-17,2025-07-27,10.0
OPP-01950,Proof of Concept,2025-07-27,2025-09-01,36.0
OPP-01951,Discovery,2025-07-14,2025-07-15,1.0
OPP-01952,Discovery,2025-11-02,2025-11-05,3.0
OPP-01952,Qualification,2025-11-05,2025-11-12,7.0
OPP-01952,Proof of Concept,2025-11-12,2025-12-19,37.0
OPP-01953,Discovery,2025-12-19,2025-12-26,7.0
OPP-01954,Discovery,2024-03-25,2024-04-16,22.0
OPP-01954,Qualification,2024-04-16,2024-04-22,6.0
OPP-01954,Proof of Concept,2024-04-22,2024-05-01,9.0
OPP-01955,Discovery,2025-09-24,2025-10-06,12.0
OPP-01955,Qualification,2025-10-06,2025-10-11,5.0
OPP-01955,Proof of Concept,2025-10-11,2025-10-28,17.0
OPP-01956,Discovery,2025-01-07,2025-01-18,11.0
OPP-01957,Discovery,2025-05-29,2025-06-04,6.0
OPP-01958,Discovery,2025-05-15,2025-05-29,14.0
OPP-01958,Qualification,2025-05-29,2025-06-05,7.0
OPP-01959,Discovery,2025-03-25,2025-04-07,13.0
OPP-01959,Qualification,2025-04-07,2025-04-19,12.0
OPP-01960,Discovery,2024-10-07,2024-10-12,5.0
OPP-01960,Qualification,2024-10-12,2024-10-19,7.0
OPP-01960,Proof of Concept,2024-10-19,2024-10-27,8.0
OPP-01961,Discovery,2024-11-15,2024-11-20,5.0
OPP-01961,Qualification,2024-11-20,2024-12-10,20.0
OPP-01962,Discovery,2025-03-03,2025-03-07,4.0
OPP-01962,Qualification,2025-03-07,2025-03-11,4.0
OPP-01962,Proof of Concept,2025-03-11,2025-03-29,18.0
OPP-01963,Discovery,2024-12-16,2024-12-19,3.0
OPP-01964,Discovery,2024-12-27,2025-01-04,8.0
OPP-01964,Qualification,2025-01-04,2025-01-22,18.0
OPP-01964,Proof of Concept,2025-01-22,2025-02-21,30.0
OPP-01964,Negotiation,2025-02-21,2025-03-19,26.0
OPP-01965,Discovery,2024-02-26,2024-03-02,5.0
OPP-01965,Qualification,2024-03-02,2024-03-25,23.0
OPP-01965,Proof of Concept,2024-03-25,2024-05-22,58.0
OPP-01966,Discovery,2024-10-25,2024-11-06,12.0
OPP-01966,Qualification,2024-11-06,2024-11-09,3.0
OPP-01966,Proof of Concept,2024-11-09,2024-11-15,6.0
OPP-01966,Negotiation,2024-11-15,2024-11-22,7.0
OPP-01967,Discovery,2024-06-22,2024-06-24,2.0
OPP-01967,Qualification,2024-06-24,2024-07-07,13.0
OPP-01968,Discovery,2025-12-09,2025-12-19,10.0
OPP-01969,Discovery,2024-11-10,2024-11-14,4.0
OPP-01969,Qualification,2024-11-14,2024-12-06,22.0
OPP-01969,Proof of Concept,2024-12-06,2024-12-12,6.0
OPP-01969,Negotiation,2024-12-12,2024-12-26,14.0
OPP-01970,Discovery,2025-08-08,2025-08-12,4.0
OPP-01970,Qualification,2025-08-12,2025-08-19,7.0
OPP-01971,Discovery,2024-05-14,2024-05-22,8.0
OPP-01971,Qualification,2024-05-22,2024-06-04,13.0
OPP-01971,Proof of Concept,2024-06-04,2024-06-17,13.0
OPP-01972,Discovery,2024-06-01,2024-06-15,14.0
OPP-01972,Qualification,2024-06-15,2024-06-23,8.0
OPP-01973,Discovery,2025-05-16,2025-05-29,13.0
OPP-01973,Qualification,2025-05-29,2025-06-27,29.0
OPP-01973,Proof of Concept,2025-06-27,2025-11-17,143.0
OPP-01974,Discovery,2024-03-03,2024-03-15,12.0
OPP-01975,Discovery,2025-03-03,2025-03-23,20.0
OPP-01975,Qualification,2025-03-23,2025-04-18,26.0
OPP-01976,Discovery,2023-12-27,2024-01-03,7.0
OPP-01976,Qualification,2024-01-03,2024-01-07,4.0
OPP-01977,Discovery,2024-03-20,2024-03-29,9.0
OPP-01977,Qualification,2024-03-29,2024-04-04,6.0
OPP-01977,Proof of Concept,2024-04-04,2024-08-21,139.0
OPP-01977,Negotiation,2024-08-21,2024-08-29,8.0
OPP-01978,Discovery,2024-08-30,2024-09-10,11.0
OPP-01979,Discovery,2023-12-28,2024-01-07,10.0
OPP-01980,Discovery,2024-08-12,2024-08-19,7.0
OPP-01980,Qualification,2024-08-19,2024-09-17,29.0
OPP-01981,Discovery,2025-07-01,2025-07-10,9.0
OPP-01982,Discovery,2024-07-04,2024-07-07,3.0
OPP-01983,Discovery,2024-07-04,2024-07-09,5.0
OPP-01983,Qualification,2024-07-09,2024-07-20,11.0
OPP-01984,Discovery,2024-11-03,2024-11-09,6.0
OPP-01984,Qualification,2024-11-09,2024-11-10,1.0
OPP-01985,Discovery,2025-11-09,2025-11-24,15.0
OPP-01985,Qualification,2025-11-24,2025-12-04,10.0
OPP-01985,Proof of Concept,2025-12-04,2025-12-12,8.0
OPP-01986,Discovery,2025-10-28,2025-11-13,16.0
OPP-01987,Discovery,2024-05-04,2024-05-23,19.0
OPP-01988,Discovery,2025-09-17,2025-09-25,8.0
OPP-01988,Qualification,2025-09-25,2025-09-29,4.0
OPP-01989,Discovery,2024-06-20,2024-07-01,11.0
OPP-01990,Discovery,2024-05-19,2024-05-23,4.0
OPP-01990,Qualification,2024-05-23,2024-06-12,20.0
OPP-01991,Discovery,2024-04-04,2024-04-21,17.0
OPP-01992,Discovery,2025-06-07,2025-06-25,18.0
OPP-01992,Qualification,2025-06-25,2025-07-06,11.0
OPP-01993,Discovery,2025-05-29,2025-06-13,15.0
OPP-01994,Discovery,2025-05-22,2025-05-23,1.0
OPP-01994,Qualification,2025-05-23,2025-05-25,2.0
OPP-01995,Discovery,2025-06-18,2025-06-27,9.0
OPP-01996,Discovery,2024-09-16,2024-09-26,10.0
OPP-01996,Qualification,2024-09-26,2024-10-23,27.0
OPP-01996,Proof of Concept,2024-10-23,2024-11-20,28.0
OPP-01997,Discovery,2024-02-06,2024-02-20,14.0
OPP-01997,Qualification,2024-02-20,2024-02-25,5.0
OPP-01997,Proof of Concept,2024-02-25,2024-07-10,136.0
OPP-01998,Discovery,2025-10-10,2025-10-30,20.0
OPP-01998,Qualification,2025-10-30,2025-11-18,19.0
OPP-01998,Proof of Concept,2025-11-18,2025-12-03,15.0
OPP-01999,Discovery,2024-10-27,2024-10-30,3.0
OPP-01999,Qualification,2024-10-30,2024-11-05,6.0
OPP-01999,Proof of Concept,2024-11-05,2025-01-02,58.0
OPP-01999,Negotiation,2025-01-02,2025-02-03,32.0
OPP-02000,Discovery,2025-02-06,2025-02-08,2.0
OPP-02000,Qualification,2025-02-08,2025-03-01,21.0
OPP-02001,Discovery,2024-04-22,2024-04-23,1.0
OPP-02001,Qualification,2024-04-23,2024-04-27,4.0
OPP-02001,Proof of Concept,2024-04-27,2024-05-06,9.0
OPP-02002,Discovery,2024-01-28,2024-02-02,5.0
OPP-02002,Qualification,2024-02-02,2024-02-09,7.0
OPP-02003,Discovery,2024-09-11,2024-09-14,3.0
OPP-02003,Qualification,2024-09-14,2024-10-01,17.0
OPP-02003,Proof of Concept,2024-10-01,2024-10-14,13.0
OPP-02004,Discovery,2025-07-21,2025-07-25,4.0
OPP-02004,Qualification,2025-07-25,2025-08-20,26.0
OPP-02004,Proof of Concept,2025-08-20,2025-09-13,24.0
OPP-02005,Discovery,2024-06-07,2024-06-13,6.0
OPP-02005,Qualification,2024-06-13,2024-06-23,10.0
OPP-02006,Discovery,2024-02-15,2024-02-18,3.0
OPP-02006,Qualification,2024-02-18,2024-03-12,23.0
OPP-02007,Discovery,2024-02-25,2024-03-02,6.0
OPP-02008,Discovery,2024-02-11,2024-03-23,41.0
OPP-02008,Qualification,2024-03-23,2024-03-31,8.0
OPP-02008,Proof of Concept,2024-03-31,2024-07-03,94.0
OPP-02009,Discovery,2025-08-02,2025-08-17,15.0
OPP-02010,Discovery,2024-01-31,2024-02-03,3.0
OPP-02010,Qualification,2024-02-03,2024-02-19,16.0
OPP-02011,Discovery,2024-09-08,2024-09-21,13.0
OPP-02011,Qualification,2024-09-21,2024-10-04,13.0
OPP-02011,Proof of Concept,2024-10-04,2024-10-05,1.0
OPP-02012,Discovery,2023-12-26,2024-01-03,8.0
OPP-02013,Discovery,2023-12-26,2023-12-28,2.0
OPP-02013,Qualification,2023-12-28,2024-01-02,5.0
OPP-02014,Discovery,2025-10-28,2025-11-02,5.0
OPP-02014,Qualification,2025-11-02,2025-11-25,23.0
OPP-02014,Proof of Concept,2025-11-25,2025-12-01,6.0
OPP-02015,Discovery,2025-04-11,2025-04-21,10.0
OPP-02015,Qualification,2025-04-21,2025-04-28,7.0
OPP-02015,Proof of Concept,2025-04-28,2025-05-21,23.0
OPP-02016,Discovery,2024-11-28,2024-12-05,7.0
OPP-02016,Qualification,2024-12-05,2024-12-19,14.0
OPP-02016,Proof of Concept,2024-12-19,2025-01-16,28.0
OPP-02017,Discovery,2023-11-06,2023-11-21,15.0
OPP-02017,Qualification,2023-11-21,2023-12-07,16.0
OPP-02017,Proof of Concept,2023-12-07,2024-01-30,54.0
OPP-02018,Discovery,2025-10-25,2025-11-13,19.0
OPP-02019,Discovery,2025-02-26,2025-03-07,9.0
OPP-02019,Qualification,2025-03-07,2025-05-02,56.0
OPP-02019,Proof of Concept,2025-05-02,2025-05-15,13.0
OPP-02019,Negotiation,2025-05-15,2025-05-18,3.0
OPP-02020,Discovery,2024-01-24,2024-01-31,7.0
OPP-02020,Qualification,2024-01-31,2024-02-02,2.0
OPP-02020,Proof of Concept,2024-02-02,2024-02-22,20.0
OPP-02020,Negotiation,2024-02-22,2024-02-24,2.0
OPP-02021,Discovery,2025-04-04,2025-04-11,7.0
OPP-02021,Qualification,2025-04-11,2025-04-17,6.0
OPP-02021,Proof of Concept,2025-04-17,2025-04-24,7.0
OPP-02022,Discovery,2025-08-25,2025-08-30,5.0
OPP-02023,Discovery,2024-08-09,2024-08-13,4.0
OPP-02023,Qualification,2024-08-13,2024-08-25,12.0
OPP-02023,Proof of Concept,2024-08-25,2024-09-02,8.0
OPP-02024,Discovery,2024-04-23,2024-05-07,14.0
OPP-02024,Qualification,2024-05-07,2024-05-18,11.0
OPP-02024,Proof of Concept,2024-05-18,2024-05-24,6.0
OPP-02025,Discovery,2025-02-02,2025-02-13,11.0
OPP-02025,Qualification,2025-02-13,2025-02-28,15.0
OPP-02025,Proof of Concept,2025-02-28,2025-03-04,4.0
OPP-02026,Discovery,2025-05-23,2025-05-24,1.0
OPP-02026,Qualification,2025-05-24,2025-05-31,7.0
OPP-02026,Proof of Concept,2025-05-31,2025-06-18,18.0
OPP-02027,Discovery,2025-08-31,2025-09-17,17.0
OPP-02028,Discovery,2024-05-19,2024-05-22,3.0
OPP-02028,Qualification,2024-05-22,2024-06-05,14.0
OPP-02028,Proof of Concept,2024-06-05,2024-07-07,32.0
OPP-02029,Discovery,2024-11-09,2024-11-16,7.0
OPP-02029,Qualification,2024-11-16,2024-12-08,22.0
OPP-02029,Proof of Concept,2024-12-08,2025-01-05,28.0
OPP-02029,Negotiation,2025-01-05,2025-02-13,39.0
OPP-02030,Discovery,2024-05-05,2024-05-09,4.0
OPP-02030,Qualification,2024-05-09,2024-05-12,3.0
OPP-02030,Proof of Concept,2024-05-12,2024-05-24,12.0
OPP-02031,Discovery,2024-02-04,2024-02-10,6.0
OPP-02031,Qualification,2024-02-10,2024-02-25,15.0
OPP-02032,Discovery,2024-04-03,2024-04-09,6.0
OPP-02033,Discovery,2024-12-01,2024-12-05,4.0
OPP-02033,Qualification,2024-12-05,2024-12-17,12.0
OPP-02033,Proof of Concept,2024-12-17,2024-12-30,13.0
OPP-02034,Discovery,2024-10-20,2024-10-29,9.0
OPP-02034,Qualification,2024-10-29,2024-11-27,29.0
OPP-02035,Discovery,2024-01-17,2024-01-23,6.0
OPP-02035,Qualification,2024-01-23,2024-02-15,23.0
OPP-02035,Proof of Concept,2024-02-15,2024-03-31,45.0
OPP-02035,Negotiation,2024-03-31,2024-04-17,17.0
OPP-02036,Discovery,2025-08-19,2025-08-20,1.0
OPP-02036,Qualification,2025-08-20,2025-09-01,12.0
OPP-02036,Proof of Concept,2025-09-01,2025-10-21,50.0
OPP-02037,Discovery,2024-11-15,2024-11-20,5.0
OPP-02037,Qualification,2024-11-20,2024-12-03,13.0
OPP-02037,Proof of Concept,2024-12-03,2024-12-10,7.0
OPP-02038,Discovery,2024-02-09,2024-02-19,10.0
OPP-02038,Qualification,2024-02-19,2024-02-28,9.0
OPP-02038,Proof of Concept,2024-02-28,2024-03-12,13.0
OPP-02039,Discovery,2025-05-13,2025-05-21,8.0
OPP-02040,Discovery,2025-03-19,2025-03-23,4.0
OPP-02041,Discovery,2024-09-23,2024-09-24,1.0
OPP-02041,Qualification,2024-09-24,2024-09-25,1.0
OPP-02041,Proof of Concept,2024-09-25,2024-10-08,13.0
OPP-02042,Discovery,2023-12-16,2023-12-26,10.0
OPP-02042,Qualification,2023-12-26,2024-01-06,11.0
OPP-02042,Proof of Concept,2024-01-06,2024-01-28,22.0
OPP-02043,Discovery,2024-03-22,2024-04-02,11.0
OPP-02043,Qualification,2024-04-02,2024-04-24,22.0
OPP-02044,Discovery,2025-03-26,2025-04-27,32.0
OPP-02044,Qualification,2025-04-27,2025-05-20,23.0
OPP-02044,Proof of Concept,2025-05-20,2025-06-11,22.0
OPP-02045,Discovery,2025-03-06,2025-03-08,2.0
OPP-02045,Qualification,2025-03-08,2025-03-14,6.0
OPP-02046,Discovery,2024-02-13,2024-02-17,4.0
OPP-02046,Qualification,2024-02-17,2024-03-18,30.0
OPP-02047,Discovery,2025-04-20,2025-04-25,5.0
OPP-02047,Qualification,2025-04-25,2025-04-29,4.0
OPP-02047,Proof of Concept,2025-04-29,2025-05-09,10.0
OPP-02048,Discovery,2025-06-15,2025-06-20,5.0
OPP-02048,Qualification,2025-06-20,2025-07-10,20.0
OPP-02048,Proof of Concept,2025-07-10,2025-07-30,20.0
OPP-02049,Discovery,2024-05-23,2024-05-29,6.0
OPP-02049,Qualification,2024-05-29,2024-05-31,2.0
OPP-02049,Proof of Concept,2024-05-31,2024-06-08,8.0
OPP-02050,Discovery,2025-11-11,2025-11-24,13.0
OPP-02050,Qualification,2025-11-24,2025-12-10,16.0
OPP-02051,Discovery,2025-08-18,2025-08-22,4.0
OPP-02051,Qualification,2025-08-22,2025-09-02,11.0
OPP-02051,Proof of Concept,2025-09-02,2025-11-14,73.0
OPP-02051,Negotiation,2025-11-14,2025-12-21,37.0
OPP-02052,Discovery,2024-02-01,2024-02-07,6.0
OPP-02052,Qualification,2024-02-07,2024-02-18,11.0
OPP-02052,Proof of Concept,2024-02-18,2024-03-11,22.0
OPP-02053,Discovery,2024-03-19,2024-03-30,11.0
OPP-02054,Discovery,2024-12-25,2024-12-26,1.0
OPP-02054,Qualification,2024-12-26,2025-01-05,10.0
OPP-02054,Proof of Concept,2025-01-05,2025-01-17,12.0
OPP-02054,Negotiation,2025-01-17,2025-01-20,3.0
OPP-02055,Discovery,2025-08-25,2025-08-31,6.0
OPP-02056,Discovery,2025-12-10,2025-12-14,4.0
OPP-02057,Discovery,2025-06-26,2025-07-01,5.0
OPP-02058,Discovery,2025-05-30,2025-06-03,4.0
OPP-02058,Qualification,2025-06-03,2025-06-22,19.0
OPP-02058,Proof of Concept,2025-06-22,2025-06-30,8.0
OPP-02059,Discovery,2024-09-21,2024-10-06,15.0
OPP-02060,Discovery,2024-09-05,2024-09-08,3.0
OPP-02060,Qualification,2024-09-08,2024-09-16,8.0
OPP-02061,Discovery,2024-01-06,2024-01-21,15.0
OPP-02061,Qualification,2024-01-21,2024-01-24,3.0
OPP-02062,Discovery,2024-11-26,2024-11-27,1.0
OPP-02062,Qualification,2024-11-27,2024-12-08,11.0
OPP-02062,Proof of Concept,2024-12-08,2024-12-27,19.0
OPP-02062,Negotiation,2024-12-27,2025-01-08,12.0
OPP-02063,Discovery,2024-10-19,2024-10-21,2.0
OPP-02063,Qualification,2024-10-21,2024-11-10,20.0
OPP-02064,Discovery,2025-07-18,2025-07-20,2.0
OPP-02064,Qualification,2025-07-20,2025-07-26,6.0
OPP-02064,Proof of Concept,2025-07-26,2025-09-03,39.0
OPP-02064,Negotiation,2025-09-03,2025-10-07,34.0
OPP-02065,Discovery,2024-09-04,2024-09-11,7.0
OPP-02065,Qualification,2024-09-11,2024-09-23,12.0
OPP-02065,Proof of Concept,2024-09-23,2024-10-08,15.0
OPP-02066,Discovery,2024-12-26,2025-01-02,7.0
OPP-02066,Qualification,2025-01-02,2025-01-15,13.0
OPP-02066,Proof of Concept,2025-01-15,2025-02-10,26.0
OPP-02066,Negotiation,2025-02-10,2025-02-19,9.0
OPP-02067,Discovery,2024-01-22,2024-02-07,16.0
OPP-02067,Qualification,2024-02-07,2024-02-13,6.0
OPP-02067,Proof of Concept,2024-02-13,2024-03-08,24.0
OPP-02068,Discovery,2025-05-30,2025-06-03,4.0
OPP-02068,Qualification,2025-06-03,2025-06-19,16.0
OPP-02068,Proof of Concept,2025-06-19,2025-07-07,18.0
OPP-02068,Negotiation,2025-07-07,2025-07-16,9.0
OPP-02069,Discovery,2025-09-21,2025-09-23,2.0
OPP-02069,Qualification,2025-09-23,2025-10-07,14.0
OPP-02070,Discovery,2025-07-17,2025-08-01,15.0
OPP-02070,Qualification,2025-08-01,2025-08-06,5.0
OPP-02070,Proof of Concept,2025-08-06,2025-08-17,11.0
OPP-02071,Discovery,2024-03-05,2024-03-10,5.0
OPP-02072,Discovery,2025-05-28,2025-06-04,7.0
OPP-02073,Discovery,2025-04-09,2025-04-16,7.0
OPP-02074,Discovery,2024-06-25,2024-06-30,5.0
OPP-02074,Qualification,2024-06-30,2024-07-14,14.0
OPP-02075,Discovery,2024-11-26,2024-11-30,4.0
OPP-02075,Qualification,2024-11-30,2024-12-10,10.0
OPP-02075,Proof of Concept,2024-12-10,2024-12-22,12.0
OPP-02076,Discovery,2024-05-05,2024-05-07,2.0
OPP-02076,Qualification,2024-05-07,2024-05-13,6.0
OPP-02077,Discovery,2025-11-03,2025-11-08,5.0
OPP-02077,Qualification,2025-11-08,2025-11-25,17.0
OPP-02077,Proof of Concept,2025-11-25,2025-12-12,17.0
OPP-02078,Discovery,2025-08-05,2025-08-14,9.0
OPP-02078,Qualification,2025-08-14,2025-08-19,5.0
OPP-02078,Proof of Concept,2025-08-19,2025-08-30,11.0
OPP-02079,Discovery,2024-07-01,2024-07-04,3.0
OPP-02079,Qualification,2024-07-04,2024-07-12,8.0
OPP-02080,Discovery,2024-03-01,2024-03-11,10.0
OPP-02081,Discovery,2024-10-03,2024-10-07,4.0
OPP-02082,Discovery,2025-05-22,2025-06-02,11.0
OPP-02083,Discovery,2024-06-18,2024-07-01,13.0
OPP-02083,Qualification,2024-07-01,2024-07-28,27.0
OPP-02083,Proof of Concept,2024-07-28,2024-08-22,25.0
OPP-02084,Discovery,2025-06-01,2025-06-07,6.0
OPP-02084,Qualification,2025-06-07,2025-06-08,1.0
OPP-02084,Proof of Concept,2025-06-08,2025-06-22,14.0
OPP-02085,Discovery,2024-11-25,2024-11-28,3.0
OPP-02085,Qualification,2024-11-28,2024-12-14,16.0
OPP-02085,Proof of Concept,2024-12-14,2024-12-29,15.0
OPP-02086,Discovery,2024-01-20,2024-01-26,6.0
OPP-02086,Qualification,2024-01-26,2024-02-02,7.0
OPP-02086,Proof of Concept,2024-02-02,2024-05-11,99.0
OPP-02087,Discovery,2024-01-01,2024-01-07,6.0
OPP-02087,Qualification,2024-01-07,2024-01-10,3.0
OPP-02087,Proof of Concept,2024-01-10,2024-01-15,5.0
OPP-02088,Discovery,2024-12-23,2024-12-31,8.0
OPP-02088,Qualification,2024-12-31,2025-01-06,6.0
OPP-02088,Proof of Concept,2025-01-06,2025-01-23,17.0
OPP-02089,Discovery,2025-10-03,2025-10-06,3.0
OPP-02089,Qualification,2025-10-06,2025-10-08,2.0
OPP-02089,Proof of Concept,2025-10-08,2025-10-13,5.0
OPP-02090,Discovery,2025-06-19,2025-07-11,22.0
OPP-02090,Qualification,2025-07-11,2025-07-18,7.0
OPP-02090,Proof of Concept,2025-07-18,2025-08-20,33.0
OPP-02091,Discovery,2024-12-10,2024-12-13,3.0
OPP-02091,Qualification,2024-12-13,2024-12-24,11.0
OPP-02091,Proof of Concept,2024-12-24,2024-12-27,3.0
OPP-02092,Discovery,2025-06-12,2025-06-27,15.0
OPP-02092,Qualification,2025-06-27,2025-07-12,15.0
OPP-02092,Proof of Concept,2025-07-12,2025-07-30,18.0
OPP-02093,Discovery,2025-08-15,2025-08-18,3.0
OPP-02093,Qualification,2025-08-18,2025-08-23,5.0
OPP-02093,Proof of Concept,2025-08-23,2025-09-12,20.0
OPP-02094,Discovery,2025-06-11,2025-06-20,9.0
OPP-02094,Qualification,2025-06-20,2025-06-30,10.0
OPP-02095,Discovery,2024-08-20,2024-09-02,13.0
OPP-02095,Qualification,2024-09-02,2024-09-15,13.0
OPP-02095,Proof of Concept,2024-09-15,2024-09-19,4.0
OPP-02096,Discovery,2024-01-10,2024-01-18,8.0
OPP-02096,Qualification,2024-01-18,2024-01-30,12.0
OPP-02097,Discovery,2023-12-15,2023-12-24,9.0
OPP-02097,Qualification,2023-12-24,2023-12-26,2.0
OPP-02097,Proof of Concept,2023-12-26,2024-01-17,22.0
OPP-02098,Discovery,2025-10-19,2025-10-22,3.0
OPP-02099,Discovery,2025-01-28,2025-01-31,3.0
OPP-02099,Qualification,2025-01-31,2025-02-06,6.0
OPP-02099,Proof of Concept,2025-02-06,2025-02-14,8.0
OPP-02099,Negotiation,2025-02-14,2025-02-16,2.0
OPP-02100,Discovery,2024-02-27,2024-03-01,3.0
OPP-02101,Discovery,2024-11-05,2024-11-11,6.0
OPP-02101,Qualification,2024-11-11,2024-11-15,4.0
OPP-02101,Proof of Concept,2024-11-15,2024-11-24,9.0
OPP-02102,Discovery,2025-07-17,2025-07-20,3.0
OPP-02102,Qualification,2025-07-20,2025-08-08,19.0
OPP-02102,Proof of Concept,2025-08-08,2025-08-19,11.0
OPP-02103,Discovery,2024-11-14,2024-11-17,3.0
OPP-02104,Discovery,2025-04-03,2025-04-04,1.0
OPP-02104,Qualification,2025-04-04,2025-04-14,10.0
OPP-02104,Proof of Concept,2025-04-14,2025-04-26,12.0
OPP-02104,Negotiation,2025-04-26,2025-05-13,17.0
OPP-02105,Discovery,2025-04-02,2025-04-05,3.0
OPP-02105,Qualification,2025-04-05,2025-04-23,18.0
OPP-02105,Proof of Concept,2025-04-23,2025-04-25,2.0
OPP-02105,Negotiation,2025-04-25,2025-05-09,14.0
OPP-02106,Discovery,2025-11-16,2025-11-18,2.0
OPP-02107,Discovery,2024-07-13,2024-07-24,11.0
OPP-02107,Qualification,2024-07-24,2024-07-29,5.0
OPP-02107,Proof of Concept,2024-07-29,2024-07-31,2.0
OPP-02108,Discovery,2024-06-03,2024-06-11,8.0
OPP-02108,Qualification,2024-06-11,2024-07-07,26.0
OPP-02108,Proof of Concept,2024-07-07,2024-09-20,75.0
OPP-02109,Discovery,2024-06-08,2024-06-09,1.0
OPP-02109,Qualification,2024-06-09,2024-06-23,14.0
OPP-02109,Proof of Concept,2024-06-23,2024-07-07,14.0
OPP-02110,Discovery,2024-03-31,2024-04-03,3.0
OPP-02110,Qualification,2024-04-03,2024-04-11,8.0
OPP-02110,Proof of Concept,2024-04-11,2024-04-14,3.0
OPP-02111,Discovery,2024-10-24,2024-10-28,4.0
OPP-02112,Discovery,2025-09-19,2025-09-24,5.0
OPP-02112,Qualification,2025-09-24,2025-10-11,17.0
OPP-02112,Proof of Concept,2025-10-11,2025-11-02,22.0
OPP-02112,Negotiation,2025-11-02,2025-11-26,24.0
OPP-02113,Discovery,2025-07-02,2025-07-17,15.0
OPP-02114,Discovery,2024-05-12,2024-05-19,7.0
OPP-02114,Qualification,2024-05-19,2024-06-12,24.0
OPP-02114,Proof of Concept,2024-06-12,2024-06-18,6.0
OPP-02115,Discovery,2024-04-06,2024-04-13,7.0
OPP-02115,Qualification,2024-04-13,2024-04-28,15.0
OPP-02116,Discovery,2024-10-06,2024-10-13,7.0
OPP-02116,Qualification,2024-10-13,2024-10-19,6.0
OPP-02116,Proof of Concept,2024-10-19,2024-10-21,2.0
OPP-02117,Discovery,2024-12-08,2024-12-19,11.0
OPP-02117,Qualification,2024-12-19,2024-12-30,11.0
OPP-02117,Proof of Concept,2024-12-30,2025-03-10,70.0
OPP-02117,Negotiation,2025-03-10,2025-03-27,17.0
OPP-02118,Discovery,2024-06-14,2024-06-25,11.0
OPP-02118,Qualification,2024-06-25,2024-07-03,8.0
OPP-02118,Proof of Concept,2024-07-03,2024-07-31,28.0
OPP-02119,Discovery,2025-05-29,2025-06-03,5.0
OPP-02119,Qualification,2025-06-03,2025-06-23,20.0
OPP-02119,Proof of Concept,2025-06-23,2025-07-08,15.0
OPP-02120,Discovery,2025-06-19,2025-06-20,1.0
OPP-02120,Qualification,2025-06-20,2025-06-27,7.0
OPP-02120,Proof of Concept,2025-06-27,2025-07-02,5.0
OPP-02121,Discovery,2024-07-05,2024-07-14,9.0
OPP-02121,Qualification,2024-07-14,2024-07-17,3.0
OPP-02122,Discovery,2024-05-14,2024-05-26,12.0
OPP-02122,Qualification,2024-05-26,2024-06-05,10.0
OPP-02122,Proof of Concept,2024-06-05,2024-07-18,43.0
OPP-02123,Discovery,2024-10-21,2024-11-01,11.0
OPP-02123,Qualification,2024-11-01,2024-11-03,2.0
OPP-02124,Discovery,2024-07-14,2024-07-17,3.0
OPP-02124,Qualification,2024-07-17,2024-07-29,12.0
OPP-02124,Proof of Concept,2024-07-29,2024-08-02,4.0
OPP-02125,Discovery,2025-07-02,2025-07-07,5.0
OPP-02126,Discovery,2025-06-22,2025-06-26,4.0
OPP-02126,Qualification,2025-06-26,2025-07-23,27.0
OPP-02127,Discovery,2024-03-19,2024-03-29,10.0
OPP-02127,Qualification,2024-03-29,2024-04-10,12.0
OPP-02127,Proof of Concept,2024-04-10,2024-04-23,13.0
OPP-02128,Discovery,2024-09-20,2024-09-21,1.0
OPP-02128,Qualification,2024-09-21,2024-09-30,9.0
OPP-02129,Discovery,2025-03-04,2025-03-12,8.0
OPP-02129,Qualification,2025-03-12,2025-03-25,13.0
OPP-02130,Discovery,2025-11-24,2025-11-29,5.0
OPP-02131,Discovery,2025-05-18,2025-05-29,11.0
OPP-02131,Qualification,2025-05-29,2025-06-10,12.0
OPP-02131,Proof of Concept,2025-06-10,2025-06-25,15.0
OPP-02132,Discovery,2025-08-01,2025-08-11,10.0
OPP-02132,Qualification,2025-08-11,2025-08-15,4.0
OPP-02132,Proof of Concept,2025-08-15,2025-08-20,5.0
OPP-02133,Discovery,2024-05-10,2024-05-22,12.0
OPP-02133,Qualification,2024-05-22,2024-05-28,6.0
OPP-02134,Discovery,2024-11-22,2024-12-05,13.0
OPP-02135,Discovery,2024-05-18,2024-05-19,1.0
OPP-02135,Qualification,2024-05-19,2024-05-21,2.0
OPP-02135,Proof of Concept,2024-05-21,2024-06-12,22.0
OPP-02136,Discovery,2025-04-05,2025-04-18,13.0
OPP-02137,Discovery,2025-03-10,2025-03-20,10.0
OPP-02137,Qualification,2025-03-20,2025-03-30,10.0
OPP-02137,Proof of Concept,2025-03-30,2025-04-21,22.0
OPP-02138,Discovery,2025-10-27,2025-10-28,1.0
OPP-02138,Qualification,2025-10-28,2025-11-11,14.0
OPP-02139,Discovery,2024-03-01,2024-03-04,3.0
OPP-02139,Qualification,2024-03-04,2024-03-15,11.0
OPP-02139,Proof of Concept,2024-03-15,2024-03-17,2.0
OPP-02140,Discovery,2024-03-09,2024-03-12,3.0
OPP-02140,Qualification,2024-03-12,2024-03-16,4.0
OPP-02140,Proof of Concept,2024-03-16,2024-04-13,28.0
OPP-02141,Discovery,2025-03-16,2025-03-29,13.0
OPP-02141,Qualification,2025-03-29,2025-03-31,2.0
OPP-02142,Discovery,2024-11-24,2024-11-28,4.0
OPP-02142,Qualification,2024-11-28,2024-12-05,7.0
OPP-02142,Proof of Concept,2024-12-05,2025-01-14,40.0
OPP-02143,Discovery,2024-04-21,2024-05-03,12.0
OPP-02143,Qualification,2024-05-03,2024-05-14,11.0
OPP-02143,Proof of Concept,2024-05-14,2024-06-02,19.0
OPP-02144,Discovery,2024-04-22,2024-04-24,2.0
OPP-02144,Qualification,2024-04-24,2024-04-28,4.0
OPP-02144,Proof of Concept,2024-04-28,2024-06-06,39.0
OPP-02145,Discovery,2024-07-17,2024-07-22,5.0
OPP-02146,Discovery,2025-01-20,2025-01-23,3.0
OPP-02147,Discovery,2025-05-31,2025-06-05,5.0
OPP-02148,Discovery,2024-12-01,2024-12-02,1.0
OPP-02148,Qualification,2024-12-02,2024-12-10,8.0
OPP-02148,Proof of Concept,2024-12-10,2024-12-17,7.0
OPP-02149,Discovery,2024-05-27,2024-06-05,9.0
OPP-02150,Discovery,2023-12-03,2023-12-06,3.0
OPP-02150,Qualification,2023-12-06,2023-12-07,1.0
OPP-02150,Proof of Concept,2023-12-07,2023-12-16,9.0
OPP-02150,Negotiation,2023-12-16,2024-01-02,17.0
OPP-02151,Discovery,2025-01-31,2025-02-06,6.0
OPP-02151,Qualification,2025-02-06,2025-02-08,2.0
OPP-02151,Proof of Concept,2025-02-08,2025-02-12,4.0
OPP-02152,Discovery,2024-04-18,2024-04-25,7.0
OPP-02152,Qualification,2024-04-25,2024-05-30,35.0
OPP-02152,Proof of Concept,2024-05-30,2024-06-28,29.0
OPP-02153,Discovery,2024-05-01,2024-05-07,6.0
OPP-02153,Qualification,2024-05-07,2024-05-11,4.0
OPP-02154,Discovery,2024-07-28,2024-08-03,6.0
OPP-02154,Qualification,2024-08-03,2024-08-30,27.0
OPP-02154,Proof of Concept,2024-08-30,2024-09-10,11.0
OPP-02154,Negotiation,2024-09-10,2024-09-16,6.0
OPP-02155,Discovery,2024-02-13,2024-02-14,1.0
OPP-02155,Qualification,2024-02-14,2024-02-22,8.0
OPP-02155,Proof of Concept,2024-02-22,2024-04-03,41.0
OPP-02155,Negotiation,2024-04-03,2024-04-18,15.0
OPP-02156,Discovery,2025-04-15,2025-04-22,7.0
OPP-02156,Qualification,2025-04-22,2025-05-10,18.0
OPP-02156,Proof of Concept,2025-05-10,2025-05-20,10.0
OPP-02157,Discovery,2024-03-18,2024-03-22,4.0
OPP-02157,Qualification,2024-03-22,2024-04-06,15.0
OPP-02157,Proof of Concept,2024-04-06,2024-05-09,33.0
OPP-02158,Discovery,2025-05-15,2025-05-24,9.0
OPP-02159,Discovery,2025-08-02,2025-08-03,1.0
OPP-02160,Discovery,2024-10-09,2024-10-12,3.0
OPP-02160,Qualification,2024-10-12,2024-10-22,10.0
OPP-02161,Discovery,2024-02-21,2024-02-23,2.0
OPP-02162,Discovery,2024-07-11,2024-07-19,8.0
OPP-02162,Qualification,2024-07-19,2024-08-02,14.0
OPP-02162,Proof of Concept,2024-08-02,2024-08-17,15.0
OPP-02162,Negotiation,2024-08-17,2024-09-01,15.0
OPP-02163,Discovery,2025-04-16,2025-04-17,1.0
OPP-02163,Qualification,2025-04-17,2025-04-27,10.0
OPP-02163,Proof of Concept,2025-04-27,2025-05-17,20.0
OPP-02163,Negotiation,2025-05-17,2025-06-11,25.0
OPP-02164,Discovery,2024-01-13,2024-01-21,8.0
OPP-02165,Discovery,2025-03-19,2025-04-13,25.0
OPP-02165,Qualification,2025-04-13,2025-04-18,5.0
OPP-02166,Discovery,2025-05-29,2025-06-06,8.0
OPP-02166,Qualification,2025-06-06,2025-06-15,9.0
OPP-02167,Discovery,2024-12-30,2025-01-03,4.0
OPP-02167,Qualification,2025-01-03,2025-01-10,7.0
OPP-02167,Proof of Concept,2025-01-10,2025-01-27,17.0
OPP-02168,Discovery,2025-09-07,2025-09-10,3.0
OPP-02168,Qualification,2025-09-10,2025-09-22,12.0
OPP-02169,Discovery,2025-10-02,2025-10-06,4.0
OPP-02169,Qualification,2025-10-06,2025-10-08,2.0
OPP-02169,Proof of Concept,2025-10-08,2025-10-30,22.0
OPP-02170,Discovery,2024-04-14,2024-04-23,9.0
OPP-02170,Qualification,2024-04-23,2024-04-29,6.0
OPP-02170,Proof of Concept,2024-04-29,2024-05-21,22.0
OPP-02171,Discovery,2024-09-07,2024-09-22,15.0
OPP-02172,Discovery,2024-06-17,2024-06-26,9.0
OPP-02172,Qualification,2024-06-26,2024-07-06,10.0
OPP-02172,Proof of Concept,2024-07-06,2024-08-02,27.0
OPP-02173,Discovery,2024-01-25,2024-03-06,41.0
OPP-02173,Qualification,2024-03-06,2024-03-18,12.0
OPP-02174,Discovery,2025-04-23,2025-05-01,8.0
OPP-02175,Discovery,2024-07-26,2024-07-30,4.0
OPP-02175,Qualification,2024-07-30,2024-08-16,17.0
OPP-02176,Discovery,2025-05-04,2025-05-17,13.0
OPP-02176,Qualification,2025-05-17,2025-05-25,8.0
OPP-02176,Proof of Concept,2025-05-25,2025-05-31,6.0
OPP-02177,Discovery,2024-07-26,2024-08-05,10.0
OPP-02178,Discovery,2025-09-01,2025-09-16,15.0
OPP-02178,Qualification,2025-09-16,2025-10-10,24.0
OPP-02179,Discovery,2025-03-23,2025-04-04,12.0
OPP-02179,Qualification,2025-04-04,2025-04-11,7.0
OPP-02180,Discovery,2024-07-12,2024-07-21,9.0
OPP-02181,Discovery,2024-10-03,2024-10-09,6.0
OPP-02181,Qualification,2024-10-09,2024-10-11,2.0
OPP-02182,Discovery,2024-12-14,2024-12-19,5.0
OPP-02183,Discovery,2024-03-03,2024-03-22,19.0
OPP-02183,Qualification,2024-03-22,2024-03-29,7.0
OPP-02184,Discovery,2025-07-13,2025-07-16,3.0
OPP-02184,Qualification,2025-07-16,2025-07-19,3.0
OPP-02184,Proof of Concept,2025-07-19,2025-07-22,3.0
OPP-02185,Discovery,2024-06-06,2024-06-19,13.0
OPP-02185,Qualification,2024-06-19,2024-07-12,23.0
OPP-02186,Discovery,2024-04-08,2024-04-26,18.0
OPP-02186,Qualification,2024-04-26,2024-05-19,23.0
OPP-02186,Proof of Concept,2024-05-19,2024-06-07,19.0
OPP-02187,Discovery,2025-03-26,2025-04-02,7.0
OPP-02187,Qualification,2025-04-02,2025-04-22,20.0
OPP-02187,Proof of Concept,2025-04-22,2025-05-21,29.0
OPP-02187,Negotiation,2025-05-21,2025-05-29,8.0
OPP-02188,Discovery,2024-03-10,2024-03-19,9.0
OPP-02188,Qualification,2024-03-19,2024-03-26,7.0
OPP-02188,Proof of Concept,2024-03-26,2024-04-15,20.0
OPP-02189,Discovery,2024-08-20,2024-08-22,2.0
OPP-02189,Qualification,2024-08-22,2024-08-30,8.0
OPP-02189,Proof of Concept,2024-08-30,2024-09-16,17.0
OPP-02190,Discovery,2025-04-21,2025-04-25,4.0
OPP-02190,Qualification,2025-04-25,2025-04-30,5.0
OPP-02191,Discovery,2024-02-28,2024-03-13,14.0
OPP-02192,Discovery,2025-10-06,2025-10-26,20.0
OPP-02192,Qualification,2025-10-26,2025-10-30,4.0
OPP-02193,Discovery,2025-03-02,2025-03-05,3.0
OPP-02193,Qualification,2025-03-05,2025-03-23,18.0
OPP-02194,Discovery,2025-03-25,2025-04-03,9.0
OPP-02194,Qualification,2025-04-03,2025-04-06,3.0
OPP-02195,Discovery,2025-10-19,2025-10-25,6.0
OPP-02195,Qualification,2025-10-25,2025-11-05,11.0
OPP-02195,Proof of Concept,2025-11-05,2025-11-09,4.0
OPP-02196,Discovery,2025-07-05,2025-07-14,9.0
OPP-02196,Qualification,2025-07-14,2025-07-16,2.0
OPP-02196,Proof of Concept,2025-07-16,2025-07-26,10.0
OPP-02197,Discovery,2025-07-14,2025-07-19,5.0
OPP-02197,Qualification,2025-07-19,2025-07-23,4.0
OPP-02197,Proof of Concept,2025-07-23,2025-08-07,15.0
OPP-02197,Negotiation,2025-08-07,2025-08-29,22.0
OPP-02198,Discovery,2024-12-22,2024-12-26,4.0
OPP-02198,Qualification,2024-12-26,2025-01-03,8.0
OPP-02198,Proof of Concept,2025-01-03,2025-01-13,10.0
OPP-02199,Discovery,2024-01-30,2024-02-08,9.0
OPP-02199,Qualification,2024-02-08,2024-03-12,33.0
OPP-02199,Proof of Concept,2024-03-12,2024-03-17,5.0
OPP-02200,Discovery,2025-10-26,2025-11-06,11.0
OPP-02201,Discovery,2024-08-29,2024-09-03,5.0
OPP-02201,Qualification,2024-09-03,2024-09-07,4.0
OPP-02201,Proof of Concept,2024-09-07,2024-09-13,6.0
OPP-02202,Discovery,2025-02-23,2025-02-24,1.0
OPP-02202,Qualification,2025-02-24,2025-03-03,7.0
OPP-02202,Proof of Concept,2025-03-03,2025-03-24,21.0
OPP-02203,Discovery,2024-07-28,2024-08-08,11.0
OPP-02203,Qualification,2024-08-08,2024-08-13,5.0
OPP-02203,Proof of Concept,2024-08-13,2024-08-18,5.0
OPP-02204,Discovery,2025-10-16,2025-10-21,5.0
OPP-02205,Discovery,2025-08-20,2025-08-27,7.0
OPP-02206,Discovery,2024-03-14,2024-03-27,13.0
OPP-02206,Qualification,2024-03-27,2024-04-01,5.0
OPP-02206,Proof of Concept,2024-04-01,2024-04-19,18.0
OPP-02207,Discovery,2025-01-09,2025-01-15,6.0
OPP-02207,Qualification,2025-01-15,2025-01-29,14.0
OPP-02207,Proof of Concept,2025-01-29,2025-02-07,9.0
OPP-02208,Discovery,2024-09-20,2024-09-27,7.0
OPP-02208,Qualification,2024-09-27,2024-10-06,9.0
OPP-02208,Proof of Concept,2024-10-06,2024-10-12,6.0
OPP-02209,Discovery,2025-07-15,2025-07-20,5.0
OPP-02209,Qualification,2025-07-20,2025-07-24,4.0
OPP-02210,Discovery,2024-08-10,2024-08-13,3.0
OPP-02210,Qualification,2024-08-13,2024-09-04,22.0
OPP-02210,Proof of Concept,2024-09-04,2024-09-08,4.0
OPP-02211,Discovery,2024-09-17,2024-09-22,5.0
OPP-02211,Qualification,2024-09-22,2024-10-01,9.0
OPP-02211,Proof of Concept,2024-10-01,2024-10-08,7.0
OPP-02212,Discovery,2024-10-21,2024-11-03,13.0
OPP-02213,Discovery,2024-10-16,2024-10-19,3.0
OPP-02213,Qualification,2024-10-19,2024-11-02,14.0
OPP-02213,Proof of Concept,2024-11-02,2024-12-01,29.0
OPP-02214,Discovery,2024-08-04,2024-08-11,7.0
OPP-02215,Discovery,2024-09-13,2024-09-18,5.0
OPP-02215,Qualification,2024-09-18,2024-10-09,21.0
OPP-02215,Proof of Concept,2024-10-09,2024-10-13,4.0
OPP-02216,Discovery,2024-03-09,2024-03-20,11.0
OPP-02216,Qualification,2024-03-20,2024-03-24,4.0
OPP-02216,Proof of Concept,2024-03-24,2024-04-04,11.0
OPP-02217,Discovery,2024-10-07,2024-10-15,8.0
OPP-02217,Qualification,2024-10-15,2024-10-21,6.0
OPP-02217,Proof of Concept,2024-10-21,2024-11-22,32.0
OPP-02218,Discovery,2024-04-26,2024-05-12,16.0
OPP-02218,Qualification,2024-05-12,2024-05-19,7.0
OPP-02219,Discovery,2024-04-14,2024-04-21,7.0
OPP-02219,Qualification,2024-04-21,2024-04-27,6.0
OPP-02220,Discovery,2025-01-17,2025-02-06,20.0
OPP-02220,Qualification,2025-02-06,2025-02-19,13.0
OPP-02220,Proof of Concept,2025-02-19,2025-03-05,14.0
OPP-02221,Discovery,2025-04-07,2025-05-08,31.0
OPP-02221,Qualification,2025-05-08,2025-05-16,8.0
OPP-02221,Proof of Concept,2025-05-16,2025-06-27,42.0
OPP-02222,Discovery,2024-02-13,2024-02-20,7.0
OPP-02223,Discovery,2025-07-26,2025-07-29,3.0
OPP-02223,Qualification,2025-07-29,2025-08-09,11.0
OPP-02223,Proof of Concept,2025-08-09,2025-08-27,18.0
OPP-02224,Discovery,2025-01-28,2025-01-30,2.0
OPP-02224,Qualification,2025-01-30,2025-01-31,1.0
OPP-02224,Proof of Concept,2025-01-31,2025-02-05,5.0
OPP-02224,Negotiation,2025-02-05,2025-02-16,11.0
OPP-02225,Discovery,2024-04-07,2024-04-13,6.0
OPP-02225,Qualification,2024-04-13,2024-04-25,12.0
OPP-02225,Proof of Concept,2024-04-25,2024-04-30,5.0
OPP-02226,Discovery,2024-12-06,2024-12-11,5.0
OPP-02226,Qualification,2024-12-11,2024-12-14,3.0
OPP-02226,Proof of Concept,2024-12-14,2024-12-20,6.0
OPP-02227,Discovery,2025-09-20,2025-09-23,3.0
OPP-02227,Qualification,2025-09-23,2025-10-06,13.0
OPP-02227,Proof of Concept,2025-10-06,2025-10-12,6.0
OPP-02228,Discovery,2025-05-12,2025-05-18,6.0
OPP-02229,Discovery,2025-08-14,2025-08-24,10.0
OPP-02229,Qualification,2025-08-24,2025-08-26,2.0
OPP-02230,Discovery,2024-01-30,2024-01-31,1.0
OPP-02230,Qualification,2024-01-31,2024-02-07,7.0
OPP-02231,Discovery,2024-04-27,2024-05-01,4.0
OPP-02232,Discovery,2025-05-29,2025-06-29,31.0
OPP-02233,Discovery,2024-03-23,2024-04-04,12.0
OPP-02233,Qualification,2024-04-04,2024-04-21,17.0
OPP-02234,Discovery,2025-11-26,2025-11-27,1.0
OPP-02234,Qualification,2025-11-27,2025-12-09,12.0
OPP-02235,Discovery,2024-09-26,2024-10-11,15.0
OPP-02235,Qualification,2024-10-11,2024-10-13,2.0
OPP-02235,Proof of Concept,2024-10-13,2024-10-27,14.0
OPP-02236,Discovery,2025-12-19,2025-12-23,4.0
OPP-02237,Discovery,2024-08-06,2024-08-14,8.0
OPP-02238,Discovery,2024-08-30,2024-09-02,3.0
OPP-02238,Qualification,2024-09-02,2024-09-04,2.0
OPP-02238,Proof of Concept,2024-09-04,2024-10-01,27.0
OPP-02239,Discovery,2025-05-13,2025-05-16,3.0
OPP-02239,Qualification,2025-05-16,2025-05-21,5.0
OPP-02240,Discovery,2025-11-14,2025-11-21,7.0
OPP-02241,Discovery,2024-03-29,2024-04-02,4.0
OPP-02241,Qualification,2024-04-02,2024-04-23,21.0
OPP-02241,Proof of Concept,2024-04-23,2024-05-07,14.0
OPP-02241,Negotiation,2024-05-07,2024-05-22,15.0
OPP-02242,Discovery,2025-05-25,2025-06-04,10.0
OPP-02243,Discovery,2025-04-19,2025-05-01,12.0
OPP-02243,Qualification,2025-05-01,2025-05-26,25.0
OPP-02243,Proof of Concept,2025-05-26,2025-05-30,4.0
OPP-02244,Discovery,2024-01-24,2024-02-03,10.0
OPP-02244,Qualification,2024-02-03,2024-03-09,35.0
OPP-02244,Proof of Concept,2024-03-09,2024-04-05,27.0
OPP-02245,Discovery,2025-10-26,2025-11-05,10.0
OPP-02245,Qualification,2025-11-05,2025-11-07,2.0
OPP-02246,Discovery,2025-05-04,2025-06-09,36.0
OPP-02246,Qualification,2025-06-09,2025-07-01,22.0
OPP-02247,Discovery,2024-08-24,2024-09-04,11.0
OPP-02247,Qualification,2024-09-04,2024-09-26,22.0
OPP-02247,Proof of Concept,2024-09-26,2024-10-21,25.0
OPP-02248,Discovery,2024-06-06,2024-06-07,1.0
OPP-02248,Qualification,2024-06-07,2024-06-12,5.0
OPP-02249,Discovery,2024-03-09,2024-03-12,3.0
OPP-02250,Discovery,2024-02-27,2024-03-18,20.0
OPP-02250,Qualification,2024-03-18,2024-03-28,10.0
OPP-02251,Discovery,2024-07-07,2024-07-17,10.0
OPP-02251,Qualification,2024-07-17,2024-07-21,4.0
OPP-02251,Proof of Concept,2024-07-21,2024-08-01,11.0
OPP-02252,Discovery,2024-07-27,2024-08-04,8.0
OPP-02253,Discovery,2025-09-24,2025-09-26,2.0
OPP-02253,Qualification,2025-09-26,2025-10-20,24.0
OPP-02253,Proof of Concept,2025-10-20,2025-11-14,25.0
OPP-02253,Negotiation,2025-11-14,2025-12-28,44.0
OPP-02254,Discovery,2025-08-26,2025-09-04,9.0
OPP-02254,Qualification,2025-09-04,2025-09-15,11.0
OPP-02255,Discovery,2024-02-26,2024-03-17,20.0
OPP-02256,Discovery,2025-01-11,2025-01-14,3.0
OPP-02256,Qualification,2025-01-14,2025-02-01,18.0
OPP-02256,Proof of Concept,2025-02-01,2025-02-09,8.0
OPP-02257,Discovery,2025-03-28,2025-04-06,9.0
OPP-02257,Qualification,2025-04-06,2025-04-20,14.0
OPP-02257,Proof of Concept,2025-04-20,2025-04-21,1.0
OPP-02258,Discovery,2025-10-07,2025-10-12,5.0
OPP-02258,Qualification,2025-10-12,2025-11-07,26.0
OPP-02259,Discovery,2024-12-26,2024-12-31,5.0
OPP-02259,Qualification,2024-12-31,2025-01-05,5.0
OPP-02259,Proof of Concept,2025-01-05,2025-01-22,17.0
OPP-02260,Discovery,2024-09-10,2024-09-22,12.0
OPP-02260,Qualification,2024-09-22,2024-10-01,9.0
OPP-02260,Proof of Concept,2024-10-01,2024-12-06,66.0
OPP-02261,Discovery,2025-04-21,2025-04-29,8.0
OPP-02261,Qualification,2025-04-29,2025-06-03,35.0
OPP-02261,Proof of Concept,2025-06-03,2025-08-17,75.0
OPP-02262,Discovery,2025-07-07,2025-08-03,27.0
OPP-02262,Qualification,2025-08-03,2025-08-25,22.0
OPP-02262,Proof of Concept,2025-08-25,2025-08-31,6.0
OPP-02263,Discovery,2024-08-24,2024-09-11,18.0
OPP-02263,Qualification,2024-09-11,2024-10-03,22.0
OPP-02264,Discovery,2025-09-17,2025-10-02,15.0
OPP-02265,Discovery,2024-01-26,2024-01-28,2.0
OPP-02266,Discovery,2024-04-17,2024-04-20,3.0
OPP-02266,Qualification,2024-04-20,2024-04-25,5.0
OPP-02266,Proof of Concept,2024-04-25,2024-05-03,8.0
OPP-02267,Discovery,2024-11-18,2024-11-21,3.0
OPP-02267,Qualification,2024-11-21,2024-12-15,24.0
OPP-02267,Proof of Concept,2024-12-15,2024-12-31,16.0
OPP-02268,Discovery,2025-07-15,2025-07-20,5.0
OPP-02269,Discovery,2025-05-08,2025-05-14,6.0
OPP-02269,Qualification,2025-05-14,2025-05-28,14.0
OPP-02269,Proof of Concept,2025-05-28,2025-06-14,17.0
OPP-02270,Discovery,2023-12-16,2023-12-21,5.0
OPP-02270,Qualification,2023-12-21,2024-01-01,11.0
OPP-02270,Proof of Concept,2024-01-01,2024-01-04,3.0
OPP-02271,Discovery,2024-06-17,2024-07-01,14.0
OPP-02271,Qualification,2024-07-01,2024-07-07,6.0
OPP-02271,Proof of Concept,2024-07-07,2024-07-08,1.0
OPP-02272,Discovery,2024-08-20,2024-08-22,2.0
OPP-02272,Qualification,2024-08-22,2024-09-13,22.0
OPP-02273,Discovery,2025-09-22,2025-09-29,7.0
OPP-02273,Qualification,2025-09-29,2025-10-07,8.0
OPP-02273,Proof of Concept,2025-10-07,2025-10-23,16.0
OPP-02274,Discovery,2025-09-21,2025-09-26,5.0
OPP-02274,Qualification,2025-09-26,2025-10-15,19.0
OPP-02275,Discovery,2025-03-15,2025-03-16,1.0
OPP-02275,Qualification,2025-03-16,2025-03-24,8.0
OPP-02275,Proof of Concept,2025-03-24,2025-03-29,5.0
OPP-02276,Discovery,2024-04-07,2024-04-08,1.0
OPP-02277,Discovery,2024-08-21,2024-08-26,5.0
OPP-02278,Discovery,2024-12-04,2024-12-16,12.0
OPP-02279,Discovery,2025-01-23,2025-01-28,5.0
OPP-02279,Qualification,2025-01-28,2025-02-02,5.0
OPP-02279,Proof of Concept,2025-02-02,2025-02-14,12.0
OPP-02280,Discovery,2025-04-15,2025-04-24,9.0
OPP-02280,Qualification,2025-04-24,2025-05-01,7.0
OPP-02280,Proof of Concept,2025-05-01,2025-05-24,23.0
OPP-02281,Discovery,2025-04-20,2025-05-03,13.0
OPP-02282,Discovery,2025-04-10,2025-04-13,3.0
OPP-02282,Qualification,2025-04-13,2025-04-14,1.0
OPP-02283,Discovery,2024-10-27,2024-11-09,13.0
OPP-02284,Discovery,2025-04-30,2025-05-01,1.0
OPP-02284,Qualification,2025-05-01,2025-05-17,16.0
OPP-02285,Discovery,2024-11-07,2024-11-17,10.0
OPP-02286,Discovery,2024-06-15,2024-06-30,15.0
OPP-02286,Qualification,2024-06-30,2024-07-13,13.0
OPP-02286,Proof of Concept,2024-07-13,2024-07-19,6.0
OPP-02286,Negotiation,2024-07-19,2024-07-25,6.0
OPP-02287,Discovery,2024-06-20,2024-07-02,12.0
OPP-02288,Discovery,2024-05-28,2024-06-02,5.0
OPP-02288,Qualification,2024-06-02,2024-06-03,1.0
OPP-02288,Proof of Concept,2024-06-03,2024-07-06,33.0
OPP-02289,Discovery,2025-01-10,2025-01-17,7.0
OPP-02289,Qualification,2025-01-17,2025-01-21,4.0
OPP-02289,Proof of Concept,2025-01-21,2025-02-16,26.0
OPP-02290,Discovery,2025-11-05,2025-11-06,1.0
OPP-02291,Discovery,2025-11-17,2025-11-20,3.0
OPP-02292,Discovery,2024-11-16,2024-11-23,7.0
OPP-02292,Qualification,2024-11-23,2024-11-24,1.0
OPP-02292,Proof of Concept,2024-11-24,2024-12-02,8.0
OPP-02293,Discovery,2024-05-09,2024-05-18,9.0
OPP-02293,Qualification,2024-05-18,2024-05-22,4.0
OPP-02293,Proof of Concept,2024-05-22,2024-06-01,10.0
OPP-02294,Discovery,2023-12-25,2024-01-01,7.0
OPP-02294,Qualification,2024-01-01,2024-01-18,17.0
OPP-02295,Discovery,2025-08-27,2025-09-05,9.0
OPP-02296,Discovery,2024-04-09,2024-04-10,1.0
OPP-02296,Qualification,2024-04-10,2024-04-17,7.0
OPP-02296,Proof of Concept,2024-04-17,2024-04-29,12.0
OPP-02297,Discovery,2025-09-25,2025-10-01,6.0
OPP-02297,Qualification,2025-10-01,2025-10-06,5.0
OPP-02297,Proof of Concept,2025-10-06,2025-10-17,11.0
OPP-02298,Discovery,2024-07-11,2024-07-15,4.0
OPP-02298,Qualification,2024-07-15,2024-07-23,8.0
OPP-02298,Proof of Concept,2024-07-23,2024-08-09,17.0
OPP-02299,Discovery,2025-02-09,2025-02-12,3.0
OPP-02299,Qualification,2025-02-12,2025-03-21,37.0
OPP-02300,Discovery,2024-03-12,2024-03-20,8.0
OPP-02300,Qualification,2024-03-20,2024-03-29,9.0
OPP-02301,Discovery,2024-12-29,2025-01-10,12.0
OPP-02301,Qualification,2025-01-10,2025-01-22,12.0
OPP-02302,Discovery,2024-06-12,2024-06-25,13.0
OPP-02302,Qualification,2024-06-25,2024-06-30,5.0
OPP-02303,Discovery,2025-07-11,2025-07-14,3.0
OPP-02303,Qualification,2025-07-14,2025-07-21,7.0
OPP-02304,Discovery,2025-02-24,2025-03-08,12.0
OPP-02304,Qualification,2025-03-08,2025-03-15,7.0
OPP-02304,Proof of Concept,2025-03-15,2025-03-20,5.0
OPP-02305,Discovery,2024-05-07,2024-05-09,2.0
OPP-02305,Qualification,2024-05-09,2024-05-21,12.0
OPP-02305,Proof of Concept,2024-05-21,2024-08-06,77.0
OPP-02306,Discovery,2024-04-10,2024-04-11,1.0
OPP-02307,Discovery,2025-09-14,2025-09-16,2.0
OPP-02307,Qualification,2025-09-16,2025-09-28,12.0
OPP-02307,Proof of Concept,2025-09-28,2025-10-22,24.0
OPP-02308,Discovery,2024-11-23,2024-12-05,12.0
OPP-02309,Discovery,2025-04-27,2025-05-05,8.0
OPP-02310,Discovery,2024-10-06,2024-10-17,11.0
OPP-02310,Qualification,2024-10-17,2024-10-27,10.0
OPP-02310,Proof of Concept,2024-10-27,2024-11-20,24.0
OPP-02311,Discovery,2024-03-04,2024-03-09,5.0
OPP-02311,Qualification,2024-03-09,2024-03-19,10.0
OPP-02312,Discovery,2025-03-13,2025-03-18,5.0
OPP-02313,Discovery,2024-02-20,2024-02-26,6.0
OPP-02313,Qualification,2024-02-26,2024-02-29,3.0
OPP-02313,Proof of Concept,2024-02-29,2024-03-16,16.0
OPP-02314,Discovery,2025-07-12,2025-07-23,11.0
OPP-02315,Discovery,2025-10-25,2025-11-02,8.0
OPP-02315,Qualification,2025-11-02,2025-11-23,21.0
OPP-02316,Renewal Discussion,2023-11-20,2023-12-16,26.0
OPP-02316,Negotiation,2023-12-16,2024-01-19,34.0
OPP-02317,Renewal Discussion,2024-11-20,2024-12-13,23.0
OPP-02317,Negotiation,2024-12-13,2025-01-19,37.0
OPP-02318,Renewal Discussion,2023-11-24,2023-12-06,12.0
OPP-02318,Negotiation,2023-12-06,2024-01-23,48.0
OPP-02319,Renewal Discussion,2023-11-13,2023-12-07,24.0
OPP-02319,Negotiation,2023-12-07,2024-01-12,36.0
OPP-02320,Renewal Discussion,2024-11-13,2024-11-24,11.0
OPP-02320,Negotiation,2024-11-24,2025-01-12,49.0
OPP-02321,Renewal Discussion,2023-11-06,2023-11-28,22.0
OPP-02321,Negotiation,2023-11-28,2024-01-05,38.0
OPP-02322,Renewal Discussion,2024-11-06,2024-12-07,31.0
OPP-02322,Negotiation,2024-12-07,2025-01-05,29.0
OPP-02323,Renewal Discussion,2023-11-07,2023-12-06,29.0
OPP-02323,Negotiation,2023-12-06,2024-01-06,31.0
OPP-02324,Renewal Discussion,2024-11-07,2024-11-16,9.0
OPP-02324,Negotiation,2024-11-16,2025-01-06,51.0
OPP-02325,Renewal Discussion,2023-11-05,2024-01-01,57.0
OPP-02325,Negotiation,2024-01-01,2024-01-04,3.0
OPP-02326,Renewal Discussion,2024-11-05,2024-11-14,9.0
OPP-02326,Negotiation,2024-11-14,2025-01-04,51.0
OPP-02327,Renewal Discussion,2023-11-09,2023-12-08,29.0
OPP-02327,Negotiation,2023-12-08,2024-01-08,31.0
OPP-02328,Renewal Discussion,2024-11-09,2024-11-14,5.0
OPP-02328,Negotiation,2024-11-14,2025-01-08,55.0
OPP-02329,Renewal Discussion,2023-11-23,2023-12-25,32.0
OPP-02329,Negotiation,2023-12-25,2024-01-22,28.0
OPP-02330,Renewal Discussion,2024-11-23,2024-12-29,36.0
OPP-02330,Negotiation,2024-12-29,2025-01-22,24.0
OPP-02331,Renewal Discussion,2023-11-05,2023-12-15,40.0
OPP-02331,Negotiation,2023-12-15,2024-01-04,20.0
OPP-02332,Renewal Discussion,2023-11-17,2023-12-06,19.0
OPP-02332,Negotiation,2023-12-06,2024-01-16,41.0
OPP-02333,Renewal Discussion,2023-11-13,2023-12-04,21.0
OPP-02333,Negotiation,2023-12-04,2024-01-12,39.0
OPP-02334,Renewal Discussion,2024-11-13,2024-11-27,14.0
OPP-02334,Negotiation,2024-11-27,2025-01-12,46.0
OPP-02335,Renewal Discussion,2023-11-25,2023-12-14,19.0
OPP-02335,Negotiation,2023-12-14,2024-01-24,41.0
OPP-02336,Renewal Discussion,2024-11-25,2024-11-30,5.0
OPP-02336,Negotiation,2024-11-30,2025-01-24,55.0
OPP-02337,Renewal Discussion,2023-11-19,2023-11-27,8.0
OPP-02337,Negotiation,2023-11-27,2024-01-18,52.0
OPP-02338,Renewal Discussion,2024-11-19,2025-02-06,79.0
OPP-02338,Negotiation,2025-02-06,2025-01-18,-19.0
OPP-02339,Renewal Discussion,2023-11-22,2023-12-30,38.0
OPP-02339,Negotiation,2023-12-30,2024-01-21,22.0
OPP-02340,Renewal Discussion,2024-11-22,2024-12-23,31.0
OPP-02340,Negotiation,2024-12-23,2025-01-21,29.0
OPP-02341,Renewal Discussion,2023-11-20,2023-12-03,13.0
OPP-02341,Negotiation,2023-12-03,2024-01-19,47.0
OPP-02342,Renewal Discussion,2024-11-20,2024-12-10,20.0
OPP-02342,Negotiation,2024-12-10,2025-01-19,40.0
OPP-02343,Renewal Discussion,2023-11-27,2024-01-01,35.0
OPP-02343,Negotiation,2024-01-01,2024-01-26,25.0
OPP-02344,Renewal Discussion,2024-11-27,2024-12-08,11.0
OPP-02344,Negotiation,2024-12-08,2025-01-26,49.0
OPP-02345,Renewal Discussion,2023-12-10,2023-12-19,9.0
OPP-02345,Negotiation,2023-12-19,2024-02-08,51.0
OPP-02346,Renewal Discussion,2024-12-10,2024-12-28,18.0
OPP-02346,Negotiation,2024-12-28,2025-02-08,42.0
OPP-02347,Renewal Discussion,2023-12-05,2024-01-03,29.0
OPP-02347,Negotiation,2024-01-03,2024-02-03,31.0
OPP-02348,Renewal Discussion,2023-12-18,2023-12-26,8.0
OPP-02348,Negotiation,2023-12-26,2024-02-16,52.0
OPP-02349,Renewal Discussion,2024-12-18,2025-01-31,44.0
OPP-02349,Negotiation,2025-01-31,2025-02-16,16.0
OPP-02350,Renewal Discussion,2023-12-11,2023-12-15,4.0
OPP-02350,Negotiation,2023-12-15,2024-02-09,56.0
OPP-02351,Renewal Discussion,2024-12-11,2024-12-25,14.0
OPP-02351,Negotiation,2024-12-25,2025-02-09,46.0
OPP-02352,Renewal Discussion,2023-12-10,2024-01-15,36.0
OPP-02353,Renewal Discussion,2023-12-24,2024-01-16,23.0
OPP-02353,Negotiation,2024-01-16,2024-02-22,37.0
OPP-02354,Renewal Discussion,2024-12-24,2025-02-18,56.0
OPP-02354,Negotiation,2025-02-18,2025-02-22,4.0
OPP-02355,Renewal Discussion,2023-12-03,2023-12-17,14.0
OPP-02355,Negotiation,2023-12-17,2024-02-01,46.0
OPP-02356,Renewal Discussion,2023-12-21,2023-12-30,9.0
OPP-02356,Negotiation,2023-12-30,2024-02-19,51.0
OPP-02357,Renewal Discussion,2024-12-21,2025-01-01,11.0
OPP-02357,Negotiation,2025-01-01,2025-02-19,49.0
OPP-02358,Renewal Discussion,2023-12-11,2024-01-05,25.0
OPP-02358,Negotiation,2024-01-05,2024-02-09,35.0
OPP-02359,Renewal Discussion,2024-12-11,2025-01-11,31.0
OPP-02359,Negotiation,2025-01-11,2025-02-09,29.0
OPP-02360,Renewal Discussion,2023-12-17,2024-03-30,104.0
OPP-02360,Negotiation,2024-03-30,2024-02-15,-44.0
OPP-02361,Renewal Discussion,2024-12-17,2025-02-11,56.0
OPP-02361,Negotiation,2025-02-11,2025-02-15,4.0
OPP-02362,Renewal Discussion,2023-12-20,2024-01-28,39.0
OPP-02362,Negotiation,2024-01-28,2024-02-18,21.0
OPP-02363,Renewal Discussion,2024-12-20,2025-01-04,15.0
OPP-02363,Negotiation,2025-01-04,2025-02-18,45.0
OPP-02364,Renewal Discussion,2023-12-09,2023-12-28,19.0
OPP-02364,Negotiation,2023-12-28,2024-02-07,41.0
OPP-02365,Renewal Discussion,2024-12-09,2025-01-01,23.0
OPP-02365,Negotiation,2025-01-01,2025-02-07,37.0
OPP-02366,Renewal Discussion,2023-12-07,2023-12-28,21.0
OPP-02366,Negotiation,2023-12-28,2024-02-05,39.0
OPP-02367,Renewal Discussion,2024-12-07,2024-12-29,22.0
OPP-02367,Negotiation,2024-12-29,2025-02-05,38.0
OPP-02368,Renewal Discussion,2023-12-23,2024-01-04,12.0
OPP-02368,Negotiation,2024-01-04,2024-02-21,48.0
OPP-02369,Renewal Discussion,2024-12-23,2025-01-17,25.0
OPP-02369,Negotiation,2025-01-17,2025-02-21,35.0
OPP-02370,Renewal Discussion,2023-12-12,2024-03-02,81.0
OPP-02370,Negotiation,2024-03-02,2024-02-10,-21.0
OPP-02371,Renewal Discussion,2025-01-06,2025-01-15,9.0
OPP-02372,Renewal Discussion,2024-01-27,2024-02-06,10.0
OPP-02372,Negotiation,2024-02-06,2024-03-27,50.0
OPP-02373,Renewal Discussion,2025-01-26,2025-02-19,24.0
OPP-02373,Negotiation,2025-02-19,2025-03-27,36.0
OPP-02374,Renewal Discussion,2024-01-06,2024-01-26,20.0
OPP-02374,Negotiation,2024-01-26,2024-03-06,40.0
OPP-02375,Renewal Discussion,2025-01-05,2025-02-24,50.0
OPP-02375,Negotiation,2025-02-24,2025-03-06,10.0
OPP-02376,Renewal Discussion,2024-01-16,2024-01-20,4.0
OPP-02376,Negotiation,2024-01-20,2024-03-16,56.0
OPP-02377,Renewal Discussion,2025-01-15,2025-01-26,11.0
OPP-02377,Negotiation,2025-01-26,2025-03-16,49.0
OPP-02378,Renewal Discussion,2024-01-26,2024-01-31,5.0
OPP-02378,Negotiation,2024-01-31,2024-03-26,55.0
OPP-02379,Renewal Discussion,2025-01-25,2025-02-21,27.0
OPP-02379,Negotiation,2025-02-21,2025-03-26,33.0
OPP-02380,Renewal Discussion,2024-01-23,2024-01-29,6.0
OPP-02380,Negotiation,2024-01-29,2024-03-23,54.0
OPP-02381,Renewal Discussion,2025-01-22,2025-02-02,11.0
OPP-02381,Negotiation,2025-02-02,2025-03-23,49.0
OPP-02382,Renewal Discussion,2024-01-26,2024-03-13,47.0
OPP-02382,Negotiation,2024-03-13,2024-03-26,13.0
OPP-02383,Renewal Discussion,2025-01-25,2025-02-27,33.0
OPP-02383,Negotiation,2025-02-27,2025-03-26,27.0
OPP-02384,Renewal Discussion,2024-01-08,2024-04-08,91.0
OPP-02384,Negotiation,2024-04-08,2024-03-08,-31.0
OPP-02385,Renewal Discussion,2025-01-07,2025-02-07,31.0
OPP-02385,Negotiation,2025-02-07,2025-03-08,29.0
OPP-02386,Renewal Discussion,2024-01-24,2024-02-10,17.0
OPP-02386,Negotiation,2024-02-10,2024-03-24,43.0
OPP-02387,Renewal Discussion,2025-01-23,2025-02-22,30.0
OPP-02387,Negotiation,2025-02-22,2025-03-24,30.0
OPP-02388,Renewal Discussion,2024-01-26,2024-03-24,58.0
OPP-02388,Negotiation,2024-03-24,2024-03-26,2.0
OPP-02389,Renewal Discussion,2025-01-25,2025-02-09,15.0
OPP-02389,Negotiation,2025-02-09,2025-03-26,45.0
OPP-02390,Renewal Discussion,2024-01-23,2024-04-22,90.0
OPP-02390,Negotiation,2024-04-22,2024-03-23,-30.0
OPP-02391,Renewal Discussion,2024-01-09,2024-01-16,7.0
OPP-02391,Negotiation,2024-01-16,2024-03-09,53.0
OPP-02392,Renewal Discussion,2025-01-08,2025-02-15,38.0
OPP-02392,Negotiation,2025-02-15,2025-03-09,22.0
OPP-02393,Renewal Discussion,2024-01-05,2024-02-22,48.0
OPP-02393,Negotiation,2024-02-22,2024-03-05,12.0
OPP-02394,Renewal Discussion,2025-01-04,2025-01-29,25.0
OPP-02394,Negotiation,2025-01-29,2025-03-05,35.0
OPP-02395,Renewal Discussion,2024-01-12,2024-02-20,39.0
OPP-02395,Negotiation,2024-02-20,2024-03-12,21.0
OPP-02396,Renewal Discussion,2025-01-11,2025-01-26,15.0
OPP-02396,Negotiation,2025-01-26,2025-03-12,45.0
OPP-02397,Renewal Discussion,2024-01-24,2024-02-07,14.0
OPP-02397,Negotiation,2024-02-07,2024-03-24,46.0
OPP-02398,Renewal Discussion,2025-01-23,2025-02-26,34.0
OPP-02398,Negotiation,2025-02-26,2025-03-24,26.0
OPP-02399,Renewal Discussion,2024-01-18,2024-01-26,8.0
OPP-02399,Negotiation,2024-01-26,2024-03-18,52.0
OPP-02400,Renewal Discussion,2025-01-17,2025-02-08,22.0
OPP-02400,Negotiation,2025-02-08,2025-03-18,38.0
OPP-02401,Renewal Discussion,2024-01-22,2024-02-19,28.0
OPP-02401,Negotiation,2024-02-19,2024-03-22,32.0
OPP-02402,Renewal Discussion,2025-01-21,2025-02-13,23.0
OPP-02402,Negotiation,2025-02-13,2025-03-22,37.0
OPP-02403,Renewal Discussion,2024-01-22,2024-02-21,30.0
OPP-02403,Negotiation,2024-02-21,2024-03-22,30.0
OPP-02404,Renewal Discussion,2025-01-21,2025-02-22,32.0
OPP-02404,Negotiation,2025-02-22,2025-03-22,28.0
OPP-02405,Renewal Discussion,2024-02-12,2024-02-15,3.0
OPP-02405,Negotiation,2024-02-15,2024-04-12,57.0
OPP-02406,Renewal Discussion,2025-02-11,2025-03-12,29.0
OPP-02406,Negotiation,2025-03-12,2025-04-12,31.0
OPP-02407,Renewal Discussion,2024-02-05,2024-04-14,69.0
OPP-02407,Negotiation,2024-04-14,2024-04-05,-9.0
OPP-02408,Renewal Discussion,2024-02-09,2024-02-29,20.0
OPP-02408,Negotiation,2024-02-29,2024-04-09,40.0
OPP-02409,Renewal Discussion,2025-02-08,2025-02-20,12.0
OPP-02409,Negotiation,2025-02-20,2025-04-09,48.0
OPP-02410,Renewal Discussion,2024-02-21,2024-03-25,33.0
OPP-02410,Negotiation,2024-03-25,2024-04-21,27.0
OPP-02411,Renewal Discussion,2025-02-20,2025-03-28,36.0
OPP-02411,Negotiation,2025-03-28,2025-04-21,24.0
OPP-02412,Renewal Discussion,2024-02-24,2024-03-16,21.0
OPP-02412,Negotiation,2024-03-16,2024-04-24,39.0
OPP-02413,Renewal Discussion,2025-02-23,2025-05-14,80.0
OPP-02413,Negotiation,2025-05-14,2025-04-24,-20.0
OPP-02414,Renewal Discussion,2024-02-22,2024-02-27,5.0
OPP-02414,Negotiation,2024-02-27,2024-04-22,55.0
OPP-02415,Renewal Discussion,2025-02-21,2025-03-03,10.0
OPP-02415,Negotiation,2025-03-03,2025-04-22,50.0
OPP-02416,Renewal Discussion,2024-02-15,2024-04-07,52.0
OPP-02416,Negotiation,2024-04-07,2024-04-15,8.0
OPP-02417,Renewal Discussion,2025-02-14,2025-05-09,84.0
OPP-02417,Negotiation,2025-05-09,2025-04-15,-24.0
OPP-02418,Renewal Discussion,2024-02-15,2024-03-01,15.0
OPP-02418,Negotiation,2024-03-01,2024-04-15,45.0
OPP-02419,Renewal Discussion,2025-02-14,2025-03-08,22.0
OPP-02419,Negotiation,2025-03-08,2025-04-15,38.0
OPP-02420,Renewal Discussion,2024-02-23,2024-03-09,15.0
OPP-02420,Negotiation,2024-03-09,2024-04-23,45.0
OPP-02421,Renewal Discussion,2025-02-22,2025-04-16,53.0
OPP-02421,Negotiation,2025-04-16,2025-04-23,7.0
OPP-02422,Renewal Discussion,2024-02-21,2024-02-22,1.0
OPP-02422,Negotiation,2024-02-22,2024-04-21,59.0
OPP-02423,Renewal Discussion,2025-02-20,2025-02-27,7.0
OPP-02423,Negotiation,2025-02-27,2025-04-21,53.0
OPP-02424,Renewal Discussion,2024-02-22,2024-03-11,18.0
OPP-02424,Negotiation,2024-03-11,2024-04-22,42.0
OPP-02425,Renewal Discussion,2025-02-21,2025-05-28,96.0
OPP-02425,Negotiation,2025-05-28,2025-04-22,-36.0
OPP-02426,Renewal Discussion,2024-02-12,2024-03-04,21.0
OPP-02426,Negotiation,2024-03-04,2024-04-12,39.0
OPP-02427,Renewal Discussion,2025-02-11,2025-03-01,18.0
OPP-02427,Negotiation,2025-03-01,2025-04-12,42.0
OPP-02428,Renewal Discussion,2024-02-04,2024-03-17,42.0
OPP-02428,Negotiation,2024-03-17,2024-04-04,18.0
OPP-02429,Renewal Discussion,2025-02-03,2025-03-15,40.0
OPP-02429,Negotiation,2025-03-15,2025-04-04,20.0
OPP-02430,Renewal Discussion,2024-02-12,2024-02-16,4.0
OPP-02430,Negotiation,2024-02-16,2024-04-12,56.0
OPP-02431,Renewal Discussion,2025-02-11,2025-02-25,14.0
OPP-02431,Negotiation,2025-02-25,2025-04-12,46.0
OPP-02432,Renewal Discussion,2024-02-02,2024-02-20,18.0
OPP-02432,Negotiation,2024-02-20,2024-04-02,42.0
OPP-02433,Renewal Discussion,2025-02-01,2025-02-18,17.0
OPP-02433,Negotiation,2025-02-18,2025-04-02,43.0
OPP-02434,Renewal Discussion,2024-02-18,2024-03-28,39.0
OPP-02434,Negotiation,2024-03-28,2024-04-18,21.0
OPP-02435,Renewal Discussion,2025-02-17,2025-02-27,10.0
OPP-02435,Negotiation,2025-02-27,2025-04-18,50.0
OPP-02436,Renewal Discussion,2024-02-13,2024-03-24,40.0
OPP-02436,Negotiation,2024-03-24,2024-04-13,20.0
OPP-02437,Renewal Discussion,2025-02-12,2025-02-24,12.0
OPP-02437,Negotiation,2025-02-24,2025-04-13,48.0
OPP-02438,Renewal Discussion,2024-03-02,2024-04-08,37.0
OPP-02438,Negotiation,2024-04-08,2024-05-01,23.0
OPP-02439,Renewal Discussion,2025-03-02,2025-03-04,2.0
OPP-02439,Negotiation,2025-03-04,2025-05-01,58.0
OPP-02440,Renewal Discussion,2024-03-09,2024-04-16,38.0
OPP-02440,Negotiation,2024-04-16,2024-05-08,22.0
OPP-02441,Renewal Discussion,2025-03-09,2025-04-30,52.0
OPP-02441,Negotiation,2025-04-30,2025-05-08,8.0
OPP-02442,Renewal Discussion,2024-03-20,2024-04-27,38.0
OPP-02442,Negotiation,2024-04-27,2024-05-19,22.0
OPP-02443,Renewal Discussion,2024-03-07,2024-04-03,27.0
OPP-02443,Negotiation,2024-04-03,2024-05-06,33.0
OPP-02444,Renewal Discussion,2024-03-03,2024-05-18,76.0
OPP-02444,Negotiation,2024-05-18,2024-05-02,-16.0
OPP-02445,Renewal Discussion,2025-03-03,2025-03-24,21.0
OPP-02445,Negotiation,2025-03-24,2025-05-02,39.0
OPP-02446,Renewal Discussion,2024-03-04,2024-04-18,45.0
OPP-02446,Negotiation,2024-04-18,2024-05-03,15.0
OPP-02447,Renewal Discussion,2025-03-04,2025-03-19,15.0
OPP-02447,Negotiation,2025-03-19,2025-05-03,45.0
OPP-02448,Renewal Discussion,2024-03-25,2024-04-28,34.0
OPP-02448,Negotiation,2024-04-28,2024-05-24,26.0
OPP-02449,Renewal Discussion,2025-03-25,2025-04-28,34.0
OPP-02449,Negotiation,2025-04-28,2025-05-24,26.0
OPP-02450,Renewal Discussion,2024-03-20,2024-04-09,20.0
OPP-02450,Negotiation,2024-04-09,2024-05-19,40.0
OPP-02451,Renewal Discussion,2025-03-20,2025-03-28,8.0
OPP-02451,Negotiation,2025-03-28,2025-05-19,52.0
OPP-02452,Renewal Discussion,2024-03-26,2024-06-16,82.0
OPP-02452,Negotiation,2024-06-16,2024-05-25,-22.0
OPP-02453,Renewal Discussion,2025-03-26,2025-05-21,56.0
OPP-02453,Negotiation,2025-05-21,2025-05-25,4.0
OPP-02454,Renewal Discussion,2024-03-13,2024-03-17,4.0
OPP-02454,Negotiation,2024-03-17,2024-05-12,56.0
OPP-02455,Renewal Discussion,2025-03-13,2025-05-16,64.0
OPP-02455,Negotiation,2025-05-16,2025-05-12,-4.0
OPP-02456,Renewal Discussion,2024-03-27,2024-06-28,93.0
OPP-02456,Negotiation,2024-06-28,2024-05-26,-33.0
OPP-02457,Renewal Discussion,2025-03-27,2025-07-07,102.0
OPP-02457,Negotiation,2025-07-07,2025-05-26,-42.0
OPP-02458,Renewal Discussion,2024-03-18,2024-03-25,7.0
OPP-02458,Negotiation,2024-03-25,2024-05-17,53.0
OPP-02459,Renewal Discussion,2025-03-18,2025-05-19,62.0
OPP-02459,Negotiation,2025-05-19,2025-05-17,-2.0
OPP-02460,Renewal Discussion,2024-03-11,2024-03-26,15.0
OPP-02460,Negotiation,2024-03-26,2024-05-10,45.0
OPP-02461,Renewal Discussion,2025-03-11,2025-03-24,13.0
OPP-02461,Negotiation,2025-03-24,2025-05-10,47.0
OPP-02462,Renewal Discussion,2024-03-21,2024-04-17,27.0
OPP-02462,Negotiation,2024-04-17,2024-05-20,33.0
OPP-02463,Renewal Discussion,2025-03-21,2025-04-12,22.0
OPP-02463,Negotiation,2025-04-12,2025-05-20,38.0
OPP-02464,Renewal Discussion,2024-03-25,2024-04-02,8.0
OPP-02464,Negotiation,2024-04-02,2024-05-24,52.0
OPP-02465,Renewal Discussion,2025-03-25,2025-05-02,38.0
OPP-02465,Negotiation,2025-05-02,2025-05-24,22.0
OPP-02466,Renewal Discussion,2024-03-15,2024-05-05,51.0
OPP-02466,Negotiation,2024-05-05,2024-05-14,9.0
OPP-02467,Renewal Discussion,2025-03-15,2025-03-23,8.0
OPP-02467,Negotiation,2025-03-23,2025-05-14,52.0
OPP-02468,Renewal Discussion,2024-04-21,2024-05-21,30.0
OPP-02468,Negotiation,2024-05-21,2024-06-20,30.0
OPP-02469,Renewal Discussion,2025-04-21,2025-04-24,3.0
OPP-02469,Negotiation,2025-04-24,2025-06-20,57.0
OPP-02470,Renewal Discussion,2024-04-24,2024-07-15,82.0
OPP-02470,Negotiation,2024-07-15,2024-06-23,-22.0
OPP-02471,Renewal Discussion,2025-04-24,2025-06-22,59.0
OPP-02471,Negotiation,2025-06-22,2025-06-23,1.0
OPP-02472,Renewal Discussion,2024-04-24,2024-05-31,37.0
OPP-02472,Negotiation,2024-05-31,2024-06-23,23.0
OPP-02473,Renewal Discussion,2024-04-26,2024-06-03,38.0
OPP-02473,Negotiation,2024-06-03,2024-06-25,22.0
OPP-02474,Renewal Discussion,2025-04-26,2025-05-11,15.0
OPP-02474,Negotiation,2025-05-11,2025-06-25,45.0
OPP-02475,Renewal Discussion,2024-04-21,2024-06-08,48.0
OPP-02475,Negotiation,2024-06-08,2024-06-20,12.0
OPP-02476,Renewal Discussion,2025-04-21,2025-05-14,23.0
OPP-02476,Negotiation,2025-05-14,2025-06-20,37.0
OPP-02477,Renewal Discussion,2024-04-19,2024-05-03,14.0
OPP-02477,Negotiation,2024-05-03,2024-06-18,46.0
OPP-02478,Renewal Discussion,2025-04-19,2025-05-26,37.0
OPP-02478,Negotiation,2025-05-26,2025-06-18,23.0
OPP-02479,Renewal Discussion,2024-04-25,2024-06-09,45.0
OPP-02479,Negotiation,2024-06-09,2024-06-24,15.0
OPP-02480,Renewal Discussion,2025-04-25,2025-04-30,5.0
OPP-02480,Negotiation,2025-04-30,2025-06-24,55.0
OPP-02481,Renewal Discussion,2024-04-24,2024-05-16,22.0
OPP-02481,Negotiation,2024-05-16,2024-06-23,38.0
OPP-02482,Renewal Discussion,2025-04-24,2025-05-03,9.0
OPP-02482,Negotiation,2025-05-03,2025-06-23,51.0
OPP-02483,Renewal Discussion,2024-04-06,2024-04-25,19.0
OPP-02483,Negotiation,2024-04-25,2024-06-05,41.0
OPP-02484,Renewal Discussion,2025-04-06,2025-04-12,6.0
OPP-02484,Negotiation,2025-04-12,2025-06-05,54.0
OPP-02485,Renewal Discussion,2024-04-13,2024-04-22,9.0
OPP-02485,Negotiation,2024-04-22,2024-06-12,51.0
OPP-02486,Renewal Discussion,2025-04-25,2025-05-15,20.0
OPP-02487,Renewal Discussion,2024-04-19,2024-05-10,21.0
OPP-02487,Negotiation,2024-05-10,2024-06-18,39.0
OPP-02488,Renewal Discussion,2025-04-19,2025-05-16,27.0
OPP-02488,Negotiation,2025-05-16,2025-06-18,33.0
OPP-02489,Renewal Discussion,2024-04-15,2024-05-03,18.0
OPP-02489,Negotiation,2024-05-03,2024-06-14,42.0
OPP-02490,Renewal Discussion,2025-04-15,2025-05-09,24.0
OPP-02490,Negotiation,2025-05-09,2025-06-14,36.0
OPP-02491,Renewal Discussion,2024-04-21,2024-05-13,22.0
OPP-02491,Negotiation,2024-05-13,2024-06-20,38.0
OPP-02492,Renewal Discussion,2025-04-21,2025-05-25,34.0
OPP-02492,Negotiation,2025-05-25,2025-06-20,26.0
OPP-02493,Renewal Discussion,2024-04-06,2024-04-26,20.0
OPP-02493,Negotiation,2024-04-26,2024-06-05,40.0
OPP-02494,Renewal Discussion,2025-04-06,2025-04-27,21.0
OPP-02494,Negotiation,2025-04-27,2025-06-05,39.0
OPP-02495,Renewal Discussion,2024-04-03,2024-04-20,17.0
OPP-02495,Negotiation,2024-04-20,2024-06-02,43.0
OPP-02496,Renewal Discussion,2025-04-03,2025-04-14,11.0
OPP-02496,Negotiation,2025-04-14,2025-06-02,49.0
OPP-02497,Renewal Discussion,2024-04-08,2024-04-25,17.0
OPP-02497,Negotiation,2024-04-25,2024-06-07,43.0
OPP-02498,Renewal Discussion,2025-04-08,2025-05-01,23.0
OPP-02498,Negotiation,2025-05-01,2025-06-07,37.0
OPP-02499,Renewal Discussion,2024-04-26,2024-05-27,31.0
OPP-02499,Negotiation,2024-05-27,2024-06-25,29.0
OPP-02500,Renewal Discussion,2025-04-26,2025-05-17,21.0
OPP-02500,Negotiation,2025-05-17,2025-06-25,39.0
OPP-02501,Renewal Discussion,2024-04-27,2024-05-09,12.0
OPP-02501,Negotiation,2024-05-09,2024-06-26,48.0
OPP-02502,Renewal Discussion,2025-04-27,2025-05-03,6.0
OPP-02502,Negotiation,2025-05-03,2025-06-26,54.0
OPP-02503,Renewal Discussion,2024-05-23,2024-06-14,22.0
OPP-02503,Negotiation,2024-06-14,2024-07-22,38.0
OPP-02504,Renewal Discussion,2025-05-23,2025-06-09,17.0
OPP-02504,Negotiation,2025-06-09,2025-07-22,43.0
OPP-02505,Renewal Discussion,2024-05-27,2024-06-06,10.0
OPP-02505,Negotiation,2024-06-06,2024-07-26,50.0
OPP-02506,Renewal Discussion,2025-05-27,2025-06-21,25.0
OPP-02506,Negotiation,2025-06-21,2025-07-26,35.0
OPP-02507,Renewal Discussion,2024-05-20,2024-06-08,19.0
OPP-02507,Negotiation,2024-06-08,2024-07-19,41.0
OPP-02508,Renewal Discussion,2025-05-20,2025-06-11,22.0
OPP-02508,Negotiation,2025-06-11,2025-07-19,38.0
OPP-02509,Renewal Discussion,2024-05-21,2024-07-29,69.0
OPP-02509,Negotiation,2024-07-29,2024-07-20,-9.0
OPP-02510,Renewal Discussion,2025-05-21,2025-06-10,20.0
OPP-02510,Negotiation,2025-06-10,2025-07-20,40.0
OPP-02511,Renewal Discussion,2024-05-22,2024-06-09,18.0
OPP-02511,Negotiation,2024-06-09,2024-07-21,42.0
OPP-02512,Renewal Discussion,2025-05-22,2025-06-17,26.0
OPP-02512,Negotiation,2025-06-17,2025-07-21,34.0
OPP-02513,Renewal Discussion,2024-05-04,2024-05-29,25.0
OPP-02513,Negotiation,2024-05-29,2024-07-03,35.0
OPP-02514,Renewal Discussion,2025-05-04,2025-07-10,67.0
OPP-02514,Negotiation,2025-07-10,2025-07-03,-7.0
OPP-02515,Renewal Discussion,2024-05-11,2024-05-24,13.0
OPP-02515,Negotiation,2024-05-24,2024-07-10,47.0
OPP-02516,Renewal Discussion,2025-05-11,2025-06-19,39.0
OPP-02516,Negotiation,2025-06-19,2025-07-10,21.0
OPP-02517,Renewal Discussion,2024-05-11,2024-05-19,8.0
OPP-02517,Negotiation,2024-05-19,2024-07-10,52.0
OPP-02518,Renewal Discussion,2025-05-11,2025-07-16,66.0
OPP-02518,Negotiation,2025-07-16,2025-07-10,-6.0
OPP-02519,Renewal Discussion,2024-05-22,2024-06-16,25.0
OPP-02519,Negotiation,2024-06-16,2024-07-21,35.0
OPP-02520,Renewal Discussion,2025-05-22,2025-06-29,38.0
OPP-02520,Negotiation,2025-06-29,2025-07-21,22.0
OPP-02521,Renewal Discussion,2024-05-23,2024-08-20,89.0
OPP-02521,Negotiation,2024-08-20,2024-07-22,-29.0
OPP-02522,Renewal Discussion,2025-05-23,2025-06-03,11.0
OPP-02522,Negotiation,2025-06-03,2025-07-22,49.0
OPP-02523,Renewal Discussion,2024-05-20,2024-06-01,12.0
OPP-02523,Negotiation,2024-06-01,2024-07-19,48.0
OPP-02524,Renewal Discussion,2025-05-20,2025-05-24,4.0
OPP-02524,Negotiation,2025-05-24,2025-07-19,56.0
OPP-02525,Renewal Discussion,2024-05-21,2024-05-30,9.0
OPP-02525,Negotiation,2024-05-30,2024-07-20,51.0
OPP-02526,Renewal Discussion,2024-05-15,2024-05-26,11.0
OPP-02526,Negotiation,2024-05-26,2024-07-14,49.0
OPP-02527,Renewal Discussion,2025-05-15,2025-07-22,68.0
OPP-02527,Negotiation,2025-07-22,2025-07-14,-8.0
OPP-02528,Renewal Discussion,2024-05-02,2024-06-03,32.0
OPP-02528,Negotiation,2024-06-03,2024-07-01,28.0
OPP-02529,Renewal Discussion,2025-05-02,2025-05-23,21.0
OPP-02529,Negotiation,2025-05-23,2025-07-01,39.0
OPP-02530,Renewal Discussion,2024-05-02,2024-06-12,41.0
OPP-02530,Negotiation,2024-06-12,2024-07-01,19.0
OPP-02531,Renewal Discussion,2025-05-02,2025-06-03,32.0
OPP-02531,Negotiation,2025-06-03,2025-07-01,28.0
OPP-02532,Renewal Discussion,2024-06-10,2024-06-22,12.0
OPP-02532,Negotiation,2024-06-22,2024-08-09,48.0
OPP-02533,Renewal Discussion,2025-06-10,2025-07-14,34.0
OPP-02533,Negotiation,2025-07-14,2025-08-09,26.0
OPP-02534,Renewal Discussion,2024-06-08,2024-06-29,21.0
OPP-02534,Negotiation,2024-06-29,2024-08-07,39.0
OPP-02535,Renewal Discussion,2025-06-24,2025-07-15,21.0
OPP-02536,Renewal Discussion,2024-06-06,2024-08-04,59.0
OPP-02536,Negotiation,2024-08-04,2024-08-05,1.0
OPP-02537,Renewal Discussion,2025-06-06,2025-07-18,42.0
OPP-02537,Negotiation,2025-07-18,2025-08-05,18.0
OPP-02538,Renewal Discussion,2024-06-24,2024-07-20,26.0
OPP-02538,Negotiation,2024-07-20,2024-08-23,34.0
OPP-02539,Renewal Discussion,2025-06-24,2025-07-08,14.0
OPP-02539,Negotiation,2025-07-08,2025-08-23,46.0
OPP-02540,Renewal Discussion,2024-06-28,2024-07-30,32.0
OPP-02540,Negotiation,2024-07-30,2024-08-27,28.0
OPP-02541,Renewal Discussion,2025-06-28,2025-08-23,56.0
OPP-02541,Negotiation,2025-08-23,2025-08-27,4.0
OPP-02542,Renewal Discussion,2024-06-10,2024-06-26,16.0
OPP-02542,Negotiation,2024-06-26,2024-08-09,44.0
OPP-02543,Renewal Discussion,2025-06-10,2025-07-15,35.0
OPP-02543,Negotiation,2025-07-15,2025-08-09,25.0
OPP-02544,Renewal Discussion,2024-06-11,2024-07-04,23.0
OPP-02544,Negotiation,2024-07-04,2024-08-10,37.0
OPP-02545,Renewal Discussion,2025-06-11,2025-06-27,16.0
OPP-02545,Negotiation,2025-06-27,2025-08-10,44.0
OPP-02546,Renewal Discussion,2024-06-24,2024-07-23,29.0
OPP-02546,Negotiation,2024-07-23,2024-08-23,31.0
OPP-02547,Renewal Discussion,2025-06-24,2025-09-11,79.0
OPP-02547,Negotiation,2025-09-11,2025-08-23,-19.0
OPP-02548,Renewal Discussion,2024-06-20,2024-08-23,64.0
OPP-02548,Negotiation,2024-08-23,2024-08-19,-4.0
OPP-02549,Renewal Discussion,2025-08-19,2025-09-15,27.0
OPP-02550,Renewal Discussion,2024-06-16,2024-06-19,3.0
OPP-02550,Negotiation,2024-06-19,2024-08-15,57.0
OPP-02551,Renewal Discussion,2025-06-16,2025-08-27,72.0
OPP-02551,Negotiation,2025-08-27,2025-08-15,-12.0
OPP-02552,Renewal Discussion,2024-06-11,2024-06-28,17.0
OPP-02552,Negotiation,2024-06-28,2024-08-10,43.0
OPP-02553,Renewal Discussion,2025-06-11,2025-07-21,40.0
OPP-02553,Negotiation,2025-07-21,2025-08-10,20.0
OPP-02554,Renewal Discussion,2024-06-25,2024-07-26,31.0
OPP-02554,Negotiation,2024-07-26,2024-08-24,29.0
OPP-02555,Renewal Discussion,2024-06-16,2024-07-13,27.0
OPP-02555,Negotiation,2024-07-13,2024-08-15,33.0
OPP-02556,Renewal Discussion,2025-06-16,2025-07-06,20.0
OPP-02556,Negotiation,2025-07-06,2025-08-15,40.0
OPP-02557,Renewal Discussion,2024-06-15,2024-06-27,12.0
OPP-02557,Negotiation,2024-06-27,2024-08-14,48.0
OPP-02558,Renewal Discussion,2025-06-15,2025-06-28,13.0
OPP-02558,Negotiation,2025-06-28,2025-08-14,47.0
OPP-02559,Renewal Discussion,2024-06-22,2024-08-03,42.0
OPP-02559,Negotiation,2024-08-03,2024-08-21,18.0
OPP-02560,Renewal Discussion,2025-06-22,2025-08-24,63.0
OPP-02560,Negotiation,2025-08-24,2025-08-21,-3.0
OPP-02561,Renewal Discussion,2024-06-06,2024-07-14,38.0
OPP-02561,Negotiation,2024-07-14,2024-08-05,22.0
OPP-02562,Renewal Discussion,2025-06-06,2025-07-10,34.0
OPP-02562,Negotiation,2025-07-10,2025-08-05,26.0
OPP-02563,Renewal Discussion,2024-06-25,2024-07-18,23.0
OPP-02563,Negotiation,2024-07-18,2024-08-24,37.0
OPP-02564,Renewal Discussion,2025-06-25,2025-07-13,18.0
OPP-02564,Negotiation,2025-07-13,2025-08-24,42.0
OPP-02565,Renewal Discussion,2024-07-26,2024-08-10,15.0
OPP-02565,Negotiation,2024-08-10,2024-09-24,45.0
OPP-02566,Renewal Discussion,2025-07-26,2025-08-09,14.0
OPP-02566,Negotiation,2025-08-09,2025-09-24,46.0
OPP-02567,Renewal Discussion,2024-07-12,2024-08-03,22.0
OPP-02567,Negotiation,2024-08-03,2024-09-10,38.0
OPP-02568,Renewal Discussion,2025-07-12,2025-09-17,67.0
OPP-02568,Negotiation,2025-09-17,2025-09-10,-7.0
OPP-02569,Renewal Discussion,2024-07-15,2024-07-27,12.0
OPP-02569,Negotiation,2024-07-27,2024-09-13,48.0
OPP-02570,Renewal Discussion,2025-07-15,2025-07-24,9.0
OPP-02570,Negotiation,2025-07-24,2025-09-13,51.0
OPP-02571,Renewal Discussion,2024-07-11,2024-08-23,43.0
OPP-02571,Negotiation,2024-08-23,2024-09-09,17.0
OPP-02572,Renewal Discussion,2025-07-11,2025-07-17,6.0
OPP-02572,Negotiation,2025-07-17,2025-09-09,54.0
OPP-02573,Renewal Discussion,2024-07-23,2024-08-16,24.0
OPP-02573,Negotiation,2024-08-16,2024-09-21,36.0
OPP-02574,Renewal Discussion,2025-07-23,2025-08-15,23.0
OPP-02574,Negotiation,2025-08-15,2025-09-21,37.0
OPP-02575,Renewal Discussion,2024-07-20,2024-09-17,59.0
OPP-02575,Negotiation,2024-09-17,2024-09-18,1.0
OPP-02576,Renewal Discussion,2025-07-20,2025-08-12,23.0
OPP-02576,Negotiation,2025-08-12,2025-09-18,37.0
OPP-02577,Renewal Discussion,2024-07-11,2024-07-26,15.0
OPP-02577,Negotiation,2024-07-26,2024-09-09,45.0
OPP-02578,Renewal Discussion,2025-07-11,2025-08-14,34.0
OPP-02578,Negotiation,2025-08-14,2025-09-09,26.0
OPP-02579,Renewal Discussion,2024-07-04,2024-07-20,16.0
OPP-02579,Negotiation,2024-07-20,2024-09-02,44.0
OPP-02580,Renewal Discussion,2025-07-04,2025-07-25,21.0
OPP-02580,Negotiation,2025-07-25,2025-09-02,39.0
OPP-02581,Renewal Discussion,2024-07-23,2024-08-01,9.0
OPP-02581,Negotiation,2024-08-01,2024-09-21,51.0
OPP-02582,Renewal Discussion,2025-07-23,2025-10-08,77.0
OPP-02582,Negotiation,2025-10-08,2025-09-21,-17.0
OPP-02583,Renewal Discussion,2024-07-26,2024-08-18,23.0
OPP-02583,Negotiation,2024-08-18,2024-09-24,37.0
OPP-02584,Renewal Discussion,2024-07-05,2024-08-23,49.0
OPP-02584,Negotiation,2024-08-23,2024-09-03,11.0
OPP-02585,Renewal Discussion,2025-07-05,2025-07-26,21.0
OPP-02585,Negotiation,2025-07-26,2025-09-03,39.0
OPP-02586,Renewal Discussion,2024-07-27,2024-08-07,11.0
OPP-02586,Negotiation,2024-08-07,2024-09-25,49.0
OPP-02587,Renewal Discussion,2025-07-27,2025-09-02,37.0
OPP-02587,Negotiation,2025-09-02,2025-09-25,23.0
OPP-02588,Renewal Discussion,2024-07-04,2024-08-10,37.0
OPP-02588,Negotiation,2024-08-10,2024-09-02,23.0
OPP-02589,Renewal Discussion,2025-07-04,2025-08-09,36.0
OPP-02589,Negotiation,2025-08-09,2025-09-02,24.0
OPP-02590,Renewal Discussion,2024-07-12,2024-08-21,40.0
OPP-02590,Negotiation,2024-08-21,2024-09-10,20.0
OPP-02591,Renewal Discussion,2025-07-12,2025-07-26,14.0
OPP-02591,Negotiation,2025-07-26,2025-09-10,46.0
OPP-02592,Renewal Discussion,2024-07-05,2024-07-20,15.0
OPP-02592,Negotiation,2024-07-20,2024-09-03,45.0
OPP-02593,Renewal Discussion,2025-07-05,2025-08-13,39.0
OPP-02593,Negotiation,2025-08-13,2025-09-03,21.0
OPP-02594,Renewal Discussion,2024-07-17,2024-09-08,53.0
OPP-02594,Negotiation,2024-09-08,2024-09-15,7.0
OPP-02595,Renewal Discussion,2025-07-17,2025-08-05,19.0
OPP-02595,Negotiation,2025-08-05,2025-09-15,41.0
OPP-02596,Renewal Discussion,2024-08-02,2024-08-13,11.0
OPP-02596,Negotiation,2024-08-13,2024-10-01,49.0
OPP-02597,Renewal Discussion,2025-08-02,2025-08-27,25.0
OPP-02597,Negotiation,2025-08-27,2025-10-01,35.0
OPP-02598,Renewal Discussion,2024-08-28,2024-09-20,23.0
OPP-02598,Negotiation,2024-09-20,2024-10-27,37.0
OPP-02599,Renewal Discussion,2025-08-28,2025-11-19,83.0
OPP-02599,Negotiation,2025-11-19,2025-10-27,-23.0
OPP-02600,Renewal Discussion,2024-08-22,2024-09-16,25.0
OPP-02600,Negotiation,2024-09-16,2024-10-21,35.0
OPP-02601,Renewal Discussion,2025-08-22,2025-08-29,7.0
OPP-02601,Negotiation,2025-08-29,2025-10-21,53.0
OPP-02602,Renewal Discussion,2024-08-27,2024-10-09,43.0
OPP-02602,Negotiation,2024-10-09,2024-10-26,17.0
OPP-02603,Renewal Discussion,2025-08-27,2025-09-11,15.0
OPP-02603,Negotiation,2025-09-11,2025-10-26,45.0
OPP-02604,Renewal Discussion,2024-08-07,2024-08-21,14.0
OPP-02604,Negotiation,2024-08-21,2024-10-06,46.0
OPP-02605,Renewal Discussion,2025-08-07,2025-08-26,19.0
OPP-02605,Negotiation,2025-08-26,2025-10-06,41.0
OPP-02606,Renewal Discussion,2024-08-09,2024-09-11,33.0
OPP-02606,Negotiation,2024-09-11,2024-10-08,27.0
OPP-02607,Renewal Discussion,2025-08-09,2025-08-22,13.0
OPP-02607,Negotiation,2025-08-22,2025-10-08,47.0
OPP-02608,Renewal Discussion,2024-09-17,2024-10-15,28.0
OPP-02609,Renewal Discussion,2024-08-22,2024-09-23,32.0
OPP-02609,Negotiation,2024-09-23,2024-10-21,28.0
OPP-02610,Renewal Discussion,2025-08-22,2025-09-17,26.0
OPP-02610,Negotiation,2025-09-17,2025-10-21,34.0
OPP-02611,Renewal Discussion,2024-08-27,2024-10-02,36.0
OPP-02611,Negotiation,2024-10-02,2024-10-26,24.0
OPP-02612,Renewal Discussion,2025-08-27,2025-09-09,13.0
OPP-02612,Negotiation,2025-09-09,2025-10-26,47.0
OPP-02613,Renewal Discussion,2024-08-17,2024-09-05,19.0
OPP-02613,Negotiation,2024-09-05,2024-10-16,41.0
OPP-02614,Renewal Discussion,2025-08-17,2025-09-20,34.0
OPP-02614,Negotiation,2025-09-20,2025-10-16,26.0
OPP-02615,Renewal Discussion,2024-08-13,2024-09-18,36.0
OPP-02615,Negotiation,2024-09-18,2024-10-12,24.0
OPP-02616,Renewal Discussion,2025-08-13,2025-09-02,20.0
OPP-02616,Negotiation,2025-09-02,2025-10-12,40.0
OPP-02617,Renewal Discussion,2024-11-03,2024-11-15,12.0
OPP-02618,Renewal Discussion,2024-08-09,2024-08-25,16.0
OPP-02618,Negotiation,2024-08-25,2024-10-08,44.0
OPP-02619,Renewal Discussion,2025-08-09,2025-09-03,25.0
OPP-02619,Negotiation,2025-09-03,2025-10-08,35.0
OPP-02620,Renewal Discussion,2024-08-21,2024-11-24,95.0
OPP-02620,Negotiation,2024-11-24,2024-10-20,-35.0
OPP-02621,Renewal Discussion,2025-08-21,2025-09-07,17.0
OPP-02621,Negotiation,2025-09-07,2025-10-20,43.0
OPP-02622,Renewal Discussion,2024-08-25,2024-08-29,4.0
OPP-02622,Negotiation,2024-08-29,2024-10-24,56.0
OPP-02623,Renewal Discussion,2025-08-25,2025-10-15,51.0
OPP-02623,Negotiation,2025-10-15,2025-10-24,9.0
OPP-02624,Renewal Discussion,2024-08-25,2024-09-26,32.0
OPP-02624,Negotiation,2024-09-26,2024-10-24,28.0
OPP-02625,Renewal Discussion,2025-08-25,2025-10-13,49.0
OPP-02625,Negotiation,2025-10-13,2025-10-24,11.0
OPP-02626,Renewal Discussion,2024-08-08,2024-08-19,11.0
OPP-02626,Negotiation,2024-08-19,2024-10-07,49.0
OPP-02627,Renewal Discussion,2025-08-08,2025-09-29,52.0
OPP-02627,Negotiation,2025-09-29,2025-10-07,8.0
OPP-02628,Renewal Discussion,2024-08-09,2024-08-21,12.0
OPP-02628,Negotiation,2024-08-21,2024-10-08,48.0
OPP-02629,Renewal Discussion,2025-08-09,2025-08-27,18.0
OPP-02629,Negotiation,2025-08-27,2025-10-08,42.0
OPP-02630,Renewal Discussion,2024-09-09,2024-09-27,18.0
OPP-02630,Negotiation,2024-09-27,2024-11-08,42.0
OPP-02631,Renewal Discussion,2025-09-09,2025-09-27,18.0
OPP-02631,Negotiation,2025-09-27,2025-11-08,42.0
OPP-02632,Renewal Discussion,2024-09-24,2024-10-26,32.0
OPP-02632,Negotiation,2024-10-26,2024-11-23,28.0
OPP-02633,Renewal Discussion,2025-09-24,2025-10-10,16.0
OPP-02633,Negotiation,2025-10-10,2025-11-23,44.0
OPP-02634,Renewal Discussion,2024-09-09,2024-11-02,54.0
OPP-02634,Negotiation,2024-11-02,2024-11-08,6.0
OPP-02635,Renewal Discussion,2025-09-09,2025-10-19,40.0
OPP-02635,Negotiation,2025-10-19,2025-11-08,20.0
OPP-02636,Renewal Discussion,2024-09-28,2024-10-15,17.0
OPP-02636,Negotiation,2024-10-15,2024-11-27,43.0
OPP-02637,Renewal Discussion,2025-09-28,2025-10-21,23.0
OPP-02637,Negotiation,2025-10-21,2025-11-27,37.0
OPP-02638,Renewal Discussion,2024-09-16,2024-12-05,80.0
OPP-02638,Negotiation,2024-12-05,2024-11-15,-20.0
OPP-02639,Renewal Discussion,2025-09-16,2025-10-15,29.0
OPP-02639,Negotiation,2025-10-15,2025-11-15,31.0
OPP-02640,Renewal Discussion,2024-09-02,2024-09-25,23.0
OPP-02640,Negotiation,2024-09-25,2024-11-01,37.0
OPP-02641,Renewal Discussion,2025-09-02,2025-09-21,19.0
OPP-02641,Negotiation,2025-09-21,2025-11-01,41.0
OPP-02642,Renewal Discussion,2024-09-14,2024-09-29,15.0
OPP-02642,Negotiation,2024-09-29,2024-11-13,45.0
OPP-02643,Renewal Discussion,2025-09-14,2025-10-24,40.0
OPP-02643,Negotiation,2025-10-24,2025-11-13,20.0
OPP-02644,Renewal Discussion,2024-09-20,2024-10-07,17.0
OPP-02644,Negotiation,2024-10-07,2024-11-19,43.0
OPP-02645,Renewal Discussion,2025-09-20,2025-10-15,25.0
OPP-02645,Negotiation,2025-10-15,2025-11-19,35.0
OPP-02646,Renewal Discussion,2024-09-23,2024-10-09,16.0
OPP-02646,Negotiation,2024-10-09,2024-11-22,44.0
OPP-02647,Renewal Discussion,2024-09-10,2024-10-30,50.0
OPP-02647,Negotiation,2024-10-30,2024-11-09,10.0
OPP-02648,Renewal Discussion,2024-09-13,2024-09-20,7.0
OPP-02648,Negotiation,2024-09-20,2024-11-12,53.0
OPP-02649,Renewal Discussion,2025-09-13,2025-09-26,13.0
OPP-02649,Negotiation,2025-09-26,2025-11-12,47.0
OPP-02650,Renewal Discussion,2024-09-02,2024-12-04,93.0
OPP-02650,Negotiation,2024-12-04,2024-11-01,-33.0
OPP-02651,Renewal Discussion,2025-09-23,2025-10-07,14.0
OPP-02651,Negotiation,2025-10-07,2025-10-15,8.0
OPP-02652,Renewal Discussion,2024-09-04,2024-09-10,6.0
OPP-02652,Negotiation,2024-09-10,2024-11-03,54.0
OPP-02653,Renewal Discussion,2024-09-16,2024-09-23,7.0
OPP-02653,Negotiation,2024-09-23,2024-11-15,53.0
OPP-02654,Renewal Discussion,2024-09-22,2024-09-27,5.0
OPP-02654,Negotiation,2024-09-27,2024-11-21,55.0
OPP-02655,Renewal Discussion,2025-09-22,2025-10-26,34.0
OPP-02655,Negotiation,2025-10-26,2025-11-21,26.0
OPP-02656,Renewal Discussion,2024-09-03,2024-10-11,38.0
OPP-02656,Negotiation,2024-10-11,2024-11-02,22.0
OPP-02657,Renewal Discussion,2024-09-12,2024-10-21,39.0
OPP-02657,Negotiation,2024-10-21,2024-11-11,21.0
OPP-02658,Renewal Discussion,2025-09-12,2025-10-02,20.0
OPP-02658,Negotiation,2025-10-02,2025-11-11,40.0
OPP-02659,Renewal Discussion,2024-09-14,2024-09-18,4.0
OPP-02659,Negotiation,2024-09-18,2024-11-13,56.0
OPP-02660,Renewal Discussion,2025-09-14,2025-10-03,19.0
OPP-02660,Negotiation,2025-10-03,2025-11-13,41.0
OPP-02661,Renewal Discussion,2024-09-24,2024-10-05,11.0
OPP-02661,Negotiation,2024-10-05,2024-11-23,49.0
OPP-02662,Renewal Discussion,2025-09-24,2025-11-08,45.0
OPP-02662,Negotiation,2025-11-08,2025-11-23,15.0
OPP-02663,Renewal Discussion,2024-09-18,2024-10-26,38.0
OPP-02663,Negotiation,2024-10-26,2024-11-17,22.0
OPP-02664,Renewal Discussion,2025-09-18,2025-10-26,38.0
OPP-02664,Negotiation,2025-10-26,2025-11-17,22.0
OPP-02665,Renewal Discussion,2024-09-24,2024-09-28,4.0
OPP-02665,Negotiation,2024-09-28,2024-11-23,56.0
OPP-02666,Renewal Discussion,2025-09-24,2025-10-11,17.0
OPP-02666,Negotiation,2025-10-11,2025-11-23,43.0
OPP-02667,Renewal Discussion,2024-10-06,2024-10-17,11.0
OPP-02667,Negotiation,2024-10-17,2024-12-05,49.0
OPP-02668,Renewal Discussion,2025-10-06,2025-11-02,27.0
OPP-02668,Negotiation,2025-11-02,2025-12-05,33.0
OPP-02669,Renewal Discussion,2024-10-11,2024-11-04,24.0
OPP-02669,Negotiation,2024-11-04,2024-12-10,36.0
OPP-02670,Renewal Discussion,2024-10-06,2024-11-06,31.0
OPP-02670,Negotiation,2024-11-06,2024-12-05,29.0
OPP-02671,Renewal Discussion,2025-10-06,2025-11-24,49.0
OPP-02671,Negotiation,2025-11-24,2025-12-05,11.0
OPP-02672,Renewal Discussion,2024-10-18,2024-11-24,37.0
OPP-02672,Negotiation,2024-11-24,2024-12-17,23.0
OPP-02673,Renewal Discussion,2025-10-18,2025-10-22,4.0
OPP-02673,Negotiation,2025-10-22,2025-12-17,56.0
OPP-02674,Renewal Discussion,2024-10-14,2024-11-01,18.0
OPP-02674,Negotiation,2024-11-01,2024-12-13,42.0
OPP-02675,Renewal Discussion,2025-10-14,2025-11-30,47.0
OPP-02675,Negotiation,2025-11-30,2025-12-13,13.0
OPP-02676,Renewal Discussion,2024-10-15,2024-11-26,42.0
OPP-02676,Negotiation,2024-11-26,2024-12-14,18.0
OPP-02677,Renewal Discussion,2025-10-15,2025-11-26,42.0
OPP-02677,Negotiation,2025-11-26,2025-12-14,18.0
OPP-02678,Renewal Discussion,2024-10-14,2025-01-07,85.0
OPP-02678,Negotiation,2025-01-07,2024-12-13,-25.0
OPP-02679,Renewal Discussion,2024-10-17,2024-11-05,19.0
OPP-02679,Negotiation,2024-11-05,2024-12-16,41.0
OPP-02680,Renewal Discussion,2025-10-17,2025-11-19,33.0
OPP-02680,Negotiation,2025-11-19,2025-12-16,27.0
OPP-02681,Renewal Discussion,2024-10-23,2024-12-27,65.0
OPP-02681,Negotiation,2024-12-27,2024-12-22,-5.0
OPP-02682,Renewal Discussion,2025-10-23,2025-11-09,17.0
OPP-02682,Negotiation,2025-11-09,2025-12-22,43.0
OPP-02683,Renewal Discussion,2024-10-14,2025-01-12,90.0
OPP-02683,Negotiation,2025-01-12,2024-12-13,-30.0
OPP-02684,Renewal Discussion,2025-10-14,2025-12-06,53.0
OPP-02684,Negotiation,2025-12-06,2025-12-13,7.0
OPP-02685,Renewal Discussion,2024-10-16,2024-11-16,31.0
OPP-02685,Negotiation,2024-11-16,2024-12-15,29.0
OPP-02686,Renewal Discussion,2025-10-16,2025-11-05,20.0
OPP-02686,Negotiation,2025-11-05,2025-12-15,40.0
OPP-02687,Renewal Discussion,2024-10-17,2024-11-21,35.0
OPP-02687,Negotiation,2024-11-21,2024-12-16,25.0
OPP-02688,Renewal Discussion,2024-10-04,2024-10-08,4.0
OPP-02688,Negotiation,2024-10-08,2024-12-03,56.0
OPP-02689,Renewal Discussion,2024-10-17,2024-11-17,31.0
OPP-02689,Negotiation,2024-11-17,2024-12-16,29.0
OPP-02690,Renewal Discussion,2025-10-17,2025-11-25,39.0
OPP-02690,Negotiation,2025-11-25,2025-12-16,21.0
OPP-02691,Renewal Discussion,2024-10-11,2024-10-28,17.0
OPP-02691,Negotiation,2024-10-28,2024-12-10,43.0
OPP-02692,Renewal Discussion,2025-10-11,2025-11-21,41.0
OPP-02692,Negotiation,2025-11-21,2025-12-10,19.0
OPP-02693,Renewal Discussion,2024-10-20,2024-11-26,37.0
OPP-02693,Negotiation,2024-11-26,2024-12-19,23.0
OPP-02694,Renewal Discussion,2024-11-28,2024-12-03,5.0
OPP-02694,Negotiation,2024-12-03,2025-01-27,55.0
OPP-02695,Renewal Discussion,2024-11-05,2024-11-20,15.0
OPP-02695,Negotiation,2024-11-20,2025-01-04,45.0
OPP-02696,Renewal Discussion,2024-11-07,2024-11-26,19.0
OPP-02696,Negotiation,2024-11-26,2025-01-06,41.0
OPP-02697,Renewal Discussion,2024-11-16,2024-11-20,4.0
OPP-02697,Negotiation,2024-11-20,2025-01-15,56.0
OPP-02698,Renewal Discussion,2024-11-23,2024-11-28,5.0
OPP-02698,Negotiation,2024-11-28,2025-01-22,55.0
OPP-02699,Renewal Discussion,2024-11-05,2024-11-26,21.0
OPP-02699,Negotiation,2024-11-26,2025-01-04,39.0
OPP-02700,Renewal Discussion,2024-11-08,2024-12-17,39.0
OPP-02700,Negotiation,2024-12-17,2025-01-07,21.0
OPP-02701,Renewal Discussion,2024-11-19,2025-01-09,51.0
OPP-02701,Negotiation,2025-01-09,2025-01-18,9.0
OPP-02702,Renewal Discussion,2024-11-14,2024-11-26,12.0
OPP-02702,Negotiation,2024-11-26,2025-01-13,48.0
OPP-02703,Renewal Discussion,2024-11-14,2024-12-19,35.0
OPP-02703,Negotiation,2024-12-19,2025-01-13,25.0
OPP-02704,Renewal Discussion,2024-11-07,2024-12-27,50.0
OPP-02704,Negotiation,2024-12-27,2025-01-06,10.0
OPP-02705,Renewal Discussion,2024-11-14,2024-11-24,10.0
OPP-02705,Negotiation,2024-11-24,2025-01-13,50.0
OPP-02706,Renewal Discussion,2024-11-17,2025-01-08,52.0
OPP-02706,Negotiation,2025-01-08,2025-01-16,8.0
OPP-02707,Renewal Discussion,2024-12-07,2025-01-01,25.0
OPP-02707,Negotiation,2025-01-01,2025-02-05,35.0
OPP-02708,Renewal Discussion,2024-12-26,2025-01-08,13.0
OPP-02708,Negotiation,2025-01-08,2025-02-24,47.0
OPP-02709,Renewal Discussion,2024-12-08,2024-12-24,16.0
OPP-02709,Negotiation,2024-12-24,2025-02-06,44.0
OPP-02710,Renewal Discussion,2024-12-16,2024-12-24,8.0
OPP-02710,Negotiation,2024-12-24,2025-02-14,52.0
OPP-02711,Renewal Discussion,2025-01-26,2025-02-15,20.0
OPP-02712,Renewal Discussion,2024-12-06,2025-01-14,39.0
OPP-02712,Negotiation,2025-01-14,2025-02-04,21.0
OPP-02713,Renewal Discussion,2024-12-14,2025-01-04,21.0
OPP-02713,Negotiation,2025-01-04,2025-02-12,39.0
OPP-02714,Renewal Discussion,2024-12-25,2024-12-31,6.0
OPP-02714,Negotiation,2024-12-31,2025-02-23,54.0
OPP-02715,Renewal Discussion,2024-12-29,2025-02-08,41.0
OPP-02715,Negotiation,2025-02-08,2025-02-27,19.0
OPP-02716,Renewal Discussion,2024-12-09,2024-12-23,14.0
OPP-02716,Negotiation,2024-12-23,2025-02-07,46.0
OPP-02717,Renewal Discussion,2024-12-27,2025-01-15,19.0
OPP-02717,Negotiation,2025-01-15,2025-02-25,41.0
OPP-02718,Renewal Discussion,2024-12-20,2025-02-20,62.0
OPP-02718,Negotiation,2025-02-20,2025-02-18,-2.0
OPP-02719,Renewal Discussion,2024-12-12,2025-01-29,48.0
OPP-02719,Negotiation,2025-01-29,2025-02-10,12.0
OPP-02720,Renewal Discussion,2024-12-06,2025-01-10,35.0
OPP-02720,Negotiation,2025-01-10,2025-02-04,25.0
OPP-02721,Renewal Discussion,2024-12-18,2025-03-08,80.0
OPP-02721,Negotiation,2025-03-08,2025-02-16,-20.0
OPP-02722,Renewal Discussion,2024-12-17,2025-01-01,15.0
OPP-02722,Negotiation,2025-01-01,2025-02-15,45.0
OPP-02723,Renewal Discussion,2024-12-24,2025-01-01,8.0
OPP-02723,Negotiation,2025-01-01,2025-02-22,52.0
OPP-02724,Renewal Discussion,2025-01-02,2025-02-02,31.0
OPP-02724,Negotiation,2025-02-02,2025-03-03,29.0
OPP-02725,Renewal Discussion,2025-01-04,2025-02-14,41.0
OPP-02725,Negotiation,2025-02-14,2025-03-05,19.0
OPP-02726,Renewal Discussion,2025-01-04,2025-01-30,26.0
OPP-02726,Negotiation,2025-01-30,2025-03-05,34.0
OPP-02727,Renewal Discussion,2025-01-06,2025-03-05,58.0
OPP-02727,Negotiation,2025-03-05,2025-03-07,2.0
OPP-02728,Renewal Discussion,2025-01-16,2025-03-17,60.0
OPP-02728,Negotiation,2025-03-17,2025-03-17,0.0
OPP-02729,Renewal Discussion,2025-01-12,2025-03-12,59.0
OPP-02729,Negotiation,2025-03-12,2025-03-13,1.0
OPP-02730,Renewal Discussion,2025-03-09,2025-03-15,6.0
OPP-02731,Renewal Discussion,2025-01-15,2025-01-16,1.0
OPP-02731,Negotiation,2025-01-16,2025-03-16,59.0
OPP-02732,Renewal Discussion,2025-01-20,2025-02-01,12.0
OPP-02732,Negotiation,2025-02-01,2025-03-21,48.0
OPP-02733,Renewal Discussion,2025-03-22,2025-04-15,24.0
OPP-02734,Renewal Discussion,2025-01-11,2025-04-10,89.0
OPP-02734,Negotiation,2025-04-10,2025-03-12,-29.0
OPP-02735,Renewal Discussion,2025-01-11,2025-01-18,7.0
OPP-02735,Negotiation,2025-01-18,2025-03-12,53.0
OPP-02736,Renewal Discussion,2025-01-22,2025-03-25,62.0
OPP-02736,Negotiation,2025-03-25,2025-03-23,-2.0
OPP-02737,Renewal Discussion,2025-01-05,2025-01-18,13.0
OPP-02737,Negotiation,2025-01-18,2025-03-06,47.0
OPP-02738,Renewal Discussion,2025-01-04,2025-02-18,45.0
OPP-02738,Negotiation,2025-02-18,2025-03-05,15.0
OPP-02739,Renewal Discussion,2025-01-23,2025-02-09,17.0
OPP-02739,Negotiation,2025-02-09,2025-03-24,43.0
OPP-02740,Renewal Discussion,2025-01-06,2025-01-31,25.0
OPP-02740,Negotiation,2025-01-31,2025-03-07,35.0
OPP-02741,Renewal Discussion,2025-02-05,2025-03-12,35.0
OPP-02741,Negotiation,2025-03-12,2025-04-06,25.0
OPP-02742,Renewal Discussion,2025-02-03,2025-02-21,18.0
OPP-02742,Negotiation,2025-02-21,2025-04-04,42.0
OPP-02743,Renewal Discussion,2025-02-06,2025-02-22,16.0
OPP-02743,Negotiation,2025-02-22,2025-04-07,44.0
OPP-02744,Renewal Discussion,2025-02-24,2025-03-29,33.0
OPP-02744,Negotiation,2025-03-29,2025-04-25,27.0
OPP-02745,Renewal Discussion,2025-02-25,2025-03-29,32.0
OPP-02745,Negotiation,2025-03-29,2025-04-26,28.0
OPP-02746,Renewal Discussion,2025-02-01,2025-03-31,58.0
OPP-02746,Negotiation,2025-03-31,2025-04-02,2.0
OPP-02747,Renewal Discussion,2025-02-13,2025-03-11,26.0
OPP-02747,Negotiation,2025-03-11,2025-04-14,34.0
OPP-02748,Renewal Discussion,2025-02-21,2025-03-02,9.0
OPP-02748,Negotiation,2025-03-02,2025-04-22,51.0
OPP-02749,Renewal Discussion,2025-02-21,2025-03-07,14.0
OPP-02749,Negotiation,2025-03-07,2025-04-22,46.0
OPP-02750,Renewal Discussion,2025-02-09,2025-03-23,42.0
OPP-02750,Negotiation,2025-03-23,2025-04-10,18.0
OPP-02751,Renewal Discussion,2025-02-23,2025-04-14,50.0
OPP-02751,Negotiation,2025-04-14,2025-04-24,10.0
OPP-02752,Renewal Discussion,2025-02-21,2025-04-03,41.0
OPP-02752,Negotiation,2025-04-03,2025-04-22,19.0
OPP-02753,Renewal Discussion,2025-02-22,2025-05-20,87.0
OPP-02753,Negotiation,2025-05-20,2025-04-23,-27.0
OPP-02754,Renewal Discussion,2025-02-12,2025-03-23,39.0
OPP-02754,Negotiation,2025-03-23,2025-04-13,21.0
OPP-02755,Renewal Discussion,2025-02-25,2025-03-04,7.0
OPP-02755,Negotiation,2025-03-04,2025-04-26,53.0
OPP-02756,Renewal Discussion,2025-02-19,2025-03-11,20.0
OPP-02756,Negotiation,2025-03-11,2025-04-20,40.0
OPP-02757,Renewal Discussion,2025-02-06,2025-02-26,20.0
OPP-02757,Negotiation,2025-02-26,2025-04-07,40.0
OPP-02758,Renewal Discussion,2025-02-25,2025-04-15,49.0
OPP-02758,Negotiation,2025-04-15,2025-04-26,11.0
OPP-02759,Renewal Discussion,2025-03-25,2025-04-11,17.0
OPP-02759,Negotiation,2025-04-11,2025-05-24,43.0
OPP-02760,Renewal Discussion,2025-03-06,2025-03-16,10.0
OPP-02760,Negotiation,2025-03-16,2025-05-05,50.0
OPP-02761,Renewal Discussion,2025-03-04,2025-04-09,36.0
OPP-02761,Negotiation,2025-04-09,2025-05-03,24.0
OPP-02762,Renewal Discussion,2025-03-16,2025-04-05,20.0
OPP-02762,Negotiation,2025-04-05,2025-05-15,40.0
OPP-02763,Renewal Discussion,2025-03-19,2025-04-20,32.0
OPP-02763,Negotiation,2025-04-20,2025-05-18,28.0
OPP-02764,Renewal Discussion,2025-03-03,2025-04-28,56.0
OPP-02764,Negotiation,2025-04-28,2025-05-02,4.0
OPP-02765,Renewal Discussion,2025-03-24,2025-04-25,32.0
OPP-02765,Negotiation,2025-04-25,2025-05-23,28.0
OPP-02766,Renewal Discussion,2025-03-07,2025-04-04,28.0
OPP-02766,Negotiation,2025-04-04,2025-05-06,32.0
OPP-02767,Renewal Discussion,2025-03-17,2025-03-26,9.0
OPP-02767,Negotiation,2025-03-26,2025-05-16,51.0
OPP-02768,Renewal Discussion,2025-03-26,2025-04-08,13.0
OPP-02768,Negotiation,2025-04-08,2025-05-25,47.0
OPP-02769,Renewal Discussion,2025-03-14,2025-05-18,65.0
OPP-02769,Negotiation,2025-05-18,2025-05-13,-5.0
OPP-02770,Renewal Discussion,2025-03-22,2025-03-26,4.0
OPP-02770,Negotiation,2025-03-26,2025-05-21,56.0
OPP-02771,Renewal Discussion,2025-03-15,2025-03-30,15.0
OPP-02771,Negotiation,2025-03-30,2025-05-14,45.0
OPP-02772,Renewal Discussion,2025-03-28,2025-04-12,15.0
OPP-02772,Negotiation,2025-04-12,2025-05-27,45.0
OPP-02773,Renewal Discussion,2025-03-15,2025-04-18,34.0
OPP-02773,Negotiation,2025-04-18,2025-05-14,26.0
OPP-02774,Renewal Discussion,2025-03-05,2025-03-28,23.0
OPP-02774,Negotiation,2025-03-28,2025-05-04,37.0
OPP-02775,Renewal Discussion,2025-03-02,2025-04-02,31.0
OPP-02775,Negotiation,2025-04-02,2025-05-01,29.0
OPP-02776,Renewal Discussion,2025-03-07,2025-03-20,13.0
OPP-02776,Negotiation,2025-03-20,2025-05-06,47.0
OPP-02777,Renewal Discussion,2025-03-26,2025-04-03,8.0
OPP-02777,Negotiation,2025-04-03,2025-05-25,52.0
OPP-02778,Renewal Discussion,2025-04-14,2025-05-15,31.0
OPP-02779,Renewal Discussion,2025-04-28,2025-05-17,19.0
OPP-02779,Negotiation,2025-05-17,2025-06-27,41.0
OPP-02780,Renewal Discussion,2025-04-12,2025-04-25,13.0
OPP-02780,Negotiation,2025-04-25,2025-06-11,47.0
OPP-02781,Renewal Discussion,2025-04-28,2025-05-22,24.0
OPP-02781,Negotiation,2025-05-22,2025-06-27,36.0
OPP-02782,Renewal Discussion,2025-04-04,2025-04-27,23.0
OPP-02782,Negotiation,2025-04-27,2025-06-03,37.0
OPP-02783,Renewal Discussion,2025-04-11,2025-06-23,73.0
OPP-02783,Negotiation,2025-06-23,2025-06-10,-13.0
OPP-02784,Renewal Discussion,2025-04-03,2025-05-04,31.0
OPP-02784,Negotiation,2025-05-04,2025-06-02,29.0
OPP-02785,Renewal Discussion,2025-04-06,2025-05-23,47.0
OPP-02785,Negotiation,2025-05-23,2025-06-05,13.0
OPP-02786,Renewal Discussion,2025-04-21,2025-06-21,61.0
OPP-02786,Negotiation,2025-06-21,2025-06-20,-1.0
OPP-02787,Renewal Discussion,2025-04-22,2025-05-19,27.0
OPP-02787,Negotiation,2025-05-19,2025-06-21,33.0
OPP-02788,Renewal Discussion,2025-04-02,2025-04-26,24.0
OPP-02788,Negotiation,2025-04-26,2025-06-01,36.0
OPP-02789,Renewal Discussion,2025-04-07,2025-04-29,22.0
OPP-02789,Negotiation,2025-04-29,2025-06-06,38.0
OPP-02790,Renewal Discussion,2025-05-12,2025-05-15,3.0
OPP-02791,Renewal Discussion,2025-04-17,2025-04-30,13.0
OPP-02791,Negotiation,2025-04-30,2025-06-16,47.0
OPP-02792,Renewal Discussion,2025-04-27,2025-06-12,46.0
OPP-02792,Negotiation,2025-06-12,2025-06-26,14.0
OPP-02793,Renewal Discussion,2025-04-07,2025-05-11,34.0
OPP-02793,Negotiation,2025-05-11,2025-06-06,26.0
OPP-02794,Renewal Discussion,2025-04-13,2025-05-16,33.0
OPP-02794,Negotiation,2025-05-16,2025-06-12,27.0
OPP-02795,Renewal Discussion,2025-04-06,2025-04-17,11.0
OPP-02795,Negotiation,2025-04-17,2025-06-05,49.0
OPP-02796,Renewal Discussion,2025-05-21,2025-06-29,39.0
OPP-02796,Negotiation,2025-06-29,2025-07-20,21.0
OPP-02797,Renewal Discussion,2025-05-08,2025-05-17,9.0
OPP-02797,Negotiation,2025-05-17,2025-07-07,51.0
OPP-02798,Renewal Discussion,2025-05-16,2025-06-05,20.0
OPP-02798,Negotiation,2025-06-05,2025-07-15,40.0
OPP-02799,Renewal Discussion,2025-05-10,2025-05-18,8.0
OPP-02799,Negotiation,2025-05-18,2025-07-09,52.0
OPP-02800,Renewal Discussion,2025-05-25,2025-06-24,30.0
OPP-02800,Negotiation,2025-06-24,2025-07-24,30.0
OPP-02801,Renewal Discussion,2025-05-16,2025-07-27,72.0
OPP-02801,Negotiation,2025-07-27,2025-07-15,-12.0
OPP-02802,Renewal Discussion,2025-05-09,2025-05-25,16.0
OPP-02802,Negotiation,2025-05-25,2025-07-08,44.0
OPP-02803,Renewal Discussion,2025-05-13,2025-06-11,29.0
OPP-02803,Negotiation,2025-06-11,2025-07-12,31.0
OPP-02804,Renewal Discussion,2025-05-12,2025-05-24,12.0
OPP-02804,Negotiation,2025-05-24,2025-07-11,48.0
OPP-02805,Renewal Discussion,2025-05-18,2025-08-04,78.0
OPP-02805,Negotiation,2025-08-04,2025-07-17,-18.0
OPP-02806,Renewal Discussion,2025-05-28,2025-06-16,19.0
OPP-02806,Negotiation,2025-06-16,2025-07-27,41.0
OPP-02807,Renewal Discussion,2025-05-11,2025-06-13,33.0
OPP-02807,Negotiation,2025-06-13,2025-07-10,27.0
OPP-02808,Renewal Discussion,2025-05-02,2025-05-10,8.0
OPP-02808,Negotiation,2025-05-10,2025-07-01,52.0
OPP-02809,Renewal Discussion,2025-05-27,2025-06-03,7.0
OPP-02809,Negotiation,2025-06-03,2025-07-26,53.0
OPP-02810,Renewal Discussion,2025-05-21,2025-06-20,30.0
OPP-02810,Negotiation,2025-06-20,2025-07-20,30.0
OPP-02811,Renewal Discussion,2025-05-14,2025-06-04,21.0
OPP-02811,Negotiation,2025-06-04,2025-07-13,39.0
OPP-02812,Renewal Discussion,2025-05-20,2025-06-02,13.0
OPP-02812,Negotiation,2025-06-02,2025-07-19,47.0
OPP-02813,Renewal Discussion,2025-05-07,2025-07-29,83.0
OPP-02813,Negotiation,2025-07-29,2025-07-06,-23.0
OPP-02814,Renewal Discussion,2025-05-27,2025-05-30,3.0
OPP-02814,Negotiation,2025-05-30,2025-07-26,57.0
OPP-02815,Renewal Discussion,2025-05-18,2025-06-08,21.0
OPP-02815,Negotiation,2025-06-08,2025-07-17,39.0
OPP-02816,Renewal Discussion,2025-05-05,2025-05-28,23.0
OPP-02816,Negotiation,2025-05-28,2025-07-04,37.0
OPP-02817,Renewal Discussion,2025-05-24,2025-06-21,28.0
OPP-02817,Negotiation,2025-06-21,2025-07-23,32.0
OPP-02818,Renewal Discussion,2025-05-11,2025-05-29,18.0
OPP-02818,Negotiation,2025-05-29,2025-07-10,42.0
OPP-02819,Renewal Discussion,2025-05-22,2025-06-12,21.0
OPP-02819,Negotiation,2025-06-12,2025-07-21,39.0
OPP-02820,Renewal Discussion,2025-05-22,2025-06-20,29.0
OPP-02820,Negotiation,2025-06-20,2025-07-21,31.0
OPP-02821,Renewal Discussion,2025-05-03,2025-05-24,21.0
OPP-02821,Negotiation,2025-05-24,2025-07-02,39.0
OPP-02822,Renewal Discussion,2025-05-06,2025-05-08,2.0
OPP-02822,Negotiation,2025-05-08,2025-07-05,58.0
OPP-02823,Renewal Discussion,2025-05-28,2025-06-30,33.0
OPP-02823,Negotiation,2025-06-30,2025-07-27,27.0
OPP-02824,Renewal Discussion,2025-05-10,2025-06-18,39.0
OPP-02824,Negotiation,2025-06-18,2025-07-09,21.0
OPP-02825,Renewal Discussion,2025-06-21,2025-07-16,25.0
OPP-02825,Negotiation,2025-07-16,2025-08-20,35.0
OPP-02826,Renewal Discussion,2025-06-09,2025-06-21,12.0
OPP-02826,Negotiation,2025-06-21,2025-08-08,48.0
OPP-02827,Renewal Discussion,2025-06-07,2025-07-12,35.0
OPP-02827,Negotiation,2025-07-12,2025-08-06,25.0
OPP-02828,Renewal Discussion,2025-06-21,2025-07-01,10.0
OPP-02828,Negotiation,2025-07-01,2025-08-20,50.0
OPP-02829,Renewal Discussion,2025-06-26,2025-07-08,12.0
OPP-02829,Negotiation,2025-07-08,2025-08-25,48.0
OPP-02830,Renewal Discussion,2025-06-10,2025-06-23,13.0
OPP-02830,Negotiation,2025-06-23,2025-08-09,47.0
OPP-02831,Renewal Discussion,2025-07-22,2025-08-15,24.0
OPP-02832,Renewal Discussion,2025-06-17,2025-09-17,92.0
OPP-02832,Negotiation,2025-09-17,2025-08-16,-32.0
OPP-02833,Renewal Discussion,2025-06-05,2025-07-23,48.0
OPP-02833,Negotiation,2025-07-23,2025-08-04,12.0
OPP-02834,Renewal Discussion,2025-06-14,2025-06-25,11.0
OPP-02834,Negotiation,2025-06-25,2025-08-13,49.0
OPP-02835,Renewal Discussion,2025-06-18,2025-08-02,45.0
OPP-02835,Negotiation,2025-08-02,2025-08-17,15.0
OPP-02836,Renewal Discussion,2025-06-09,2025-06-24,15.0
OPP-02836,Negotiation,2025-06-24,2025-08-08,45.0
OPP-02837,Renewal Discussion,2025-06-03,2025-07-08,35.0
OPP-02837,Negotiation,2025-07-08,2025-08-02,25.0
OPP-02838,Renewal Discussion,2025-06-13,2025-08-22,70.0
OPP-02838,Negotiation,2025-08-22,2025-08-12,-10.0
OPP-02839,Renewal Discussion,2025-06-25,2025-07-14,19.0
OPP-02839,Negotiation,2025-07-14,2025-08-24,41.0
OPP-02840,Renewal Discussion,2025-06-03,2025-06-15,12.0
OPP-02840,Negotiation,2025-06-15,2025-08-02,48.0
OPP-02841,Renewal Discussion,2025-06-13,2025-06-18,5.0
OPP-02841,Negotiation,2025-06-18,2025-08-12,55.0
OPP-02842,Renewal Discussion,2025-06-15,2025-06-18,3.0
OPP-02842,Negotiation,2025-06-18,2025-08-14,57.0
OPP-02843,Renewal Discussion,2025-06-14,2025-07-07,23.0
OPP-02843,Negotiation,2025-07-07,2025-08-13,37.0
OPP-02844,Renewal Discussion,2025-06-18,2025-07-14,26.0
OPP-02844,Negotiation,2025-07-14,2025-08-17,34.0
OPP-02845,Renewal Discussion,2025-06-22,2025-08-15,54.0
OPP-02846,Renewal Discussion,2025-06-24,2025-07-08,14.0
OPP-02846,Negotiation,2025-07-08,2025-08-23,46.0
OPP-02847,Renewal Discussion,2025-06-20,2025-07-12,22.0
OPP-02847,Negotiation,2025-07-12,2025-08-19,38.0
OPP-02848,Renewal Discussion,2025-06-25,2025-07-06,11.0
OPP-02848,Negotiation,2025-07-06,2025-08-24,49.0
OPP-02849,Renewal Discussion,2025-06-21,2025-07-21,30.0
OPP-02849,Negotiation,2025-07-21,2025-08-20,30.0
OPP-02850,Renewal Discussion,2025-06-11,2025-06-29,18.0
OPP-02850,Negotiation,2025-06-29,2025-08-10,42.0
OPP-02851,Renewal Discussion,2025-06-25,2025-07-15,20.0
OPP-02851,Negotiation,2025-07-15,2025-08-24,40.0
OPP-02852,Renewal Discussion,2025-06-09,2025-07-24,45.0
OPP-02852,Negotiation,2025-07-24,2025-08-08,15.0
OPP-02853,Renewal Discussion,2025-09-04,2025-09-15,11.0
OPP-02854,Renewal Discussion,2025-06-23,2025-07-09,16.0
OPP-02854,Negotiation,2025-07-09,2025-08-22,44.0
OPP-02855,Renewal Discussion,2025-07-14,2025-08-12,29.0
OPP-02855,Negotiation,2025-08-12,2025-09-12,31.0
OPP-02856,Renewal Discussion,2025-07-06,2025-07-30,24.0
OPP-02856,Negotiation,2025-07-30,2025-09-04,36.0
OPP-02857,Renewal Discussion,2025-07-05,2025-08-13,39.0
OPP-02857,Negotiation,2025-08-13,2025-09-03,21.0
OPP-02858,Renewal Discussion,2025-07-10,2025-08-18,39.0
OPP-02858,Negotiation,2025-08-18,2025-09-08,21.0
OPP-02859,Renewal Discussion,2025-07-13,2025-08-22,40.0
OPP-02859,Negotiation,2025-08-22,2025-09-11,20.0
OPP-02860,Renewal Discussion,2025-07-18,2025-07-28,10.0
OPP-02860,Negotiation,2025-07-28,2025-09-16,50.0
OPP-02861,Renewal Discussion,2025-07-19,2025-08-17,29.0
OPP-02861,Negotiation,2025-08-17,2025-09-17,31.0
OPP-02862,Renewal Discussion,2025-07-19,2025-08-15,27.0
OPP-02862,Negotiation,2025-08-15,2025-09-17,33.0
OPP-02863,Renewal Discussion,2025-07-11,2025-07-19,8.0
OPP-02863,Negotiation,2025-07-19,2025-09-09,52.0
OPP-02864,Renewal Discussion,2025-07-19,2025-09-04,47.0
OPP-02864,Negotiation,2025-09-04,2025-09-17,13.0
OPP-02865,Renewal Discussion,2025-07-12,2025-08-16,35.0
OPP-02865,Negotiation,2025-08-16,2025-09-10,25.0
OPP-02866,Renewal Discussion,2025-07-13,2025-07-29,16.0
OPP-02866,Negotiation,2025-07-29,2025-09-11,44.0
OPP-02867,Renewal Discussion,2025-07-04,2025-07-12,8.0
OPP-02867,Negotiation,2025-07-12,2025-09-02,52.0
OPP-02868,Renewal Discussion,2025-07-19,2025-09-14,57.0
OPP-02868,Negotiation,2025-09-14,2025-09-17,3.0
OPP-02869,Renewal Discussion,2025-07-03,2025-07-13,10.0
OPP-02869,Negotiation,2025-07-13,2025-09-01,50.0
OPP-02870,Renewal Discussion,2025-07-19,2025-09-07,50.0
OPP-02870,Negotiation,2025-09-07,2025-09-17,10.0
OPP-02871,Renewal Discussion,2025-07-14,2025-08-01,18.0
OPP-02871,Negotiation,2025-08-01,2025-09-12,42.0
OPP-02872,Renewal Discussion,2025-07-03,2025-08-02,30.0
OPP-02872,Negotiation,2025-08-02,2025-09-01,30.0
OPP-02873,Renewal Discussion,2025-07-16,2025-09-15,61.0
OPP-02874,Renewal Discussion,2025-07-28,2025-08-10,13.0
OPP-02874,Negotiation,2025-08-10,2025-09-26,47.0
OPP-02875,Renewal Discussion,2025-07-03,2025-07-30,27.0
OPP-02875,Negotiation,2025-07-30,2025-09-01,33.0
OPP-02876,Renewal Discussion,2025-07-17,2025-07-31,14.0
OPP-02876,Negotiation,2025-07-31,2025-09-15,46.0
OPP-02877,Renewal Discussion,2025-07-21,2025-08-10,20.0
OPP-02877,Negotiation,2025-08-10,2025-09-19,40.0
OPP-02878,Renewal Discussion,2025-07-19,2025-10-06,79.0
OPP-02878,Negotiation,2025-10-06,2025-09-17,-19.0
OPP-02879,Renewal Discussion,2025-07-04,2025-07-17,13.0
OPP-02879,Negotiation,2025-07-17,2025-09-02,47.0
OPP-02880,Renewal Discussion,2025-07-20,2025-09-13,55.0
OPP-02880,Negotiation,2025-09-13,2025-09-18,5.0
OPP-02881,Renewal Discussion,2025-07-26,2025-09-12,48.0
OPP-02881,Negotiation,2025-09-12,2025-09-24,12.0
OPP-02882,Renewal Discussion,2025-07-15,2025-07-25,10.0
OPP-02882,Negotiation,2025-07-25,2025-09-13,50.0
OPP-02883,Renewal Discussion,2025-07-25,2025-07-31,6.0
OPP-02883,Negotiation,2025-07-31,2025-09-23,54.0
OPP-02884,Renewal Discussion,2025-07-28,2025-09-04,38.0
OPP-02884,Negotiation,2025-09-04,2025-09-26,22.0
OPP-02885,Renewal Discussion,2025-07-05,2025-07-11,6.0
OPP-02885,Negotiation,2025-07-11,2025-09-03,54.0
OPP-02886,Renewal Discussion,2025-07-26,2025-08-10,15.0
OPP-02886,Negotiation,2025-08-10,2025-09-24,45.0
OPP-02887,Renewal Discussion,2025-07-11,2025-07-19,8.0
OPP-02887,Negotiation,2025-07-19,2025-09-09,52.0
OPP-02888,Renewal Discussion,2025-07-28,2025-08-31,34.0
OPP-02888,Negotiation,2025-08-31,2025-09-26,26.0
OPP-02889,Renewal Discussion,2025-08-25,2025-10-07,43.0
OPP-02889,Negotiation,2025-10-07,2025-10-24,17.0
OPP-02890,Renewal Discussion,2025-08-08,2025-11-12,96.0
OPP-02890,Negotiation,2025-11-12,2025-10-07,-36.0
OPP-02891,Renewal Discussion,2025-08-25,2025-10-04,40.0
OPP-02891,Negotiation,2025-10-04,2025-10-24,20.0
OPP-02892,Renewal Discussion,2025-08-06,2025-09-04,29.0
OPP-02892,Negotiation,2025-09-04,2025-10-05,31.0
OPP-02893,Renewal Discussion,2025-08-10,2025-09-22,43.0
OPP-02893,Negotiation,2025-09-22,2025-10-09,17.0
OPP-02894,Renewal Discussion,2025-08-23,2025-09-09,17.0
OPP-02894,Negotiation,2025-09-09,2025-10-22,43.0
OPP-02895,Renewal Discussion,2025-08-17,2025-10-07,51.0
OPP-02895,Negotiation,2025-10-07,2025-10-16,9.0
OPP-02896,Renewal Discussion,2025-08-14,2025-08-22,8.0
OPP-02896,Negotiation,2025-08-22,2025-10-13,52.0
OPP-02897,Renewal Discussion,2025-08-20,2025-08-29,9.0
OPP-02897,Negotiation,2025-08-29,2025-10-19,51.0
OPP-02898,Renewal Discussion,2025-08-08,2025-08-23,15.0
OPP-02898,Negotiation,2025-08-23,2025-10-07,45.0
OPP-02899,Renewal Discussion,2025-09-20,2025-10-11,21.0
OPP-02899,Negotiation,2025-10-11,2025-10-15,4.0
OPP-02900,Renewal Discussion,2025-08-17,2025-09-02,16.0
OPP-02900,Negotiation,2025-09-02,2025-10-16,44.0
OPP-02901,Renewal Discussion,2025-08-19,2025-09-04,16.0
OPP-02901,Negotiation,2025-09-04,2025-10-18,44.0
OPP-02902,Renewal Discussion,2025-08-15,2025-08-23,8.0
OPP-02902,Negotiation,2025-08-23,2025-10-14,52.0
OPP-02903,Renewal Discussion,2025-08-24,2025-09-16,23.0
OPP-02903,Negotiation,2025-09-16,2025-10-23,37.0
OPP-02904,Renewal Discussion,2025-08-10,2025-08-31,21.0
OPP-02904,Negotiation,2025-08-31,2025-10-09,39.0
OPP-02905,Renewal Discussion,2025-08-03,2025-08-24,21.0
OPP-02905,Negotiation,2025-08-24,2025-10-02,39.0
OPP-02906,Renewal Discussion,2025-08-06,2025-08-09,3.0
OPP-02906,Negotiation,2025-08-09,2025-10-05,57.0
OPP-02907,Renewal Discussion,2025-08-22,2025-09-20,29.0
OPP-02907,Negotiation,2025-09-20,2025-10-21,31.0
OPP-02908,Renewal Discussion,2025-09-17,2025-10-12,25.0
OPP-02908,Negotiation,2025-10-12,2025-11-16,35.0
OPP-02909,Renewal Discussion,2025-09-09,2025-09-20,11.0
OPP-02909,Negotiation,2025-09-20,2025-11-08,49.0
OPP-02910,Renewal Discussion,2025-09-23,2025-10-26,33.0
OPP-02910,Negotiation,2025-10-26,2025-11-22,27.0
OPP-02911,Renewal Discussion,2025-09-20,2025-10-16,26.0
OPP-02911,Negotiation,2025-10-16,2025-11-19,34.0
OPP-02912,Renewal Discussion,2025-09-14,2025-11-01,48.0
OPP-02912,Negotiation,2025-11-01,2025-11-13,12.0
OPP-02913,Renewal Discussion,2025-09-11,2025-09-13,2.0
OPP-02913,Negotiation,2025-09-13,2025-11-10,58.0
OPP-02914,Renewal Discussion,2025-09-14,2025-12-06,83.0
OPP-02914,Negotiation,2025-12-06,2025-11-13,-23.0
OPP-02915,Renewal Discussion,2025-09-06,2025-09-15,9.0
OPP-02915,Negotiation,2025-09-15,2025-11-05,51.0
OPP-02916,Renewal Discussion,2025-09-13,2025-10-06,23.0
OPP-02916,Negotiation,2025-10-06,2025-11-12,37.0
OPP-02917,Renewal Discussion,2025-09-26,2025-11-15,50.0
OPP-02917,Negotiation,2025-11-15,2025-11-25,10.0
OPP-02918,Renewal Discussion,2025-09-27,2025-10-18,21.0
OPP-02918,Negotiation,2025-10-18,2025-11-26,39.0
OPP-02919,Renewal Discussion,2025-09-27,2025-10-24,27.0
OPP-02919,Negotiation,2025-10-24,2025-11-26,33.0
OPP-02920,Renewal Discussion,2025-09-13,2025-10-18,35.0
OPP-02920,Negotiation,2025-10-18,2025-11-12,25.0
OPP-02921,Renewal Discussion,2025-09-17,2025-09-29,12.0
OPP-02921,Negotiation,2025-09-29,2025-11-16,48.0
OPP-02922,Renewal Discussion,2025-09-07,2025-10-30,53.0
OPP-02922,Negotiation,2025-10-30,2025-11-06,7.0
OPP-02923,Renewal Discussion,2025-09-08,2025-09-09,1.0
OPP-02923,Negotiation,2025-09-09,2025-11-07,59.0
OPP-02924,Renewal Discussion,2025-09-05,2025-10-12,37.0
OPP-02924,Negotiation,2025-10-12,2025-11-04,23.0
OPP-02925,Renewal Discussion,2025-09-05,2025-09-13,8.0
OPP-02925,Negotiation,2025-09-13,2025-11-04,52.0
OPP-02926,Renewal Discussion,2025-10-07,2025-11-20,44.0
OPP-02926,Negotiation,2025-11-20,2025-12-06,16.0
OPP-02927,Renewal Discussion,2025-10-25,2025-11-23,29.0
OPP-02927,Negotiation,2025-11-23,2025-12-24,31.0
OPP-02928,Renewal Discussion,2025-10-28,2025-12-20,53.0
OPP-02928,Negotiation,2025-12-20,2025-12-27,7.0
OPP-02929,Renewal Discussion,2025-10-10,2025-11-22,43.0
OPP-02929,Negotiation,2025-11-22,2025-12-09,17.0
OPP-02930,Renewal Discussion,2025-10-03,2025-10-11,8.0
OPP-02930,Negotiation,2025-10-11,2025-12-02,52.0
OPP-02931,Renewal Discussion,2025-10-06,2025-12-26,81.0
OPP-02931,Negotiation,2025-12-26,2025-12-05,-21.0
OPP-02932,Renewal Discussion,2025-10-02,2025-10-19,17.0
OPP-02932,Negotiation,2025-10-19,2025-12-01,43.0
OPP-02933,Renewal Discussion,2025-10-18,2025-11-09,22.0
OPP-02933,Negotiation,2025-11-09,2025-12-17,38.0
OPP-02934,Renewal Discussion,2025-10-20,2025-11-05,16.0
OPP-02934,Negotiation,2025-11-05,2025-12-19,44.0
OPP-02935,Renewal Discussion,2025-10-23,2025-11-11,19.0
OPP-02935,Negotiation,2025-11-11,2025-12-22,41.0
OPP-02936,Renewal Discussion,2025-10-28,2025-12-02,35.0
OPP-02936,Negotiation,2025-12-02,2025-12-27,25.0
OPP-02937,Renewal Discussion,2025-10-05,2025-11-29,55.0
OPP-02937,Negotiation,2025-11-29,2025-12-04,5.0
OPP-02938,Renewal Discussion,2025-10-22,2025-12-13,52.0
OPP-02938,Negotiation,2025-12-13,2025-12-21,8.0
OPP-02939,Renewal Discussion,2025-10-16,2025-10-27,11.0
OPP-02939,Negotiation,2025-10-27,2025-12-15,49.0
OPP-02940,Renewal Discussion,2025-10-04,2025-10-10,6.0
OPP-02940,Negotiation,2025-10-10,2025-12-03,54.0
OPP-02941,Renewal Discussion,2025-10-06,2025-11-30,55.0
OPP-02941,Negotiation,2025-11-30,2025-12-05,5.0
OPP-02942,Renewal Discussion,2025-10-27,2025-12-05,39.0
OPP-02942,Negotiation,2025-12-05,2025-12-26,21.0
OPP-02943,Renewal Discussion,2025-10-18,2025-12-05,48.0
OPP-02943,Negotiation,2025-12-05,2025-12-17,12.0
OPP-02944,Renewal Discussion,2025-10-03,2025-11-08,36.0
OPP-02944,Negotiation,2025-11-08,2025-12-02,24.0
OPP-02945,Renewal Discussion,2025-10-18,2025-11-12,25.0
OPP-02945,Negotiation,2025-11-12,2025-12-17,35.0
OPP-02946,Expansion Discussion,2022-12-21,2023-02-15,56.0
OPP-02947,Expansion Discussion,2023-01-15,2023-03-15,59.0
OPP-02948,Expansion Discussion,2023-03-08,2023-04-15,38.0
OPP-02949,Expansion Discussion,2023-02-24,2023-04-15,50.0
OPP-02950,Expansion Discussion,2023-04-09,2023-05-15,36.0
OPP-02951,Expansion Discussion,2023-03-19,2023-05-15,57.0
OPP-02952,Expansion Discussion,2023-04-12,2023-05-15,33.0
OPP-02953,Expansion Discussion,2023-04-04,2023-05-15,41.0
OPP-02954,Expansion Discussion,2023-05-12,2023-06-15,34.0
OPP-02955,Expansion Discussion,2023-05-27,2023-07-15,49.0
OPP-02956,Expansion Discussion,2023-05-27,2023-07-15,49.0
OPP-02957,Expansion Discussion,2023-05-29,2023-07-15,47.0
OPP-02958,Expansion Discussion,2023-05-26,2023-07-15,50.0
OPP-02959,Expansion Discussion,2023-05-27,2023-07-15,49.0
OPP-02960,Expansion Discussion,2023-05-16,2023-07-15,60.0
OPP-02961,Expansion Discussion,2023-06-23,2023-08-15,53.0
OPP-02962,Expansion Discussion,2023-06-27,2023-08-15,49.0
OPP-02963,Expansion Discussion,2023-07-11,2023-08-15,35.0
OPP-02964,Expansion Discussion,2023-06-18,2023-08-15,58.0
OPP-02965,Expansion Discussion,2023-08-05,2023-09-15,41.0
OPP-02966,Expansion Discussion,2023-07-29,2023-09-15,48.0
OPP-02967,Expansion Discussion,2023-07-24,2023-09-15,53.0
OPP-02968,Expansion Discussion,2023-08-06,2023-09-15,40.0
OPP-02969,Expansion Discussion,2023-07-28,2023-09-15,49.0
OPP-02970,Expansion Discussion,2023-07-18,2023-09-15,59.0
OPP-02971,Expansion Discussion,2023-08-06,2023-09-15,40.0
OPP-02972,Expansion Discussion,2023-08-06,2023-09-15,40.0
OPP-02973,Expansion Discussion,2023-08-28,2023-10-15,48.0
OPP-02974,Expansion Discussion,2023-08-20,2023-10-15,56.0
OPP-02975,Expansion Discussion,2023-08-26,2023-10-15,50.0
OPP-02976,Expansion Discussion,2023-09-05,2023-10-15,40.0
OPP-02977,Expansion Discussion,2023-09-12,2023-10-15,33.0
OPP-02978,Expansion Discussion,2023-09-30,2023-11-15,46.0
OPP-02979,Expansion Discussion,2023-10-08,2023-11-15,38.0
OPP-02980,Expansion Discussion,2023-09-18,2023-11-15,58.0
OPP-02981,Expansion Discussion,2023-09-28,2023-11-15,48.0
OPP-02982,Expansion Discussion,2023-10-06,2023-11-15,40.0
OPP-02983,Expansion Discussion,2023-10-05,2023-11-15,41.0
OPP-02984,Expansion Discussion,2023-09-20,2023-11-15,56.0
OPP-02985,Expansion Discussion,2023-10-31,2023-12-15,45.0
OPP-02986,Expansion Discussion,2023-10-23,2023-12-15,53.0
OPP-02987,Expansion Discussion,2023-10-19,2023-12-15,57.0
OPP-02988,Expansion Discussion,2023-11-03,2023-12-15,42.0
OPP-02989,Expansion Discussion,2023-11-02,2023-12-15,43.0
OPP-02990,Expansion Discussion,2023-10-19,2023-12-15,57.0
OPP-02991,Expansion Discussion,2023-10-26,2023-12-15,50.0
OPP-02992,Expansion Discussion,2023-11-05,2023-12-15,40.0
OPP-02993,Expansion Discussion,2023-11-05,2023-12-15,40.0
OPP-02994,Expansion Discussion,2023-11-14,2023-12-15,31.0
OPP-02995,Expansion Discussion,2023-11-16,2024-01-15,60.0
OPP-02996,Expansion Discussion,2023-12-13,2024-01-15,33.0
OPP-02997,Expansion Discussion,2024-01-03,2024-02-15,43.0
OPP-02998,Expansion Discussion,2023-12-25,2024-02-15,52.0
OPP-02999,Expansion Discussion,2024-01-08,2024-02-15,38.0
OPP-03000,Expansion Discussion,2023-12-31,2024-02-15,46.0
OPP-03001,Expansion Discussion,2024-01-16,2024-02-15,30.0
OPP-03002,Expansion Discussion,2023-12-20,2024-02-15,57.0
OPP-03003,Expansion Discussion,2024-01-30,2024-03-15,45.0
OPP-03004,Expansion Discussion,2024-02-08,2024-03-15,36.0
OPP-03005,Expansion Discussion,2024-01-26,2024-03-15,49.0
OPP-03006,Expansion Discussion,2024-01-24,2024-03-15,51.0
OPP-03007,Expansion Discussion,2024-01-16,2024-03-15,59.0
OPP-03008,Expansion Discussion,2024-01-18,2024-03-15,57.0
OPP-03009,Expansion Discussion,2024-02-20,2024-04-15,55.0
OPP-03010,Expansion Discussion,2024-03-13,2024-04-15,33.0
OPP-03011,Expansion Discussion,2024-03-06,2024-04-15,40.0
OPP-03012,Expansion Discussion,2024-02-24,2024-04-15,51.0
OPP-03013,Expansion Discussion,2024-02-24,2024-04-15,51.0
OPP-03014,Expansion Discussion,2024-03-15,2024-04-15,31.0
OPP-03015,Expansion Discussion,2024-03-01,2024-04-15,45.0
OPP-03016,Expansion Discussion,2024-02-17,2024-04-15,58.0
OPP-03017,Expansion Discussion,2024-02-18,2024-04-15,57.0
OPP-03018,Expansion Discussion,2024-03-10,2024-04-15,36.0
OPP-03019,Expansion Discussion,2024-04-13,2024-05-15,32.0
OPP-03020,Expansion Discussion,2024-04-05,2024-05-15,40.0
OPP-03021,Expansion Discussion,2024-03-21,2024-05-15,55.0
OPP-03022,Expansion Discussion,2024-03-21,2024-05-15,55.0
OPP-03023,Expansion Discussion,2024-03-16,2024-05-15,60.0
OPP-03024,Expansion Discussion,2024-03-31,2024-05-15,45.0
OPP-03025,Expansion Discussion,2024-04-03,2024-05-15,42.0
OPP-03026,Expansion Discussion,2024-03-31,2024-05-15,45.0
OPP-03027,Expansion Discussion,2024-05-01,2024-06-15,45.0
OPP-03028,Expansion Discussion,2024-05-05,2024-06-15,41.0
OPP-03029,Expansion Discussion,2024-05-02,2024-06-15,44.0
OPP-03030,Expansion Discussion,2024-04-30,2024-06-15,46.0
OPP-03031,Expansion Discussion,2024-04-26,2024-06-15,50.0
OPP-03032,Expansion Discussion,2024-04-26,2024-06-15,50.0
OPP-03033,Expansion Discussion,2024-04-21,2024-06-15,55.0
OPP-03034,Expansion Discussion,2024-05-01,2024-06-15,45.0
OPP-03035,Expansion Discussion,2024-04-18,2024-06-15,58.0
OPP-03036,Expansion Discussion,2024-04-28,2024-06-15,48.0
OPP-03037,Expansion Discussion,2024-05-02,2024-06-15,44.0
OPP-03038,Expansion Discussion,2024-04-18,2024-06-15,58.0
OPP-03039,Expansion Discussion,2024-05-16,2024-06-15,30.0
OPP-03040,Expansion Discussion,2024-05-26,2024-07-15,50.0
OPP-03041,Expansion Discussion,2024-06-12,2024-07-15,33.0
OPP-03042,Expansion Discussion,2024-05-31,2024-07-15,45.0
OPP-03043,Expansion Discussion,2024-05-23,2024-07-15,53.0
OPP-03044,Expansion Discussion,2024-05-31,2024-07-15,45.0
OPP-03045,Expansion Discussion,2024-06-13,2024-07-15,32.0
OPP-03046,Expansion Discussion,2024-06-17,2024-08-15,59.0
OPP-03047,Expansion Discussion,2024-06-26,2024-08-15,50.0
OPP-03048,Expansion Discussion,2024-07-14,2024-08-15,32.0
OPP-03049,Expansion Discussion,2024-07-04,2024-08-15,42.0
OPP-03050,Expansion Discussion,2024-06-26,2024-08-15,50.0
OPP-03051,Expansion Discussion,2024-06-22,2024-08-15,54.0
OPP-03052,Expansion Discussion,2024-06-17,2024-08-15,59.0
OPP-03053,Expansion Discussion,2024-06-27,2024-08-15,49.0
OPP-03054,Expansion Discussion,2024-07-08,2024-08-15,38.0
OPP-03055,Expansion Discussion,2024-07-06,2024-08-15,40.0
OPP-03056,Expansion Discussion,2024-07-04,2024-08-15,42.0
OPP-03057,Expansion Discussion,2024-07-06,2024-08-15,40.0
OPP-03058,Expansion Discussion,2024-07-11,2024-08-15,35.0
OPP-03059,Expansion Discussion,2024-07-27,2024-09-15,50.0
OPP-03060,Expansion Discussion,2024-08-07,2024-09-15,39.0
OPP-03061,Expansion Discussion,2024-07-20,2024-09-15,57.0
OPP-03062,Expansion Discussion,2024-08-01,2024-09-15,45.0
OPP-03063,Expansion Discussion,2024-08-08,2024-09-15,38.0
OPP-03064,Expansion Discussion,2024-08-13,2024-09-15,33.0
OPP-03065,Expansion Discussion,2024-08-15,2024-09-15,31.0
OPP-03066,Expansion Discussion,2024-07-18,2024-09-15,59.0
OPP-03067,Expansion Discussion,2024-08-22,2024-10-15,54.0
OPP-03068,Expansion Discussion,2024-08-21,2024-10-15,55.0
OPP-03069,Expansion Discussion,2024-08-20,2024-10-15,56.0
OPP-03070,Expansion Discussion,2024-08-30,2024-10-15,46.0
OPP-03071,Expansion Discussion,2024-08-18,2024-10-15,58.0
OPP-03072,Expansion Discussion,2024-10-14,2024-11-15,32.0
OPP-03073,Expansion Discussion,2024-09-23,2024-11-15,53.0
OPP-03074,Expansion Discussion,2024-10-07,2024-11-15,39.0
OPP-03075,Expansion Discussion,2024-10-15,2024-11-15,31.0
OPP-03076,Expansion Discussion,2024-10-11,2024-11-15,35.0
OPP-03077,Expansion Discussion,2024-09-19,2024-11-15,57.0
OPP-03078,Expansion Discussion,2024-10-01,2024-11-15,45.0
OPP-03079,Expansion Discussion,2024-09-30,2024-11-15,46.0
OPP-03080,Expansion Discussion,2024-09-29,2024-11-15,47.0
OPP-03081,Expansion Discussion,2024-10-10,2024-11-15,36.0
OPP-03082,Expansion Discussion,2024-09-24,2024-11-15,52.0
OPP-03083,Expansion Discussion,2024-09-29,2024-11-15,47.0
OPP-03084,Expansion Discussion,2024-09-25,2024-11-15,51.0
OPP-03085,Expansion Discussion,2024-10-08,2024-11-15,38.0
OPP-03086,Expansion Discussion,2024-09-23,2024-11-15,53.0
OPP-03087,Expansion Discussion,2024-09-27,2024-11-15,49.0
OPP-03088,Expansion Discussion,2024-11-10,2024-12-15,35.0
OPP-03089,Expansion Discussion,2024-11-08,2024-12-15,37.0
OPP-03090,Expansion Discussion,2024-11-12,2024-12-15,33.0
OPP-03091,Expansion Discussion,2024-11-09,2024-12-15,36.0
OPP-03092,Expansion Discussion,2024-11-06,2024-12-15,39.0
OPP-03093,Expansion Discussion,2024-10-24,2024-12-15,52.0
OPP-03094,Expansion Discussion,2024-10-29,2024-12-15,47.0
OPP-03095,Expansion Discussion,2024-11-01,2024-12-15,44.0
OPP-03096,Expansion Discussion,2024-11-15,2024-12-15,30.0
OPP-03097,Expansion Discussion,2024-10-16,2024-12-15,60.0
OPP-03098,Expansion Discussion,2024-11-11,2024-12-15,34.0
OPP-03099,Expansion Discussion,2024-10-29,2024-12-15,47.0
OPP-03100,Expansion Discussion,2024-11-06,2024-12-15,39.0
OPP-03101,Expansion Discussion,2024-10-31,2024-12-15,45.0
OPP-03102,Expansion Discussion,2024-11-09,2024-12-15,36.0
OPP-03103,Expansion Discussion,2024-11-02,2024-12-15,43.0
OPP-03104,Expansion Discussion,2024-12-05,2025-01-15,41.0
OPP-03105,Expansion Discussion,2024-11-26,2025-01-15,50.0
OPP-03106,Expansion Discussion,2024-12-14,2025-01-15,32.0
OPP-03107,Expansion Discussion,2024-12-02,2025-01-15,44.0
OPP-03108,Expansion Discussion,2024-12-10,2025-01-15,36.0
OPP-03109,Expansion Discussion,2024-12-06,2025-01-15,40.0
OPP-03110,Expansion Discussion,2024-12-01,2025-01-15,45.0
OPP-03111,Expansion Discussion,2024-11-24,2025-01-15,52.0
OPP-03112,Expansion Discussion,2024-11-27,2025-01-15,49.0
OPP-03113,Expansion Discussion,2024-11-17,2025-01-15,59.0
OPP-03114,Expansion Discussion,2024-11-22,2025-01-15,54.0
OPP-03115,Expansion Discussion,2025-01-14,2025-02-15,32.0
OPP-03116,Expansion Discussion,2024-12-18,2025-02-15,59.0
OPP-03117,Expansion Discussion,2024-12-19,2025-02-15,58.0
OPP-03118,Expansion Discussion,2024-12-21,2025-02-15,56.0
OPP-03119,Expansion Discussion,2025-01-08,2025-02-15,38.0
OPP-03120,Expansion Discussion,2024-12-19,2025-02-15,58.0
OPP-03121,Expansion Discussion,2025-01-07,2025-02-15,39.0
OPP-03122,Expansion Discussion,2024-12-18,2025-02-15,59.0
OPP-03123,Expansion Discussion,2025-01-10,2025-02-15,36.0
OPP-03124,Expansion Discussion,2024-12-29,2025-02-15,48.0
OPP-03125,Expansion Discussion,2024-12-21,2025-02-15,56.0
OPP-03126,Expansion Discussion,2024-12-30,2025-02-15,47.0
OPP-03127,Expansion Discussion,2025-01-04,2025-02-15,42.0
OPP-03128,Expansion Discussion,2025-01-12,2025-02-15,34.0
OPP-03129,Expansion Discussion,2024-12-20,2025-02-15,57.0
OPP-03130,Expansion Discussion,2025-01-08,2025-02-15,38.0
OPP-03131,Expansion Discussion,2024-12-31,2025-02-15,46.0
OPP-03132,Expansion Discussion,2025-01-10,2025-02-15,36.0
OPP-03133,Expansion Discussion,2024-12-29,2025-02-15,48.0
OPP-03134,Expansion Discussion,2024-12-31,2025-02-15,46.0
OPP-03135,Expansion Discussion,2025-01-26,2025-03-15,48.0
OPP-03136,Expansion Discussion,2025-01-22,2025-03-15,52.0
OPP-03137,Expansion Discussion,2025-01-18,2025-03-15,56.0
OPP-03138,Expansion Discussion,2025-01-26,2025-03-15,48.0
OPP-03139,Expansion Discussion,2025-02-04,2025-03-15,39.0
OPP-03140,Expansion Discussion,2025-02-03,2025-03-15,40.0
OPP-03141,Expansion Discussion,2025-01-20,2025-03-15,54.0
OPP-03142,Expansion Discussion,2025-02-12,2025-03-15,31.0
OPP-03143,Expansion Discussion,2025-02-11,2025-03-15,32.0
OPP-03144,Expansion Discussion,2025-01-25,2025-03-15,49.0
OPP-03145,Expansion Discussion,2025-01-28,2025-03-15,46.0
OPP-03146,Expansion Discussion,2025-02-08,2025-03-15,35.0
OPP-03147,Expansion Discussion,2025-01-18,2025-03-15,56.0
OPP-03148,Expansion Discussion,2025-02-08,2025-03-15,35.0
OPP-03149,Expansion Discussion,2025-02-13,2025-03-15,30.0
OPP-03150,Expansion Discussion,2025-01-16,2025-03-15,58.0
OPP-03151,Expansion Discussion,2025-02-06,2025-03-15,37.0
OPP-03152,Expansion Discussion,2025-01-26,2025-03-15,48.0
OPP-03153,Expansion Discussion,2025-01-19,2025-03-15,55.0
OPP-03154,Expansion Discussion,2025-01-16,2025-03-15,58.0
OPP-03155,Expansion Discussion,2025-01-18,2025-03-15,56.0
OPP-03156,Expansion Discussion,2025-01-17,2025-03-15,57.0
OPP-03157,Expansion Discussion,2025-02-09,2025-03-15,34.0
OPP-03158,Expansion Discussion,2025-02-07,2025-03-15,36.0
OPP-03159,Expansion Discussion,2025-03-08,2025-04-15,38.0
OPP-03160,Expansion Discussion,2025-03-01,2025-04-15,45.0
OPP-03161,Expansion Discussion,2025-03-07,2025-04-15,39.0
OPP-03162,Expansion Discussion,2025-03-15,2025-04-15,31.0
OPP-03163,Expansion Discussion,2025-03-06,2025-04-15,40.0
OPP-03164,Expansion Discussion,2025-02-17,2025-04-15,57.0
OPP-03165,Expansion Discussion,2025-02-28,2025-04-15,46.0
OPP-03166,Expansion Discussion,2025-02-25,2025-04-15,49.0
OPP-03167,Expansion Discussion,2025-02-25,2025-04-15,49.0
OPP-03168,Expansion Discussion,2025-03-13,2025-04-15,33.0
OPP-03169,Expansion Discussion,2025-02-21,2025-04-15,53.0
OPP-03170,Expansion Discussion,2025-02-14,2025-04-15,60.0
OPP-03171,Expansion Discussion,2025-03-12,2025-04-15,34.0
OPP-03172,Expansion Discussion,2025-02-22,2025-04-15,52.0
OPP-03173,Expansion Discussion,2025-02-17,2025-04-15,57.0
OPP-03174,Expansion Discussion,2025-03-14,2025-04-15,32.0
OPP-03175,Expansion Discussion,2025-02-15,2025-04-15,59.0
OPP-03176,Expansion Discussion,2025-03-13,2025-04-15,33.0
OPP-03177,Expansion Discussion,2025-03-01,2025-04-15,45.0
OPP-03178,Expansion Discussion,2025-02-23,2025-04-15,51.0
OPP-03179,Expansion Discussion,2025-03-14,2025-04-15,32.0
OPP-03180,Expansion Discussion,2025-02-18,2025-04-15,56.0
OPP-03181,Expansion Discussion,2025-03-08,2025-04-15,38.0
OPP-03182,Expansion Discussion,2025-04-11,2025-05-15,34.0
OPP-03183,Expansion Discussion,2025-03-28,2025-05-15,48.0
OPP-03184,Expansion Discussion,2025-04-14,2025-05-15,31.0
OPP-03185,Expansion Discussion,2025-04-02,2025-05-15,43.0
OPP-03186,Expansion Discussion,2025-03-17,2025-05-15,59.0
OPP-03187,Expansion Discussion,2025-04-07,2025-05-15,38.0
OPP-03188,Expansion Discussion,2025-04-09,2025-05-15,36.0
OPP-03189,Expansion Discussion,2025-04-04,2025-05-15,41.0
OPP-03190,Expansion Discussion,2025-04-12,2025-05-15,33.0
OPP-03191,Expansion Discussion,2025-04-09,2025-05-15,36.0
OPP-03192,Expansion Discussion,2025-03-22,2025-05-15,54.0
OPP-03193,Expansion Discussion,2025-04-06,2025-05-15,39.0
OPP-03194,Expansion Discussion,2025-03-25,2025-05-15,51.0
OPP-03195,Expansion Discussion,2025-04-13,2025-05-15,32.0
OPP-03196,Expansion Discussion,2025-04-14,2025-05-15,31.0
OPP-03197,Expansion Discussion,2025-04-08,2025-05-15,37.0
OPP-03198,Expansion Discussion,2025-04-21,2025-06-15,55.0
OPP-03199,Expansion Discussion,2025-04-24,2025-06-15,52.0
OPP-03200,Expansion Discussion,2025-04-25,2025-06-15,51.0
OPP-03201,Expansion Discussion,2025-05-04,2025-06-15,42.0
OPP-03202,Expansion Discussion,2025-05-04,2025-06-15,42.0
OPP-03203,Expansion Discussion,2025-05-09,2025-06-15,37.0
OPP-03204,Expansion Discussion,2025-04-29,2025-06-15,47.0
OPP-03205,Expansion Discussion,2025-05-01,2025-06-15,45.0
OPP-03206,Expansion Discussion,2025-04-29,2025-06-15,47.0
OPP-03207,Expansion Discussion,2025-04-24,2025-06-15,52.0
OPP-03208,Expansion Discussion,2025-04-25,2025-06-15,51.0
OPP-03209,Expansion Discussion,2025-04-16,2025-06-15,60.0
OPP-03210,Expansion Discussion,2025-04-16,2025-06-15,60.0
OPP-03211,Expansion Discussion,2025-05-07,2025-06-15,39.0
OPP-03212,Expansion Discussion,2025-06-13,2025-07-15,32.0
OPP-03213,Expansion Discussion,2025-05-23,2025-07-15,53.0
OPP-03214,Expansion Discussion,2025-05-19,2025-07-15,57.0
OPP-03215,Expansion Discussion,2025-05-30,2025-07-15,46.0
OPP-03216,Expansion Discussion,2025-06-01,2025-07-15,44.0
OPP-03217,Expansion Discussion,2025-05-25,2025-07-15,51.0
OPP-03218,Expansion Discussion,2025-06-12,2025-07-15,33.0
OPP-03219,Expansion Discussion,2025-06-13,2025-07-15,32.0
OPP-03220,Expansion Discussion,2025-05-26,2025-07-15,50.0
OPP-03221,Expansion Discussion,2025-06-15,2025-07-15,30.0
OPP-03222,Expansion Discussion,2025-05-26,2025-07-15,50.0
OPP-03223,Expansion Discussion,2025-05-23,2025-07-15,53.0
OPP-03224,Expansion Discussion,2025-06-08,2025-07-15,37.0
OPP-03225,Expansion Discussion,2025-06-06,2025-07-15,39.0
OPP-03226,Expansion Discussion,2025-05-25,2025-07-15,51.0
OPP-03227,Expansion Discussion,2025-07-03,2025-08-15,43.0
OPP-03228,Expansion Discussion,2025-06-21,2025-08-15,55.0
OPP-03229,Expansion Discussion,2025-07-15,2025-08-15,31.0
OPP-03230,Expansion Discussion,2025-07-14,2025-08-15,32.0
OPP-03231,Expansion Discussion,2025-06-22,2025-08-15,54.0
OPP-03232,Expansion Discussion,2025-07-12,2025-08-15,34.0
OPP-03233,Expansion Discussion,2025-06-29,2025-08-15,47.0
OPP-03234,Expansion Discussion,2025-06-22,2025-08-15,54.0
OPP-03235,Expansion Discussion,2025-06-21,2025-08-15,55.0
OPP-03236,Expansion Discussion,2025-06-30,2025-08-15,46.0
OPP-03237,Expansion Discussion,2025-06-30,2025-08-15,46.0
OPP-03238,Expansion Discussion,2025-06-18,2025-08-15,58.0
OPP-03239,Expansion Discussion,2025-07-11,2025-08-15,35.0
OPP-03240,Expansion Discussion,2025-07-07,2025-08-15,39.0
OPP-03241,Expansion Discussion,2025-06-22,2025-08-15,54.0
OPP-03242,Expansion Discussion,2025-06-27,2025-08-15,49.0
OPP-03243,Expansion Discussion,2025-06-25,2025-08-15,51.0
OPP-03244,Expansion Discussion,2025-06-25,2025-08-15,51.0
OPP-03245,Expansion Discussion,2025-08-15,2025-09-15,31.0
OPP-03246,Expansion Discussion,2025-08-04,2025-09-15,42.0
OPP-03247,Expansion Discussion,2025-08-06,2025-09-15,40.0
OPP-03248,Expansion Discussion,2025-07-25,2025-09-15,52.0
OPP-03249,Expansion Discussion,2025-08-04,2025-09-15,42.0
OPP-03250,Expansion Discussion,2025-07-30,2025-09-15,47.0
OPP-03251,Expansion Discussion,2025-07-18,2025-09-15,59.0
OPP-03252,Expansion Discussion,2025-08-07,2025-09-15,39.0
OPP-03253,Expansion Discussion,2025-07-31,2025-09-15,46.0
OPP-03254,Expansion Discussion,2025-08-06,2025-09-15,40.0
OPP-03255,Expansion Discussion,2025-07-24,2025-09-15,53.0
OPP-03256,Expansion Discussion,2025-08-01,2025-09-15,45.0
OPP-03257,Expansion Discussion,2025-07-26,2025-09-15,51.0
OPP-03258,Expansion Discussion,2025-07-29,2025-09-15,48.0
OPP-03259,Expansion Discussion,2025-07-20,2025-09-15,57.0
OPP-03260,Expansion Discussion,2025-07-21,2025-09-15,56.0
OPP-03261,Expansion Discussion,2025-07-21,2025-09-15,56.0
OPP-03262,Expansion Discussion,2025-07-28,2025-09-15,49.0
OPP-03263,Expansion Discussion,2025-07-26,2025-09-15,51.0
OPP-03264,Expansion Discussion,2025-08-14,2025-09-15,32.0
OPP-03265,Expansion Discussion,2025-07-27,2025-09-15,50.0
OPP-03266,Expansion Discussion,2025-07-30,2025-09-15,47.0
OPP-03267,Expansion Discussion,2025-07-23,2025-09-15,54.0
OPP-03268,Expansion Discussion,2025-08-29,2025-10-15,47.0
OPP-03269,Expansion Discussion,2025-09-08,2025-10-15,37.0
OPP-03270,Expansion Discussion,2025-08-29,2025-10-15,47.0
OPP-03271,Expansion Discussion,2025-08-17,2025-10-15,59.0
OPP-03272,Expansion Discussion,2025-09-07,2025-10-15,38.0
OPP-03273,Expansion Discussion,2025-08-21,2025-10-15,55.0
OPP-03274,Expansion Discussion,2025-08-22,2025-10-15,54.0
OPP-03275,Expansion Discussion,2025-08-28,2025-10-15,48.0
OPP-03276,Expansion Discussion,2025-08-26,2025-10-15,50.0
OPP-03277,Expansion Discussion,2025-08-24,2025-10-15,52.0
OPP-03278,Expansion Discussion,2025-09-04,2025-10-15,41.0
OPP-03279,Expansion Discussion,2025-09-08,2025-10-15,37.0
OPP-03280,Expansion Discussion,2025-09-01,2025-10-15,44.0
OPP-03281,Expansion Discussion,2025-08-27,2025-10-15,49.0
OPP-03282,Expansion Discussion,2025-09-05,2025-10-15,40.0
OPP-03283,Expansion Discussion,2025-09-01,2025-10-15,44.0
OPP-03284,Expansion Discussion,2025-09-11,2025-10-15,34.0
OPP-03285,Expansion Discussion,2025-09-11,2025-10-15,34.0
OPP-03286,Expansion Discussion,2025-08-16,2025-10-15,60.0
OPP-03287,Expansion Discussion,2025-09-06,2025-10-15,39.0
OPP-03288,Expansion Discussion,2025-09-01,2025-10-15,44.0
OPP-03289,Expansion Discussion,2025-09-03,2025-10-15,42.0
OPP-03290,Expansion Discussion,2025-08-18,2025-10-15,58.0
OPP-03291,Expansion Discussion,2025-09-15,2025-10-15,30.0
OPP-03292,Expansion Discussion,2025-08-21,2025-10-15,55.0
OPP-03293,Expansion Discussion,2025-09-24,2025-11-15,52.0
OPP-03294,Expansion Discussion,2025-10-14,2025-11-15,32.0
OPP-03295,Expansion Discussion,2025-09-19,2025-11-15,57.0
OPP-03296,Expansion Discussion,2025-09-24,2025-11-15,52.0
OPP-03297,Expansion Discussion,2025-10-03,2025-11-15,43.0
OPP-03298,Expansion Discussion,2025-09-20,2025-11-15,56.0
OPP-03299,Expansion Discussion,2025-10-15,2025-11-15,31.0
OPP-03300,Expansion Discussion,2025-10-11,2025-11-15,35.0
OPP-03301,Expansion Discussion,2025-09-27,2025-11-15,49.0
OPP-03302,Expansion Discussion,2025-09-25,2025-11-15,51.0
OPP-03303,Expansion Discussion,2025-09-18,2025-11-15,58.0
OPP-03304,Expansion Discussion,2025-10-06,2025-11-15,40.0
OPP-03305,Expansion Discussion,2025-10-16,2025-11-15,30.0
OPP-03306,Expansion Discussion,2025-10-14,2025-11-15,32.0
OPP-03307,Expansion Discussion,2025-09-29,2025-11-15,47.0
OPP-03308,Expansion Discussion,2025-10-05,2025-11-15,41.0
OPP-03309,Expansion Discussion,2025-10-14,2025-11-15,32.0
OPP-03310,Expansion Discussion,2025-09-30,2025-11-15,46.0
OPP-03311,Expansion Discussion,2025-09-28,2025-11-15,48.0
OPP-03312,Expansion Discussion,2025-11-09,2025-12-15,36.0
OPP-03313,Expansion Discussion,2025-11-15,2025-12-15,30.0
OPP-03314,Expansion Discussion,2025-10-16,2025-12-15,60.0
OPP-03315,Expansion Discussion,2025-11-05,2025-12-15,40.0
OPP-03316,Expansion Discussion,2025-10-18,2025-12-15,58.0
OPP-03317,Expansion Discussion,2025-11-08,2025-12-15,37.0
OPP-03318,Expansion Discussion,2025-10-21,2025-12-15,55.0
OPP-03319,Expansion Discussion,2025-10-29,2025-12-15,47.0
OPP-03320,Expansion Discussion,2025-11-06,2025-12-15,39.0
OPP-03321,Expansion Discussion,2025-11-05,2025-12-15,40.0
OPP-03322,Expansion Discussion,2025-11-10,2025-12-15,35.0
OPP-03323,Expansion Discussion,2025-10-27,2025-12-15,49.0
OPP-03324,Expansion Discussion,2025-10-18,2025-12-15,58.0
OPP-03325,Expansion Discussion,2025-11-08,2025-12-15,37.0
OPP-03326,Expansion Discussion,2025-11-15,2025-12-15,30.0
OPP-03327,Expansion Discussion,2025-10-21,2025-12-15,55.0
OPP-03328,Renewal Discussion,2025-11-20,,
OPP-03329,Renewal Discussion,2025-11-13,,
OPP-03330,Renewal Discussion,2025-11-06,,
OPP-03331,Renewal Discussion,2025-11-07,,
OPP-03332,Renewal Discussion,2025-11-05,,
OPP-03333,Renewal Discussion,2025-11-09,,
OPP-03334,Renewal Discussion,2025-11-23,,
OPP-03335,Renewal Discussion,2025-11-13,2025-11-14,1.0
OPP-03335,Negotiation,2025-11-14,,
OPP-03336,Renewal Discussion,2025-11-25,,
OPP-03337,Renewal Discussion,2025-11-19,2025-11-23,4.0
OPP-03337,Negotiation,2025-11-23,,
OPP-03338,Renewal Discussion,2025-11-22,,
OPP-03339,Renewal Discussion,2025-11-27,,
OPP-03340,Renewal Discussion,2025-10-06,2025-10-15,9.0
OPP-03340,Negotiation,2025-10-15,,
OPP-03341,Renewal Discussion,2025-10-06,2025-11-03,28.0
OPP-03341,Negotiation,2025-11-03,,
OPP-03342,Renewal Discussion,2025-10-18,2025-10-25,7.0
OPP-03342,Negotiation,2025-10-25,,
OPP-03343,Renewal Discussion,2025-10-14,,
OPP-03344,Renewal Discussion,2025-10-15,2025-11-22,38.0
OPP-03344,Negotiation,2025-11-22,,
OPP-03345,Renewal Discussion,2025-10-17,,
OPP-03346,Renewal Discussion,2025-10-23,,
OPP-03347,Renewal Discussion,2025-10-14,2025-11-02,19.0
OPP-03347,Negotiation,2025-11-02,,
OPP-03348,Renewal Discussion,2025-10-16,2025-11-11,26.0
OPP-03348,Negotiation,2025-11-11,,
OPP-03349,Renewal Discussion,2025-10-17,2025-11-13,27.0
OPP-03349,Negotiation,2025-11-13,,
OPP-03350,Renewal Discussion,2025-10-11,2025-11-07,27.0
OPP-03350,Negotiation,2025-11-07,,
OPP-03351,Renewal Discussion,2025-11-28,,
OPP-03352,Renewal Discussion,2025-11-16,,
OPP-03353,Renewal Discussion,2025-11-05,2025-11-22,17.0
OPP-03353,Negotiation,2025-11-22,,
OPP-03354,Renewal Discussion,2025-11-08,2025-11-17,9.0
OPP-03354,Negotiation,2025-11-17,,
OPP-03355,Renewal Discussion,2025-11-19,2025-11-21,2.0
OPP-03355,Negotiation,2025-11-21,,
OPP-03356,Renewal Discussion,2025-11-14,,
OPP-03357,Renewal Discussion,2025-11-14,,
OPP-03358,Renewal Discussion,2025-11-14,2025-11-26,12.0
OPP-03358,Negotiation,2025-11-26,,
OPP-03359,Renewal Discussion,2025-11-17,,
OPP-03360,Renewal Discussion,2025-10-07,2025-10-14,7.0
OPP-03360,Negotiation,2025-10-14,,
OPP-03361,Renewal Discussion,2025-10-25,2025-10-29,4.0
OPP-03361,Negotiation,2025-10-29,,
OPP-03362,Renewal Discussion,2025-10-28,2025-11-18,21.0
OPP-03362,Negotiation,2025-11-18,,
OPP-03363,Renewal Discussion,2025-10-10,2025-11-12,33.0
OPP-03363,Negotiation,2025-11-12,,
OPP-03364,Renewal Discussion,2025-10-03,2025-10-06,3.0
OPP-03364,Negotiation,2025-10-06,,
OPP-03365,Renewal Discussion,2025-10-06,,
OPP-03366,Renewal Discussion,2025-10-18,2025-11-10,23.0
OPP-03366,Negotiation,2025-11-10,,
OPP-03367,Renewal Discussion,2025-10-20,2025-11-17,28.0
OPP-03367,Negotiation,2025-11-17,,
OPP-03368,Renewal Discussion,2025-10-23,2025-11-16,24.0
OPP-03368,Negotiation,2025-11-16,,
OPP-03369,Renewal Discussion,2025-10-28,2025-11-24,27.0
OPP-03369,Negotiation,2025-11-24,,
OPP-03370,Renewal Discussion,2025-10-05,2025-10-21,16.0
OPP-03370,Negotiation,2025-10-21,,
OPP-03371,Renewal Discussion,2025-10-22,2025-11-20,29.0
OPP-03371,Negotiation,2025-11-20,,
OPP-03372,Renewal Discussion,2025-10-16,2025-11-22,37.0
OPP-03372,Negotiation,2025-11-22,,
OPP-03373,Renewal Discussion,2025-10-04,2025-11-11,38.0
OPP-03373,Negotiation,2025-11-11,,
OPP-03374,Renewal Discussion,2025-10-06,2025-11-16,41.0
OPP-03374,Negotiation,2025-11-16,,
OPP-03375,Renewal Discussion,2025-10-27,2025-11-27,31.0
OPP-03375,Negotiation,2025-11-27,,
OPP-03376,Renewal Discussion,2025-10-18,2025-11-22,35.0
OPP-03376,Negotiation,2025-11-22,,
OPP-03377,Renewal Discussion,2025-10-03,2025-10-10,7.0
OPP-03377,Negotiation,2025-10-10,,
OPP-03378,Renewal Discussion,2025-10-18,2025-11-16,29.0
OPP-03378,Negotiation,2025-11-16,,
OPP-03379,Renewal Discussion,2025-11-14,2025-11-17,3.0
OPP-03379,Negotiation,2025-11-17,,
OPP-03380,Renewal Discussion,2025-11-19,2025-11-25,6.0
OPP-03380,Negotiation,2025-11-25,,
OPP-03381,Renewal Discussion,2025-11-17,,
OPP-03382,Renewal Discussion,2025-11-15,,
OPP-03383,Renewal Discussion,2025-11-05,,
OPP-03384,Renewal Discussion,2025-11-18,2025-12-01,13.0
OPP-03384,Negotiation,2025-12-01,,
OPP-03385,Renewal Discussion,2025-11-06,2025-11-25,19.0
OPP-03385,Negotiation,2025-11-25,,
OPP-03386,Renewal Discussion,2025-11-19,,
OPP-03387,Renewal Discussion,2025-11-07,2025-11-24,17.0
OPP-03387,Negotiation,2025-11-24,,
OPP-03388,Renewal Discussion,2025-11-14,,
OPP-03389,Renewal Discussion,2025-11-13,,
OPP-03390,Renewal Discussion,2025-11-19,,
OPP-03391,Renewal Discussion,2025-11-04,2025-11-11,7.0
OPP-03391,Negotiation,2025-11-11,,
OPP-03392,Renewal Discussion,2025-11-23,2025-12-01,8.0
OPP-03392,Negotiation,2025-12-01,,
OPP-03393,Renewal Discussion,2025-11-23,,
OPP-03394,Renewal Discussion,2025-10-20,,
OPP-03395,Renewal Discussion,2025-10-22,,
OPP-03396,Renewal Discussion,2025-10-06,,
OPP-03397,Renewal Discussion,2025-10-12,,
OPP-03398,Renewal Discussion,2025-10-16,2025-10-20,4.0
OPP-03398,Negotiation,2025-10-20,,
OPP-03399,Renewal Discussion,2025-10-16,,
OPP-03400,Renewal Discussion,2025-10-23,2025-11-25,33.0
OPP-03400,Negotiation,2025-11-25,,
OPP-03401,Renewal Discussion,2025-10-20,2025-11-12,23.0
OPP-03401,Negotiation,2025-11-12,,
OPP-03402,Renewal Discussion,2025-10-27,,
OPP-03403,Renewal Discussion,2025-10-10,2025-10-23,13.0
OPP-03403,Negotiation,2025-10-23,,
OPP-03404,Renewal Discussion,2025-10-14,2025-11-10,27.0
OPP-03404,Negotiation,2025-11-10,,
OPP-03405,Renewal Discussion,2025-10-27,,
OPP-03406,Renewal Discussion,2025-10-18,2025-11-06,19.0
OPP-03406,Negotiation,2025-11-06,,
OPP-03407,Renewal Discussion,2025-10-17,2025-11-28,42.0
OPP-03407,Negotiation,2025-11-28,,
OPP-03408,Renewal Discussion,2025-10-17,2025-10-28,11.0
OPP-03408,Negotiation,2025-10-28,,
OPP-03409,Renewal Discussion,2025-10-10,2025-10-24,14.0
OPP-03409,Negotiation,2025-10-24,,
OPP-03410,Renewal Discussion,2025-10-18,2025-11-22,35.0
OPP-03410,Negotiation,2025-11-22,,
OPP-03411,Renewal Discussion,2025-10-26,2025-11-07,12.0
OPP-03411,Negotiation,2025-11-07,,
OPP-03412,Expansion Discussion,2025-10-25,,
OPP-03413,Expansion Discussion,2025-11-17,,
OPP-03414,Expansion Discussion,2025-11-21,,
OPP-03415,Expansion Discussion,2025-10-20,,
OPP-03416,Expansion Discussion,2025-11-14,,
OPP-03417,Expansion Discussion,2025-10-14,,
OPP-03418,Expansion Discussion,2025-11-03,,
OPP-03419,Expansion Discussion,2025-10-12,,
OPP-03420,Expansion Discussion,2025-11-10,,
OPP-03421,Expansion Discussion,2025-10-20,,
OPP-03422,Expansion Discussion,2025-10-27,,
OPP-03423,Expansion Discussion,2025-10-26,,
OPP-03424,Expansion Discussion,2025-11-21,,
OPP-03425,Expansion Discussion,2025-11-05,,
OPP-03426,Expansion Discussion,2025-10-28,,
OPP-03427,Expansion Discussion,2025-11-17,,
OPP-03428,Expansion Discussion,2025-11-13,,
OPP-03429,Expansion Discussion,2025-11-09,,
OPP-03430,Expansion Discussion,2025-10-13,,
OPP-03431,Expansion Discussion,2025-10-19,,
OPP-03432,Expansion Discussion,2025-11-14,,
OPP-03433,Expansion Discussion,2025-11-02,,
OPP-03434,Expansion Discussion,2025-11-14,,
OPP-03435,Expansion Discussion,2025-10-19,,
OPP-03436,Expansion Discussion,2025-10-16,,
OPP-03437,Expansion Discussion,2025-11-10,,
OPP-03438,Expansion Discussion,2025-10-17,,
OPP-03439,Expansion Discussion,2025-10-12,,
OPP-03440,Expansion Discussion,2025-11-15,,
OPP-03441,Expansion Discussion,2025-11-16,,
OPP-03442,Expansion Discussion,2025-10-20,,
OPP-03443,Expansion Discussion,2025-11-08,,
OPP-03444,Expansion Discussion,2025-10-31,,
OPP-03445,Expansion Discussion,2025-11-20,,
OPP-03446,Expansion Discussion,2025-10-30,,
OPP-03447,Expansion Discussion,2025-11-15,,
OPP-03448,Expansion Discussion,2025-10-27,,
OPP-03449,Expansion Discussion,2025-11-03,,
OPP-03450,Expansion Discussion,2025-11-05,,
OPP-03451,Expansion Discussion,2025-10-18,,
