signup_cohort,acquisition_channel,months_since_signup,retention_pct,n_customers
2023-01,Inbound Marketing,0,1.0,8
2023-02,Inbound Marketing,0,1.0,4
2023-03,Inbound Marketing,0,1.0,7
2023-04,Inbound Marketing,0,1.0,5
2023-05,Inbound Marketing,0,1.0,5
2023-06,Inbound Marketing,0,1.0,8
2023-07,Inbound Marketing,0,1.0,8
2023-08,Inbound Marketing,0,1.0,6
2023-09,Inbound Marketing,0,1.0,5
2023-10,Inbound Marketing,0,1.0,4
2023-11,Inbound Marketing,0,1.0,7
2023-12,Inbound Marketing,0,1.0,10
2024-01,Inbound Marketing,0,1.0,6
2024-02,Inbound Marketing,0,1.0,4
2024-03,Inbound Marketing,0,1.0,7
2024-04,Inbound Marketing,0,1.0,3
2024-05,Inbound Marketing,0,1.0,4
2024-06,Inbound Marketing,0,1.0,6
2024-07,Inbound Marketing,0,1.0,11
2024-08,Inbound Marketing,0,1.0,3
2024-09,Inbound Marketing,0,1.0,4
2024-10,Inbound Marketing,0,1.0,6
2024-11,Inbound Marketing,0,1.0,9
2024-12,Inbound Marketing,0,1.0,5
2025-01,Inbound Marketing,0,1.0,5
2025-02,Inbound Marketing,0,1.0,1
2025-03,Inbound Marketing,0,1.0,8
2025-04,Inbound Marketing,0,1.0,8
2025-05,Inbound Marketing,0,1.0,4
2025-06,Inbound Marketing,0,1.0,3
2025-07,Inbound Marketing,0,1.0,4
2025-08,Inbound Marketing,0,1.0,4
2025-09,Inbound Marketing,0,1.0,5
2025-10,Inbound Marketing,0,1.0,7
2025-11,Inbound Marketing,0,1.0,7
2025-12,Inbound Marketing,0,1.0,6
2023-01,Inbound Marketing,1,1.0,8
2023-02,Inbound Marketing,1,1.0,4
2023-03,Inbound Marketing,1,1.0,7
2023-04,Inbound Marketing,1,1.0,5
2023-05,Inbound Marketing,1,1.0,5
2023-06,Inbound Marketing,1,1.0,8
2023-07,Inbound Marketing,1,1.0,8
2023-08,Inbound Marketing,1,0.8333333333333334,6
2023-09,Inbound Marketing,1,1.0,5
2023-10,Inbound Marketing,1,1.0,4
2023-11,Inbound Marketing,1,1.0,7
2023-12,Inbound Marketing,1,1.0,10
2024-01,Inbound Marketing,1,1.0,6
2024-02,Inbound Marketing,1,1.0,4
2024-03,Inbound Marketing,1,1.0,7
2024-04,Inbound Marketing,1,1.0,3
2024-05,Inbound Marketing,1,1.0,4
2024-06,Inbound Marketing,1,1.0,6
2024-07,Inbound Marketing,1,1.0,11
2024-08,Inbound Marketing,1,1.0,3
2024-09,Inbound Marketing,1,1.0,4
2024-10,Inbound Marketing,1,1.0,6
2024-11,Inbound Marketing,1,1.0,9
2024-12,Inbound Marketing,1,1.0,5
2025-01,Inbound Marketing,1,1.0,5
2025-02,Inbound Marketing,1,1.0,1
2025-03,Inbound Marketing,1,0.875,8
2025-04,Inbound Marketing,1,1.0,8
2025-05,Inbound Marketing,1,1.0,4
2025-06,Inbound Marketing,1,1.0,3
2025-07,Inbound Marketing,1,1.0,4
2025-08,Inbound Marketing,1,1.0,4
2025-09,Inbound Marketing,1,1.0,5
2025-10,Inbound Marketing,1,1.0,7
2025-11,Inbound Marketing,1,1.0,7
2023-01,Inbound Marketing,2,1.0,8
2023-02,Inbound Marketing,2,1.0,4
2023-03,Inbound Marketing,2,1.0,7
2023-04,Inbound Marketing,2,1.0,5
2023-05,Inbound Marketing,2,1.0,5
2023-06,Inbound Marketing,2,1.0,8
2023-07,Inbound Marketing,2,1.0,8
2023-08,Inbound Marketing,2,0.8333333333333334,6
2023-09,Inbound Marketing,2,1.0,5
2023-10,Inbound Marketing,2,0.75,4
2023-11,Inbound Marketing,2,1.0,7
2023-12,Inbound Marketing,2,1.0,10
2024-01,Inbound Marketing,2,1.0,6
2024-02,Inbound Marketing,2,1.0,4
2024-03,Inbound Marketing,2,1.0,7
2024-04,Inbound Marketing,2,1.0,3
2024-05,Inbound Marketing,2,1.0,4
2024-06,Inbound Marketing,2,1.0,6
2024-07,Inbound Marketing,2,0.8181818181818182,11
2024-08,Inbound Marketing,2,1.0,3
2024-09,Inbound Marketing,2,1.0,4
2024-10,Inbound Marketing,2,1.0,6
2024-11,Inbound Marketing,2,1.0,9
2024-12,Inbound Marketing,2,1.0,5
2025-01,Inbound Marketing,2,1.0,5
2025-02,Inbound Marketing,2,1.0,1
2025-03,Inbound Marketing,2,0.875,8
2025-04,Inbound Marketing,2,1.0,8
2025-05,Inbound Marketing,2,1.0,4
2025-06,Inbound Marketing,2,1.0,3
2025-07,Inbound Marketing,2,1.0,4
2025-08,Inbound Marketing,2,1.0,4
2025-09,Inbound Marketing,2,1.0,5
2025-10,Inbound Marketing,2,1.0,7
2023-01,Inbound Marketing,3,1.0,8
2023-02,Inbound Marketing,3,1.0,4
2023-03,Inbound Marketing,3,1.0,7
2023-04,Inbound Marketing,3,1.0,5
2023-05,Inbound Marketing,3,1.0,5
2023-06,Inbound Marketing,3,1.0,8
2023-07,Inbound Marketing,3,1.0,8
2023-08,Inbound Marketing,3,0.8333333333333334,6
2023-09,Inbound Marketing,3,1.0,5
2023-10,Inbound Marketing,3,0.75,4
2023-11,Inbound Marketing,3,1.0,7
2023-12,Inbound Marketing,3,1.0,10
2024-01,Inbound Marketing,3,1.0,6
2024-02,Inbound Marketing,3,1.0,4
2024-03,Inbound Marketing,3,0.8571428571428571,7
2024-04,Inbound Marketing,3,1.0,3
2024-05,Inbound Marketing,3,1.0,4
2024-06,Inbound Marketing,3,1.0,6
2024-07,Inbound Marketing,3,0.8181818181818182,11
2024-08,Inbound Marketing,3,1.0,3
2024-09,Inbound Marketing,3,1.0,4
2024-10,Inbound Marketing,3,1.0,6
2024-11,Inbound Marketing,3,1.0,9
2024-12,Inbound Marketing,3,1.0,5
2025-01,Inbound Marketing,3,1.0,5
2025-02,Inbound Marketing,3,1.0,1
2025-03,Inbound Marketing,3,0.875,8
2025-04,Inbound Marketing,3,1.0,8
2025-05,Inbound Marketing,3,1.0,4
2025-06,Inbound Marketing,3,1.0,3
2025-07,Inbound Marketing,3,1.0,4
2025-08,Inbound Marketing,3,1.0,4
2025-09,Inbound Marketing,3,1.0,5
2023-01,Inbound Marketing,4,0.875,8
2023-02,Inbound Marketing,4,1.0,4
2023-03,Inbound Marketing,4,1.0,7
2023-04,Inbound Marketing,4,1.0,5
2023-05,Inbound Marketing,4,1.0,5
2023-06,Inbound Marketing,4,1.0,8
2023-07,Inbound Marketing,4,1.0,8
2023-08,Inbound Marketing,4,0.8333333333333334,6
2023-09,Inbound Marketing,4,1.0,5
2023-10,Inbound Marketing,4,0.75,4
2023-11,Inbound Marketing,4,1.0,7
2023-12,Inbound Marketing,4,0.9,10
2024-01,Inbound Marketing,4,1.0,6
2024-02,Inbound Marketing,4,1.0,4
2024-03,Inbound Marketing,4,0.8571428571428571,7
2024-04,Inbound Marketing,4,1.0,3
2024-05,Inbound Marketing,4,1.0,4
2024-06,Inbound Marketing,4,1.0,6
2024-07,Inbound Marketing,4,0.6363636363636364,11
2024-08,Inbound Marketing,4,1.0,3
2024-09,Inbound Marketing,4,1.0,4
2024-10,Inbound Marketing,4,1.0,6
2024-11,Inbound Marketing,4,1.0,9
2024-12,Inbound Marketing,4,1.0,5
2025-01,Inbound Marketing,4,1.0,5
2025-02,Inbound Marketing,4,1.0,1
2025-03,Inbound Marketing,4,0.875,8
2025-04,Inbound Marketing,4,1.0,8
2025-05,Inbound Marketing,4,1.0,4
2025-06,Inbound Marketing,4,1.0,3
2025-07,Inbound Marketing,4,1.0,4
2025-08,Inbound Marketing,4,1.0,4
2023-01,Inbound Marketing,5,0.875,8
2023-02,Inbound Marketing,5,1.0,4
2023-03,Inbound Marketing,5,1.0,7
2023-04,Inbound Marketing,5,1.0,5
2023-05,Inbound Marketing,5,1.0,5
2023-06,Inbound Marketing,5,1.0,8
2023-07,Inbound Marketing,5,1.0,8
2023-08,Inbound Marketing,5,0.8333333333333334,6
2023-09,Inbound Marketing,5,1.0,5
2023-10,Inbound Marketing,5,0.75,4
2023-11,Inbound Marketing,5,1.0,7
2023-12,Inbound Marketing,5,0.9,10
2024-01,Inbound Marketing,5,1.0,6
2024-02,Inbound Marketing,5,1.0,4
2024-03,Inbound Marketing,5,0.8571428571428571,7
2024-04,Inbound Marketing,5,1.0,3
2024-05,Inbound Marketing,5,1.0,4
2024-06,Inbound Marketing,5,1.0,6
2024-07,Inbound Marketing,5,0.6363636363636364,11
2024-08,Inbound Marketing,5,1.0,3
2024-09,Inbound Marketing,5,1.0,4
2024-10,Inbound Marketing,5,1.0,6
2024-11,Inbound Marketing,5,1.0,9
2024-12,Inbound Marketing,5,1.0,5
2025-01,Inbound Marketing,5,1.0,5
2025-02,Inbound Marketing,5,1.0,1
2025-03,Inbound Marketing,5,0.875,8
2025-04,Inbound Marketing,5,1.0,8
2025-05,Inbound Marketing,5,1.0,4
2025-06,Inbound Marketing,5,0.6666666666666666,3
2025-07,Inbound Marketing,5,1.0,4
2023-01,Inbound Marketing,6,0.875,8
2023-02,Inbound Marketing,6,1.0,4
2023-03,Inbound Marketing,6,1.0,7
2023-04,Inbound Marketing,6,1.0,5
2023-05,Inbound Marketing,6,1.0,5
2023-06,Inbound Marketing,6,1.0,8
2023-07,Inbound Marketing,6,0.875,8
2023-08,Inbound Marketing,6,0.8333333333333334,6
2023-09,Inbound Marketing,6,1.0,5
2023-10,Inbound Marketing,6,0.75,4
2023-11,Inbound Marketing,6,1.0,7
2023-12,Inbound Marketing,6,0.9,10
2024-01,Inbound Marketing,6,1.0,6
2024-02,Inbound Marketing,6,1.0,4
2024-03,Inbound Marketing,6,0.8571428571428571,7
2024-04,Inbound Marketing,6,1.0,3
2024-05,Inbound Marketing,6,1.0,4
2024-06,Inbound Marketing,6,1.0,6
2024-07,Inbound Marketing,6,0.6363636363636364,11
2024-08,Inbound Marketing,6,1.0,3
2024-09,Inbound Marketing,6,1.0,4
2024-10,Inbound Marketing,6,1.0,6
2024-11,Inbound Marketing,6,1.0,9
2024-12,Inbound Marketing,6,1.0,5
2025-01,Inbound Marketing,6,1.0,5
2025-02,Inbound Marketing,6,1.0,1
2025-03,Inbound Marketing,6,0.875,8
2025-04,Inbound Marketing,6,1.0,8
2025-05,Inbound Marketing,6,1.0,4
2025-06,Inbound Marketing,6,0.6666666666666666,3
2023-01,Inbound Marketing,7,0.875,8
2023-02,Inbound Marketing,7,1.0,4
2023-03,Inbound Marketing,7,1.0,7
2023-04,Inbound Marketing,7,1.0,5
2023-05,Inbound Marketing,7,0.8,5
2023-06,Inbound Marketing,7,1.0,8
2023-07,Inbound Marketing,7,0.875,8
2023-08,Inbound Marketing,7,0.8333333333333334,6
2023-09,Inbound Marketing,7,0.8,5
2023-10,Inbound Marketing,7,0.75,4
2023-11,Inbound Marketing,7,1.0,7
2023-12,Inbound Marketing,7,0.9,10
2024-01,Inbound Marketing,7,1.0,6
2024-02,Inbound Marketing,7,1.0,4
2024-03,Inbound Marketing,7,0.8571428571428571,7
2024-04,Inbound Marketing,7,1.0,3
2024-05,Inbound Marketing,7,1.0,4
2024-06,Inbound Marketing,7,1.0,6
2024-07,Inbound Marketing,7,0.6363636363636364,11
2024-08,Inbound Marketing,7,1.0,3
2024-09,Inbound Marketing,7,1.0,4
2024-10,Inbound Marketing,7,1.0,6
2024-11,Inbound Marketing,7,1.0,9
2024-12,Inbound Marketing,7,1.0,5
2025-01,Inbound Marketing,7,1.0,5
2025-02,Inbound Marketing,7,1.0,1
2025-03,Inbound Marketing,7,0.875,8
2025-04,Inbound Marketing,7,1.0,8
2025-05,Inbound Marketing,7,1.0,4
2023-01,Inbound Marketing,8,0.875,8
2023-02,Inbound Marketing,8,0.75,4
2023-03,Inbound Marketing,8,1.0,7
2023-04,Inbound Marketing,8,0.8,5
2023-05,Inbound Marketing,8,0.8,5
2023-06,Inbound Marketing,8,1.0,8
2023-07,Inbound Marketing,8,0.875,8
2023-08,Inbound Marketing,8,0.8333333333333334,6
2023-09,Inbound Marketing,8,0.8,5
2023-10,Inbound Marketing,8,0.75,4
2023-11,Inbound Marketing,8,1.0,7
2023-12,Inbound Marketing,8,0.9,10
2024-01,Inbound Marketing,8,0.6666666666666666,6
2024-02,Inbound Marketing,8,1.0,4
2024-03,Inbound Marketing,8,0.8571428571428571,7
2024-04,Inbound Marketing,8,1.0,3
2024-05,Inbound Marketing,8,1.0,4
2024-06,Inbound Marketing,8,1.0,6
2024-07,Inbound Marketing,8,0.6363636363636364,11
2024-08,Inbound Marketing,8,1.0,3
2024-09,Inbound Marketing,8,1.0,4
2024-10,Inbound Marketing,8,1.0,6
2024-11,Inbound Marketing,8,0.8888888888888888,9
2024-12,Inbound Marketing,8,1.0,5
2025-01,Inbound Marketing,8,1.0,5
2025-02,Inbound Marketing,8,1.0,1
2025-03,Inbound Marketing,8,0.875,8
2025-04,Inbound Marketing,8,1.0,8
2023-01,Inbound Marketing,9,0.875,8
2023-02,Inbound Marketing,9,0.75,4
2023-03,Inbound Marketing,9,1.0,7
2023-04,Inbound Marketing,9,0.8,5
2023-05,Inbound Marketing,9,0.8,5
2023-06,Inbound Marketing,9,1.0,8
2023-07,Inbound Marketing,9,0.875,8
2023-08,Inbound Marketing,9,0.8333333333333334,6
2023-09,Inbound Marketing,9,0.8,5
2023-10,Inbound Marketing,9,0.75,4
2023-11,Inbound Marketing,9,1.0,7
2023-12,Inbound Marketing,9,0.9,10
2024-01,Inbound Marketing,9,0.6666666666666666,6
2024-02,Inbound Marketing,9,1.0,4
2024-03,Inbound Marketing,9,0.8571428571428571,7
2024-04,Inbound Marketing,9,1.0,3
2024-05,Inbound Marketing,9,1.0,4
2024-06,Inbound Marketing,9,1.0,6
2024-07,Inbound Marketing,9,0.6363636363636364,11
2024-08,Inbound Marketing,9,1.0,3
2024-09,Inbound Marketing,9,0.75,4
2024-10,Inbound Marketing,9,1.0,6
2024-11,Inbound Marketing,9,0.7777777777777778,9
2024-12,Inbound Marketing,9,1.0,5
2025-01,Inbound Marketing,9,1.0,5
2025-02,Inbound Marketing,9,1.0,1
2025-03,Inbound Marketing,9,0.875,8
2023-01,Inbound Marketing,10,0.875,8
2023-02,Inbound Marketing,10,0.75,4
2023-03,Inbound Marketing,10,0.8571428571428571,7
2023-04,Inbound Marketing,10,0.8,5
2023-05,Inbound Marketing,10,0.8,5
2023-06,Inbound Marketing,10,1.0,8
2023-07,Inbound Marketing,10,0.875,8
2023-08,Inbound Marketing,10,0.8333333333333334,6
2023-09,Inbound Marketing,10,0.8,5
2023-10,Inbound Marketing,10,0.75,4
2023-11,Inbound Marketing,10,1.0,7
2023-12,Inbound Marketing,10,0.9,10
2024-01,Inbound Marketing,10,0.6666666666666666,6
2024-02,Inbound Marketing,10,1.0,4
2024-03,Inbound Marketing,10,0.8571428571428571,7
2024-04,Inbound Marketing,10,1.0,3
2024-05,Inbound Marketing,10,1.0,4
2024-06,Inbound Marketing,10,1.0,6
2024-07,Inbound Marketing,10,0.6363636363636364,11
2024-08,Inbound Marketing,10,1.0,3
2024-09,Inbound Marketing,10,0.75,4
2024-10,Inbound Marketing,10,1.0,6
2024-11,Inbound Marketing,10,0.7777777777777778,9
2024-12,Inbound Marketing,10,1.0,5
2025-01,Inbound Marketing,10,1.0,5
2025-02,Inbound Marketing,10,1.0,1
2023-01,Inbound Marketing,11,0.875,8
2023-02,Inbound Marketing,11,0.75,4
2023-03,Inbound Marketing,11,0.8571428571428571,7
2023-04,Inbound Marketing,11,0.8,5
2023-05,Inbound Marketing,11,0.8,5
2023-06,Inbound Marketing,11,1.0,8
2023-07,Inbound Marketing,11,0.75,8
2023-08,Inbound Marketing,11,0.8333333333333334,6
2023-09,Inbound Marketing,11,0.8,5
2023-10,Inbound Marketing,11,0.75,4
2023-11,Inbound Marketing,11,1.0,7
2023-12,Inbound Marketing,11,0.9,10
2024-01,Inbound Marketing,11,0.6666666666666666,6
2024-02,Inbound Marketing,11,1.0,4
2024-03,Inbound Marketing,11,0.8571428571428571,7
2024-04,Inbound Marketing,11,1.0,3
2024-05,Inbound Marketing,11,1.0,4
2024-06,Inbound Marketing,11,1.0,6
2024-07,Inbound Marketing,11,0.6363636363636364,11
2024-08,Inbound Marketing,11,1.0,3
2024-09,Inbound Marketing,11,0.75,4
2024-10,Inbound Marketing,11,1.0,6
2024-11,Inbound Marketing,11,0.7777777777777778,9
2024-12,Inbound Marketing,11,1.0,5
2025-01,Inbound Marketing,11,1.0,5
2023-01,Inbound Marketing,12,0.875,8
2023-02,Inbound Marketing,12,0.75,4
2023-03,Inbound Marketing,12,0.8571428571428571,7
2023-04,Inbound Marketing,12,0.8,5
2023-05,Inbound Marketing,12,0.8,5
2023-06,Inbound Marketing,12,1.0,8
2023-07,Inbound Marketing,12,0.75,8
2023-08,Inbound Marketing,12,0.8333333333333334,6
2023-09,Inbound Marketing,12,0.8,5
2023-10,Inbound Marketing,12,0.75,4
2023-11,Inbound Marketing,12,1.0,7
2023-12,Inbound Marketing,12,0.9,10
2024-01,Inbound Marketing,12,0.6666666666666666,6
2024-02,Inbound Marketing,12,1.0,4
2024-03,Inbound Marketing,12,0.8571428571428571,7
2024-04,Inbound Marketing,12,1.0,3
2024-05,Inbound Marketing,12,1.0,4
2024-06,Inbound Marketing,12,1.0,6
2024-07,Inbound Marketing,12,0.6363636363636364,11
2024-08,Inbound Marketing,12,1.0,3
2024-09,Inbound Marketing,12,0.75,4
2024-10,Inbound Marketing,12,1.0,6
2024-11,Inbound Marketing,12,0.7777777777777778,9
2024-12,Inbound Marketing,12,1.0,5
2023-01,Inbound Marketing,13,0.875,8
2023-02,Inbound Marketing,13,0.75,4
2023-03,Inbound Marketing,13,0.8571428571428571,7
2023-04,Inbound Marketing,13,0.8,5
2023-05,Inbound Marketing,13,0.8,5
2023-06,Inbound Marketing,13,1.0,8
2023-07,Inbound Marketing,13,0.75,8
2023-08,Inbound Marketing,13,0.8333333333333334,6
2023-09,Inbound Marketing,13,0.8,5
2023-10,Inbound Marketing,13,0.75,4
2023-11,Inbound Marketing,13,1.0,7
2023-12,Inbound Marketing,13,0.9,10
2024-01,Inbound Marketing,13,0.6666666666666666,6
2024-02,Inbound Marketing,13,1.0,4
2024-03,Inbound Marketing,13,0.8571428571428571,7
2024-04,Inbound Marketing,13,1.0,3
2024-05,Inbound Marketing,13,1.0,4
2024-06,Inbound Marketing,13,1.0,6
2024-07,Inbound Marketing,13,0.6363636363636364,11
2024-08,Inbound Marketing,13,1.0,3
2024-09,Inbound Marketing,13,0.75,4
2024-10,Inbound Marketing,13,1.0,6
2024-11,Inbound Marketing,13,0.7777777777777778,9
2023-01,Inbound Marketing,14,0.875,8
2023-02,Inbound Marketing,14,0.75,4
2023-03,Inbound Marketing,14,0.8571428571428571,7
2023-04,Inbound Marketing,14,0.8,5
2023-05,Inbound Marketing,14,0.8,5
2023-06,Inbound Marketing,14,1.0,8
2023-07,Inbound Marketing,14,0.75,8
2023-08,Inbound Marketing,14,0.8333333333333334,6
2023-09,Inbound Marketing,14,0.8,5
2023-10,Inbound Marketing,14,0.75,4
2023-11,Inbound Marketing,14,1.0,7
2023-12,Inbound Marketing,14,0.9,10
2024-01,Inbound Marketing,14,0.6666666666666666,6
2024-02,Inbound Marketing,14,1.0,4
2024-03,Inbound Marketing,14,0.8571428571428571,7
2024-04,Inbound Marketing,14,1.0,3
2024-05,Inbound Marketing,14,1.0,4
2024-06,Inbound Marketing,14,1.0,6
2024-07,Inbound Marketing,14,0.5454545454545454,11
2024-08,Inbound Marketing,14,1.0,3
2024-09,Inbound Marketing,14,0.75,4
2024-10,Inbound Marketing,14,1.0,6
2023-01,Inbound Marketing,15,0.875,8
2023-02,Inbound Marketing,15,0.75,4
2023-03,Inbound Marketing,15,0.8571428571428571,7
2023-04,Inbound Marketing,15,0.8,5
2023-05,Inbound Marketing,15,0.8,5
2023-06,Inbound Marketing,15,1.0,8
2023-07,Inbound Marketing,15,0.75,8
2023-08,Inbound Marketing,15,0.8333333333333334,6
2023-09,Inbound Marketing,15,0.8,5
2023-10,Inbound Marketing,15,0.75,4
2023-11,Inbound Marketing,15,1.0,7
2023-12,Inbound Marketing,15,0.9,10
2024-01,Inbound Marketing,15,0.6666666666666666,6
2024-02,Inbound Marketing,15,1.0,4
2024-03,Inbound Marketing,15,0.8571428571428571,7
2024-04,Inbound Marketing,15,1.0,3
2024-05,Inbound Marketing,15,1.0,4
2024-06,Inbound Marketing,15,1.0,6
2024-07,Inbound Marketing,15,0.5454545454545454,11
2024-08,Inbound Marketing,15,1.0,3
2024-09,Inbound Marketing,15,0.75,4
2023-01,Inbound Marketing,16,0.75,8
2023-02,Inbound Marketing,16,0.5,4
2023-03,Inbound Marketing,16,0.8571428571428571,7
2023-04,Inbound Marketing,16,0.6,5
2023-05,Inbound Marketing,16,0.8,5
2023-06,Inbound Marketing,16,1.0,8
2023-07,Inbound Marketing,16,0.75,8
2023-08,Inbound Marketing,16,0.8333333333333334,6
2023-09,Inbound Marketing,16,0.8,5
2023-10,Inbound Marketing,16,0.75,4
2023-11,Inbound Marketing,16,1.0,7
2023-12,Inbound Marketing,16,0.9,10
2024-01,Inbound Marketing,16,0.6666666666666666,6
2024-02,Inbound Marketing,16,1.0,4
2024-03,Inbound Marketing,16,0.8571428571428571,7
2024-04,Inbound Marketing,16,1.0,3
2024-05,Inbound Marketing,16,1.0,4
2024-06,Inbound Marketing,16,1.0,6
2024-07,Inbound Marketing,16,0.5454545454545454,11
2024-08,Inbound Marketing,16,1.0,3
2023-01,Inbound Marketing,17,0.75,8
2023-02,Inbound Marketing,17,0.5,4
2023-03,Inbound Marketing,17,0.8571428571428571,7
2023-04,Inbound Marketing,17,0.6,5
2023-05,Inbound Marketing,17,0.8,5
2023-06,Inbound Marketing,17,1.0,8
2023-07,Inbound Marketing,17,0.75,8
2023-08,Inbound Marketing,17,0.8333333333333334,6
2023-09,Inbound Marketing,17,0.8,5
2023-10,Inbound Marketing,17,0.75,4
2023-11,Inbound Marketing,17,1.0,7
2023-12,Inbound Marketing,17,0.9,10
2024-01,Inbound Marketing,17,0.6666666666666666,6
2024-02,Inbound Marketing,17,1.0,4
2024-03,Inbound Marketing,17,0.8571428571428571,7
2024-04,Inbound Marketing,17,0.6666666666666666,3
2024-05,Inbound Marketing,17,1.0,4
2024-06,Inbound Marketing,17,1.0,6
2024-07,Inbound Marketing,17,0.5454545454545454,11
2023-01,Inbound Marketing,18,0.625,8
2023-02,Inbound Marketing,18,0.5,4
2023-03,Inbound Marketing,18,0.8571428571428571,7
2023-04,Inbound Marketing,18,0.6,5
2023-05,Inbound Marketing,18,0.8,5
2023-06,Inbound Marketing,18,1.0,8
2023-07,Inbound Marketing,18,0.75,8
2023-08,Inbound Marketing,18,0.8333333333333334,6
2023-09,Inbound Marketing,18,0.8,5
2023-10,Inbound Marketing,18,0.75,4
2023-11,Inbound Marketing,18,1.0,7
2023-12,Inbound Marketing,18,0.8,10
2024-01,Inbound Marketing,18,0.6666666666666666,6
2024-02,Inbound Marketing,18,1.0,4
2024-03,Inbound Marketing,18,0.8571428571428571,7
2024-04,Inbound Marketing,18,0.6666666666666666,3
2024-05,Inbound Marketing,18,1.0,4
2024-06,Inbound Marketing,18,1.0,6
2023-01,Inbound Marketing,19,0.625,8
2023-02,Inbound Marketing,19,0.5,4
2023-03,Inbound Marketing,19,0.8571428571428571,7
2023-04,Inbound Marketing,19,0.6,5
2023-05,Inbound Marketing,19,0.8,5
2023-06,Inbound Marketing,19,1.0,8
2023-07,Inbound Marketing,19,0.75,8
2023-08,Inbound Marketing,19,0.8333333333333334,6
2023-09,Inbound Marketing,19,0.8,5
2023-10,Inbound Marketing,19,0.75,4
2023-11,Inbound Marketing,19,0.8571428571428571,7
2023-12,Inbound Marketing,19,0.8,10
2024-01,Inbound Marketing,19,0.6666666666666666,6
2024-02,Inbound Marketing,19,1.0,4
2024-03,Inbound Marketing,19,0.7142857142857143,7
2024-04,Inbound Marketing,19,0.6666666666666666,3
2024-05,Inbound Marketing,19,1.0,4
2023-01,Inbound Marketing,20,0.625,8
2023-02,Inbound Marketing,20,0.5,4
2023-03,Inbound Marketing,20,0.8571428571428571,7
2023-04,Inbound Marketing,20,0.6,5
2023-05,Inbound Marketing,20,0.8,5
2023-06,Inbound Marketing,20,0.875,8
2023-07,Inbound Marketing,20,0.75,8
2023-08,Inbound Marketing,20,0.8333333333333334,6
2023-09,Inbound Marketing,20,0.8,5
2023-10,Inbound Marketing,20,0.75,4
2023-11,Inbound Marketing,20,0.8571428571428571,7
2023-12,Inbound Marketing,20,0.7,10
2024-01,Inbound Marketing,20,0.6666666666666666,6
2024-02,Inbound Marketing,20,1.0,4
2024-03,Inbound Marketing,20,0.7142857142857143,7
2024-04,Inbound Marketing,20,0.6666666666666666,3
2023-01,Inbound Marketing,21,0.625,8
2023-02,Inbound Marketing,21,0.25,4
2023-03,Inbound Marketing,21,0.8571428571428571,7
2023-04,Inbound Marketing,21,0.6,5
2023-05,Inbound Marketing,21,0.8,5
2023-06,Inbound Marketing,21,0.875,8
2023-07,Inbound Marketing,21,0.75,8
2023-08,Inbound Marketing,21,0.8333333333333334,6
2023-09,Inbound Marketing,21,0.8,5
2023-10,Inbound Marketing,21,0.75,4
2023-11,Inbound Marketing,21,0.8571428571428571,7
2023-12,Inbound Marketing,21,0.6,10
2024-01,Inbound Marketing,21,0.6666666666666666,6
2024-02,Inbound Marketing,21,1.0,4
2024-03,Inbound Marketing,21,0.7142857142857143,7
2023-01,Inbound Marketing,22,0.625,8
2023-02,Inbound Marketing,22,0.25,4
2023-03,Inbound Marketing,22,0.8571428571428571,7
2023-04,Inbound Marketing,22,0.6,5
2023-05,Inbound Marketing,22,0.8,5
2023-06,Inbound Marketing,22,0.875,8
2023-07,Inbound Marketing,22,0.75,8
2023-08,Inbound Marketing,22,0.8333333333333334,6
2023-09,Inbound Marketing,22,0.8,5
2023-10,Inbound Marketing,22,0.75,4
2023-11,Inbound Marketing,22,0.8571428571428571,7
2023-12,Inbound Marketing,22,0.6,10
2024-01,Inbound Marketing,22,0.6666666666666666,6
2024-02,Inbound Marketing,22,1.0,4
2023-01,Inbound Marketing,23,0.625,8
2023-02,Inbound Marketing,23,0.25,4
2023-03,Inbound Marketing,23,0.8571428571428571,7
2023-04,Inbound Marketing,23,0.6,5
2023-05,Inbound Marketing,23,0.8,5
2023-06,Inbound Marketing,23,0.875,8
2023-07,Inbound Marketing,23,0.75,8
2023-08,Inbound Marketing,23,0.6666666666666666,6
2023-09,Inbound Marketing,23,0.8,5
2023-10,Inbound Marketing,23,0.75,4
2023-11,Inbound Marketing,23,0.7142857142857143,7
2023-12,Inbound Marketing,23,0.6,10
2024-01,Inbound Marketing,23,0.6666666666666666,6
2023-01,Inbound Marketing,24,0.625,8
2023-02,Inbound Marketing,24,0.25,4
2023-03,Inbound Marketing,24,0.8571428571428571,7
2023-04,Inbound Marketing,24,0.6,5
2023-05,Inbound Marketing,24,0.8,5
2023-06,Inbound Marketing,24,0.875,8
2023-07,Inbound Marketing,24,0.75,8
2023-08,Inbound Marketing,24,0.6666666666666666,6
2023-09,Inbound Marketing,24,0.8,5
2023-10,Inbound Marketing,24,0.75,4
2023-11,Inbound Marketing,24,0.7142857142857143,7
2023-12,Inbound Marketing,24,0.6,10
2023-01,Self-Serve Promo,0,1.0,1
2023-02,Self-Serve Promo,0,1.0,2
2023-03,Self-Serve Promo,0,1.0,1
2023-04,Self-Serve Promo,0,1.0,3
2023-05,Self-Serve Promo,0,1.0,2
2023-06,Self-Serve Promo,0,1.0,2
2023-08,Self-Serve Promo,0,1.0,3
2023-09,Self-Serve Promo,0,1.0,1
2023-10,Self-Serve Promo,0,1.0,3
2023-11,Self-Serve Promo,0,1.0,1
2024-01,Self-Serve Promo,0,1.0,3
2024-03,Self-Serve Promo,0,1.0,2
2024-04,Self-Serve Promo,0,1.0,4
2024-05,Self-Serve Promo,0,1.0,3
2024-06,Self-Serve Promo,0,1.0,1
2024-07,Self-Serve Promo,0,1.0,20
2024-08,Self-Serve Promo,0,1.0,22
2024-09,Self-Serve Promo,0,1.0,21
2024-10,Self-Serve Promo,0,1.0,4
2024-12,Self-Serve Promo,0,1.0,2
2025-01,Self-Serve Promo,0,1.0,2
2025-02,Self-Serve Promo,0,1.0,3
2025-03,Self-Serve Promo,0,1.0,2
2025-05,Self-Serve Promo,0,1.0,3
2025-06,Self-Serve Promo,0,1.0,1
2025-07,Self-Serve Promo,0,1.0,1
2025-08,Self-Serve Promo,0,1.0,3
2025-10,Self-Serve Promo,0,1.0,3
2025-11,Self-Serve Promo,0,1.0,1
2025-12,Self-Serve Promo,0,1.0,1
2023-01,Self-Serve Promo,1,1.0,1
2023-02,Self-Serve Promo,1,1.0,2
2023-03,Self-Serve Promo,1,1.0,1
2023-04,Self-Serve Promo,1,1.0,3
2023-05,Self-Serve Promo,1,1.0,2
2023-06,Self-Serve Promo,1,1.0,2
2023-08,Self-Serve Promo,1,1.0,3
2023-09,Self-Serve Promo,1,1.0,1
2023-10,Self-Serve Promo,1,1.0,3
2023-11,Self-Serve Promo,1,1.0,1
2024-01,Self-Serve Promo,1,0.6666666666666666,3
2024-03,Self-Serve Promo,1,1.0,2
2024-04,Self-Serve Promo,1,1.0,4
2024-05,Self-Serve Promo,1,1.0,3
2024-06,Self-Serve Promo,1,1.0,1
2024-07,Self-Serve Promo,1,1.0,20
2024-08,Self-Serve Promo,1,0.9090909090909091,22
2024-09,Self-Serve Promo,1,0.9523809523809523,21
2024-10,Self-Serve Promo,1,1.0,4
2024-12,Self-Serve Promo,1,1.0,2
2025-01,Self-Serve Promo,1,1.0,2
2025-02,Self-Serve Promo,1,1.0,3
2025-03,Self-Serve Promo,1,1.0,2
2025-05,Self-Serve Promo,1,1.0,3
2025-06,Self-Serve Promo,1,1.0,1
2025-07,Self-Serve Promo,1,1.0,1
2025-08,Self-Serve Promo,1,1.0,3
2025-10,Self-Serve Promo,1,1.0,3
2025-11,Self-Serve Promo,1,1.0,1
2023-01,Self-Serve Promo,2,1.0,1
2023-02,Self-Serve Promo,2,1.0,2
2023-03,Self-Serve Promo,2,1.0,1
2023-04,Self-Serve Promo,2,1.0,3
2023-05,Self-Serve Promo,2,1.0,2
2023-06,Self-Serve Promo,2,1.0,2
2023-08,Self-Serve Promo,2,0.6666666666666666,3
2023-09,Self-Serve Promo,2,1.0,1
2023-10,Self-Serve Promo,2,1.0,3
2023-11,Self-Serve Promo,2,1.0,1
2024-01,Self-Serve Promo,2,0.6666666666666666,3
2024-03,Self-Serve Promo,2,1.0,2
2024-04,Self-Serve Promo,2,1.0,4
2024-05,Self-Serve Promo,2,1.0,3
2024-06,Self-Serve Promo,2,1.0,1
2024-07,Self-Serve Promo,2,0.95,20
2024-08,Self-Serve Promo,2,0.9090909090909091,22
2024-09,Self-Serve Promo,2,0.9523809523809523,21
2024-10,Self-Serve Promo,2,1.0,4
2024-12,Self-Serve Promo,2,1.0,2
2025-01,Self-Serve Promo,2,1.0,2
2025-02,Self-Serve Promo,2,1.0,3
2025-03,Self-Serve Promo,2,1.0,2
2025-05,Self-Serve Promo,2,1.0,3
2025-06,Self-Serve Promo,2,1.0,1
2025-07,Self-Serve Promo,2,1.0,1
2025-08,Self-Serve Promo,2,1.0,3
2025-10,Self-Serve Promo,2,1.0,3
2023-01,Self-Serve Promo,3,1.0,1
2023-02,Self-Serve Promo,3,1.0,2
2023-03,Self-Serve Promo,3,1.0,1
2023-04,Self-Serve Promo,3,1.0,3
2023-05,Self-Serve Promo,3,1.0,2
2023-06,Self-Serve Promo,3,1.0,2
2023-08,Self-Serve Promo,3,0.6666666666666666,3
2023-09,Self-Serve Promo,3,0.0,1
2023-10,Self-Serve Promo,3,1.0,3
2023-11,Self-Serve Promo,3,1.0,1
2024-01,Self-Serve Promo,3,0.6666666666666666,3
2024-03,Self-Serve Promo,3,1.0,2
2024-04,Self-Serve Promo,3,1.0,4
2024-05,Self-Serve Promo,3,1.0,3
2024-06,Self-Serve Promo,3,1.0,1
2024-07,Self-Serve Promo,3,0.8,20
2024-08,Self-Serve Promo,3,0.9090909090909091,22
2024-09,Self-Serve Promo,3,0.9523809523809523,21
2024-10,Self-Serve Promo,3,1.0,4
2024-12,Self-Serve Promo,3,1.0,2
2025-01,Self-Serve Promo,3,1.0,2
2025-02,Self-Serve Promo,3,1.0,3
2025-03,Self-Serve Promo,3,1.0,2
2025-05,Self-Serve Promo,3,1.0,3
2025-06,Self-Serve Promo,3,0.0,1
2025-07,Self-Serve Promo,3,1.0,1
2025-08,Self-Serve Promo,3,0.6666666666666666,3
2023-01,Self-Serve Promo,4,1.0,1
2023-02,Self-Serve Promo,4,1.0,2
2023-03,Self-Serve Promo,4,1.0,1
2023-04,Self-Serve Promo,4,1.0,3
2023-05,Self-Serve Promo,4,1.0,2
2023-06,Self-Serve Promo,4,1.0,2
2023-08,Self-Serve Promo,4,0.6666666666666666,3
2023-09,Self-Serve Promo,4,0.0,1
2023-10,Self-Serve Promo,4,1.0,3
2023-11,Self-Serve Promo,4,1.0,1
2024-01,Self-Serve Promo,4,0.6666666666666666,3
2024-03,Self-Serve Promo,4,1.0,2
2024-04,Self-Serve Promo,4,1.0,4
2024-05,Self-Serve Promo,4,1.0,3
2024-06,Self-Serve Promo,4,1.0,1
2024-07,Self-Serve Promo,4,0.75,20
2024-08,Self-Serve Promo,4,0.9090909090909091,22
2024-09,Self-Serve Promo,4,0.9523809523809523,21
2024-10,Self-Serve Promo,4,1.0,4
2024-12,Self-Serve Promo,4,1.0,2
2025-01,Self-Serve Promo,4,0.5,2
2025-02,Self-Serve Promo,4,1.0,3
2025-03,Self-Serve Promo,4,1.0,2
2025-05,Self-Serve Promo,4,0.6666666666666666,3
2025-06,Self-Serve Promo,4,0.0,1
2025-07,Self-Serve Promo,4,1.0,1
2025-08,Self-Serve Promo,4,0.6666666666666666,3
2023-01,Self-Serve Promo,5,1.0,1
2023-02,Self-Serve Promo,5,1.0,2
2023-03,Self-Serve Promo,5,1.0,1
2023-04,Self-Serve Promo,5,1.0,3
2023-05,Self-Serve Promo,5,1.0,2
2023-06,Self-Serve Promo,5,1.0,2
2023-08,Self-Serve Promo,5,0.6666666666666666,3
2023-09,Self-Serve Promo,5,0.0,1
2023-10,Self-Serve Promo,5,1.0,3
2023-11,Self-Serve Promo,5,1.0,1
2024-01,Self-Serve Promo,5,0.6666666666666666,3
2024-03,Self-Serve Promo,5,1.0,2
2024-04,Self-Serve Promo,5,1.0,4
2024-05,Self-Serve Promo,5,1.0,3
2024-06,Self-Serve Promo,5,1.0,1
2024-07,Self-Serve Promo,5,0.7,20
2024-08,Self-Serve Promo,5,0.9090909090909091,22
2024-09,Self-Serve Promo,5,0.9047619047619048,21
2024-10,Self-Serve Promo,5,1.0,4
2024-12,Self-Serve Promo,5,1.0,2
2025-01,Self-Serve Promo,5,0.5,2
2025-02,Self-Serve Promo,5,1.0,3
2025-03,Self-Serve Promo,5,0.5,2
2025-05,Self-Serve Promo,5,0.6666666666666666,3
2025-06,Self-Serve Promo,5,0.0,1
2025-07,Self-Serve Promo,5,1.0,1
2023-01,Self-Serve Promo,6,1.0,1
2023-02,Self-Serve Promo,6,0.5,2
2023-03,Self-Serve Promo,6,1.0,1
2023-04,Self-Serve Promo,6,0.6666666666666666,3
2023-05,Self-Serve Promo,6,1.0,2
2023-06,Self-Serve Promo,6,1.0,2
2023-08,Self-Serve Promo,6,0.6666666666666666,3
2023-09,Self-Serve Promo,6,0.0,1
2023-10,Self-Serve Promo,6,1.0,3
2023-11,Self-Serve Promo,6,1.0,1
2024-01,Self-Serve Promo,6,0.6666666666666666,3
2024-03,Self-Serve Promo,6,1.0,2
2024-04,Self-Serve Promo,6,1.0,4
2024-05,Self-Serve Promo,6,1.0,3
2024-06,Self-Serve Promo,6,1.0,1
2024-07,Self-Serve Promo,6,0.7,20
2024-08,Self-Serve Promo,6,0.9090909090909091,22
2024-09,Self-Serve Promo,6,0.9047619047619048,21
2024-10,Self-Serve Promo,6,1.0,4
2024-12,Self-Serve Promo,6,1.0,2
2025-01,Self-Serve Promo,6,0.5,2
2025-02,Self-Serve Promo,6,1.0,3
2025-03,Self-Serve Promo,6,0.5,2
2025-05,Self-Serve Promo,6,0.6666666666666666,3
2025-06,Self-Serve Promo,6,0.0,1
2023-01,Self-Serve Promo,7,1.0,1
2023-02,Self-Serve Promo,7,0.5,2
2023-03,Self-Serve Promo,7,1.0,1
2023-04,Self-Serve Promo,7,0.6666666666666666,3
2023-05,Self-Serve Promo,7,1.0,2
2023-06,Self-Serve Promo,7,1.0,2
2023-08,Self-Serve Promo,7,0.6666666666666666,3
2023-09,Self-Serve Promo,7,0.0,1
2023-10,Self-Serve Promo,7,1.0,3
2023-11,Self-Serve Promo,7,1.0,1
2024-01,Self-Serve Promo,7,0.6666666666666666,3
2024-03,Self-Serve Promo,7,1.0,2
2024-04,Self-Serve Promo,7,1.0,4
2024-05,Self-Serve Promo,7,1.0,3
2024-06,Self-Serve Promo,7,1.0,1
2024-07,Self-Serve Promo,7,0.7,20
2024-08,Self-Serve Promo,7,0.8181818181818182,22
2024-09,Self-Serve Promo,7,0.8571428571428571,21
2024-10,Self-Serve Promo,7,0.75,4
2024-12,Self-Serve Promo,7,1.0,2
2025-01,Self-Serve Promo,7,0.5,2
2025-02,Self-Serve Promo,7,1.0,3
2025-03,Self-Serve Promo,7,0.5,2
2025-05,Self-Serve Promo,7,0.3333333333333333,3
2023-01,Self-Serve Promo,8,1.0,1
2023-02,Self-Serve Promo,8,0.5,2
2023-03,Self-Serve Promo,8,0.0,1
2023-04,Self-Serve Promo,8,0.6666666666666666,3
2023-05,Self-Serve Promo,8,1.0,2
2023-06,Self-Serve Promo,8,1.0,2
2023-08,Self-Serve Promo,8,0.6666666666666666,3
2023-09,Self-Serve Promo,8,0.0,1
2023-10,Self-Serve Promo,8,1.0,3
2023-11,Self-Serve Promo,8,1.0,1
2024-01,Self-Serve Promo,8,0.6666666666666666,3
2024-03,Self-Serve Promo,8,1.0,2
2024-04,Self-Serve Promo,8,0.75,4
2024-05,Self-Serve Promo,8,1.0,3
2024-06,Self-Serve Promo,8,1.0,1
2024-07,Self-Serve Promo,8,0.65,20
2024-08,Self-Serve Promo,8,0.7727272727272727,22
2024-09,Self-Serve Promo,8,0.8095238095238095,21
2024-10,Self-Serve Promo,8,0.75,4
2024-12,Self-Serve Promo,8,1.0,2
2025-01,Self-Serve Promo,8,0.5,2
2025-02,Self-Serve Promo,8,1.0,3
2025-03,Self-Serve Promo,8,0.5,2
2023-01,Self-Serve Promo,9,1.0,1
2023-02,Self-Serve Promo,9,0.5,2
2023-03,Self-Serve Promo,9,0.0,1
2023-04,Self-Serve Promo,9,0.6666666666666666,3
2023-05,Self-Serve Promo,9,1.0,2
2023-06,Self-Serve Promo,9,0.5,2
2023-08,Self-Serve Promo,9,0.6666666666666666,3
2023-09,Self-Serve Promo,9,0.0,1
2023-10,Self-Serve Promo,9,1.0,3
2023-11,Self-Serve Promo,9,1.0,1
2024-01,Self-Serve Promo,9,0.6666666666666666,3
2024-03,Self-Serve Promo,9,1.0,2
2024-04,Self-Serve Promo,9,0.75,4
2024-05,Self-Serve Promo,9,1.0,3
2024-06,Self-Serve Promo,9,1.0,1
2024-07,Self-Serve Promo,9,0.65,20
2024-08,Self-Serve Promo,9,0.6818181818181818,22
2024-09,Self-Serve Promo,9,0.8095238095238095,21
2024-10,Self-Serve Promo,9,0.75,4
2024-12,Self-Serve Promo,9,1.0,2
2025-01,Self-Serve Promo,9,0.5,2
2025-02,Self-Serve Promo,9,1.0,3
2025-03,Self-Serve Promo,9,0.5,2
2023-01,Self-Serve Promo,10,1.0,1
2023-02,Self-Serve Promo,10,0.5,2
2023-03,Self-Serve Promo,10,0.0,1
2023-04,Self-Serve Promo,10,0.6666666666666666,3
2023-05,Self-Serve Promo,10,1.0,2
2023-06,Self-Serve Promo,10,0.5,2
2023-08,Self-Serve Promo,10,0.6666666666666666,3
2023-09,Self-Serve Promo,10,0.0,1
2023-10,Self-Serve Promo,10,1.0,3
2023-11,Self-Serve Promo,10,1.0,1
2024-01,Self-Serve Promo,10,0.3333333333333333,3
2024-03,Self-Serve Promo,10,1.0,2
2024-04,Self-Serve Promo,10,0.75,4
2024-05,Self-Serve Promo,10,1.0,3
2024-06,Self-Serve Promo,10,1.0,1
2024-07,Self-Serve Promo,10,0.65,20
2024-08,Self-Serve Promo,10,0.6363636363636364,22
2024-09,Self-Serve Promo,10,0.8095238095238095,21
2024-10,Self-Serve Promo,10,0.75,4
2024-12,Self-Serve Promo,10,1.0,2
2025-01,Self-Serve Promo,10,0.5,2
2025-02,Self-Serve Promo,10,1.0,3
2023-01,Self-Serve Promo,11,1.0,1
2023-02,Self-Serve Promo,11,0.5,2
2023-03,Self-Serve Promo,11,0.0,1
2023-04,Self-Serve Promo,11,0.6666666666666666,3
2023-05,Self-Serve Promo,11,1.0,2
2023-06,Self-Serve Promo,11,0.5,2
2023-08,Self-Serve Promo,11,0.6666666666666666,3
2023-09,Self-Serve Promo,11,0.0,1
2023-10,Self-Serve Promo,11,1.0,3
2023-11,Self-Serve Promo,11,1.0,1
2024-01,Self-Serve Promo,11,0.3333333333333333,3
2024-03,Self-Serve Promo,11,1.0,2
2024-04,Self-Serve Promo,11,0.75,4
2024-05,Self-Serve Promo,11,1.0,3
2024-06,Self-Serve Promo,11,1.0,1
2024-07,Self-Serve Promo,11,0.65,20
2024-08,Self-Serve Promo,11,0.6363636363636364,22
2024-09,Self-Serve Promo,11,0.8095238095238095,21
2024-10,Self-Serve Promo,11,0.75,4
2024-12,Self-Serve Promo,11,1.0,2
2025-01,Self-Serve Promo,11,0.5,2
2023-01,Self-Serve Promo,12,1.0,1
2023-02,Self-Serve Promo,12,0.5,2
2023-03,Self-Serve Promo,12,0.0,1
2023-04,Self-Serve Promo,12,0.6666666666666666,3
2023-05,Self-Serve Promo,12,1.0,2
2023-06,Self-Serve Promo,12,0.5,2
2023-08,Self-Serve Promo,12,0.6666666666666666,3
2023-09,Self-Serve Promo,12,0.0,1
2023-10,Self-Serve Promo,12,0.6666666666666666,3
2023-11,Self-Serve Promo,12,1.0,1
2024-01,Self-Serve Promo,12,0.3333333333333333,3
2024-03,Self-Serve Promo,12,1.0,2
2024-04,Self-Serve Promo,12,0.75,4
2024-05,Self-Serve Promo,12,1.0,3
2024-06,Self-Serve Promo,12,1.0,1
2024-07,Self-Serve Promo,12,0.65,20
2024-08,Self-Serve Promo,12,0.5909090909090909,22
2024-09,Self-Serve Promo,12,0.7619047619047619,21
2024-10,Self-Serve Promo,12,0.75,4
2024-12,Self-Serve Promo,12,1.0,2
2023-01,Self-Serve Promo,13,1.0,1
2023-02,Self-Serve Promo,13,0.5,2
2023-03,Self-Serve Promo,13,0.0,1
2023-04,Self-Serve Promo,13,0.6666666666666666,3
2023-05,Self-Serve Promo,13,1.0,2
2023-06,Self-Serve Promo,13,0.5,2
2023-08,Self-Serve Promo,13,0.6666666666666666,3
2023-09,Self-Serve Promo,13,0.0,1
2023-10,Self-Serve Promo,13,0.6666666666666666,3
2023-11,Self-Serve Promo,13,1.0,1
2024-01,Self-Serve Promo,13,0.3333333333333333,3
2024-03,Self-Serve Promo,13,1.0,2
2024-04,Self-Serve Promo,13,0.75,4
2024-05,Self-Serve Promo,13,1.0,3
2024-06,Self-Serve Promo,13,1.0,1
2024-07,Self-Serve Promo,13,0.65,20
2024-08,Self-Serve Promo,13,0.5454545454545454,22
2024-09,Self-Serve Promo,13,0.7142857142857143,21
2024-10,Self-Serve Promo,13,0.75,4
2023-01,Self-Serve Promo,14,1.0,1
2023-02,Self-Serve Promo,14,0.5,2
2023-03,Self-Serve Promo,14,0.0,1
2023-04,Self-Serve Promo,14,0.6666666666666666,3
2023-05,Self-Serve Promo,14,1.0,2
2023-06,Self-Serve Promo,14,0.5,2
2023-08,Self-Serve Promo,14,0.6666666666666666,3
2023-09,Self-Serve Promo,14,0.0,1
2023-10,Self-Serve Promo,14,0.6666666666666666,3
2023-11,Self-Serve Promo,14,1.0,1
2024-01,Self-Serve Promo,14,0.3333333333333333,3
2024-03,Self-Serve Promo,14,1.0,2
2024-04,Self-Serve Promo,14,0.5,4
2024-05,Self-Serve Promo,14,1.0,3
2024-06,Self-Serve Promo,14,1.0,1
2024-07,Self-Serve Promo,14,0.65,20
2024-08,Self-Serve Promo,14,0.5454545454545454,22
2024-09,Self-Serve Promo,14,0.7142857142857143,21
2024-10,Self-Serve Promo,14,0.75,4
2023-01,Self-Serve Promo,15,1.0,1
2023-02,Self-Serve Promo,15,0.5,2
2023-03,Self-Serve Promo,15,0.0,1
2023-04,Self-Serve Promo,15,0.6666666666666666,3
2023-05,Self-Serve Promo,15,1.0,2
2023-06,Self-Serve Promo,15,0.5,2
2023-08,Self-Serve Promo,15,0.6666666666666666,3
2023-09,Self-Serve Promo,15,0.0,1
2023-10,Self-Serve Promo,15,0.6666666666666666,3
2023-11,Self-Serve Promo,15,0.0,1
2024-01,Self-Serve Promo,15,0.3333333333333333,3
2024-03,Self-Serve Promo,15,1.0,2
2024-04,Self-Serve Promo,15,0.5,4
2024-05,Self-Serve Promo,15,1.0,3
2024-06,Self-Serve Promo,15,1.0,1
2024-07,Self-Serve Promo,15,0.6,20
2024-08,Self-Serve Promo,15,0.5454545454545454,22
2024-09,Self-Serve Promo,15,0.6666666666666666,21
2023-01,Self-Serve Promo,16,1.0,1
2023-02,Self-Serve Promo,16,0.5,2
2023-03,Self-Serve Promo,16,0.0,1
2023-04,Self-Serve Promo,16,0.6666666666666666,3
2023-05,Self-Serve Promo,16,1.0,2
2023-06,Self-Serve Promo,16,0.5,2
2023-08,Self-Serve Promo,16,0.6666666666666666,3
2023-09,Self-Serve Promo,16,0.0,1
2023-10,Self-Serve Promo,16,0.6666666666666666,3
2023-11,Self-Serve Promo,16,0.0,1
2024-01,Self-Serve Promo,16,0.3333333333333333,3
2024-03,Self-Serve Promo,16,1.0,2
2024-04,Self-Serve Promo,16,0.5,4
2024-05,Self-Serve Promo,16,1.0,3
2024-06,Self-Serve Promo,16,1.0,1
2024-07,Self-Serve Promo,16,0.6,20
2024-08,Self-Serve Promo,16,0.5454545454545454,22
2023-01,Self-Serve Promo,17,1.0,1
2023-02,Self-Serve Promo,17,0.5,2
2023-03,Self-Serve Promo,17,0.0,1
2023-04,Self-Serve Promo,17,0.6666666666666666,3
2023-05,Self-Serve Promo,17,1.0,2
2023-06,Self-Serve Promo,17,0.5,2
2023-08,Self-Serve Promo,17,0.6666666666666666,3
2023-09,Self-Serve Promo,17,0.0,1
2023-10,Self-Serve Promo,17,0.6666666666666666,3
2023-11,Self-Serve Promo,17,0.0,1
2024-01,Self-Serve Promo,17,0.3333333333333333,3
2024-03,Self-Serve Promo,17,1.0,2
2024-04,Self-Serve Promo,17,0.5,4
2024-05,Self-Serve Promo,17,1.0,3
2024-06,Self-Serve Promo,17,1.0,1
2024-07,Self-Serve Promo,17,0.55,20
2023-01,Self-Serve Promo,18,1.0,1
2023-02,Self-Serve Promo,18,0.5,2
2023-03,Self-Serve Promo,18,0.0,1
2023-04,Self-Serve Promo,18,0.6666666666666666,3
2023-05,Self-Serve Promo,18,1.0,2
2023-06,Self-Serve Promo,18,0.5,2
2023-08,Self-Serve Promo,18,0.6666666666666666,3
2023-09,Self-Serve Promo,18,0.0,1
2023-10,Self-Serve Promo,18,0.6666666666666666,3
2023-11,Self-Serve Promo,18,0.0,1
2024-01,Self-Serve Promo,18,0.3333333333333333,3
2024-03,Self-Serve Promo,18,1.0,2
2024-04,Self-Serve Promo,18,0.5,4
2024-05,Self-Serve Promo,18,0.6666666666666666,3
2024-06,Self-Serve Promo,18,1.0,1
2023-01,Self-Serve Promo,19,1.0,1
2023-02,Self-Serve Promo,19,0.5,2
2023-03,Self-Serve Promo,19,0.0,1
2023-04,Self-Serve Promo,19,0.6666666666666666,3
2023-05,Self-Serve Promo,19,1.0,2
2023-06,Self-Serve Promo,19,0.5,2
2023-08,Self-Serve Promo,19,0.6666666666666666,3
2023-09,Self-Serve Promo,19,0.0,1
2023-10,Self-Serve Promo,19,0.6666666666666666,3
2023-11,Self-Serve Promo,19,0.0,1
2024-01,Self-Serve Promo,19,0.3333333333333333,3
2024-03,Self-Serve Promo,19,1.0,2
2024-04,Self-Serve Promo,19,0.5,4
2024-05,Self-Serve Promo,19,0.6666666666666666,3
2023-01,Self-Serve Promo,20,1.0,1
2023-02,Self-Serve Promo,20,0.5,2
2023-03,Self-Serve Promo,20,0.0,1
2023-04,Self-Serve Promo,20,0.6666666666666666,3
2023-05,Self-Serve Promo,20,1.0,2
2023-06,Self-Serve Promo,20,0.5,2
2023-08,Self-Serve Promo,20,0.6666666666666666,3
2023-09,Self-Serve Promo,20,0.0,1
2023-10,Self-Serve Promo,20,0.6666666666666666,3
2023-11,Self-Serve Promo,20,0.0,1
2024-01,Self-Serve Promo,20,0.3333333333333333,3
2024-03,Self-Serve Promo,20,1.0,2
2024-04,Self-Serve Promo,20,0.5,4
2023-01,Self-Serve Promo,21,1.0,1
2023-02,Self-Serve Promo,21,0.5,2
2023-03,Self-Serve Promo,21,0.0,1
2023-04,Self-Serve Promo,21,0.6666666666666666,3
2023-05,Self-Serve Promo,21,1.0,2
2023-06,Self-Serve Promo,21,0.5,2
2023-08,Self-Serve Promo,21,0.6666666666666666,3
2023-09,Self-Serve Promo,21,0.0,1
2023-10,Self-Serve Promo,21,0.6666666666666666,3
2023-11,Self-Serve Promo,21,0.0,1
2024-01,Self-Serve Promo,21,0.3333333333333333,3
2024-03,Self-Serve Promo,21,1.0,2
2023-01,Self-Serve Promo,22,1.0,1
2023-02,Self-Serve Promo,22,0.5,2
2023-03,Self-Serve Promo,22,0.0,1
2023-04,Self-Serve Promo,22,0.6666666666666666,3
2023-05,Self-Serve Promo,22,1.0,2
2023-06,Self-Serve Promo,22,0.5,2
2023-08,Self-Serve Promo,22,0.6666666666666666,3
2023-09,Self-Serve Promo,22,0.0,1
2023-10,Self-Serve Promo,22,0.6666666666666666,3
2023-11,Self-Serve Promo,22,0.0,1
2024-01,Self-Serve Promo,22,0.3333333333333333,3
2023-01,Self-Serve Promo,23,0.0,1
2023-02,Self-Serve Promo,23,0.5,2
2023-03,Self-Serve Promo,23,0.0,1
2023-04,Self-Serve Promo,23,0.6666666666666666,3
2023-05,Self-Serve Promo,23,1.0,2
2023-06,Self-Serve Promo,23,0.5,2
2023-08,Self-Serve Promo,23,0.6666666666666666,3
2023-09,Self-Serve Promo,23,0.0,1
2023-10,Self-Serve Promo,23,0.6666666666666666,3
2023-11,Self-Serve Promo,23,0.0,1
2024-01,Self-Serve Promo,23,0.3333333333333333,3
2023-01,Self-Serve Promo,24,0.0,1
2023-02,Self-Serve Promo,24,0.5,2
2023-03,Self-Serve Promo,24,0.0,1
2023-04,Self-Serve Promo,24,0.6666666666666666,3
2023-05,Self-Serve Promo,24,1.0,2
2023-06,Self-Serve Promo,24,0.5,2
2023-08,Self-Serve Promo,24,0.6666666666666666,3
2023-09,Self-Serve Promo,24,0.0,1
2023-10,Self-Serve Promo,24,0.6666666666666666,3
2023-11,Self-Serve Promo,24,0.0,1
2023-01,Partner Referral,0,1.0,3
2023-02,Partner Referral,0,1.0,1
2023-03,Partner Referral,0,1.0,1
2023-04,Partner Referral,0,1.0,1
2023-05,Partner Referral,0,1.0,2
2023-07,Partner Referral,0,1.0,1
2023-09,Partner Referral,0,1.0,1
2023-10,Partner Referral,0,1.0,5
2023-11,Partner Referral,0,1.0,3
2023-12,Partner Referral,0,1.0,2
2024-01,Partner Referral,0,1.0,2
2024-02,Partner Referral,0,1.0,5
2024-03,Partner Referral,0,1.0,2
2024-04,Partner Referral,0,1.0,2
2024-05,Partner Referral,0,1.0,4
2024-06,Partner Referral,0,1.0,3
2024-07,Partner Referral,0,1.0,5
2024-08,Partner Referral,0,1.0,1
2024-09,Partner Referral,0,1.0,4
2024-11,Partner Referral,0,1.0,4
2024-12,Partner Referral,0,1.0,2
2025-01,Partner Referral,0,1.0,1
2025-02,Partner Referral,0,1.0,2
2025-03,Partner Referral,0,1.0,1
2025-04,Partner Referral,0,1.0,2
2025-05,Partner Referral,0,1.0,4
2025-06,Partner Referral,0,1.0,2
2025-07,Partner Referral,0,1.0,1
2025-08,Partner Referral,0,1.0,6
2025-09,Partner Referral,0,1.0,3
2025-10,Partner Referral,0,1.0,2
2025-11,Partner Referral,0,1.0,2
2025-12,Partner Referral,0,1.0,1
2023-01,Partner Referral,1,0.6666666666666666,3
2023-02,Partner Referral,1,1.0,1
2023-03,Partner Referral,1,1.0,1
2023-04,Partner Referral,1,1.0,1
2023-05,Partner Referral,1,1.0,2
2023-07,Partner Referral,1,1.0,1
2023-09,Partner Referral,1,1.0,1
2023-10,Partner Referral,1,1.0,5
2023-11,Partner Referral,1,1.0,3
2023-12,Partner Referral,1,1.0,2
2024-01,Partner Referral,1,1.0,2
2024-02,Partner Referral,1,1.0,5
2024-03,Partner Referral,1,1.0,2
2024-04,Partner Referral,1,1.0,2
2024-05,Partner Referral,1,1.0,4
2024-06,Partner Referral,1,1.0,3
2024-07,Partner Referral,1,1.0,5
2024-08,Partner Referral,1,1.0,1
2024-09,Partner Referral,1,1.0,4
2024-11,Partner Referral,1,1.0,4
2024-12,Partner Referral,1,1.0,2
2025-01,Partner Referral,1,1.0,1
2025-02,Partner Referral,1,1.0,2
2025-03,Partner Referral,1,1.0,1
2025-04,Partner Referral,1,1.0,2
2025-05,Partner Referral,1,1.0,4
2025-06,Partner Referral,1,1.0,2
2025-07,Partner Referral,1,1.0,1
2025-08,Partner Referral,1,1.0,6
2025-09,Partner Referral,1,1.0,3
2025-10,Partner Referral,1,1.0,2
2025-11,Partner Referral,1,1.0,2
2023-01,Partner Referral,2,0.6666666666666666,3
2023-02,Partner Referral,2,1.0,1
2023-03,Partner Referral,2,1.0,1
2023-04,Partner Referral,2,1.0,1
2023-05,Partner Referral,2,1.0,2
2023-07,Partner Referral,2,1.0,1
2023-09,Partner Referral,2,1.0,1
2023-10,Partner Referral,2,0.8,5
2023-11,Partner Referral,2,1.0,3
2023-12,Partner Referral,2,1.0,2
2024-01,Partner Referral,2,1.0,2
2024-02,Partner Referral,2,1.0,5
2024-03,Partner Referral,2,1.0,2
2024-04,Partner Referral,2,1.0,2
2024-05,Partner Referral,2,1.0,4
2024-06,Partner Referral,2,1.0,3
2024-07,Partner Referral,2,1.0,5
2024-08,Partner Referral,2,1.0,1
2024-09,Partner Referral,2,1.0,4
2024-11,Partner Referral,2,1.0,4
2024-12,Partner Referral,2,1.0,2
2025-01,Partner Referral,2,1.0,1
2025-02,Partner Referral,2,1.0,2
2025-03,Partner Referral,2,1.0,1
2025-04,Partner Referral,2,1.0,2
2025-05,Partner Referral,2,1.0,4
2025-06,Partner Referral,2,1.0,2
2025-07,Partner Referral,2,1.0,1
2025-08,Partner Referral,2,1.0,6
2025-09,Partner Referral,2,1.0,3
2025-10,Partner Referral,2,1.0,2
2023-01,Partner Referral,3,0.6666666666666666,3
2023-02,Partner Referral,3,1.0,1
2023-03,Partner Referral,3,1.0,1
2023-04,Partner Referral,3,1.0,1
2023-05,Partner Referral,3,1.0,2
2023-07,Partner Referral,3,1.0,1
2023-09,Partner Referral,3,1.0,1
2023-10,Partner Referral,3,0.8,5
2023-11,Partner Referral,3,1.0,3
2023-12,Partner Referral,3,1.0,2
2024-01,Partner Referral,3,1.0,2
2024-02,Partner Referral,3,1.0,5
2024-03,Partner Referral,3,1.0,2
2024-04,Partner Referral,3,1.0,2
2024-05,Partner Referral,3,1.0,4
2024-06,Partner Referral,3,0.6666666666666666,3
2024-07,Partner Referral,3,1.0,5
2024-08,Partner Referral,3,1.0,1
2024-09,Partner Referral,3,1.0,4
2024-11,Partner Referral,3,1.0,4
2024-12,Partner Referral,3,1.0,2
2025-01,Partner Referral,3,1.0,1
2025-02,Partner Referral,3,1.0,2
2025-03,Partner Referral,3,1.0,1
2025-04,Partner Referral,3,1.0,2
2025-05,Partner Referral,3,1.0,4
2025-06,Partner Referral,3,1.0,2
2025-07,Partner Referral,3,1.0,1
2025-08,Partner Referral,3,1.0,6
2025-09,Partner Referral,3,1.0,3
2023-01,Partner Referral,4,0.6666666666666666,3
2023-02,Partner Referral,4,1.0,1
2023-03,Partner Referral,4,1.0,1
2023-04,Partner Referral,4,1.0,1
2023-05,Partner Referral,4,1.0,2
2023-07,Partner Referral,4,1.0,1
2023-09,Partner Referral,4,1.0,1
2023-10,Partner Referral,4,0.8,5
2023-11,Partner Referral,4,1.0,3
2023-12,Partner Referral,4,1.0,2
2024-01,Partner Referral,4,1.0,2
2024-02,Partner Referral,4,1.0,5
2024-03,Partner Referral,4,1.0,2
2024-04,Partner Referral,4,1.0,2
2024-05,Partner Referral,4,1.0,4
2024-06,Partner Referral,4,0.6666666666666666,3
2024-07,Partner Referral,4,1.0,5
2024-08,Partner Referral,4,1.0,1
2024-09,Partner Referral,4,1.0,4
2024-11,Partner Referral,4,1.0,4
2024-12,Partner Referral,4,1.0,2
2025-01,Partner Referral,4,1.0,1
2025-02,Partner Referral,4,1.0,2
2025-03,Partner Referral,4,1.0,1
2025-04,Partner Referral,4,1.0,2
2025-05,Partner Referral,4,1.0,4
2025-06,Partner Referral,4,1.0,2
2025-07,Partner Referral,4,1.0,1
2025-08,Partner Referral,4,1.0,6
2023-01,Partner Referral,5,0.6666666666666666,3
2023-02,Partner Referral,5,1.0,1
2023-03,Partner Referral,5,1.0,1
2023-04,Partner Referral,5,1.0,1
2023-05,Partner Referral,5,1.0,2
2023-07,Partner Referral,5,1.0,1
2023-09,Partner Referral,5,1.0,1
2023-10,Partner Referral,5,0.8,5
2023-11,Partner Referral,5,1.0,3
2023-12,Partner Referral,5,1.0,2
2024-01,Partner Referral,5,1.0,2
2024-02,Partner Referral,5,1.0,5
2024-03,Partner Referral,5,1.0,2
2024-04,Partner Referral,5,1.0,2
2024-05,Partner Referral,5,1.0,4
2024-06,Partner Referral,5,0.6666666666666666,3
2024-07,Partner Referral,5,1.0,5
2024-08,Partner Referral,5,1.0,1
2024-09,Partner Referral,5,1.0,4
2024-11,Partner Referral,5,1.0,4
2024-12,Partner Referral,5,1.0,2
2025-01,Partner Referral,5,1.0,1
2025-02,Partner Referral,5,1.0,2
2025-03,Partner Referral,5,1.0,1
2025-04,Partner Referral,5,1.0,2
2025-05,Partner Referral,5,1.0,4
2025-06,Partner Referral,5,1.0,2
2025-07,Partner Referral,5,1.0,1
2023-01,Partner Referral,6,0.6666666666666666,3
2023-02,Partner Referral,6,1.0,1
2023-03,Partner Referral,6,1.0,1
2023-04,Partner Referral,6,1.0,1
2023-05,Partner Referral,6,1.0,2
2023-07,Partner Referral,6,1.0,1
2023-09,Partner Referral,6,1.0,1
2023-10,Partner Referral,6,0.8,5
2023-11,Partner Referral,6,1.0,3
2023-12,Partner Referral,6,1.0,2
2024-01,Partner Referral,6,1.0,2
2024-02,Partner Referral,6,1.0,5
2024-03,Partner Referral,6,1.0,2
2024-04,Partner Referral,6,1.0,2
2024-05,Partner Referral,6,1.0,4
2024-06,Partner Referral,6,0.6666666666666666,3
2024-07,Partner Referral,6,1.0,5
2024-08,Partner Referral,6,1.0,1
2024-09,Partner Referral,6,1.0,4
2024-11,Partner Referral,6,1.0,4
2024-12,Partner Referral,6,1.0,2
2025-01,Partner Referral,6,1.0,1
2025-02,Partner Referral,6,1.0,2
2025-03,Partner Referral,6,1.0,1
2025-04,Partner Referral,6,1.0,2
2025-05,Partner Referral,6,1.0,4
2025-06,Partner Referral,6,1.0,2
2023-01,Partner Referral,7,0.6666666666666666,3
2023-02,Partner Referral,7,1.0,1
2023-03,Partner Referral,7,1.0,1
2023-04,Partner Referral,7,1.0,1
2023-05,Partner Referral,7,1.0,2
2023-07,Partner Referral,7,1.0,1
2023-09,Partner Referral,7,1.0,1
2023-10,Partner Referral,7,0.8,5
2023-11,Partner Referral,7,1.0,3
2023-12,Partner Referral,7,0.5,2
2024-01,Partner Referral,7,1.0,2
2024-02,Partner Referral,7,1.0,5
2024-03,Partner Referral,7,1.0,2
2024-04,Partner Referral,7,1.0,2
2024-05,Partner Referral,7,1.0,4
2024-06,Partner Referral,7,0.6666666666666666,3
2024-07,Partner Referral,7,1.0,5
2024-08,Partner Referral,7,1.0,1
2024-09,Partner Referral,7,1.0,4
2024-11,Partner Referral,7,1.0,4
2024-12,Partner Referral,7,1.0,2
2025-01,Partner Referral,7,1.0,1
2025-02,Partner Referral,7,1.0,2
2025-03,Partner Referral,7,1.0,1
2025-04,Partner Referral,7,1.0,2
2025-05,Partner Referral,7,1.0,4
2023-01,Partner Referral,8,0.6666666666666666,3
2023-02,Partner Referral,8,1.0,1
2023-03,Partner Referral,8,1.0,1
2023-04,Partner Referral,8,1.0,1
2023-05,Partner Referral,8,1.0,2
2023-07,Partner Referral,8,1.0,1
2023-09,Partner Referral,8,1.0,1
2023-10,Partner Referral,8,0.8,5
2023-11,Partner Referral,8,1.0,3
2023-12,Partner Referral,8,0.5,2
2024-01,Partner Referral,8,1.0,2
2024-02,Partner Referral,8,1.0,5
2024-03,Partner Referral,8,1.0,2
2024-04,Partner Referral,8,1.0,2
2024-05,Partner Referral,8,1.0,4
2024-06,Partner Referral,8,0.6666666666666666,3
2024-07,Partner Referral,8,1.0,5
2024-08,Partner Referral,8,1.0,1
2024-09,Partner Referral,8,1.0,4
2024-11,Partner Referral,8,1.0,4
2024-12,Partner Referral,8,1.0,2
2025-01,Partner Referral,8,1.0,1
2025-02,Partner Referral,8,1.0,2
2025-03,Partner Referral,8,1.0,1
2025-04,Partner Referral,8,1.0,2
2023-01,Partner Referral,9,0.6666666666666666,3
2023-02,Partner Referral,9,1.0,1
2023-03,Partner Referral,9,1.0,1
2023-04,Partner Referral,9,1.0,1
2023-05,Partner Referral,9,1.0,2
2023-07,Partner Referral,9,1.0,1
2023-09,Partner Referral,9,1.0,1
2023-10,Partner Referral,9,0.8,5
2023-11,Partner Referral,9,1.0,3
2023-12,Partner Referral,9,0.5,2
2024-01,Partner Referral,9,1.0,2
2024-02,Partner Referral,9,1.0,5
2024-03,Partner Referral,9,1.0,2
2024-04,Partner Referral,9,1.0,2
2024-05,Partner Referral,9,1.0,4
2024-06,Partner Referral,9,0.6666666666666666,3
2024-07,Partner Referral,9,1.0,5
2024-08,Partner Referral,9,1.0,1
2024-09,Partner Referral,9,1.0,4
2024-11,Partner Referral,9,1.0,4
2024-12,Partner Referral,9,1.0,2
2025-01,Partner Referral,9,1.0,1
2025-02,Partner Referral,9,1.0,2
2025-03,Partner Referral,9,1.0,1
2023-01,Partner Referral,10,0.6666666666666666,3
2023-02,Partner Referral,10,1.0,1
2023-03,Partner Referral,10,1.0,1
2023-04,Partner Referral,10,1.0,1
2023-05,Partner Referral,10,1.0,2
2023-07,Partner Referral,10,1.0,1
2023-09,Partner Referral,10,1.0,1
2023-10,Partner Referral,10,0.8,5
2023-11,Partner Referral,10,1.0,3
2023-12,Partner Referral,10,0.5,2
2024-01,Partner Referral,10,1.0,2
2024-02,Partner Referral,10,1.0,5
2024-03,Partner Referral,10,1.0,2
2024-04,Partner Referral,10,1.0,2
2024-05,Partner Referral,10,1.0,4
2024-06,Partner Referral,10,0.6666666666666666,3
2024-07,Partner Referral,10,1.0,5
2024-08,Partner Referral,10,1.0,1
2024-09,Partner Referral,10,1.0,4
2024-11,Partner Referral,10,1.0,4
2024-12,Partner Referral,10,1.0,2
2025-01,Partner Referral,10,1.0,1
2025-02,Partner Referral,10,1.0,2
2023-01,Partner Referral,11,0.6666666666666666,3
2023-02,Partner Referral,11,1.0,1
2023-03,Partner Referral,11,1.0,1
2023-04,Partner Referral,11,1.0,1
2023-05,Partner Referral,11,1.0,2
2023-07,Partner Referral,11,1.0,1
2023-09,Partner Referral,11,1.0,1
2023-10,Partner Referral,11,0.8,5
2023-11,Partner Referral,11,1.0,3
2023-12,Partner Referral,11,0.5,2
2024-01,Partner Referral,11,1.0,2
2024-02,Partner Referral,11,1.0,5
2024-03,Partner Referral,11,1.0,2
2024-04,Partner Referral,11,1.0,2
2024-05,Partner Referral,11,1.0,4
2024-06,Partner Referral,11,0.3333333333333333,3
2024-07,Partner Referral,11,1.0,5
2024-08,Partner Referral,11,1.0,1
2024-09,Partner Referral,11,1.0,4
2024-11,Partner Referral,11,1.0,4
2024-12,Partner Referral,11,1.0,2
2025-01,Partner Referral,11,1.0,1
2023-01,Partner Referral,12,0.6666666666666666,3
2023-02,Partner Referral,12,1.0,1
2023-03,Partner Referral,12,1.0,1
2023-04,Partner Referral,12,1.0,1
2023-05,Partner Referral,12,1.0,2
2023-07,Partner Referral,12,1.0,1
2023-09,Partner Referral,12,1.0,1
2023-10,Partner Referral,12,0.8,5
2023-11,Partner Referral,12,1.0,3
2023-12,Partner Referral,12,0.5,2
2024-01,Partner Referral,12,1.0,2
2024-02,Partner Referral,12,1.0,5
2024-03,Partner Referral,12,1.0,2
2024-04,Partner Referral,12,1.0,2
2024-05,Partner Referral,12,1.0,4
2024-06,Partner Referral,12,0.3333333333333333,3
2024-07,Partner Referral,12,1.0,5
2024-08,Partner Referral,12,1.0,1
2024-09,Partner Referral,12,1.0,4
2024-11,Partner Referral,12,1.0,4
2024-12,Partner Referral,12,1.0,2
2023-01,Partner Referral,13,0.6666666666666666,3
2023-02,Partner Referral,13,1.0,1
2023-03,Partner Referral,13,1.0,1
2023-04,Partner Referral,13,1.0,1
2023-05,Partner Referral,13,1.0,2
2023-07,Partner Referral,13,1.0,1
2023-09,Partner Referral,13,1.0,1
2023-10,Partner Referral,13,0.8,5
2023-11,Partner Referral,13,1.0,3
2023-12,Partner Referral,13,0.5,2
2024-01,Partner Referral,13,1.0,2
2024-02,Partner Referral,13,1.0,5
2024-03,Partner Referral,13,1.0,2
2024-04,Partner Referral,13,1.0,2
2024-05,Partner Referral,13,1.0,4
2024-06,Partner Referral,13,0.3333333333333333,3
2024-07,Partner Referral,13,1.0,5
2024-08,Partner Referral,13,1.0,1
2024-09,Partner Referral,13,1.0,4
2024-11,Partner Referral,13,1.0,4
2023-01,Partner Referral,14,0.6666666666666666,3
2023-02,Partner Referral,14,1.0,1
2023-03,Partner Referral,14,1.0,1
2023-04,Partner Referral,14,1.0,1
2023-05,Partner Referral,14,1.0,2
2023-07,Partner Referral,14,1.0,1
2023-09,Partner Referral,14,1.0,1
2023-10,Partner Referral,14,0.8,5
2023-11,Partner Referral,14,1.0,3
2023-12,Partner Referral,14,0.5,2
2024-01,Partner Referral,14,1.0,2
2024-02,Partner Referral,14,1.0,5
2024-03,Partner Referral,14,1.0,2
2024-04,Partner Referral,14,1.0,2
2024-05,Partner Referral,14,1.0,4
2024-06,Partner Referral,14,0.3333333333333333,3
2024-07,Partner Referral,14,1.0,5
2024-08,Partner Referral,14,1.0,1
2024-09,Partner Referral,14,1.0,4
2023-01,Partner Referral,15,0.6666666666666666,3
2023-02,Partner Referral,15,1.0,1
2023-03,Partner Referral,15,1.0,1
2023-04,Partner Referral,15,1.0,1
2023-05,Partner Referral,15,1.0,2
2023-07,Partner Referral,15,1.0,1
2023-09,Partner Referral,15,1.0,1
2023-10,Partner Referral,15,0.8,5
2023-11,Partner Referral,15,1.0,3
2023-12,Partner Referral,15,0.5,2
2024-01,Partner Referral,15,1.0,2
2024-02,Partner Referral,15,1.0,5
2024-03,Partner Referral,15,1.0,2
2024-04,Partner Referral,15,1.0,2
2024-05,Partner Referral,15,1.0,4
2024-06,Partner Referral,15,0.3333333333333333,3
2024-07,Partner Referral,15,1.0,5
2024-08,Partner Referral,15,1.0,1
2024-09,Partner Referral,15,1.0,4
2023-01,Partner Referral,16,0.6666666666666666,3
2023-02,Partner Referral,16,1.0,1
2023-03,Partner Referral,16,1.0,1
2023-04,Partner Referral,16,1.0,1
2023-05,Partner Referral,16,1.0,2
2023-07,Partner Referral,16,1.0,1
2023-09,Partner Referral,16,1.0,1
2023-10,Partner Referral,16,0.8,5
2023-11,Partner Referral,16,1.0,3
2023-12,Partner Referral,16,0.5,2
2024-01,Partner Referral,16,0.5,2
2024-02,Partner Referral,16,1.0,5
2024-03,Partner Referral,16,1.0,2
2024-04,Partner Referral,16,1.0,2
2024-05,Partner Referral,16,1.0,4
2024-06,Partner Referral,16,0.3333333333333333,3
2024-07,Partner Referral,16,1.0,5
2024-08,Partner Referral,16,1.0,1
2023-01,Partner Referral,17,0.6666666666666666,3
2023-02,Partner Referral,17,1.0,1
2023-03,Partner Referral,17,1.0,1
2023-04,Partner Referral,17,1.0,1
2023-05,Partner Referral,17,1.0,2
2023-07,Partner Referral,17,1.0,1
2023-09,Partner Referral,17,1.0,1
2023-10,Partner Referral,17,0.8,5
2023-11,Partner Referral,17,1.0,3
2023-12,Partner Referral,17,0.5,2
2024-01,Partner Referral,17,0.5,2
2024-02,Partner Referral,17,1.0,5
2024-03,Partner Referral,17,1.0,2
2024-04,Partner Referral,17,1.0,2
2024-05,Partner Referral,17,1.0,4
2024-06,Partner Referral,17,0.3333333333333333,3
2024-07,Partner Referral,17,1.0,5
2023-01,Partner Referral,18,0.6666666666666666,3
2023-02,Partner Referral,18,1.0,1
2023-03,Partner Referral,18,1.0,1
2023-04,Partner Referral,18,1.0,1
2023-05,Partner Referral,18,1.0,2
2023-07,Partner Referral,18,1.0,1
2023-09,Partner Referral,18,1.0,1
2023-10,Partner Referral,18,0.8,5
2023-11,Partner Referral,18,1.0,3
2023-12,Partner Referral,18,0.5,2
2024-01,Partner Referral,18,0.5,2
2024-02,Partner Referral,18,1.0,5
2024-03,Partner Referral,18,1.0,2
2024-04,Partner Referral,18,1.0,2
2024-05,Partner Referral,18,1.0,4
2024-06,Partner Referral,18,0.3333333333333333,3
2023-01,Partner Referral,19,0.6666666666666666,3
2023-02,Partner Referral,19,1.0,1
2023-03,Partner Referral,19,1.0,1
2023-04,Partner Referral,19,1.0,1
2023-05,Partner Referral,19,1.0,2
2023-07,Partner Referral,19,1.0,1
2023-09,Partner Referral,19,1.0,1
2023-10,Partner Referral,19,0.8,5
2023-11,Partner Referral,19,1.0,3
2023-12,Partner Referral,19,0.5,2
2024-01,Partner Referral,19,0.5,2
2024-02,Partner Referral,19,1.0,5
2024-03,Partner Referral,19,1.0,2
2024-04,Partner Referral,19,1.0,2
2024-05,Partner Referral,19,1.0,4
2023-01,Partner Referral,20,0.6666666666666666,3
2023-02,Partner Referral,20,1.0,1
2023-03,Partner Referral,20,1.0,1
2023-04,Partner Referral,20,1.0,1
2023-05,Partner Referral,20,1.0,2
2023-07,Partner Referral,20,1.0,1
2023-09,Partner Referral,20,1.0,1
2023-10,Partner Referral,20,0.8,5
2023-11,Partner Referral,20,1.0,3
2023-12,Partner Referral,20,0.5,2
2024-01,Partner Referral,20,0.5,2
2024-02,Partner Referral,20,1.0,5
2024-03,Partner Referral,20,1.0,2
2024-04,Partner Referral,20,1.0,2
2023-01,Partner Referral,21,0.6666666666666666,3
2023-02,Partner Referral,21,1.0,1
2023-03,Partner Referral,21,1.0,1
2023-04,Partner Referral,21,1.0,1
2023-05,Partner Referral,21,1.0,2
2023-07,Partner Referral,21,1.0,1
2023-09,Partner Referral,21,1.0,1
2023-10,Partner Referral,21,0.8,5
2023-11,Partner Referral,21,1.0,3
2023-12,Partner Referral,21,0.5,2
2024-01,Partner Referral,21,0.5,2
2024-02,Partner Referral,21,1.0,5
2024-03,Partner Referral,21,1.0,2
2023-01,Partner Referral,22,0.6666666666666666,3
2023-02,Partner Referral,22,1.0,1
2023-03,Partner Referral,22,1.0,1
2023-04,Partner Referral,22,1.0,1
2023-05,Partner Referral,22,1.0,2
2023-07,Partner Referral,22,1.0,1
2023-09,Partner Referral,22,1.0,1
2023-10,Partner Referral,22,0.8,5
2023-11,Partner Referral,22,1.0,3
2023-12,Partner Referral,22,0.5,2
2024-01,Partner Referral,22,0.5,2
2024-02,Partner Referral,22,1.0,5
2023-01,Partner Referral,23,0.6666666666666666,3
2023-02,Partner Referral,23,1.0,1
2023-03,Partner Referral,23,1.0,1
2023-04,Partner Referral,23,1.0,1
2023-05,Partner Referral,23,1.0,2
2023-07,Partner Referral,23,1.0,1
2023-09,Partner Referral,23,1.0,1
2023-10,Partner Referral,23,0.8,5
2023-11,Partner Referral,23,1.0,3
2023-12,Partner Referral,23,0.5,2
2024-01,Partner Referral,23,0.5,2
2023-01,Partner Referral,24,0.6666666666666666,3
2023-02,Partner Referral,24,1.0,1
2023-03,Partner Referral,24,1.0,1
2023-04,Partner Referral,24,1.0,1
2023-05,Partner Referral,24,1.0,2
2023-07,Partner Referral,24,1.0,1
2023-09,Partner Referral,24,1.0,1
2023-10,Partner Referral,24,0.8,5
2023-11,Partner Referral,24,1.0,3
2023-12,Partner Referral,24,0.5,2
2023-01,Event/Conference,0,1.0,3
2023-02,Event/Conference,0,1.0,5
2023-03,Event/Conference,0,1.0,2
2023-04,Event/Conference,0,1.0,4
2023-05,Event/Conference,0,1.0,5
2023-06,Event/Conference,0,1.0,6
2023-07,Event/Conference,0,1.0,7
2023-08,Event/Conference,0,1.0,3
2023-09,Event/Conference,0,1.0,5
2023-10,Event/Conference,0,1.0,3
2023-11,Event/Conference,0,1.0,5
2023-12,Event/Conference,0,1.0,4
2024-01,Event/Conference,0,1.0,3
2024-02,Event/Conference,0,1.0,4
2024-03,Event/Conference,0,1.0,4
2024-04,Event/Conference,0,1.0,4
2024-05,Event/Conference,0,1.0,2
2024-06,Event/Conference,0,1.0,3
2024-07,Event/Conference,0,1.0,3
2024-08,Event/Conference,0,1.0,6
2024-09,Event/Conference,0,1.0,6
2024-10,Event/Conference,0,1.0,4
2024-11,Event/Conference,0,1.0,4
2024-12,Event/Conference,0,1.0,3
2025-01,Event/Conference,0,1.0,1
2025-02,Event/Conference,0,1.0,7
2025-03,Event/Conference,0,1.0,2
2025-04,Event/Conference,0,1.0,2
2025-05,Event/Conference,0,1.0,5
2025-06,Event/Conference,0,1.0,7
2025-07,Event/Conference,0,1.0,5
2025-08,Event/Conference,0,1.0,3
2025-09,Event/Conference,0,1.0,7
2025-10,Event/Conference,0,1.0,3
2025-11,Event/Conference,0,1.0,4
2025-12,Event/Conference,0,1.0,6
2023-01,Event/Conference,1,1.0,3
2023-02,Event/Conference,1,1.0,5
2023-03,Event/Conference,1,1.0,2
2023-04,Event/Conference,1,1.0,4
2023-05,Event/Conference,1,1.0,5
2023-06,Event/Conference,1,1.0,6
2023-07,Event/Conference,1,1.0,7
2023-08,Event/Conference,1,1.0,3
2023-09,Event/Conference,1,1.0,5
2023-10,Event/Conference,1,1.0,3
2023-11,Event/Conference,1,1.0,5
2023-12,Event/Conference,1,1.0,4
2024-01,Event/Conference,1,1.0,3
2024-02,Event/Conference,1,1.0,4
2024-03,Event/Conference,1,1.0,4
2024-04,Event/Conference,1,1.0,4
2024-05,Event/Conference,1,1.0,2
2024-06,Event/Conference,1,1.0,3
2024-07,Event/Conference,1,1.0,3
2024-08,Event/Conference,1,1.0,6
2024-09,Event/Conference,1,1.0,6
2024-10,Event/Conference,1,1.0,4
2024-11,Event/Conference,1,1.0,4
2024-12,Event/Conference,1,1.0,3
2025-01,Event/Conference,1,0.0,1
2025-02,Event/Conference,1,1.0,7
2025-03,Event/Conference,1,1.0,2
2025-04,Event/Conference,1,1.0,2
2025-05,Event/Conference,1,1.0,5
2025-06,Event/Conference,1,1.0,7
2025-07,Event/Conference,1,1.0,5
2025-08,Event/Conference,1,1.0,3
2025-09,Event/Conference,1,1.0,7
2025-10,Event/Conference,1,1.0,3
2025-11,Event/Conference,1,1.0,4
2023-01,Event/Conference,2,1.0,3
2023-02,Event/Conference,2,1.0,5
2023-03,Event/Conference,2,1.0,2
2023-04,Event/Conference,2,1.0,4
2023-05,Event/Conference,2,1.0,5
2023-06,Event/Conference,2,1.0,6
2023-07,Event/Conference,2,1.0,7
2023-08,Event/Conference,2,1.0,3
2023-09,Event/Conference,2,1.0,5
2023-10,Event/Conference,2,0.6666666666666666,3
2023-11,Event/Conference,2,1.0,5
2023-12,Event/Conference,2,1.0,4
2024-01,Event/Conference,2,1.0,3
2024-02,Event/Conference,2,1.0,4
2024-03,Event/Conference,2,0.75,4
2024-04,Event/Conference,2,1.0,4
2024-05,Event/Conference,2,1.0,2
2024-06,Event/Conference,2,1.0,3
2024-07,Event/Conference,2,1.0,3
2024-08,Event/Conference,2,1.0,6
2024-09,Event/Conference,2,1.0,6
2024-10,Event/Conference,2,1.0,4
2024-11,Event/Conference,2,1.0,4
2024-12,Event/Conference,2,1.0,3
2025-01,Event/Conference,2,0.0,1
2025-02,Event/Conference,2,1.0,7
2025-03,Event/Conference,2,1.0,2
2025-04,Event/Conference,2,0.5,2
2025-05,Event/Conference,2,1.0,5
2025-06,Event/Conference,2,1.0,7
2025-07,Event/Conference,2,1.0,5
2025-08,Event/Conference,2,1.0,3
2025-09,Event/Conference,2,1.0,7
2025-10,Event/Conference,2,1.0,3
2023-01,Event/Conference,3,1.0,3
2023-02,Event/Conference,3,1.0,5
2023-03,Event/Conference,3,1.0,2
2023-04,Event/Conference,3,0.75,4
2023-05,Event/Conference,3,1.0,5
2023-06,Event/Conference,3,1.0,6
2023-07,Event/Conference,3,1.0,7
2023-08,Event/Conference,3,1.0,3
2023-09,Event/Conference,3,1.0,5
2023-10,Event/Conference,3,0.6666666666666666,3
2023-11,Event/Conference,3,1.0,5
2023-12,Event/Conference,3,1.0,4
2024-01,Event/Conference,3,1.0,3
2024-02,Event/Conference,3,1.0,4
2024-03,Event/Conference,3,0.75,4
2024-04,Event/Conference,3,1.0,4
2024-05,Event/Conference,3,1.0,2
2024-06,Event/Conference,3,1.0,3
2024-07,Event/Conference,3,1.0,3
2024-08,Event/Conference,3,1.0,6
2024-09,Event/Conference,3,1.0,6
2024-10,Event/Conference,3,1.0,4
2024-11,Event/Conference,3,0.75,4
2024-12,Event/Conference,3,1.0,3
2025-01,Event/Conference,3,0.0,1
2025-02,Event/Conference,3,1.0,7
2025-03,Event/Conference,3,1.0,2
2025-04,Event/Conference,3,0.5,2
2025-05,Event/Conference,3,1.0,5
2025-06,Event/Conference,3,1.0,7
2025-07,Event/Conference,3,0.8,5
2025-08,Event/Conference,3,1.0,3
2025-09,Event/Conference,3,1.0,7
2023-01,Event/Conference,4,1.0,3
2023-02,Event/Conference,4,1.0,5
2023-03,Event/Conference,4,1.0,2
2023-04,Event/Conference,4,0.75,4
2023-05,Event/Conference,4,1.0,5
2023-06,Event/Conference,4,1.0,6
2023-07,Event/Conference,4,1.0,7
2023-08,Event/Conference,4,1.0,3
2023-09,Event/Conference,4,1.0,5
2023-10,Event/Conference,4,0.6666666666666666,3
2023-11,Event/Conference,4,1.0,5
2023-12,Event/Conference,4,1.0,4
2024-01,Event/Conference,4,1.0,3
2024-02,Event/Conference,4,1.0,4
2024-03,Event/Conference,4,0.75,4
2024-04,Event/Conference,4,1.0,4
2024-05,Event/Conference,4,1.0,2
2024-06,Event/Conference,4,1.0,3
2024-07,Event/Conference,4,1.0,3
2024-08,Event/Conference,4,1.0,6
2024-09,Event/Conference,4,1.0,6
2024-10,Event/Conference,4,1.0,4
2024-11,Event/Conference,4,0.75,4
2024-12,Event/Conference,4,1.0,3
2025-01,Event/Conference,4,0.0,1
2025-02,Event/Conference,4,1.0,7
2025-03,Event/Conference,4,1.0,2
2025-04,Event/Conference,4,0.5,2
2025-05,Event/Conference,4,1.0,5
2025-06,Event/Conference,4,1.0,7
2025-07,Event/Conference,4,0.8,5
2025-08,Event/Conference,4,1.0,3
2023-01,Event/Conference,5,1.0,3
2023-02,Event/Conference,5,1.0,5
2023-03,Event/Conference,5,1.0,2
2023-04,Event/Conference,5,0.75,4
2023-05,Event/Conference,5,1.0,5
2023-06,Event/Conference,5,1.0,6
2023-07,Event/Conference,5,1.0,7
2023-08,Event/Conference,5,1.0,3
2023-09,Event/Conference,5,1.0,5
2023-10,Event/Conference,5,0.6666666666666666,3
2023-11,Event/Conference,5,1.0,5
2023-12,Event/Conference,5,1.0,4
2024-01,Event/Conference,5,1.0,3
2024-02,Event/Conference,5,0.75,4
2024-03,Event/Conference,5,0.75,4
2024-04,Event/Conference,5,1.0,4
2024-05,Event/Conference,5,1.0,2
2024-06,Event/Conference,5,1.0,3
2024-07,Event/Conference,5,1.0,3
2024-08,Event/Conference,5,1.0,6
2024-09,Event/Conference,5,1.0,6
2024-10,Event/Conference,5,1.0,4
2024-11,Event/Conference,5,0.75,4
2024-12,Event/Conference,5,1.0,3
2025-01,Event/Conference,5,0.0,1
2025-02,Event/Conference,5,1.0,7
2025-03,Event/Conference,5,1.0,2
2025-04,Event/Conference,5,0.5,2
2025-05,Event/Conference,5,1.0,5
2025-06,Event/Conference,5,1.0,7
2025-07,Event/Conference,5,0.8,5
2023-01,Event/Conference,6,1.0,3
2023-02,Event/Conference,6,1.0,5
2023-03,Event/Conference,6,1.0,2
2023-04,Event/Conference,6,0.75,4
2023-05,Event/Conference,6,1.0,5
2023-06,Event/Conference,6,1.0,6
2023-07,Event/Conference,6,1.0,7
2023-08,Event/Conference,6,1.0,3
2023-09,Event/Conference,6,1.0,5
2023-10,Event/Conference,6,0.6666666666666666,3
2023-11,Event/Conference,6,0.8,5
2023-12,Event/Conference,6,0.75,4
2024-01,Event/Conference,6,1.0,3
2024-02,Event/Conference,6,0.75,4
2024-03,Event/Conference,6,0.75,4
2024-04,Event/Conference,6,1.0,4
2024-05,Event/Conference,6,1.0,2
2024-06,Event/Conference,6,1.0,3
2024-07,Event/Conference,6,1.0,3
2024-08,Event/Conference,6,1.0,6
2024-09,Event/Conference,6,0.8333333333333334,6
2024-10,Event/Conference,6,0.5,4
2024-11,Event/Conference,6,0.75,4
2024-12,Event/Conference,6,1.0,3
2025-01,Event/Conference,6,0.0,1
2025-02,Event/Conference,6,1.0,7
2025-03,Event/Conference,6,1.0,2
2025-04,Event/Conference,6,0.5,2
2025-05,Event/Conference,6,0.8,5
2025-06,Event/Conference,6,1.0,7
2023-01,Event/Conference,7,1.0,3
2023-02,Event/Conference,7,1.0,5
2023-03,Event/Conference,7,1.0,2
2023-04,Event/Conference,7,0.75,4
2023-05,Event/Conference,7,1.0,5
2023-06,Event/Conference,7,1.0,6
2023-07,Event/Conference,7,0.8571428571428571,7
2023-08,Event/Conference,7,0.6666666666666666,3
2023-09,Event/Conference,7,1.0,5
2023-10,Event/Conference,7,0.6666666666666666,3
2023-11,Event/Conference,7,0.8,5
2023-12,Event/Conference,7,0.75,4
2024-01,Event/Conference,7,1.0,3
2024-02,Event/Conference,7,0.75,4
2024-03,Event/Conference,7,0.75,4
2024-04,Event/Conference,7,1.0,4
2024-05,Event/Conference,7,1.0,2
2024-06,Event/Conference,7,1.0,3
2024-07,Event/Conference,7,1.0,3
2024-08,Event/Conference,7,1.0,6
2024-09,Event/Conference,7,0.8333333333333334,6
2024-10,Event/Conference,7,0.5,4
2024-11,Event/Conference,7,0.75,4
2024-12,Event/Conference,7,1.0,3
2025-01,Event/Conference,7,0.0,1
2025-02,Event/Conference,7,1.0,7
2025-03,Event/Conference,7,1.0,2
2025-04,Event/Conference,7,0.5,2
2025-05,Event/Conference,7,0.6,5
2023-01,Event/Conference,8,1.0,3
2023-02,Event/Conference,8,0.8,5
2023-03,Event/Conference,8,1.0,2
2023-04,Event/Conference,8,0.75,4
2023-05,Event/Conference,8,1.0,5
2023-06,Event/Conference,8,1.0,6
2023-07,Event/Conference,8,0.8571428571428571,7
2023-08,Event/Conference,8,0.6666666666666666,3
2023-09,Event/Conference,8,1.0,5
2023-10,Event/Conference,8,0.6666666666666666,3
2023-11,Event/Conference,8,0.8,5
2023-12,Event/Conference,8,0.75,4
2024-01,Event/Conference,8,1.0,3
2024-02,Event/Conference,8,0.75,4
2024-03,Event/Conference,8,0.5,4
2024-04,Event/Conference,8,1.0,4
2024-05,Event/Conference,8,1.0,2
2024-06,Event/Conference,8,1.0,3
2024-07,Event/Conference,8,1.0,3
2024-08,Event/Conference,8,1.0,6
2024-09,Event/Conference,8,0.8333333333333334,6
2024-10,Event/Conference,8,0.5,4
2024-11,Event/Conference,8,0.75,4
2024-12,Event/Conference,8,1.0,3
2025-01,Event/Conference,8,0.0,1
2025-02,Event/Conference,8,1.0,7
2025-03,Event/Conference,8,1.0,2
2025-04,Event/Conference,8,0.5,2
2023-01,Event/Conference,9,1.0,3
2023-02,Event/Conference,9,0.8,5
2023-03,Event/Conference,9,1.0,2
2023-04,Event/Conference,9,0.75,4
2023-05,Event/Conference,9,0.8,5
2023-06,Event/Conference,9,1.0,6
2023-07,Event/Conference,9,0.7142857142857143,7
2023-08,Event/Conference,9,0.6666666666666666,3
2023-09,Event/Conference,9,1.0,5
2023-10,Event/Conference,9,0.6666666666666666,3
2023-11,Event/Conference,9,0.8,5
2023-12,Event/Conference,9,0.75,4
2024-01,Event/Conference,9,1.0,3
2024-02,Event/Conference,9,0.75,4
2024-03,Event/Conference,9,0.5,4
2024-04,Event/Conference,9,1.0,4
2024-05,Event/Conference,9,1.0,2
2024-06,Event/Conference,9,1.0,3
2024-07,Event/Conference,9,1.0,3
2024-08,Event/Conference,9,1.0,6
2024-09,Event/Conference,9,0.8333333333333334,6
2024-10,Event/Conference,9,0.5,4
2024-11,Event/Conference,9,0.75,4
2024-12,Event/Conference,9,1.0,3
2025-01,Event/Conference,9,0.0,1
2025-02,Event/Conference,9,1.0,7
2025-03,Event/Conference,9,1.0,2
2023-01,Event/Conference,10,1.0,3
2023-02,Event/Conference,10,0.8,5
2023-03,Event/Conference,10,1.0,2
2023-04,Event/Conference,10,0.75,4
2023-05,Event/Conference,10,0.8,5
2023-06,Event/Conference,10,1.0,6
2023-07,Event/Conference,10,0.7142857142857143,7
2023-08,Event/Conference,10,0.6666666666666666,3
2023-09,Event/Conference,10,1.0,5
2023-10,Event/Conference,10,0.6666666666666666,3
2023-11,Event/Conference,10,0.8,5
2023-12,Event/Conference,10,0.75,4
2024-01,Event/Conference,10,1.0,3
2024-02,Event/Conference,10,0.75,4
2024-03,Event/Conference,10,0.5,4
2024-04,Event/Conference,10,1.0,4
2024-05,Event/Conference,10,1.0,2
2024-06,Event/Conference,10,1.0,3
2024-07,Event/Conference,10,1.0,3
2024-08,Event/Conference,10,1.0,6
2024-09,Event/Conference,10,0.8333333333333334,6
2024-10,Event/Conference,10,0.5,4
2024-11,Event/Conference,10,0.75,4
2024-12,Event/Conference,10,1.0,3
2025-01,Event/Conference,10,0.0,1
2025-02,Event/Conference,10,1.0,7
2023-01,Event/Conference,11,1.0,3
2023-02,Event/Conference,11,0.8,5
2023-03,Event/Conference,11,1.0,2
2023-04,Event/Conference,11,0.75,4
2023-05,Event/Conference,11,0.8,5
2023-06,Event/Conference,11,1.0,6
2023-07,Event/Conference,11,0.7142857142857143,7
2023-08,Event/Conference,11,0.6666666666666666,3
2023-09,Event/Conference,11,0.8,5
2023-10,Event/Conference,11,0.6666666666666666,3
2023-11,Event/Conference,11,0.8,5
2023-12,Event/Conference,11,0.75,4
2024-01,Event/Conference,11,1.0,3
2024-02,Event/Conference,11,0.75,4
2024-03,Event/Conference,11,0.5,4
2024-04,Event/Conference,11,1.0,4
2024-05,Event/Conference,11,1.0,2
2024-06,Event/Conference,11,1.0,3
2024-07,Event/Conference,11,1.0,3
2024-08,Event/Conference,11,1.0,6
2024-09,Event/Conference,11,0.8333333333333334,6
2024-10,Event/Conference,11,0.5,4
2024-11,Event/Conference,11,0.75,4
2024-12,Event/Conference,11,1.0,3
2025-01,Event/Conference,11,0.0,1
2023-01,Event/Conference,12,1.0,3
2023-02,Event/Conference,12,0.8,5
2023-03,Event/Conference,12,1.0,2
2023-04,Event/Conference,12,0.75,4
2023-05,Event/Conference,12,0.8,5
2023-06,Event/Conference,12,1.0,6
2023-07,Event/Conference,12,0.7142857142857143,7
2023-08,Event/Conference,12,0.6666666666666666,3
2023-09,Event/Conference,12,0.8,5
2023-10,Event/Conference,12,0.6666666666666666,3
2023-11,Event/Conference,12,0.8,5
2023-12,Event/Conference,12,0.75,4
2024-01,Event/Conference,12,1.0,3
2024-02,Event/Conference,12,0.5,4
2024-03,Event/Conference,12,0.5,4
2024-04,Event/Conference,12,1.0,4
2024-05,Event/Conference,12,0.5,2
2024-06,Event/Conference,12,1.0,3
2024-07,Event/Conference,12,1.0,3
2024-08,Event/Conference,12,1.0,6
2024-09,Event/Conference,12,0.8333333333333334,6
2024-10,Event/Conference,12,0.25,4
2024-11,Event/Conference,12,0.75,4
2024-12,Event/Conference,12,1.0,3
2023-01,Event/Conference,13,1.0,3
2023-02,Event/Conference,13,0.8,5
2023-03,Event/Conference,13,1.0,2
2023-04,Event/Conference,13,0.75,4
2023-05,Event/Conference,13,0.8,5
2023-06,Event/Conference,13,1.0,6
2023-07,Event/Conference,13,0.7142857142857143,7
2023-08,Event/Conference,13,0.6666666666666666,3
2023-09,Event/Conference,13,0.8,5
2023-10,Event/Conference,13,0.6666666666666666,3
2023-11,Event/Conference,13,0.8,5
2023-12,Event/Conference,13,0.75,4
2024-01,Event/Conference,13,1.0,3
2024-02,Event/Conference,13,0.5,4
2024-03,Event/Conference,13,0.5,4
2024-04,Event/Conference,13,1.0,4
2024-05,Event/Conference,13,0.5,2
2024-06,Event/Conference,13,1.0,3
2024-07,Event/Conference,13,1.0,3
2024-08,Event/Conference,13,1.0,6
2024-09,Event/Conference,13,0.8333333333333334,6
2024-10,Event/Conference,13,0.25,4
2024-11,Event/Conference,13,0.75,4
2023-01,Event/Conference,14,1.0,3
2023-02,Event/Conference,14,0.8,5
2023-03,Event/Conference,14,1.0,2
2023-04,Event/Conference,14,0.75,4
2023-05,Event/Conference,14,0.8,5
2023-06,Event/Conference,14,1.0,6
2023-07,Event/Conference,14,0.7142857142857143,7
2023-08,Event/Conference,14,0.6666666666666666,3
2023-09,Event/Conference,14,0.8,5
2023-10,Event/Conference,14,0.6666666666666666,3
2023-11,Event/Conference,14,0.8,5
2023-12,Event/Conference,14,0.75,4
2024-01,Event/Conference,14,1.0,3
2024-02,Event/Conference,14,0.5,4
2024-03,Event/Conference,14,0.25,4
2024-04,Event/Conference,14,1.0,4
2024-05,Event/Conference,14,0.5,2
2024-06,Event/Conference,14,1.0,3
2024-07,Event/Conference,14,0.6666666666666666,3
2024-08,Event/Conference,14,1.0,6
2024-09,Event/Conference,14,0.8333333333333334,6
2024-10,Event/Conference,14,0.25,4
2023-01,Event/Conference,15,1.0,3
2023-02,Event/Conference,15,0.8,5
2023-03,Event/Conference,15,1.0,2
2023-04,Event/Conference,15,0.75,4
2023-05,Event/Conference,15,0.8,5
2023-06,Event/Conference,15,1.0,6
2023-07,Event/Conference,15,0.7142857142857143,7
2023-08,Event/Conference,15,0.6666666666666666,3
2023-09,Event/Conference,15,0.8,5
2023-10,Event/Conference,15,0.6666666666666666,3
2023-11,Event/Conference,15,0.8,5
2023-12,Event/Conference,15,0.75,4
2024-01,Event/Conference,15,1.0,3
2024-02,Event/Conference,15,0.5,4
2024-03,Event/Conference,15,0.25,4
2024-04,Event/Conference,15,1.0,4
2024-05,Event/Conference,15,0.5,2
2024-06,Event/Conference,15,1.0,3
2024-07,Event/Conference,15,0.6666666666666666,3
2024-08,Event/Conference,15,1.0,6
2024-09,Event/Conference,15,0.8333333333333334,6
2023-01,Event/Conference,16,1.0,3
2023-02,Event/Conference,16,0.8,5
2023-03,Event/Conference,16,1.0,2
2023-04,Event/Conference,16,0.75,4
2023-05,Event/Conference,16,0.6,5
2023-06,Event/Conference,16,1.0,6
2023-07,Event/Conference,16,0.7142857142857143,7
2023-08,Event/Conference,16,0.6666666666666666,3
2023-09,Event/Conference,16,0.8,5
2023-10,Event/Conference,16,0.6666666666666666,3
2023-11,Event/Conference,16,0.6,5
2023-12,Event/Conference,16,0.5,4
2024-01,Event/Conference,16,1.0,3
2024-02,Event/Conference,16,0.5,4
2024-03,Event/Conference,16,0.25,4
2024-04,Event/Conference,16,1.0,4
2024-05,Event/Conference,16,0.5,2
2024-06,Event/Conference,16,1.0,3
2024-07,Event/Conference,16,0.6666666666666666,3
2024-08,Event/Conference,16,1.0,6
2023-01,Event/Conference,17,1.0,3
2023-02,Event/Conference,17,0.8,5
2023-03,Event/Conference,17,1.0,2
2023-04,Event/Conference,17,0.75,4
2023-05,Event/Conference,17,0.6,5
2023-06,Event/Conference,17,1.0,6
2023-07,Event/Conference,17,0.7142857142857143,7
2023-08,Event/Conference,17,0.6666666666666666,3
2023-09,Event/Conference,17,0.8,5
2023-10,Event/Conference,17,0.6666666666666666,3
2023-11,Event/Conference,17,0.6,5
2023-12,Event/Conference,17,0.25,4
2024-01,Event/Conference,17,1.0,3
2024-02,Event/Conference,17,0.5,4
2024-03,Event/Conference,17,0.25,4
2024-04,Event/Conference,17,1.0,4
2024-05,Event/Conference,17,0.5,2
2024-06,Event/Conference,17,1.0,3
2024-07,Event/Conference,17,0.6666666666666666,3
2023-01,Event/Conference,18,1.0,3
2023-02,Event/Conference,18,0.8,5
2023-03,Event/Conference,18,1.0,2
2023-04,Event/Conference,18,0.75,4
2023-05,Event/Conference,18,0.6,5
2023-06,Event/Conference,18,1.0,6
2023-07,Event/Conference,18,0.7142857142857143,7
2023-08,Event/Conference,18,0.6666666666666666,3
2023-09,Event/Conference,18,0.8,5
2023-10,Event/Conference,18,0.6666666666666666,3
2023-11,Event/Conference,18,0.6,5
2023-12,Event/Conference,18,0.25,4
2024-01,Event/Conference,18,1.0,3
2024-02,Event/Conference,18,0.5,4
2024-03,Event/Conference,18,0.25,4
2024-04,Event/Conference,18,1.0,4
2024-05,Event/Conference,18,0.5,2
2024-06,Event/Conference,18,1.0,3
2023-01,Event/Conference,19,1.0,3
2023-02,Event/Conference,19,0.8,5
2023-03,Event/Conference,19,1.0,2
2023-04,Event/Conference,19,0.75,4
2023-05,Event/Conference,19,0.6,5
2023-06,Event/Conference,19,1.0,6
2023-07,Event/Conference,19,0.7142857142857143,7
2023-08,Event/Conference,19,0.6666666666666666,3
2023-09,Event/Conference,19,0.8,5
2023-10,Event/Conference,19,0.6666666666666666,3
2023-11,Event/Conference,19,0.6,5
2023-12,Event/Conference,19,0.25,4
2024-01,Event/Conference,19,1.0,3
2024-02,Event/Conference,19,0.5,4
2024-03,Event/Conference,19,0.25,4
2024-04,Event/Conference,19,1.0,4
2024-05,Event/Conference,19,0.5,2
2023-01,Event/Conference,20,1.0,3
2023-02,Event/Conference,20,0.8,5
2023-03,Event/Conference,20,1.0,2
2023-04,Event/Conference,20,0.75,4
2023-05,Event/Conference,20,0.6,5
2023-06,Event/Conference,20,1.0,6
2023-07,Event/Conference,20,0.7142857142857143,7
2023-08,Event/Conference,20,0.6666666666666666,3
2023-09,Event/Conference,20,0.8,5
2023-10,Event/Conference,20,0.6666666666666666,3
2023-11,Event/Conference,20,0.6,5
2023-12,Event/Conference,20,0.25,4
2024-01,Event/Conference,20,1.0,3
2024-02,Event/Conference,20,0.5,4
2024-03,Event/Conference,20,0.25,4
2024-04,Event/Conference,20,1.0,4
2023-01,Event/Conference,21,1.0,3
2023-02,Event/Conference,21,0.8,5
2023-03,Event/Conference,21,1.0,2
2023-04,Event/Conference,21,0.75,4
2023-05,Event/Conference,21,0.6,5
2023-06,Event/Conference,21,1.0,6
2023-07,Event/Conference,21,0.7142857142857143,7
2023-08,Event/Conference,21,0.6666666666666666,3
2023-09,Event/Conference,21,0.8,5
2023-10,Event/Conference,21,0.6666666666666666,3
2023-11,Event/Conference,21,0.6,5
2023-12,Event/Conference,21,0.25,4
2024-01,Event/Conference,21,1.0,3
2024-02,Event/Conference,21,0.5,4
2024-03,Event/Conference,21,0.25,4
2023-01,Event/Conference,22,1.0,3
2023-02,Event/Conference,22,0.8,5
2023-03,Event/Conference,22,1.0,2
2023-04,Event/Conference,22,0.75,4
2023-05,Event/Conference,22,0.6,5
2023-06,Event/Conference,22,1.0,6
2023-07,Event/Conference,22,0.7142857142857143,7
2023-08,Event/Conference,22,0.6666666666666666,3
2023-09,Event/Conference,22,0.8,5
2023-10,Event/Conference,22,0.6666666666666666,3
2023-11,Event/Conference,22,0.6,5
2023-12,Event/Conference,22,0.25,4
2024-01,Event/Conference,22,1.0,3
2024-02,Event/Conference,22,0.5,4
2023-01,Event/Conference,23,1.0,3
2023-02,Event/Conference,23,0.8,5
2023-03,Event/Conference,23,1.0,2
2023-04,Event/Conference,23,0.75,4
2023-05,Event/Conference,23,0.6,5
2023-06,Event/Conference,23,0.8333333333333334,6
2023-07,Event/Conference,23,0.7142857142857143,7
2023-08,Event/Conference,23,0.6666666666666666,3
2023-09,Event/Conference,23,0.8,5
2023-10,Event/Conference,23,0.6666666666666666,3
2023-11,Event/Conference,23,0.4,5
2023-12,Event/Conference,23,0.25,4
2024-01,Event/Conference,23,0.6666666666666666,3
2023-01,Event/Conference,24,1.0,3
2023-02,Event/Conference,24,0.8,5
2023-03,Event/Conference,24,1.0,2
2023-04,Event/Conference,24,0.75,4
2023-05,Event/Conference,24,0.6,5
2023-06,Event/Conference,24,0.8333333333333334,6
2023-07,Event/Conference,24,0.7142857142857143,7
2023-08,Event/Conference,24,0.6666666666666666,3
2023-09,Event/Conference,24,0.8,5
2023-10,Event/Conference,24,0.6666666666666666,3
2023-11,Event/Conference,24,0.4,5
2023-12,Event/Conference,24,0.25,4
2023-01,Outbound Sales,0,1.0,3
2023-02,Outbound Sales,0,1.0,6
2023-03,Outbound Sales,0,1.0,9
2023-04,Outbound Sales,0,1.0,7
2023-05,Outbound Sales,0,1.0,6
2023-06,Outbound Sales,0,1.0,4
2023-07,Outbound Sales,0,1.0,4
2023-08,Outbound Sales,0,1.0,8
2023-09,Outbound Sales,0,1.0,8
2023-10,Outbound Sales,0,1.0,8
2023-11,Outbound Sales,0,1.0,7
2023-12,Outbound Sales,0,1.0,4
2024-01,Outbound Sales,0,1.0,4
2024-02,Outbound Sales,0,1.0,5
2024-03,Outbound Sales,0,1.0,5
2024-04,Outbound Sales,0,1.0,7
2024-05,Outbound Sales,0,1.0,7
2024-06,Outbound Sales,0,1.0,7
2024-07,Outbound Sales,0,1.0,1
2024-08,Outbound Sales,0,1.0,8
2024-09,Outbound Sales,0,1.0,5
2024-10,Outbound Sales,0,1.0,9
2024-11,Outbound Sales,0,1.0,6
2024-12,Outbound Sales,0,1.0,8
2025-01,Outbound Sales,0,1.0,9
2025-02,Outbound Sales,0,1.0,5
2025-03,Outbound Sales,0,1.0,7
2025-04,Outbound Sales,0,1.0,8
2025-05,Outbound Sales,0,1.0,4
2025-06,Outbound Sales,0,1.0,7
2025-07,Outbound Sales,0,1.0,9
2025-08,Outbound Sales,0,1.0,4
2025-09,Outbound Sales,0,1.0,5
2025-10,Outbound Sales,0,1.0,8
2025-11,Outbound Sales,0,1.0,9
2025-12,Outbound Sales,0,1.0,6
2023-01,Outbound Sales,1,1.0,3
2023-02,Outbound Sales,1,1.0,6
2023-03,Outbound Sales,1,1.0,9
2023-04,Outbound Sales,1,1.0,7
2023-05,Outbound Sales,1,1.0,6
2023-06,Outbound Sales,1,1.0,4
2023-07,Outbound Sales,1,1.0,4
2023-08,Outbound Sales,1,1.0,8
2023-09,Outbound Sales,1,0.875,8
2023-10,Outbound Sales,1,0.875,8
2023-11,Outbound Sales,1,1.0,7
2023-12,Outbound Sales,1,1.0,4
2024-01,Outbound Sales,1,0.75,4
2024-02,Outbound Sales,1,1.0,5
2024-03,Outbound Sales,1,1.0,5
2024-04,Outbound Sales,1,1.0,7
2024-05,Outbound Sales,1,1.0,7
2024-06,Outbound Sales,1,1.0,7
2024-07,Outbound Sales,1,1.0,1
2024-08,Outbound Sales,1,0.875,8
2024-09,Outbound Sales,1,1.0,5
2024-10,Outbound Sales,1,1.0,9
2024-11,Outbound Sales,1,0.8333333333333334,6
2024-12,Outbound Sales,1,1.0,8
2025-01,Outbound Sales,1,1.0,9
2025-02,Outbound Sales,1,1.0,5
2025-03,Outbound Sales,1,0.8571428571428571,7
2025-04,Outbound Sales,1,1.0,8
2025-05,Outbound Sales,1,0.75,4
2025-06,Outbound Sales,1,1.0,7
2025-07,Outbound Sales,1,1.0,9
2025-08,Outbound Sales,1,1.0,4
2025-09,Outbound Sales,1,1.0,5
2025-10,Outbound Sales,1,1.0,8
2025-11,Outbound Sales,1,0.8888888888888888,9
2023-01,Outbound Sales,2,1.0,3
2023-02,Outbound Sales,2,1.0,6
2023-03,Outbound Sales,2,1.0,9
2023-04,Outbound Sales,2,1.0,7
2023-05,Outbound Sales,2,1.0,6
2023-06,Outbound Sales,2,1.0,4
2023-07,Outbound Sales,2,1.0,4
2023-08,Outbound Sales,2,1.0,8
2023-09,Outbound Sales,2,0.875,8
2023-10,Outbound Sales,2,0.875,8
2023-11,Outbound Sales,2,1.0,7
2023-12,Outbound Sales,2,1.0,4
2024-01,Outbound Sales,2,0.75,4
2024-02,Outbound Sales,2,1.0,5
2024-03,Outbound Sales,2,1.0,5
2024-04,Outbound Sales,2,1.0,7
2024-05,Outbound Sales,2,1.0,7
2024-06,Outbound Sales,2,1.0,7
2024-07,Outbound Sales,2,1.0,1
2024-08,Outbound Sales,2,0.875,8
2024-09,Outbound Sales,2,1.0,5
2024-10,Outbound Sales,2,1.0,9
2024-11,Outbound Sales,2,0.8333333333333334,6
2024-12,Outbound Sales,2,1.0,8
2025-01,Outbound Sales,2,1.0,9
2025-02,Outbound Sales,2,1.0,5
2025-03,Outbound Sales,2,0.8571428571428571,7
2025-04,Outbound Sales,2,1.0,8
2025-05,Outbound Sales,2,0.75,4
2025-06,Outbound Sales,2,1.0,7
2025-07,Outbound Sales,2,1.0,9
2025-08,Outbound Sales,2,1.0,4
2025-09,Outbound Sales,2,1.0,5
2025-10,Outbound Sales,2,1.0,8
2023-01,Outbound Sales,3,1.0,3
2023-02,Outbound Sales,3,1.0,6
2023-03,Outbound Sales,3,1.0,9
2023-04,Outbound Sales,3,1.0,7
2023-05,Outbound Sales,3,1.0,6
2023-06,Outbound Sales,3,1.0,4
2023-07,Outbound Sales,3,1.0,4
2023-08,Outbound Sales,3,1.0,8
2023-09,Outbound Sales,3,0.875,8
2023-10,Outbound Sales,3,0.75,8
2023-11,Outbound Sales,3,1.0,7
2023-12,Outbound Sales,3,1.0,4
2024-01,Outbound Sales,3,0.75,4
2024-02,Outbound Sales,3,1.0,5
2024-03,Outbound Sales,3,1.0,5
2024-04,Outbound Sales,3,1.0,7
2024-05,Outbound Sales,3,1.0,7
2024-06,Outbound Sales,3,1.0,7
2024-07,Outbound Sales,3,1.0,1
2024-08,Outbound Sales,3,0.75,8
2024-09,Outbound Sales,3,1.0,5
2024-10,Outbound Sales,3,1.0,9
2024-11,Outbound Sales,3,0.8333333333333334,6
2024-12,Outbound Sales,3,1.0,8
2025-01,Outbound Sales,3,1.0,9
2025-02,Outbound Sales,3,1.0,5
2025-03,Outbound Sales,3,0.8571428571428571,7
2025-04,Outbound Sales,3,1.0,8
2025-05,Outbound Sales,3,0.75,4
2025-06,Outbound Sales,3,1.0,7
2025-07,Outbound Sales,3,1.0,9
2025-08,Outbound Sales,3,1.0,4
2025-09,Outbound Sales,3,1.0,5
2023-01,Outbound Sales,4,1.0,3
2023-02,Outbound Sales,4,1.0,6
2023-03,Outbound Sales,4,0.8888888888888888,9
2023-04,Outbound Sales,4,1.0,7
2023-05,Outbound Sales,4,1.0,6
2023-06,Outbound Sales,4,0.75,4
2023-07,Outbound Sales,4,1.0,4
2023-08,Outbound Sales,4,1.0,8
2023-09,Outbound Sales,4,0.875,8
2023-10,Outbound Sales,4,0.75,8
2023-11,Outbound Sales,4,1.0,7
2023-12,Outbound Sales,4,1.0,4
2024-01,Outbound Sales,4,0.75,4
2024-02,Outbound Sales,4,1.0,5
2024-03,Outbound Sales,4,1.0,5
2024-04,Outbound Sales,4,1.0,7
2024-05,Outbound Sales,4,1.0,7
2024-06,Outbound Sales,4,1.0,7
2024-07,Outbound Sales,4,1.0,1
2024-08,Outbound Sales,4,0.75,8
2024-09,Outbound Sales,4,1.0,5
2024-10,Outbound Sales,4,0.8888888888888888,9
2024-11,Outbound Sales,4,0.8333333333333334,6
2024-12,Outbound Sales,4,1.0,8
2025-01,Outbound Sales,4,0.8888888888888888,9
2025-02,Outbound Sales,4,1.0,5
2025-03,Outbound Sales,4,0.8571428571428571,7
2025-04,Outbound Sales,4,0.75,8
2025-05,Outbound Sales,4,0.75,4
2025-06,Outbound Sales,4,1.0,7
2025-07,Outbound Sales,4,1.0,9
2025-08,Outbound Sales,4,1.0,4
2023-01,Outbound Sales,5,1.0,3
2023-02,Outbound Sales,5,1.0,6
2023-03,Outbound Sales,5,0.8888888888888888,9
2023-04,Outbound Sales,5,1.0,7
2023-05,Outbound Sales,5,0.8333333333333334,6
2023-06,Outbound Sales,5,0.75,4
2023-07,Outbound Sales,5,1.0,4
2023-08,Outbound Sales,5,1.0,8
2023-09,Outbound Sales,5,0.875,8
2023-10,Outbound Sales,5,0.75,8
2023-11,Outbound Sales,5,1.0,7
2023-12,Outbound Sales,5,0.75,4
2024-01,Outbound Sales,5,0.75,4
2024-02,Outbound Sales,5,1.0,5
2024-03,Outbound Sales,5,1.0,5
2024-04,Outbound Sales,5,1.0,7
2024-05,Outbound Sales,5,1.0,7
2024-06,Outbound Sales,5,1.0,7
2024-07,Outbound Sales,5,1.0,1
2024-08,Outbound Sales,5,0.75,8
2024-09,Outbound Sales,5,1.0,5
2024-10,Outbound Sales,5,0.8888888888888888,9
2024-11,Outbound Sales,5,0.6666666666666666,6
2024-12,Outbound Sales,5,1.0,8
2025-01,Outbound Sales,5,0.8888888888888888,9
2025-02,Outbound Sales,5,1.0,5
2025-03,Outbound Sales,5,0.8571428571428571,7
2025-04,Outbound Sales,5,0.75,8
2025-05,Outbound Sales,5,0.75,4
2025-06,Outbound Sales,5,1.0,7
2025-07,Outbound Sales,5,1.0,9
2023-01,Outbound Sales,6,1.0,3
2023-02,Outbound Sales,6,1.0,6
2023-03,Outbound Sales,6,0.8888888888888888,9
2023-04,Outbound Sales,6,1.0,7
2023-05,Outbound Sales,6,0.8333333333333334,6
2023-06,Outbound Sales,6,0.75,4
2023-07,Outbound Sales,6,1.0,4
2023-08,Outbound Sales,6,1.0,8
2023-09,Outbound Sales,6,0.875,8
2023-10,Outbound Sales,6,0.75,8
2023-11,Outbound Sales,6,1.0,7
2023-12,Outbound Sales,6,0.75,4
2024-01,Outbound Sales,6,0.75,4
2024-02,Outbound Sales,6,1.0,5
2024-03,Outbound Sales,6,1.0,5
2024-04,Outbound Sales,6,1.0,7
2024-05,Outbound Sales,6,1.0,7
2024-06,Outbound Sales,6,1.0,7
2024-07,Outbound Sales,6,1.0,1
2024-08,Outbound Sales,6,0.75,8
2024-09,Outbound Sales,6,1.0,5
2024-10,Outbound Sales,6,0.8888888888888888,9
2024-11,Outbound Sales,6,0.6666666666666666,6
2024-12,Outbound Sales,6,1.0,8
2025-01,Outbound Sales,6,0.8888888888888888,9
2025-02,Outbound Sales,6,1.0,5
2025-03,Outbound Sales,6,0.8571428571428571,7
2025-04,Outbound Sales,6,0.75,8
2025-05,Outbound Sales,6,0.75,4
2025-06,Outbound Sales,6,1.0,7
2023-01,Outbound Sales,7,1.0,3
2023-02,Outbound Sales,7,1.0,6
2023-03,Outbound Sales,7,0.8888888888888888,9
2023-04,Outbound Sales,7,1.0,7
2023-05,Outbound Sales,7,0.8333333333333334,6
2023-06,Outbound Sales,7,0.75,4
2023-07,Outbound Sales,7,0.75,4
2023-08,Outbound Sales,7,1.0,8
2023-09,Outbound Sales,7,0.875,8
2023-10,Outbound Sales,7,0.75,8
2023-11,Outbound Sales,7,1.0,7
2023-12,Outbound Sales,7,0.75,4
2024-01,Outbound Sales,7,0.75,4
2024-02,Outbound Sales,7,1.0,5
2024-03,Outbound Sales,7,1.0,5
2024-04,Outbound Sales,7,1.0,7
2024-05,Outbound Sales,7,1.0,7
2024-06,Outbound Sales,7,1.0,7
2024-07,Outbound Sales,7,1.0,1
2024-08,Outbound Sales,7,0.75,8
2024-09,Outbound Sales,7,1.0,5
2024-10,Outbound Sales,7,0.8888888888888888,9
2024-11,Outbound Sales,7,0.6666666666666666,6
2024-12,Outbound Sales,7,1.0,8
2025-01,Outbound Sales,7,0.8888888888888888,9
2025-02,Outbound Sales,7,0.8,5
2025-03,Outbound Sales,7,0.8571428571428571,7
2025-04,Outbound Sales,7,0.75,8
2025-05,Outbound Sales,7,0.75,4
2023-01,Outbound Sales,8,1.0,3
2023-02,Outbound Sales,8,1.0,6
2023-03,Outbound Sales,8,0.8888888888888888,9
2023-04,Outbound Sales,8,1.0,7
2023-05,Outbound Sales,8,0.6666666666666666,6
2023-06,Outbound Sales,8,0.75,4
2023-07,Outbound Sales,8,0.75,4
2023-08,Outbound Sales,8,1.0,8
2023-09,Outbound Sales,8,0.875,8
2023-10,Outbound Sales,8,0.75,8
2023-11,Outbound Sales,8,0.8571428571428571,7
2023-12,Outbound Sales,8,0.75,4
2024-01,Outbound Sales,8,0.75,4
2024-02,Outbound Sales,8,1.0,5
2024-03,Outbound Sales,8,1.0,5
2024-04,Outbound Sales,8,0.8571428571428571,7
2024-05,Outbound Sales,8,1.0,7
2024-06,Outbound Sales,8,0.8571428571428571,7
2024-07,Outbound Sales,8,1.0,1
2024-08,Outbound Sales,8,0.75,8
2024-09,Outbound Sales,8,1.0,5
2024-10,Outbound Sales,8,0.8888888888888888,9
2024-11,Outbound Sales,8,0.6666666666666666,6
2024-12,Outbound Sales,8,1.0,8
2025-01,Outbound Sales,8,0.8888888888888888,9
2025-02,Outbound Sales,8,0.8,5
2025-03,Outbound Sales,8,0.8571428571428571,7
2025-04,Outbound Sales,8,0.75,8
2023-01,Outbound Sales,9,1.0,3
2023-02,Outbound Sales,9,1.0,6
2023-03,Outbound Sales,9,0.8888888888888888,9
2023-04,Outbound Sales,9,1.0,7
2023-05,Outbound Sales,9,0.6666666666666666,6
2023-06,Outbound Sales,9,0.75,4
2023-07,Outbound Sales,9,0.75,4
2023-08,Outbound Sales,9,1.0,8
2023-09,Outbound Sales,9,0.875,8
2023-10,Outbound Sales,9,0.75,8
2023-11,Outbound Sales,9,0.8571428571428571,7
2023-12,Outbound Sales,9,0.75,4
2024-01,Outbound Sales,9,0.75,4
2024-02,Outbound Sales,9,1.0,5
2024-03,Outbound Sales,9,1.0,5
2024-04,Outbound Sales,9,0.8571428571428571,7
2024-05,Outbound Sales,9,1.0,7
2024-06,Outbound Sales,9,0.8571428571428571,7
2024-07,Outbound Sales,9,1.0,1
2024-08,Outbound Sales,9,0.75,8
2024-09,Outbound Sales,9,1.0,5
2024-10,Outbound Sales,9,0.8888888888888888,9
2024-11,Outbound Sales,9,0.6666666666666666,6
2024-12,Outbound Sales,9,1.0,8
2025-01,Outbound Sales,9,0.8888888888888888,9
2025-02,Outbound Sales,9,0.8,5
2025-03,Outbound Sales,9,0.8571428571428571,7
2023-01,Outbound Sales,10,1.0,3
2023-02,Outbound Sales,10,1.0,6
2023-03,Outbound Sales,10,0.8888888888888888,9
2023-04,Outbound Sales,10,1.0,7
2023-05,Outbound Sales,10,0.6666666666666666,6
2023-06,Outbound Sales,10,0.75,4
2023-07,Outbound Sales,10,0.75,4
2023-08,Outbound Sales,10,1.0,8
2023-09,Outbound Sales,10,0.875,8
2023-10,Outbound Sales,10,0.75,8
2023-11,Outbound Sales,10,0.8571428571428571,7
2023-12,Outbound Sales,10,0.75,4
2024-01,Outbound Sales,10,0.75,4
2024-02,Outbound Sales,10,1.0,5
2024-03,Outbound Sales,10,1.0,5
2024-04,Outbound Sales,10,0.8571428571428571,7
2024-05,Outbound Sales,10,1.0,7
2024-06,Outbound Sales,10,0.8571428571428571,7
2024-07,Outbound Sales,10,1.0,1
2024-08,Outbound Sales,10,0.75,8
2024-09,Outbound Sales,10,1.0,5
2024-10,Outbound Sales,10,0.8888888888888888,9
2024-11,Outbound Sales,10,0.6666666666666666,6
2024-12,Outbound Sales,10,1.0,8
2025-01,Outbound Sales,10,0.8888888888888888,9
2025-02,Outbound Sales,10,0.8,5
2023-01,Outbound Sales,11,1.0,3
2023-02,Outbound Sales,11,0.8333333333333334,6
2023-03,Outbound Sales,11,0.8888888888888888,9
2023-04,Outbound Sales,11,1.0,7
2023-05,Outbound Sales,11,0.6666666666666666,6
2023-06,Outbound Sales,11,0.75,4
2023-07,Outbound Sales,11,0.75,4
2023-08,Outbound Sales,11,1.0,8
2023-09,Outbound Sales,11,0.875,8
2023-10,Outbound Sales,11,0.75,8
2023-11,Outbound Sales,11,0.8571428571428571,7
2023-12,Outbound Sales,11,0.75,4
2024-01,Outbound Sales,11,0.75,4
2024-02,Outbound Sales,11,1.0,5
2024-03,Outbound Sales,11,1.0,5
2024-04,Outbound Sales,11,0.8571428571428571,7
2024-05,Outbound Sales,11,1.0,7
2024-06,Outbound Sales,11,0.7142857142857143,7
2024-07,Outbound Sales,11,1.0,1
2024-08,Outbound Sales,11,0.75,8
2024-09,Outbound Sales,11,1.0,5
2024-10,Outbound Sales,11,0.8888888888888888,9
2024-11,Outbound Sales,11,0.6666666666666666,6
2024-12,Outbound Sales,11,1.0,8
2025-01,Outbound Sales,11,0.8888888888888888,9
2023-01,Outbound Sales,12,1.0,3
2023-02,Outbound Sales,12,0.8333333333333334,6
2023-03,Outbound Sales,12,0.8888888888888888,9
2023-04,Outbound Sales,12,1.0,7
2023-05,Outbound Sales,12,0.6666666666666666,6
2023-06,Outbound Sales,12,0.75,4
2023-07,Outbound Sales,12,0.75,4
2023-08,Outbound Sales,12,1.0,8
2023-09,Outbound Sales,12,0.875,8
2023-10,Outbound Sales,12,0.75,8
2023-11,Outbound Sales,12,0.8571428571428571,7
2023-12,Outbound Sales,12,0.75,4
2024-01,Outbound Sales,12,0.75,4
2024-02,Outbound Sales,12,1.0,5
2024-03,Outbound Sales,12,0.8,5
2024-04,Outbound Sales,12,0.8571428571428571,7
2024-05,Outbound Sales,12,1.0,7
2024-06,Outbound Sales,12,0.7142857142857143,7
2024-07,Outbound Sales,12,1.0,1
2024-08,Outbound Sales,12,0.625,8
2024-09,Outbound Sales,12,1.0,5
2024-10,Outbound Sales,12,0.8888888888888888,9
2024-11,Outbound Sales,12,0.6666666666666666,6
2024-12,Outbound Sales,12,1.0,8
2023-01,Outbound Sales,13,1.0,3
2023-02,Outbound Sales,13,0.8333333333333334,6
2023-03,Outbound Sales,13,0.8888888888888888,9
2023-04,Outbound Sales,13,1.0,7
2023-05,Outbound Sales,13,0.5,6
2023-06,Outbound Sales,13,0.75,4
2023-07,Outbound Sales,13,0.75,4
2023-08,Outbound Sales,13,1.0,8
2023-09,Outbound Sales,13,0.875,8
2023-10,Outbound Sales,13,0.625,8
2023-11,Outbound Sales,13,0.8571428571428571,7
2023-12,Outbound Sales,13,0.75,4
2024-01,Outbound Sales,13,0.75,4
2024-02,Outbound Sales,13,1.0,5
2024-03,Outbound Sales,13,0.6,5
2024-04,Outbound Sales,13,0.8571428571428571,7
2024-05,Outbound Sales,13,1.0,7
2024-06,Outbound Sales,13,0.7142857142857143,7
2024-07,Outbound Sales,13,1.0,1
2024-08,Outbound Sales,13,0.625,8
2024-09,Outbound Sales,13,1.0,5
2024-10,Outbound Sales,13,0.8888888888888888,9
2024-11,Outbound Sales,13,0.6666666666666666,6
2023-01,Outbound Sales,14,1.0,3
2023-02,Outbound Sales,14,0.8333333333333334,6
2023-03,Outbound Sales,14,0.7777777777777778,9
2023-04,Outbound Sales,14,1.0,7
2023-05,Outbound Sales,14,0.5,6
2023-06,Outbound Sales,14,0.75,4
2023-07,Outbound Sales,14,0.75,4
2023-08,Outbound Sales,14,1.0,8
2023-09,Outbound Sales,14,0.875,8
2023-10,Outbound Sales,14,0.625,8
2023-11,Outbound Sales,14,0.8571428571428571,7
2023-12,Outbound Sales,14,0.75,4
2024-01,Outbound Sales,14,0.75,4
2024-02,Outbound Sales,14,0.8,5
2024-03,Outbound Sales,14,0.6,5
2024-04,Outbound Sales,14,0.7142857142857143,7
2024-05,Outbound Sales,14,1.0,7
2024-06,Outbound Sales,14,0.7142857142857143,7
2024-07,Outbound Sales,14,1.0,1
2024-08,Outbound Sales,14,0.625,8
2024-09,Outbound Sales,14,1.0,5
2024-10,Outbound Sales,14,0.8888888888888888,9
2023-01,Outbound Sales,15,1.0,3
2023-02,Outbound Sales,15,0.8333333333333334,6
2023-03,Outbound Sales,15,0.7777777777777778,9
2023-04,Outbound Sales,15,1.0,7
2023-05,Outbound Sales,15,0.5,6
2023-06,Outbound Sales,15,0.75,4
2023-07,Outbound Sales,15,0.75,4
2023-08,Outbound Sales,15,1.0,8
2023-09,Outbound Sales,15,0.875,8
2023-10,Outbound Sales,15,0.625,8
2023-11,Outbound Sales,15,0.8571428571428571,7
2023-12,Outbound Sales,15,0.75,4
2024-01,Outbound Sales,15,0.75,4
2024-02,Outbound Sales,15,0.8,5
2024-03,Outbound Sales,15,0.6,5
2024-04,Outbound Sales,15,0.7142857142857143,7
2024-05,Outbound Sales,15,1.0,7
2024-06,Outbound Sales,15,0.7142857142857143,7
2024-07,Outbound Sales,15,1.0,1
2024-08,Outbound Sales,15,0.625,8
2024-09,Outbound Sales,15,1.0,5
2023-01,Outbound Sales,16,1.0,3
2023-02,Outbound Sales,16,0.8333333333333334,6
2023-03,Outbound Sales,16,0.7777777777777778,9
2023-04,Outbound Sales,16,1.0,7
2023-05,Outbound Sales,16,0.5,6
2023-06,Outbound Sales,16,0.75,4
2023-07,Outbound Sales,16,0.75,4
2023-08,Outbound Sales,16,1.0,8
2023-09,Outbound Sales,16,0.75,8
2023-10,Outbound Sales,16,0.625,8
2023-11,Outbound Sales,16,0.8571428571428571,7
2023-12,Outbound Sales,16,0.75,4
2024-01,Outbound Sales,16,0.75,4
2024-02,Outbound Sales,16,0.8,5
2024-03,Outbound Sales,16,0.6,5
2024-04,Outbound Sales,16,0.7142857142857143,7
2024-05,Outbound Sales,16,1.0,7
2024-06,Outbound Sales,16,0.7142857142857143,7
2024-07,Outbound Sales,16,1.0,1
2024-08,Outbound Sales,16,0.625,8
2023-01,Outbound Sales,17,1.0,3
2023-02,Outbound Sales,17,0.8333333333333334,6
2023-03,Outbound Sales,17,0.7777777777777778,9
2023-04,Outbound Sales,17,1.0,7
2023-05,Outbound Sales,17,0.5,6
2023-06,Outbound Sales,17,0.75,4
2023-07,Outbound Sales,17,0.75,4
2023-08,Outbound Sales,17,1.0,8
2023-09,Outbound Sales,17,0.75,8
2023-10,Outbound Sales,17,0.625,8
2023-11,Outbound Sales,17,0.8571428571428571,7
2023-12,Outbound Sales,17,0.75,4
2024-01,Outbound Sales,17,0.5,4
2024-02,Outbound Sales,17,0.8,5
2024-03,Outbound Sales,17,0.6,5
2024-04,Outbound Sales,17,0.7142857142857143,7
2024-05,Outbound Sales,17,1.0,7
2024-06,Outbound Sales,17,0.7142857142857143,7
2024-07,Outbound Sales,17,1.0,1
2023-01,Outbound Sales,18,1.0,3
2023-02,Outbound Sales,18,0.8333333333333334,6
2023-03,Outbound Sales,18,0.7777777777777778,9
2023-04,Outbound Sales,18,1.0,7
2023-05,Outbound Sales,18,0.5,6
2023-06,Outbound Sales,18,0.75,4
2023-07,Outbound Sales,18,0.75,4
2023-08,Outbound Sales,18,1.0,8
2023-09,Outbound Sales,18,0.75,8
2023-10,Outbound Sales,18,0.625,8
2023-11,Outbound Sales,18,0.8571428571428571,7
2023-12,Outbound Sales,18,0.75,4
2024-01,Outbound Sales,18,0.5,4
2024-02,Outbound Sales,18,0.8,5
2024-03,Outbound Sales,18,0.6,5
2024-04,Outbound Sales,18,0.7142857142857143,7
2024-05,Outbound Sales,18,1.0,7
2024-06,Outbound Sales,18,0.7142857142857143,7
2023-01,Outbound Sales,19,1.0,3
2023-02,Outbound Sales,19,0.8333333333333334,6
2023-03,Outbound Sales,19,0.7777777777777778,9
2023-04,Outbound Sales,19,1.0,7
2023-05,Outbound Sales,19,0.5,6
2023-06,Outbound Sales,19,0.75,4
2023-07,Outbound Sales,19,0.75,4
2023-08,Outbound Sales,19,1.0,8
2023-09,Outbound Sales,19,0.75,8
2023-10,Outbound Sales,19,0.625,8
2023-11,Outbound Sales,19,0.8571428571428571,7
2023-12,Outbound Sales,19,0.75,4
2024-01,Outbound Sales,19,0.5,4
2024-02,Outbound Sales,19,0.6,5
2024-03,Outbound Sales,19,0.6,5
2024-04,Outbound Sales,19,0.7142857142857143,7
2024-05,Outbound Sales,19,1.0,7
2023-01,Outbound Sales,20,1.0,3
2023-02,Outbound Sales,20,0.8333333333333334,6
2023-03,Outbound Sales,20,0.7777777777777778,9
2023-04,Outbound Sales,20,1.0,7
2023-05,Outbound Sales,20,0.5,6
2023-06,Outbound Sales,20,0.75,4
2023-07,Outbound Sales,20,0.75,4
2023-08,Outbound Sales,20,1.0,8
2023-09,Outbound Sales,20,0.75,8
2023-10,Outbound Sales,20,0.625,8
2023-11,Outbound Sales,20,0.8571428571428571,7
2023-12,Outbound Sales,20,0.75,4
2024-01,Outbound Sales,20,0.25,4
2024-02,Outbound Sales,20,0.6,5
2024-03,Outbound Sales,20,0.6,5
2024-04,Outbound Sales,20,0.7142857142857143,7
2023-01,Outbound Sales,21,1.0,3
2023-02,Outbound Sales,21,0.8333333333333334,6
2023-03,Outbound Sales,21,0.7777777777777778,9
2023-04,Outbound Sales,21,1.0,7
2023-05,Outbound Sales,21,0.5,6
2023-06,Outbound Sales,21,0.75,4
2023-07,Outbound Sales,21,0.75,4
2023-08,Outbound Sales,21,1.0,8
2023-09,Outbound Sales,21,0.75,8
2023-10,Outbound Sales,21,0.625,8
2023-11,Outbound Sales,21,0.7142857142857143,7
2023-12,Outbound Sales,21,0.75,4
2024-01,Outbound Sales,21,0.25,4
2024-02,Outbound Sales,21,0.6,5
2024-03,Outbound Sales,21,0.6,5
2023-01,Outbound Sales,22,1.0,3
2023-02,Outbound Sales,22,0.8333333333333334,6
2023-03,Outbound Sales,22,0.7777777777777778,9
2023-04,Outbound Sales,22,1.0,7
2023-05,Outbound Sales,22,0.5,6
2023-06,Outbound Sales,22,0.75,4
2023-07,Outbound Sales,22,0.5,4
2023-08,Outbound Sales,22,1.0,8
2023-09,Outbound Sales,22,0.75,8
2023-10,Outbound Sales,22,0.625,8
2023-11,Outbound Sales,22,0.7142857142857143,7
2023-12,Outbound Sales,22,0.75,4
2024-01,Outbound Sales,22,0.25,4
2024-02,Outbound Sales,22,0.6,5
2023-01,Outbound Sales,23,1.0,3
2023-02,Outbound Sales,23,0.6666666666666666,6
2023-03,Outbound Sales,23,0.7777777777777778,9
2023-04,Outbound Sales,23,1.0,7
2023-05,Outbound Sales,23,0.5,6
2023-06,Outbound Sales,23,0.75,4
2023-07,Outbound Sales,23,0.5,4
2023-08,Outbound Sales,23,0.875,8
2023-09,Outbound Sales,23,0.75,8
2023-10,Outbound Sales,23,0.625,8
2023-11,Outbound Sales,23,0.7142857142857143,7
2023-12,Outbound Sales,23,0.75,4
2024-01,Outbound Sales,23,0.25,4
2023-01,Outbound Sales,24,1.0,3
2023-02,Outbound Sales,24,0.6666666666666666,6
2023-03,Outbound Sales,24,0.7777777777777778,9
2023-04,Outbound Sales,24,1.0,7
2023-05,Outbound Sales,24,0.5,6
2023-06,Outbound Sales,24,0.75,4
2023-07,Outbound Sales,24,0.5,4
2023-08,Outbound Sales,24,0.875,8
2023-09,Outbound Sales,24,0.75,8
2023-10,Outbound Sales,24,0.625,8
2023-11,Outbound Sales,24,0.7142857142857143,7
2023-12,Outbound Sales,24,0.75,4
2023-01,All,0,1.0,18
2023-02,All,0,1.0,18
2023-03,All,0,1.0,20
2023-04,All,0,1.0,20
2023-05,All,0,1.0,20
2023-06,All,0,1.0,20
2023-07,All,0,1.0,20
2023-08,All,0,1.0,20
2023-09,All,0,1.0,20
2023-10,All,0,1.0,23
2023-11,All,0,1.0,23
2023-12,All,0,1.0,20
2024-01,All,0,1.0,18
2024-02,All,0,1.0,18
2024-03,All,0,1.0,20
2024-04,All,0,1.0,20
2024-05,All,0,1.0,20
2024-06,All,0,1.0,20
2024-07,All,0,1.0,40
2024-08,All,0,1.0,40
2024-09,All,0,1.0,40
2024-10,All,0,1.0,23
2024-11,All,0,1.0,23
2024-12,All,0,1.0,20
2025-01,All,0,1.0,18
2025-02,All,0,1.0,18
2025-03,All,0,1.0,20
2025-04,All,0,1.0,20
2025-05,All,0,1.0,20
2025-06,All,0,1.0,20
2025-07,All,0,1.0,20
2025-08,All,0,1.0,20
2025-09,All,0,1.0,20
2025-10,All,0,1.0,23
2025-11,All,0,1.0,23
2025-12,All,0,1.0,20
2023-01,All,1,0.9444444444444444,18
2023-02,All,1,1.0,18
2023-03,All,1,1.0,20
2023-04,All,1,1.0,20
2023-05,All,1,1.0,20
2023-06,All,1,1.0,20
2023-07,All,1,1.0,20
2023-08,All,1,0.95,20
2023-09,All,1,0.95,20
2023-10,All,1,0.9565217391304348,23
2023-11,All,1,1.0,23
2023-12,All,1,1.0,20
2024-01,All,1,0.8888888888888888,18
2024-02,All,1,1.0,18
2024-03,All,1,1.0,20
2024-04,All,1,1.0,20
2024-05,All,1,1.0,20
2024-06,All,1,1.0,20
2024-07,All,1,1.0,40
2024-08,All,1,0.925,40
2024-09,All,1,0.975,40
2024-10,All,1,1.0,23
2024-11,All,1,0.9565217391304348,23
2024-12,All,1,1.0,20
2025-01,All,1,0.9444444444444444,18
2025-02,All,1,1.0,18
2025-03,All,1,0.9,20
2025-04,All,1,1.0,20
2025-05,All,1,0.95,20
2025-06,All,1,1.0,20
2025-07,All,1,1.0,20
2025-08,All,1,1.0,20
2025-09,All,1,1.0,20
2025-10,All,1,1.0,23
2025-11,All,1,0.9565217391304348,23
2023-01,All,2,0.9444444444444444,18
2023-02,All,2,1.0,18
2023-03,All,2,1.0,20
2023-04,All,2,1.0,20
2023-05,All,2,1.0,20
2023-06,All,2,1.0,20
2023-07,All,2,1.0,20
2023-08,All,2,0.9,20
2023-09,All,2,0.95,20
2023-10,All,2,0.8260869565217391,23
2023-11,All,2,1.0,23
2023-12,All,2,1.0,20
2024-01,All,2,0.8888888888888888,18
2024-02,All,2,1.0,18
2024-03,All,2,0.95,20
2024-04,All,2,1.0,20
2024-05,All,2,1.0,20
2024-06,All,2,1.0,20
2024-07,All,2,0.925,40
2024-08,All,2,0.925,40
2024-09,All,2,0.975,40
2024-10,All,2,1.0,23
2024-11,All,2,0.9565217391304348,23
2024-12,All,2,1.0,20
2025-01,All,2,0.9444444444444444,18
2025-02,All,2,1.0,18
2025-03,All,2,0.9,20
2025-04,All,2,0.95,20
2025-05,All,2,0.95,20
2025-06,All,2,1.0,20
2025-07,All,2,1.0,20
2025-08,All,2,1.0,20
2025-09,All,2,1.0,20
2025-10,All,2,1.0,23
2023-01,All,3,0.9444444444444444,18
2023-02,All,3,1.0,18
2023-03,All,3,1.0,20
2023-04,All,3,0.95,20
2023-05,All,3,1.0,20
2023-06,All,3,1.0,20
2023-07,All,3,1.0,20
2023-08,All,3,0.9,20
2023-09,All,3,0.9,20
2023-10,All,3,0.782608695652174,23
2023-11,All,3,1.0,23
2023-12,All,3,1.0,20
2024-01,All,3,0.8888888888888888,18
2024-02,All,3,1.0,18
2024-03,All,3,0.9,20
2024-04,All,3,1.0,20
2024-05,All,3,1.0,20
2024-06,All,3,0.95,20
2024-07,All,3,0.85,40
2024-08,All,3,0.9,40
2024-09,All,3,0.975,40
2024-10,All,3,1.0,23
2024-11,All,3,0.9130434782608695,23
2024-12,All,3,1.0,20
2025-01,All,3,0.9444444444444444,18
2025-02,All,3,1.0,18
2025-03,All,3,0.9,20
2025-04,All,3,0.95,20
2025-05,All,3,0.95,20
2025-06,All,3,0.95,20
2025-07,All,3,0.95,20
2025-08,All,3,0.95,20
2025-09,All,3,1.0,20
2023-01,All,4,0.8888888888888888,18
2023-02,All,4,1.0,18
2023-03,All,4,0.95,20
2023-04,All,4,0.95,20
2023-05,All,4,1.0,20
2023-06,All,4,0.95,20
2023-07,All,4,1.0,20
2023-08,All,4,0.9,20
2023-09,All,4,0.9,20
2023-10,All,4,0.782608695652174,23
2023-11,All,4,1.0,23
2023-12,All,4,0.95,20
2024-01,All,4,0.8888888888888888,18
2024-02,All,4,1.0,18
2024-03,All,4,0.9,20
2024-04,All,4,1.0,20
2024-05,All,4,1.0,20
2024-06,All,4,0.95,20
2024-07,All,4,0.775,40
2024-08,All,4,0.9,40
2024-09,All,4,0.975,40
2024-10,All,4,0.9565217391304348,23
2024-11,All,4,0.9130434782608695,23
2024-12,All,4,1.0,20
2025-01,All,4,0.8333333333333334,18
2025-02,All,4,1.0,18
2025-03,All,4,0.9,20
2025-04,All,4,0.85,20
2025-05,All,4,0.9,20
2025-06,All,4,0.95,20
2025-07,All,4,0.95,20
2025-08,All,4,0.95,20
2023-01,All,5,0.8888888888888888,18
2023-02,All,5,1.0,18
2023-03,All,5,0.95,20
2023-04,All,5,0.95,20
2023-05,All,5,0.95,20
2023-06,All,5,0.95,20
2023-07,All,5,1.0,20
2023-08,All,5,0.9,20
2023-09,All,5,0.9,20
2023-10,All,5,0.782608695652174,23
2023-11,All,5,1.0,23
2023-12,All,5,0.9,20
2024-01,All,5,0.8888888888888888,18
2024-02,All,5,0.9444444444444444,18
2024-03,All,5,0.9,20
2024-04,All,5,1.0,20
2024-05,All,5,1.0,20
2024-06,All,5,0.95,20
2024-07,All,5,0.75,40
2024-08,All,5,0.9,40
2024-09,All,5,0.95,40
2024-10,All,5,0.9565217391304348,23
2024-11,All,5,0.8695652173913043,23
2024-12,All,5,1.0,20
2025-01,All,5,0.8333333333333334,18
2025-02,All,5,1.0,18
2025-03,All,5,0.85,20
2025-04,All,5,0.85,20
2025-05,All,5,0.9,20
2025-06,All,5,0.9,20
2025-07,All,5,0.95,20
2023-01,All,6,0.8888888888888888,18
2023-02,All,6,0.9444444444444444,18
2023-03,All,6,0.95,20
2023-04,All,6,0.9,20
2023-05,All,6,0.95,20
2023-06,All,6,0.95,20
2023-07,All,6,0.95,20
2023-08,All,6,0.9,20
2023-09,All,6,0.9,20
2023-10,All,6,0.782608695652174,23
2023-11,All,6,0.9565217391304348,23
2023-12,All,6,0.85,20
2024-01,All,6,0.8888888888888888,18
2024-02,All,6,0.9444444444444444,18
2024-03,All,6,0.9,20
2024-04,All,6,1.0,20
2024-05,All,6,1.0,20
2024-06,All,6,0.95,20
2024-07,All,6,0.75,40
2024-08,All,6,0.9,40
2024-09,All,6,0.925,40
2024-10,All,6,0.8695652173913043,23
2024-11,All,6,0.8695652173913043,23
2024-12,All,6,1.0,20
2025-01,All,6,0.8333333333333334,18
2025-02,All,6,1.0,18
2025-03,All,6,0.85,20
2025-04,All,6,0.85,20
2025-05,All,6,0.85,20
2025-06,All,6,0.9,20
2023-01,All,7,0.8888888888888888,18
2023-02,All,7,0.9444444444444444,18
2023-03,All,7,0.95,20
2023-04,All,7,0.9,20
2023-05,All,7,0.9,20
2023-06,All,7,0.95,20
2023-07,All,7,0.85,20
2023-08,All,7,0.85,20
2023-09,All,7,0.85,20
2023-10,All,7,0.782608695652174,23
2023-11,All,7,0.9565217391304348,23
2023-12,All,7,0.8,20
2024-01,All,7,0.8888888888888888,18
2024-02,All,7,0.9444444444444444,18
2024-03,All,7,0.9,20
2024-04,All,7,1.0,20
2024-05,All,7,1.0,20
2024-06,All,7,0.95,20
2024-07,All,7,0.75,40
2024-08,All,7,0.85,40
2024-09,All,7,0.9,40
2024-10,All,7,0.8260869565217391,23
2024-11,All,7,0.8695652173913043,23
2024-12,All,7,1.0,20
2025-01,All,7,0.8333333333333334,18
2025-02,All,7,0.9444444444444444,18
2025-03,All,7,0.85,20
2025-04,All,7,0.85,20
2025-05,All,7,0.75,20
2023-01,All,8,0.8888888888888888,18
2023-02,All,8,0.8333333333333334,18
2023-03,All,8,0.9,20
2023-04,All,8,0.85,20
2023-05,All,8,0.85,20
2023-06,All,8,0.95,20
2023-07,All,8,0.85,20
2023-08,All,8,0.85,20
2023-09,All,8,0.85,20
2023-10,All,8,0.782608695652174,23
2023-11,All,8,0.9130434782608695,23
2023-12,All,8,0.8,20
2024-01,All,8,0.7777777777777778,18
2024-02,All,8,0.9444444444444444,18
2024-03,All,8,0.85,20
2024-04,All,8,0.9,20
2024-05,All,8,1.0,20
2024-06,All,8,0.9,20
2024-07,All,8,0.725,40
2024-08,All,8,0.825,40
2024-09,All,8,0.875,40
2024-10,All,8,0.8260869565217391,23
2024-11,All,8,0.8260869565217391,23
2024-12,All,8,1.0,20
2025-01,All,8,0.8333333333333334,18
2025-02,All,8,0.9444444444444444,18
2025-03,All,8,0.85,20
2025-04,All,8,0.85,20
2023-01,All,9,0.8888888888888888,18
2023-02,All,9,0.8333333333333334,18
2023-03,All,9,0.9,20
2023-04,All,9,0.85,20
2023-05,All,9,0.8,20
2023-06,All,9,0.9,20
2023-07,All,9,0.8,20
2023-08,All,9,0.85,20
2023-09,All,9,0.85,20
2023-10,All,9,0.782608695652174,23
2023-11,All,9,0.9130434782608695,23
2023-12,All,9,0.8,20
2024-01,All,9,0.7777777777777778,18
2024-02,All,9,0.9444444444444444,18
2024-03,All,9,0.85,20
2024-04,All,9,0.9,20
2024-05,All,9,1.0,20
2024-06,All,9,0.9,20
2024-07,All,9,0.725,40
2024-08,All,9,0.775,40
2024-09,All,9,0.85,40
2024-10,All,9,0.8260869565217391,23
2024-11,All,9,0.782608695652174,23
2024-12,All,9,1.0,20
2025-01,All,9,0.8333333333333334,18
2025-02,All,9,0.9444444444444444,18
2025-03,All,9,0.85,20
2023-01,All,10,0.8888888888888888,18
2023-02,All,10,0.8333333333333334,18
2023-03,All,10,0.85,20
2023-04,All,10,0.85,20
2023-05,All,10,0.8,20
2023-06,All,10,0.9,20
2023-07,All,10,0.8,20
2023-08,All,10,0.85,20
2023-09,All,10,0.85,20
2023-10,All,10,0.782608695652174,23
2023-11,All,10,0.9130434782608695,23
2023-12,All,10,0.8,20
2024-01,All,10,0.7222222222222222,18
2024-02,All,10,0.9444444444444444,18
2024-03,All,10,0.85,20
2024-04,All,10,0.9,20
2024-05,All,10,1.0,20
2024-06,All,10,0.9,20
2024-07,All,10,0.725,40
2024-08,All,10,0.75,40
2024-09,All,10,0.85,40
2024-10,All,10,0.8260869565217391,23
2024-11,All,10,0.782608695652174,23
2024-12,All,10,1.0,20
2025-01,All,10,0.8333333333333334,18
2025-02,All,10,0.9444444444444444,18
2023-01,All,11,0.8888888888888888,18
2023-02,All,11,0.7777777777777778,18
2023-03,All,11,0.85,20
2023-04,All,11,0.85,20
2023-05,All,11,0.8,20
2023-06,All,11,0.9,20
2023-07,All,11,0.75,20
2023-08,All,11,0.85,20
2023-09,All,11,0.8,20
2023-10,All,11,0.782608695652174,23
2023-11,All,11,0.9130434782608695,23
2023-12,All,11,0.8,20
2024-01,All,11,0.7222222222222222,18
2024-02,All,11,0.9444444444444444,18
2024-03,All,11,0.85,20
2024-04,All,11,0.9,20
2024-05,All,11,1.0,20
2024-06,All,11,0.8,20
2024-07,All,11,0.725,40
2024-08,All,11,0.75,40
2024-09,All,11,0.85,40
2024-10,All,11,0.8260869565217391,23
2024-11,All,11,0.782608695652174,23
2024-12,All,11,1.0,20
2025-01,All,11,0.8333333333333334,18
2023-01,All,12,0.8888888888888888,18
2023-02,All,12,0.7777777777777778,18
2023-03,All,12,0.85,20
2023-04,All,12,0.85,20
2023-05,All,12,0.8,20
2023-06,All,12,0.9,20
2023-07,All,12,0.75,20
2023-08,All,12,0.85,20
2023-09,All,12,0.8,20
2023-10,All,12,0.7391304347826086,23
2023-11,All,12,0.9130434782608695,23
2023-12,All,12,0.8,20
2024-01,All,12,0.7222222222222222,18
2024-02,All,12,0.8888888888888888,18
2024-03,All,12,0.8,20
2024-04,All,12,0.9,20
2024-05,All,12,0.95,20
2024-06,All,12,0.8,20
2024-07,All,12,0.725,40
2024-08,All,12,0.7,40
2024-09,All,12,0.825,40
2024-10,All,12,0.782608695652174,23
2024-11,All,12,0.782608695652174,23
2024-12,All,12,1.0,20
2023-01,All,13,0.8888888888888888,18
2023-02,All,13,0.7777777777777778,18
2023-03,All,13,0.85,20
2023-04,All,13,0.85,20
2023-05,All,13,0.75,20
2023-06,All,13,0.9,20
2023-07,All,13,0.75,20
2023-08,All,13,0.85,20
2023-09,All,13,0.8,20
2023-10,All,13,0.6956521739130435,23
2023-11,All,13,0.9130434782608695,23
2023-12,All,13,0.8,20
2024-01,All,13,0.7222222222222222,18
2024-02,All,13,0.8888888888888888,18
2024-03,All,13,0.75,20
2024-04,All,13,0.9,20
2024-05,All,13,0.95,20
2024-06,All,13,0.8,20
2024-07,All,13,0.725,40
2024-08,All,13,0.675,40
2024-09,All,13,0.8,40
2024-10,All,13,0.782608695652174,23
2024-11,All,13,0.782608695652174,23
2023-01,All,14,0.8888888888888888,18
2023-02,All,14,0.7777777777777778,18
2023-03,All,14,0.8,20
2023-04,All,14,0.85,20
2023-05,All,14,0.75,20
2023-06,All,14,0.9,20
2023-07,All,14,0.75,20
2023-08,All,14,0.85,20
2023-09,All,14,0.8,20
2023-10,All,14,0.6956521739130435,23
2023-11,All,14,0.9130434782608695,23
2023-12,All,14,0.8,20
2024-01,All,14,0.7222222222222222,18
2024-02,All,14,0.8333333333333334,18
2024-03,All,14,0.7,20
2024-04,All,14,0.8,20
2024-05,All,14,0.95,20
2024-06,All,14,0.8,20
2024-07,All,14,0.675,40
2024-08,All,14,0.675,40
2024-09,All,14,0.8,40
2024-10,All,14,0.782608695652174,23
2023-01,All,15,0.8888888888888888,18
2023-02,All,15,0.7777777777777778,18
2023-03,All,15,0.8,20
2023-04,All,15,0.85,20
2023-05,All,15,0.75,20
2023-06,All,15,0.9,20
2023-07,All,15,0.75,20
2023-08,All,15,0.85,20
2023-09,All,15,0.8,20
2023-10,All,15,0.6956521739130435,23
2023-11,All,15,0.8695652173913043,23
2023-12,All,15,0.8,20
2024-01,All,15,0.7222222222222222,18
2024-02,All,15,0.8333333333333334,18
2024-03,All,15,0.7,20
2024-04,All,15,0.8,20
2024-05,All,15,0.95,20
2024-06,All,15,0.8,20
2024-07,All,15,0.65,40
2024-08,All,15,0.675,40
2024-09,All,15,0.775,40
2023-01,All,16,0.8333333333333334,18
2023-02,All,16,0.7222222222222222,18
2023-03,All,16,0.8,20
2023-04,All,16,0.8,20
2023-05,All,16,0.7,20
2023-06,All,16,0.9,20
2023-07,All,16,0.75,20
2023-08,All,16,0.85,20
2023-09,All,16,0.75,20
2023-10,All,16,0.6956521739130435,23
2023-11,All,16,0.8260869565217391,23
2023-12,All,16,0.75,20
2024-01,All,16,0.6666666666666666,18
2024-02,All,16,0.8333333333333334,18
2024-03,All,16,0.7,20
2024-04,All,16,0.8,20
2024-05,All,16,0.95,20
2024-06,All,16,0.8,20
2024-07,All,16,0.65,40
2024-08,All,16,0.675,40
2023-01,All,17,0.8333333333333334,18
2023-02,All,17,0.7222222222222222,18
2023-03,All,17,0.8,20
2023-04,All,17,0.8,20
2023-05,All,17,0.7,20
2023-06,All,17,0.9,20
2023-07,All,17,0.75,20
2023-08,All,17,0.85,20
2023-09,All,17,0.75,20
2023-10,All,17,0.6956521739130435,23
2023-11,All,17,0.8260869565217391,23
2023-12,All,17,0.7,20
2024-01,All,17,0.6111111111111112,18
2024-02,All,17,0.8333333333333334,18
2024-03,All,17,0.7,20
2024-04,All,17,0.75,20
2024-05,All,17,0.95,20
2024-06,All,17,0.8,20
2024-07,All,17,0.625,40
2023-01,All,18,0.7777777777777778,18
2023-02,All,18,0.7222222222222222,18
2023-03,All,18,0.8,20
2023-04,All,18,0.8,20
2023-05,All,18,0.7,20
2023-06,All,18,0.9,20
2023-07,All,18,0.75,20
2023-08,All,18,0.85,20
2023-09,All,18,0.75,20
2023-10,All,18,0.6956521739130435,23
2023-11,All,18,0.8260869565217391,23
2023-12,All,18,0.65,20
2024-01,All,18,0.6111111111111112,18
2024-02,All,18,0.8333333333333334,18
2024-03,All,18,0.7,20
2024-04,All,18,0.75,20
2024-05,All,18,0.9,20
2024-06,All,18,0.8,20
2023-01,All,19,0.7777777777777778,18
2023-02,All,19,0.7222222222222222,18
2023-03,All,19,0.8,20
2023-04,All,19,0.8,20
2023-05,All,19,0.7,20
2023-06,All,19,0.9,20
2023-07,All,19,0.75,20
2023-08,All,19,0.85,20
2023-09,All,19,0.75,20
2023-10,All,19,0.6956521739130435,23
2023-11,All,19,0.782608695652174,23
2023-12,All,19,0.65,20
2024-01,All,19,0.6111111111111112,18
2024-02,All,19,0.7777777777777778,18
2024-03,All,19,0.65,20
2024-04,All,19,0.75,20
2024-05,All,19,0.9,20
2023-01,All,20,0.7777777777777778,18
2023-02,All,20,0.7222222222222222,18
2023-03,All,20,0.8,20
2023-04,All,20,0.8,20
2023-05,All,20,0.7,20
2023-06,All,20,0.85,20
2023-07,All,20,0.75,20
2023-08,All,20,0.85,20
2023-09,All,20,0.75,20
2023-10,All,20,0.6956521739130435,23
2023-11,All,20,0.782608695652174,23
2023-12,All,20,0.6,20
2024-01,All,20,0.5555555555555556,18
2024-02,All,20,0.7777777777777778,18
2024-03,All,20,0.65,20
2024-04,All,20,0.75,20
2023-01,All,21,0.7777777777777778,18
2023-02,All,21,0.6666666666666666,18
2023-03,All,21,0.8,20
2023-04,All,21,0.8,20
2023-05,All,21,0.7,20
2023-06,All,21,0.85,20
2023-07,All,21,0.75,20
2023-08,All,21,0.85,20
2023-09,All,21,0.75,20
2023-10,All,21,0.6956521739130435,23
2023-11,All,21,0.7391304347826086,23
2023-12,All,21,0.55,20
2024-01,All,21,0.5555555555555556,18
2024-02,All,21,0.7777777777777778,18
2024-03,All,21,0.65,20
2023-01,All,22,0.7777777777777778,18
2023-02,All,22,0.6666666666666666,18
2023-03,All,22,0.8,20
2023-04,All,22,0.8,20
2023-05,All,22,0.7,20
2023-06,All,22,0.85,20
2023-07,All,22,0.7,20
2023-08,All,22,0.85,20
2023-09,All,22,0.75,20
2023-10,All,22,0.6956521739130435,23
2023-11,All,22,0.7391304347826086,23
2023-12,All,22,0.55,20
2024-01,All,22,0.5555555555555556,18
2024-02,All,22,0.7777777777777778,18
2023-01,All,23,0.7222222222222222,18
2023-02,All,23,0.6111111111111112,18
2023-03,All,23,0.8,20
2023-04,All,23,0.8,20
2023-05,All,23,0.7,20
2023-06,All,23,0.8,20
2023-07,All,23,0.7,20
2023-08,All,23,0.75,20
2023-09,All,23,0.75,20
2023-10,All,23,0.6956521739130435,23
2023-11,All,23,0.6521739130434783,23
2023-12,All,23,0.55,20
2024-01,All,23,0.5,18
2023-01,All,24,0.7222222222222222,18
2023-02,All,24,0.6111111111111112,18
2023-03,All,24,0.8,20
2023-04,All,24,0.8,20
2023-05,All,24,0.7,20
2023-06,All,24,0.8,20
2023-07,All,24,0.7,20
2023-08,All,24,0.75,20
2023-09,All,24,0.75,20
2023-10,All,24,0.6956521739130435,23
2023-11,All,24,0.6521739130434783,23
2023-12,All,24,0.55,20
