opportunity_id,stage,entered_date,exited_date,days_in_stage
OPP-00001,Discovery,2022-09-26,2022-10-18,22.0
OPP-00001,Qualification,2022-10-18,2022-11-02,15.0
OPP-00001,Proof of Concept,2022-11-02,2023-01-08,67.0
OPP-00001,Negotiation,2023-01-08,2023-01-19,11.0
OPP-00002,Discovery,2022-10-22,2022-10-27,5.0
OPP-00002,Qualification,2022-10-27,2022-11-10,14.0
OPP-00002,Proof of Concept,2022-11-10,2022-12-26,46.0
OPP-00002,Negotiation,2022-12-26,2023-01-12,17.0
OPP-00003,Discovery,2022-11-25,2022-12-02,7.0
OPP-00003,Qualification,2022-12-02,2022-12-17,15.0
OPP-00003,Proof of Concept,2022-12-17,2022-12-23,6.0
OPP-00003,Negotiation,2022-12-23,2023-01-05,13.0
OPP-00004,Discovery,2022-10-14,2022-10-20,6.0
OPP-00004,Qualification,2022-10-20,2022-12-02,43.0
OPP-00004,Proof of Concept,2022-12-02,2022-12-18,16.0
OPP-00004,Negotiation,2022-12-18,2023-01-06,19.0
OPP-00005,Discovery,2022-11-20,2022-11-27,7.0
OPP-00005,Qualification,2022-11-27,2022-12-13,16.0
OPP-00005,Proof of Concept,2022-12-13,2022-12-28,15.0
OPP-00005,Negotiation,2022-12-28,2023-01-10,13.0
OPP-00006,Discovery,2022-12-13,2022-12-19,6.0
OPP-00006,Qualification,2022-12-19,2022-12-26,7.0
OPP-00006,Proof of Concept,2022-12-26,2022-12-30,4.0
OPP-00006,Negotiation,2022-12-30,2023-01-04,5.0
OPP-00007,Discovery,2022-12-14,2022-12-24,10.0
OPP-00007,Qualification,2022-12-24,2022-12-31,7.0
OPP-00007,Proof of Concept,2022-12-31,2023-01-17,17.0
OPP-00007,Negotiation,2023-01-17,2023-01-18,1.0
OPP-00008,Discovery,2022-07-21,2022-08-19,29.0
OPP-00008,Qualification,2022-08-19,2022-09-11,23.0
OPP-00008,Proof of Concept,2022-09-11,2023-01-04,115.0
OPP-00008,Negotiation,2023-01-04,2023-01-08,4.0
OPP-00009,Discovery,2022-12-10,2022-12-24,14.0
OPP-00009,Qualification,2022-12-24,2023-01-10,17.0
OPP-00009,Proof of Concept,2023-01-10,2023-01-18,8.0
OPP-00009,Negotiation,2023-01-18,2023-01-22,4.0
OPP-00010,Discovery,2022-11-19,2022-12-06,17.0
OPP-00010,Qualification,2022-12-06,2022-12-15,9.0
OPP-00010,Proof of Concept,2022-12-15,2022-12-29,14.0
OPP-00010,Negotiation,2022-12-29,2023-01-04,6.0
OPP-00011,Discovery,2022-11-27,2022-12-06,9.0
OPP-00011,Qualification,2022-12-06,2022-12-18,12.0
OPP-00011,Proof of Concept,2022-12-18,2022-12-25,7.0
OPP-00011,Negotiation,2022-12-25,2023-01-16,22.0
OPP-00012,Discovery,2022-12-04,2022-12-11,7.0
OPP-00012,Qualification,2022-12-11,2022-12-18,7.0
OPP-00012,Proof of Concept,2022-12-18,2023-01-03,16.0
OPP-00012,Negotiation,2023-01-03,2023-01-12,9.0
OPP-00013,Discovery,2022-12-13,2023-01-02,20.0
OPP-00013,Qualification,2023-01-02,2023-01-06,4.0
OPP-00013,Proof of Concept,2023-01-06,2023-01-23,17.0
OPP-00013,Negotiation,2023-01-23,2023-01-24,1.0
OPP-00014,Discovery,2022-11-06,2022-11-20,14.0
OPP-00014,Qualification,2022-11-20,2022-11-26,6.0
OPP-00014,Proof of Concept,2022-11-26,2022-12-25,29.0
OPP-00014,Negotiation,2022-12-25,2023-01-18,24.0
OPP-00015,Discovery,2022-12-22,2023-01-05,14.0
OPP-00015,Qualification,2023-01-05,2023-01-07,2.0
OPP-00015,Proof of Concept,2023-01-07,2023-01-12,5.0
OPP-00015,Negotiation,2023-01-12,2023-01-21,9.0
OPP-00016,Discovery,2022-12-22,2022-12-26,4.0
OPP-00016,Qualification,2022-12-26,2023-01-07,12.0
OPP-00016,Proof of Concept,2023-01-07,2023-01-12,5.0
OPP-00016,Negotiation,2023-01-12,2023-01-19,7.0
OPP-00017,Discovery,2022-12-07,2022-12-21,14.0
OPP-00017,Qualification,2022-12-21,2023-01-10,20.0
OPP-00017,Proof of Concept,2023-01-10,2023-01-22,12.0
OPP-00017,Negotiation,2023-01-22,2023-01-26,4.0
OPP-00018,Discovery,2023-01-13,2023-01-20,7.0
OPP-00018,Qualification,2023-01-20,2023-01-26,6.0
OPP-00018,Proof of Concept,2023-01-26,2023-02-01,6.0
OPP-00018,Negotiation,2023-02-01,2023-02-08,7.0
OPP-00019,Discovery,2022-11-14,2022-12-09,25.0
OPP-00019,Qualification,2022-12-09,2022-12-15,6.0
OPP-00019,Proof of Concept,2022-12-15,2023-01-14,30.0
OPP-00019,Negotiation,2023-01-14,2023-02-03,20.0
OPP-00020,Discovery,2023-01-15,2023-01-20,5.0
OPP-00020,Qualification,2023-01-20,2023-01-26,6.0
OPP-00020,Proof of Concept,2023-01-26,2023-02-10,15.0
OPP-00020,Negotiation,2023-02-10,2023-02-16,6.0
OPP-00021,Discovery,2022-10-28,2022-11-03,6.0
OPP-00021,Qualification,2022-11-03,2022-11-16,13.0
OPP-00021,Proof of Concept,2022-11-16,2023-01-26,71.0
OPP-00021,Negotiation,2023-01-26,2023-02-02,7.0
OPP-00022,Discovery,2022-12-30,2023-01-15,16.0
OPP-00022,Qualification,2023-01-15,2023-02-01,17.0
OPP-00022,Proof of Concept,2023-02-01,2023-02-14,13.0
OPP-00022,Negotiation,2023-02-14,2023-02-22,8.0
OPP-00023,Discovery,2023-01-09,2023-01-12,3.0
OPP-00023,Qualification,2023-01-12,2023-01-21,9.0
OPP-00023,Proof of Concept,2023-01-21,2023-01-27,6.0
OPP-00023,Negotiation,2023-01-27,2023-02-01,5.0
OPP-00024,Discovery,2023-01-10,2023-01-27,17.0
OPP-00024,Qualification,2023-01-27,2023-02-03,7.0
OPP-00024,Proof of Concept,2023-02-03,2023-02-15,12.0
OPP-00024,Negotiation,2023-02-15,2023-02-19,4.0
OPP-00025,Discovery,2023-01-02,2023-01-08,6.0
OPP-00025,Qualification,2023-01-08,2023-01-20,12.0
OPP-00025,Proof of Concept,2023-01-20,2023-02-01,12.0
OPP-00025,Negotiation,2023-02-01,2023-02-09,8.0
OPP-00026,Discovery,2022-11-22,2022-12-06,14.0
OPP-00026,Qualification,2022-12-06,2022-12-25,19.0
OPP-00026,Proof of Concept,2022-12-25,2023-01-30,36.0
OPP-00026,Negotiation,2023-01-30,2023-02-15,16.0
OPP-00027,Discovery,2022-12-26,2022-12-28,2.0
OPP-00027,Qualification,2022-12-28,2023-01-13,16.0
OPP-00027,Proof of Concept,2023-01-13,2023-02-04,22.0
OPP-00027,Negotiation,2023-02-04,2023-02-18,14.0
OPP-00028,Discovery,2022-12-28,2022-12-29,1.0
OPP-00028,Qualification,2022-12-29,2023-01-04,6.0
OPP-00028,Proof of Concept,2023-01-04,2023-01-29,25.0
OPP-00028,Negotiation,2023-01-29,2023-02-07,9.0
OPP-00029,Discovery,2022-12-14,2022-12-17,3.0
OPP-00029,Qualification,2022-12-17,2023-01-08,22.0
OPP-00029,Proof of Concept,2023-01-08,2023-02-05,28.0
OPP-00029,Negotiation,2023-02-05,2023-02-09,4.0
OPP-00030,Discovery,2023-01-13,2023-01-14,1.0
OPP-00030,Qualification,2023-01-14,2023-01-22,8.0
OPP-00030,Proof of Concept,2023-01-22,2023-02-02,11.0
OPP-00030,Negotiation,2023-02-02,2023-02-05,3.0
OPP-00031,Discovery,2023-01-17,2023-01-29,12.0
OPP-00031,Qualification,2023-01-29,2023-02-02,4.0
OPP-00031,Proof of Concept,2023-02-02,2023-02-18,16.0
OPP-00031,Negotiation,2023-02-18,2023-02-21,3.0
OPP-00032,Discovery,2023-01-08,2023-01-22,14.0
OPP-00032,Qualification,2023-01-22,2023-01-27,5.0
OPP-00032,Proof of Concept,2023-01-27,2023-02-08,12.0
OPP-00032,Negotiation,2023-02-08,2023-02-10,2.0
OPP-00033,Discovery,2022-11-29,2022-12-11,12.0
OPP-00033,Qualification,2022-12-11,2022-12-30,19.0
OPP-00033,Proof of Concept,2022-12-30,2023-02-06,38.0
OPP-00033,Negotiation,2023-02-06,2023-02-10,4.0
OPP-00034,Discovery,2023-02-09,2023-02-14,5.0
OPP-00034,Qualification,2023-02-14,2023-03-12,26.0
OPP-00034,Proof of Concept,2023-03-12,2023-03-17,5.0
OPP-00034,Negotiation,2023-03-17,2023-03-27,10.0
OPP-00035,Discovery,2023-02-02,2023-02-04,2.0
OPP-00035,Qualification,2023-02-04,2023-02-18,14.0
OPP-00035,Proof of Concept,2023-02-18,2023-02-22,4.0
OPP-00035,Negotiation,2023-02-22,2023-03-01,7.0
OPP-00036,Discovery,2023-01-09,2023-01-18,9.0
OPP-00036,Qualification,2023-01-18,2023-01-20,2.0
OPP-00036,Proof of Concept,2023-01-20,2023-02-26,37.0
OPP-00036,Negotiation,2023-02-26,2023-03-06,8.0
OPP-00037,Discovery,2023-01-08,2023-01-13,5.0
OPP-00037,Qualification,2023-01-13,2023-01-17,4.0
OPP-00037,Proof of Concept,2023-01-17,2023-02-04,18.0
OPP-00037,Negotiation,2023-02-04,2023-03-16,40.0
OPP-00038,Discovery,2023-03-03,2023-03-04,1.0
OPP-00038,Qualification,2023-03-04,2023-03-14,10.0
OPP-00038,Proof of Concept,2023-03-14,2023-03-22,8.0
OPP-00038,Negotiation,2023-03-22,2023-03-26,4.0
OPP-00039,Discovery,2023-02-05,2023-02-07,2.0
OPP-00039,Qualification,2023-02-07,2023-02-25,18.0
OPP-00039,Proof of Concept,2023-02-25,2023-03-09,12.0
OPP-00039,Negotiation,2023-03-09,2023-03-23,14.0
OPP-00040,Discovery,2022-12-09,2022-12-13,4.0
OPP-00040,Qualification,2022-12-13,2023-01-04,22.0
OPP-00040,Proof of Concept,2023-01-04,2023-03-16,71.0
OPP-00040,Negotiation,2023-03-16,2023-03-26,10.0
OPP-00041,Discovery,2023-01-02,2023-01-12,10.0
OPP-00041,Qualification,2023-01-12,2023-01-21,9.0
OPP-00041,Proof of Concept,2023-01-21,2023-02-04,14.0
OPP-00041,Negotiation,2023-02-04,2023-03-08,32.0
OPP-00042,Discovery,2023-02-15,2023-02-23,8.0
OPP-00042,Qualification,2023-02-23,2023-03-11,16.0
OPP-00042,Proof of Concept,2023-03-11,2023-03-14,3.0
OPP-00042,Negotiation,2023-03-14,2023-03-24,10.0
OPP-00043,Discovery,2023-02-24,2023-03-03,7.0
OPP-00043,Qualification,2023-03-03,2023-03-05,2.0
OPP-00043,Proof of Concept,2023-03-05,2023-03-13,8.0
OPP-00043,Negotiation,2023-03-13,2023-03-26,13.0
OPP-00044,Discovery,2023-02-24,2023-02-25,1.0
OPP-00044,Qualification,2023-02-25,2023-02-28,3.0
OPP-00044,Proof of Concept,2023-02-28,2023-03-02,2.0
OPP-00044,Negotiation,2023-03-02,2023-03-23,21.0
OPP-00045,Discovery,2023-02-05,2023-02-21,16.0
OPP-00045,Qualification,2023-02-21,2023-02-24,3.0
OPP-00045,Proof of Concept,2023-02-24,2023-03-01,5.0
OPP-00045,Negotiation,2023-03-01,2023-03-09,8.0
OPP-00046,Discovery,2023-01-02,2023-01-23,21.0
OPP-00046,Qualification,2023-01-23,2023-02-02,10.0
OPP-00046,Proof of Concept,2023-02-02,2023-03-02,28.0
OPP-00046,Negotiation,2023-03-02,2023-03-05,3.0
OPP-00047,Discovery,2023-02-04,2023-02-13,9.0
OPP-00047,Qualification,2023-02-13,2023-02-22,9.0
OPP-00047,Proof of Concept,2023-02-22,2023-03-02,8.0
OPP-00047,Negotiation,2023-03-02,2023-03-12,10.0
OPP-00048,Discovery,2023-02-05,2023-02-10,5.0
OPP-00048,Qualification,2023-02-10,2023-03-05,23.0
OPP-00048,Proof of Concept,2023-03-05,2023-03-15,10.0
OPP-00048,Negotiation,2023-03-15,2023-03-24,9.0
OPP-00049,Discovery,2023-02-09,2023-02-20,11.0
OPP-00049,Qualification,2023-02-20,2023-02-21,1.0
OPP-00049,Proof of Concept,2023-02-21,2023-03-09,16.0
OPP-00049,Negotiation,2023-03-09,2023-03-18,9.0
OPP-00050,Discovery,2023-01-24,2023-01-29,5.0
OPP-00050,Qualification,2023-01-29,2023-02-03,5.0
OPP-00050,Proof of Concept,2023-02-03,2023-02-22,19.0
OPP-00050,Negotiation,2023-02-22,2023-03-03,9.0
OPP-00051,Discovery,2023-01-03,2023-01-10,7.0
OPP-00051,Qualification,2023-01-10,2023-01-19,9.0
OPP-00051,Proof of Concept,2023-01-19,2023-03-03,43.0
OPP-00051,Negotiation,2023-03-03,2023-03-22,19.0
OPP-00052,Discovery,2023-02-05,2023-02-07,2.0
OPP-00052,Qualification,2023-02-07,2023-02-24,17.0
OPP-00052,Proof of Concept,2023-02-24,2023-03-18,22.0
OPP-00052,Negotiation,2023-03-18,2023-03-22,4.0
OPP-00053,Discovery,2023-02-27,2023-03-13,14.0
OPP-00053,Qualification,2023-03-13,2023-04-03,21.0
OPP-00053,Proof of Concept,2023-04-03,2023-04-10,7.0
OPP-00053,Negotiation,2023-04-10,2023-04-12,2.0
OPP-00054,Discovery,2023-03-06,2023-03-13,7.0
OPP-00054,Qualification,2023-03-13,2023-03-18,5.0
OPP-00054,Proof of Concept,2023-03-18,2023-03-30,12.0
OPP-00054,Negotiation,2023-03-30,2023-04-05,6.0
OPP-00055,Discovery,2023-02-25,2023-03-01,4.0
OPP-00055,Qualification,2023-03-01,2023-03-27,26.0
OPP-00055,Proof of Concept,2023-03-27,2023-04-02,6.0
OPP-00055,Negotiation,2023-04-02,2023-04-09,7.0
OPP-00056,Discovery,2023-03-23,2023-04-04,12.0
OPP-00056,Qualification,2023-04-04,2023-04-08,4.0
OPP-00056,Proof of Concept,2023-04-08,2023-04-16,8.0
OPP-00056,Negotiation,2023-04-16,2023-04-21,5.0
OPP-00057,Discovery,2023-02-18,2023-02-23,5.0
OPP-00057,Qualification,2023-02-23,2023-03-10,15.0
OPP-00057,Proof of Concept,2023-03-10,2023-04-10,31.0
OPP-00057,Negotiation,2023-04-10,2023-04-24,14.0
OPP-00058,Discovery,2023-01-08,2023-01-17,9.0
OPP-00058,Qualification,2023-01-17,2023-02-20,34.0
OPP-00058,Proof of Concept,2023-02-20,2023-03-31,39.0
OPP-00058,Negotiation,2023-03-31,2023-04-22,22.0
OPP-00059,Discovery,2023-03-18,2023-03-25,7.0
OPP-00059,Qualification,2023-03-25,2023-03-30,5.0
OPP-00059,Proof of Concept,2023-03-30,2023-04-03,4.0
OPP-00059,Negotiation,2023-04-03,2023-04-15,12.0
OPP-00060,Discovery,2023-03-06,2023-03-14,8.0
OPP-00060,Qualification,2023-03-14,2023-03-23,9.0
OPP-00060,Proof of Concept,2023-03-23,2023-03-30,7.0
OPP-00060,Negotiation,2023-03-30,2023-04-15,16.0
OPP-00061,Discovery,2023-03-28,2023-04-07,10.0
OPP-00061,Qualification,2023-04-07,2023-04-10,3.0
OPP-00061,Proof of Concept,2023-04-10,2023-04-19,9.0
OPP-00061,Negotiation,2023-04-19,2023-04-23,4.0
OPP-00062,Discovery,2023-03-27,2023-04-01,5.0
OPP-00062,Qualification,2023-04-01,2023-04-06,5.0
OPP-00062,Proof of Concept,2023-04-06,2023-04-11,5.0
OPP-00062,Negotiation,2023-04-11,2023-04-21,10.0
OPP-00063,Discovery,2023-02-16,2023-02-23,7.0
OPP-00063,Qualification,2023-02-23,2023-03-07,12.0
OPP-00063,Proof of Concept,2023-03-07,2023-04-08,32.0
OPP-00063,Negotiation,2023-04-08,2023-04-12,4.0
OPP-00064,Discovery,2023-02-19,2023-02-21,2.0
OPP-00064,Qualification,2023-02-21,2023-03-03,10.0
OPP-00064,Proof of Concept,2023-03-03,2023-03-16,13.0
OPP-00064,Negotiation,2023-03-16,2023-04-17,32.0
OPP-00065,Discovery,2023-02-07,2023-02-17,10.0
OPP-00065,Qualification,2023-02-17,2023-02-26,9.0
OPP-00065,Proof of Concept,2023-02-26,2023-03-31,33.0
OPP-00065,Negotiation,2023-03-31,2023-04-15,15.0
OPP-00066,Discovery,2023-02-23,2023-03-01,6.0
OPP-00066,Qualification,2023-03-01,2023-03-08,7.0
OPP-00066,Proof of Concept,2023-03-08,2023-03-25,17.0
OPP-00066,Negotiation,2023-03-25,2023-04-12,18.0
OPP-00067,Discovery,2023-02-15,2023-02-16,1.0
OPP-00067,Qualification,2023-02-16,2023-03-03,15.0
OPP-00067,Proof of Concept,2023-03-03,2023-03-24,21.0
OPP-00067,Negotiation,2023-03-24,2023-04-02,9.0
OPP-00068,Discovery,2023-02-02,2023-02-20,18.0
OPP-00068,Qualification,2023-02-20,2023-03-03,11.0
OPP-00068,Proof of Concept,2023-03-03,2023-03-25,22.0
OPP-00068,Negotiation,2023-03-25,2023-04-18,24.0
OPP-00069,Discovery,2023-01-27,2023-02-03,7.0
OPP-00069,Qualification,2023-02-03,2023-02-09,6.0
OPP-00069,Proof of Concept,2023-02-09,2023-03-16,35.0
OPP-00069,Negotiation,2023-03-16,2023-04-13,28.0
OPP-00070,Discovery,2023-04-03,2023-04-05,2.0
OPP-00070,Qualification,2023-04-05,2023-04-07,2.0
OPP-00070,Proof of Concept,2023-04-07,2023-04-19,12.0
OPP-00070,Negotiation,2023-04-19,2023-05-01,12.0
OPP-00071,Discovery,2023-03-28,2023-04-05,8.0
OPP-00071,Qualification,2023-04-05,2023-04-08,3.0
OPP-00071,Proof of Concept,2023-04-08,2023-04-09,1.0
OPP-00071,Negotiation,2023-04-09,2023-05-08,29.0
OPP-00072,Discovery,2023-02-22,2023-02-26,4.0
OPP-00072,Qualification,2023-02-26,2023-03-10,12.0
OPP-00072,Proof of Concept,2023-03-10,2023-04-20,41.0
OPP-00072,Negotiation,2023-04-20,2023-05-19,29.0
OPP-00073,Discovery,2023-04-07,2023-04-17,10.0
OPP-00073,Qualification,2023-04-17,2023-04-30,13.0
OPP-00073,Proof of Concept,2023-04-30,2023-05-05,5.0
OPP-00073,Negotiation,2023-05-05,2023-05-15,10.0
OPP-00074,Discovery,2023-02-27,2023-03-19,20.0
OPP-00074,Qualification,2023-03-19,2023-04-07,19.0
OPP-00074,Proof of Concept,2023-04-07,2023-04-23,16.0
OPP-00074,Negotiation,2023-04-23,2023-05-06,13.0
OPP-00075,Discovery,2023-03-16,2023-03-27,11.0
OPP-00075,Qualification,2023-03-27,2023-04-02,6.0
OPP-00075,Proof of Concept,2023-04-02,2023-04-27,25.0
OPP-00075,Negotiation,2023-04-27,2023-05-02,5.0
OPP-00076,Discovery,2023-02-22,2023-03-03,9.0
OPP-00076,Qualification,2023-03-03,2023-03-12,9.0
OPP-00076,Proof of Concept,2023-03-12,2023-04-11,30.0
OPP-00076,Negotiation,2023-04-11,2023-05-19,38.0
OPP-00077,Discovery,2023-04-23,2023-04-27,4.0
OPP-00077,Qualification,2023-04-27,2023-05-04,7.0
OPP-00077,Proof of Concept,2023-05-04,2023-05-07,3.0
OPP-00077,Negotiation,2023-05-07,2023-05-25,18.0
OPP-00078,Discovery,2023-04-02,2023-04-18,16.0
OPP-00078,Qualification,2023-04-18,2023-04-23,5.0
OPP-00078,Proof of Concept,2023-04-23,2023-05-04,11.0
OPP-00078,Negotiation,2023-05-04,2023-05-12,8.0
OPP-00079,Discovery,2023-04-03,2023-04-04,1.0
OPP-00079,Qualification,2023-04-04,2023-04-13,9.0
OPP-00079,Proof of Concept,2023-04-13,2023-05-09,26.0
OPP-00079,Negotiation,2023-05-09,2023-05-26,17.0
OPP-00080,Discovery,2023-03-18,2023-03-28,10.0
OPP-00080,Qualification,2023-03-28,2023-04-05,8.0
OPP-00080,Proof of Concept,2023-04-05,2023-04-19,14.0
OPP-00080,Negotiation,2023-04-19,2023-05-07,18.0
OPP-00081,Discovery,2022-11-22,2022-12-03,11.0
OPP-00081,Qualification,2022-12-03,2022-12-19,16.0
OPP-00081,Proof of Concept,2022-12-19,2023-04-10,112.0
OPP-00081,Negotiation,2023-04-10,2023-05-17,37.0
OPP-00082,Discovery,2023-04-10,2023-04-15,5.0
OPP-00082,Qualification,2023-04-15,2023-04-16,1.0
OPP-00082,Proof of Concept,2023-04-16,2023-04-19,3.0
OPP-00082,Negotiation,2023-04-19,2023-05-10,21.0
OPP-00083,Discovery,2023-03-18,2023-03-29,11.0
OPP-00083,Qualification,2023-03-29,2023-04-10,12.0
OPP-00083,Proof of Concept,2023-04-10,2023-05-01,21.0
OPP-00083,Negotiation,2023-05-01,2023-05-20,19.0
OPP-00084,Discovery,2023-04-02,2023-04-04,2.0
OPP-00084,Qualification,2023-04-04,2023-04-08,4.0
OPP-00084,Proof of Concept,2023-04-08,2023-04-22,14.0
OPP-00084,Negotiation,2023-04-22,2023-05-04,12.0
OPP-00085,Discovery,2023-02-17,2023-03-07,18.0
OPP-00085,Qualification,2023-03-07,2023-03-18,11.0
OPP-00085,Proof of Concept,2023-03-18,2023-04-22,35.0
OPP-00085,Negotiation,2023-04-22,2023-05-14,22.0
OPP-00086,Discovery,2023-04-17,2023-04-24,7.0
OPP-00086,Qualification,2023-04-24,2023-05-04,10.0
OPP-00086,Proof of Concept,2023-05-04,2023-05-19,15.0
OPP-00086,Negotiation,2023-05-19,2023-05-24,5.0
OPP-00087,Discovery,2023-04-03,2023-04-12,9.0
OPP-00087,Qualification,2023-04-12,2023-04-21,9.0
OPP-00087,Proof of Concept,2023-04-21,2023-04-26,5.0
OPP-00087,Negotiation,2023-04-26,2023-05-14,18.0
OPP-00088,Discovery,2023-03-19,2023-03-20,1.0
OPP-00088,Qualification,2023-03-20,2023-03-30,10.0
OPP-00088,Proof of Concept,2023-03-30,2023-06-06,68.0
OPP-00088,Negotiation,2023-06-06,2023-06-20,14.0
OPP-00089,Discovery,2023-04-18,2023-04-28,10.0
OPP-00089,Qualification,2023-04-28,2023-05-04,6.0
OPP-00089,Proof of Concept,2023-05-04,2023-06-07,34.0
OPP-00089,Negotiation,2023-06-07,2023-06-13,6.0
OPP-00090,Discovery,2023-04-04,2023-04-13,9.0
OPP-00090,Qualification,2023-04-13,2023-04-18,5.0
OPP-00090,Proof of Concept,2023-04-18,2023-06-13,56.0
OPP-00090,Negotiation,2023-06-13,2023-06-23,10.0
OPP-00091,Discovery,2023-05-13,2023-05-18,5.0
OPP-00091,Qualification,2023-05-18,2023-05-22,4.0
OPP-00091,Proof of Concept,2023-05-22,2023-06-02,11.0
OPP-00091,Negotiation,2023-06-02,2023-06-23,21.0
OPP-00092,Discovery,2023-03-16,2023-03-24,8.0
OPP-00092,Qualification,2023-03-24,2023-03-26,2.0
OPP-00092,Proof of Concept,2023-03-26,2023-06-19,85.0
OPP-00092,Negotiation,2023-06-19,2023-06-25,6.0
OPP-00093,Discovery,2023-04-18,2023-04-21,3.0
OPP-00093,Qualification,2023-04-21,2023-05-01,10.0
OPP-00093,Proof of Concept,2023-05-01,2023-06-03,33.0
OPP-00093,Negotiation,2023-06-03,2023-06-20,17.0
OPP-00094,Discovery,2023-05-24,2023-05-26,2.0
OPP-00094,Qualification,2023-05-26,2023-06-01,6.0
OPP-00094,Proof of Concept,2023-06-01,2023-06-08,7.0
OPP-00094,Negotiation,2023-06-08,2023-06-18,10.0
OPP-00095,Discovery,2023-05-10,2023-05-26,16.0
OPP-00095,Qualification,2023-05-26,2023-05-28,2.0
OPP-00095,Proof of Concept,2023-05-28,2023-06-03,6.0
OPP-00095,Negotiation,2023-06-03,2023-06-24,21.0
OPP-00096,Discovery,2023-05-15,2023-05-19,4.0
OPP-00096,Qualification,2023-05-19,2023-05-29,10.0
OPP-00096,Proof of Concept,2023-05-29,2023-06-10,12.0
OPP-00096,Negotiation,2023-06-10,2023-06-23,13.0
OPP-00097,Discovery,2023-05-04,2023-05-08,4.0
OPP-00097,Qualification,2023-05-08,2023-05-17,9.0
OPP-00097,Proof of Concept,2023-05-17,2023-05-28,11.0
OPP-00097,Negotiation,2023-05-28,2023-06-05,8.0
OPP-00098,Discovery,2023-04-22,2023-04-26,4.0
OPP-00098,Qualification,2023-04-26,2023-05-17,21.0
OPP-00098,Proof of Concept,2023-05-17,2023-05-29,12.0
OPP-00098,Negotiation,2023-05-29,2023-06-12,14.0
OPP-00099,Discovery,2023-05-20,2023-05-23,3.0
OPP-00099,Qualification,2023-05-23,2023-06-01,9.0
OPP-00099,Proof of Concept,2023-06-01,2023-06-17,16.0
OPP-00099,Negotiation,2023-06-17,2023-06-18,1.0
OPP-00100,Discovery,2023-03-07,2023-03-14,7.0
OPP-00100,Qualification,2023-03-14,2023-03-26,12.0
OPP-00100,Proof of Concept,2023-03-26,2023-06-06,72.0
OPP-00100,Negotiation,2023-06-06,2023-06-20,14.0
OPP-00101,Discovery,2023-05-09,2023-05-18,9.0
OPP-00101,Qualification,2023-05-18,2023-05-23,5.0
OPP-00101,Proof of Concept,2023-05-23,2023-05-30,7.0
OPP-00101,Negotiation,2023-05-30,2023-06-05,6.0
OPP-00102,Discovery,2023-02-21,2023-02-28,7.0
OPP-00102,Qualification,2023-02-28,2023-03-24,24.0
OPP-00102,Proof of Concept,2023-03-24,2023-05-24,61.0
OPP-00102,Negotiation,2023-05-24,2023-06-02,9.0
OPP-00103,Discovery,2023-03-09,2023-03-12,3.0
OPP-00103,Qualification,2023-03-12,2023-04-27,46.0
OPP-00103,Proof of Concept,2023-04-27,2023-05-27,30.0
OPP-00103,Negotiation,2023-05-27,2023-06-07,11.0
OPP-00104,Discovery,2023-05-01,2023-05-11,10.0
OPP-00104,Qualification,2023-05-11,2023-05-13,2.0
OPP-00104,Proof of Concept,2023-05-13,2023-06-06,24.0
OPP-00104,Negotiation,2023-06-06,2023-06-25,19.0
OPP-00105,Discovery,2023-06-10,2023-06-17,7.0
OPP-00105,Qualification,2023-06-17,2023-06-21,4.0
OPP-00105,Proof of Concept,2023-06-21,2023-06-23,2.0
OPP-00105,Negotiation,2023-06-23,2023-06-26,3.0
OPP-00106,Discovery,2023-03-15,2023-03-16,1.0
OPP-00106,Qualification,2023-03-16,2023-04-15,30.0
OPP-00106,Proof of Concept,2023-04-15,2023-06-11,57.0
OPP-00106,Negotiation,2023-06-11,2023-07-22,41.0
OPP-00107,Discovery,2023-06-30,2023-07-06,6.0
OPP-00107,Qualification,2023-07-06,2023-07-16,10.0
OPP-00107,Proof of Concept,2023-07-16,2023-07-20,4.0
OPP-00107,Negotiation,2023-07-20,2023-07-26,6.0
OPP-00108,Discovery,2023-06-11,2023-06-21,10.0
OPP-00108,Qualification,2023-06-21,2023-06-27,6.0
OPP-00108,Proof of Concept,2023-06-27,2023-07-11,14.0
OPP-00108,Negotiation,2023-07-11,2023-07-19,8.0
OPP-00109,Discovery,2023-06-25,2023-07-02,7.0
OPP-00109,Qualification,2023-07-02,2023-07-07,5.0
OPP-00109,Proof of Concept,2023-07-07,2023-07-15,8.0
OPP-00109,Negotiation,2023-07-15,2023-07-20,5.0
OPP-00110,Discovery,2023-05-09,2023-05-11,2.0
OPP-00110,Qualification,2023-05-11,2023-05-30,19.0
OPP-00110,Proof of Concept,2023-05-30,2023-06-20,21.0
OPP-00110,Negotiation,2023-06-20,2023-07-03,13.0
OPP-00111,Discovery,2023-04-16,2023-05-06,20.0
OPP-00111,Qualification,2023-05-06,2023-06-01,26.0
OPP-00111,Proof of Concept,2023-06-01,2023-06-30,29.0
OPP-00111,Negotiation,2023-06-30,2023-07-21,21.0
OPP-00112,Discovery,2023-05-20,2023-06-01,12.0
OPP-00112,Qualification,2023-06-01,2023-06-11,10.0
OPP-00112,Proof of Concept,2023-06-11,2023-07-06,25.0
OPP-00112,Negotiation,2023-07-06,2023-07-17,11.0
OPP-00113,Discovery,2023-06-17,2023-06-21,4.0
OPP-00113,Qualification,2023-06-21,2023-06-23,2.0
OPP-00113,Proof of Concept,2023-06-23,2023-07-02,9.0
OPP-00113,Negotiation,2023-07-02,2023-07-03,1.0
OPP-00114,Discovery,2023-06-16,2023-06-21,5.0
OPP-00114,Qualification,2023-06-21,2023-06-30,9.0
OPP-00114,Proof of Concept,2023-06-30,2023-07-05,5.0
OPP-00114,Negotiation,2023-07-05,2023-07-10,5.0
OPP-00115,Discovery,2023-04-05,2023-04-15,10.0
OPP-00115,Qualification,2023-04-15,2023-04-28,13.0
OPP-00115,Proof of Concept,2023-04-28,2023-06-29,62.0
OPP-00115,Negotiation,2023-06-29,2023-07-10,11.0
OPP-00116,Discovery,2023-06-19,2023-06-20,1.0
OPP-00116,Qualification,2023-06-20,2023-06-30,10.0
OPP-00116,Proof of Concept,2023-06-30,2023-07-16,16.0
OPP-00116,Negotiation,2023-07-16,2023-07-21,5.0
OPP-00117,Discovery,2023-06-15,2023-06-17,2.0
OPP-00117,Qualification,2023-06-17,2023-06-20,3.0
OPP-00117,Proof of Concept,2023-06-20,2023-06-22,2.0
OPP-00117,Negotiation,2023-06-22,2023-07-05,13.0
OPP-00118,Discovery,2023-07-04,2023-07-09,5.0
OPP-00118,Qualification,2023-07-09,2023-07-10,1.0
OPP-00118,Proof of Concept,2023-07-10,2023-07-15,5.0
OPP-00118,Negotiation,2023-07-15,2023-07-22,7.0
OPP-00119,Discovery,2023-04-27,2023-05-02,5.0
OPP-00119,Qualification,2023-05-02,2023-05-19,17.0
OPP-00119,Proof of Concept,2023-05-19,2023-06-13,25.0
OPP-00119,Negotiation,2023-06-13,2023-07-19,36.0
OPP-00120,Discovery,2023-06-20,2023-06-21,1.0
OPP-00120,Qualification,2023-06-21,2023-06-28,7.0
OPP-00120,Proof of Concept,2023-06-28,2023-07-04,6.0
OPP-00120,Negotiation,2023-07-04,2023-07-18,14.0
OPP-00121,Discovery,2023-06-08,2023-06-14,6.0
OPP-00121,Qualification,2023-06-14,2023-06-20,6.0
OPP-00121,Proof of Concept,2023-06-20,2023-07-13,23.0
OPP-00121,Negotiation,2023-07-13,2023-07-20,7.0
OPP-00122,Discovery,2023-05-20,2023-06-02,13.0
OPP-00122,Qualification,2023-06-02,2023-06-27,25.0
OPP-00122,Proof of Concept,2023-06-27,2023-07-08,11.0
OPP-00122,Negotiation,2023-07-08,2023-07-14,6.0
OPP-00123,Discovery,2023-06-27,2023-07-01,4.0
OPP-00123,Qualification,2023-07-01,2023-07-16,15.0
OPP-00123,Proof of Concept,2023-07-16,2023-07-22,6.0
OPP-00123,Negotiation,2023-07-22,2023-07-25,3.0
OPP-00124,Discovery,2023-05-24,2023-05-31,7.0
OPP-00124,Qualification,2023-05-31,2023-06-06,6.0
OPP-00124,Proof of Concept,2023-06-06,2023-06-26,20.0
OPP-00124,Negotiation,2023-06-26,2023-07-01,5.0
OPP-00125,Discovery,2023-05-28,2023-06-07,10.0
OPP-00125,Qualification,2023-06-07,2023-06-16,9.0
OPP-00125,Proof of Concept,2023-06-16,2023-06-26,10.0
OPP-00125,Negotiation,2023-06-26,2023-07-01,5.0
OPP-00126,Discovery,2023-06-12,2023-06-15,3.0
OPP-00126,Qualification,2023-06-15,2023-07-04,19.0
OPP-00126,Proof of Concept,2023-07-04,2023-07-23,19.0
OPP-00126,Negotiation,2023-07-23,2023-08-09,17.0
OPP-00127,Discovery,2023-07-19,2023-07-24,5.0
OPP-00127,Qualification,2023-07-24,2023-07-28,4.0
OPP-00127,Proof of Concept,2023-07-28,2023-07-30,2.0
OPP-00127,Negotiation,2023-07-30,2023-08-07,8.0
OPP-00128,Discovery,2023-07-06,2023-07-13,7.0
OPP-00128,Qualification,2023-07-13,2023-07-29,16.0
OPP-00128,Proof of Concept,2023-07-29,2023-07-31,2.0
OPP-00128,Negotiation,2023-07-31,2023-08-05,5.0
OPP-00129,Discovery,2023-07-14,2023-07-27,13.0
OPP-00129,Qualification,2023-07-27,2023-08-04,8.0
OPP-00129,Proof of Concept,2023-08-04,2023-08-19,15.0
OPP-00129,Negotiation,2023-08-19,2023-08-23,4.0
OPP-00130,Discovery,2023-07-17,2023-07-23,6.0
OPP-00130,Qualification,2023-07-23,2023-07-29,6.0
OPP-00130,Proof of Concept,2023-07-29,2023-08-02,4.0
OPP-00130,Negotiation,2023-08-02,2023-08-27,25.0
OPP-00131,Discovery,2023-07-27,2023-08-07,11.0
OPP-00131,Qualification,2023-08-07,2023-08-16,9.0
OPP-00131,Proof of Concept,2023-08-16,2023-08-20,4.0
OPP-00131,Negotiation,2023-08-20,2023-08-27,7.0
OPP-00132,Discovery,2023-07-05,2023-07-12,7.0
OPP-00132,Qualification,2023-07-12,2023-07-20,8.0
OPP-00132,Proof of Concept,2023-07-20,2023-08-06,17.0
OPP-00132,Negotiation,2023-08-06,2023-08-10,4.0
OPP-00133,Discovery,2023-07-18,2023-07-20,2.0
OPP-00133,Qualification,2023-07-20,2023-07-27,7.0
OPP-00133,Proof of Concept,2023-07-27,2023-08-02,6.0
OPP-00133,Negotiation,2023-08-02,2023-08-19,17.0
OPP-00134,Discovery,2023-06-30,2023-07-23,23.0
OPP-00134,Qualification,2023-07-23,2023-07-30,7.0
OPP-00134,Proof of Concept,2023-07-30,2023-08-10,11.0
OPP-00134,Negotiation,2023-08-10,2023-08-15,5.0
OPP-00135,Discovery,2023-07-11,2023-07-12,1.0
OPP-00135,Qualification,2023-07-12,2023-07-23,11.0
OPP-00135,Proof of Concept,2023-07-23,2023-08-02,10.0
OPP-00135,Negotiation,2023-08-02,2023-08-15,13.0
OPP-00136,Discovery,2023-07-05,2023-07-06,1.0
OPP-00136,Qualification,2023-07-06,2023-07-10,4.0
OPP-00136,Proof of Concept,2023-07-10,2023-08-05,26.0
OPP-00136,Negotiation,2023-08-05,2023-08-10,5.0
OPP-00137,Discovery,2023-08-06,2023-08-10,4.0
OPP-00137,Qualification,2023-08-10,2023-08-15,5.0
OPP-00137,Proof of Concept,2023-08-15,2023-08-18,3.0
OPP-00137,Negotiation,2023-08-18,2023-08-24,6.0
OPP-00138,Discovery,2023-05-11,2023-05-16,5.0
OPP-00138,Qualification,2023-05-16,2023-05-24,8.0
OPP-00138,Proof of Concept,2023-05-24,2023-07-26,63.0
OPP-00138,Negotiation,2023-07-26,2023-08-15,20.0
OPP-00139,Discovery,2023-05-06,2023-05-10,4.0
OPP-00139,Qualification,2023-05-10,2023-05-24,14.0
OPP-00139,Proof of Concept,2023-05-24,2023-07-28,65.0
OPP-00139,Negotiation,2023-07-28,2023-08-14,17.0
OPP-00140,Discovery,2023-07-26,2023-08-05,10.0
OPP-00140,Qualification,2023-08-05,2023-08-10,5.0
OPP-00140,Proof of Concept,2023-08-10,2023-08-14,4.0
OPP-00140,Negotiation,2023-08-14,2023-08-21,7.0
OPP-00141,Discovery,2023-07-11,2023-07-17,6.0
OPP-00141,Qualification,2023-07-17,2023-07-25,8.0
OPP-00141,Proof of Concept,2023-07-25,2023-07-29,4.0
OPP-00141,Negotiation,2023-07-29,2023-08-05,7.0
OPP-00142,Discovery,2023-06-07,2023-06-16,9.0
OPP-00142,Qualification,2023-06-16,2023-06-30,14.0
OPP-00142,Proof of Concept,2023-06-30,2023-08-04,35.0
OPP-00142,Negotiation,2023-08-04,2023-08-24,20.0
OPP-00143,Discovery,2023-08-14,2023-08-26,12.0
OPP-00143,Qualification,2023-08-26,2023-09-02,7.0
OPP-00143,Proof of Concept,2023-09-02,2023-09-14,12.0
OPP-00143,Negotiation,2023-09-14,2023-09-20,6.0
OPP-00144,Discovery,2023-08-14,2023-08-19,5.0
OPP-00144,Qualification,2023-08-19,2023-08-30,11.0
OPP-00144,Proof of Concept,2023-08-30,2023-09-16,17.0
OPP-00144,Negotiation,2023-09-16,2023-09-24,8.0
OPP-00145,Discovery,2023-04-04,2023-04-13,9.0
OPP-00145,Qualification,2023-04-13,2023-04-16,3.0
OPP-00145,Proof of Concept,2023-04-16,2023-08-28,134.0
OPP-00145,Negotiation,2023-08-28,2023-09-10,13.0
OPP-00146,Discovery,2023-07-26,2023-07-28,2.0
OPP-00146,Qualification,2023-07-28,2023-08-19,22.0
OPP-00146,Proof of Concept,2023-08-19,2023-09-06,18.0
OPP-00146,Negotiation,2023-09-06,2023-09-13,7.0
OPP-00147,Discovery,2023-07-09,2023-07-25,16.0
OPP-00147,Qualification,2023-07-25,2023-08-09,15.0
OPP-00147,Proof of Concept,2023-08-09,2023-08-27,18.0
OPP-00147,Negotiation,2023-08-27,2023-09-09,13.0
OPP-00148,Discovery,2023-06-05,2023-06-23,18.0
OPP-00148,Qualification,2023-06-23,2023-07-21,28.0
OPP-00148,Proof of Concept,2023-07-21,2023-08-22,32.0
OPP-00148,Negotiation,2023-08-22,2023-09-21,30.0
OPP-00149,Discovery,2023-06-11,2023-06-20,9.0
OPP-00149,Qualification,2023-06-20,2023-07-04,14.0
OPP-00149,Proof of Concept,2023-07-04,2023-07-17,13.0
OPP-00149,Negotiation,2023-07-17,2023-09-02,47.0
OPP-00150,Discovery,2023-07-21,2023-08-04,14.0
OPP-00150,Qualification,2023-08-04,2023-08-13,9.0
OPP-00150,Proof of Concept,2023-08-13,2023-09-13,31.0
OPP-00150,Negotiation,2023-09-13,2023-09-18,5.0
OPP-00151,Discovery,2023-08-03,2023-08-10,7.0
OPP-00151,Qualification,2023-08-10,2023-08-28,18.0
OPP-00151,Proof of Concept,2023-08-28,2023-09-02,5.0
OPP-00151,Negotiation,2023-09-02,2023-09-09,7.0
OPP-00152,Discovery,2023-07-12,2023-07-16,4.0
OPP-00152,Qualification,2023-07-16,2023-07-30,14.0
OPP-00152,Proof of Concept,2023-07-30,2023-08-19,20.0
OPP-00152,Negotiation,2023-08-19,2023-09-02,14.0
OPP-00153,Discovery,2023-08-22,2023-08-27,5.0
OPP-00153,Qualification,2023-08-27,2023-09-11,15.0
OPP-00153,Proof of Concept,2023-09-11,2023-09-14,3.0
OPP-00153,Negotiation,2023-09-14,2023-09-21,7.0
OPP-00154,Discovery,2023-09-01,2023-09-05,4.0
OPP-00154,Qualification,2023-09-05,2023-09-19,14.0
OPP-00154,Proof of Concept,2023-09-19,2023-09-20,1.0
OPP-00154,Negotiation,2023-09-20,2023-09-24,4.0
OPP-00155,Discovery,2023-07-15,2023-07-29,14.0
OPP-00155,Qualification,2023-07-29,2023-08-05,7.0
OPP-00155,Proof of Concept,2023-08-05,2023-08-19,14.0
OPP-00155,Negotiation,2023-08-19,2023-09-03,15.0
OPP-00156,Discovery,2023-07-28,2023-08-03,6.0
OPP-00156,Qualification,2023-08-03,2023-08-12,9.0
OPP-00156,Proof of Concept,2023-08-12,2023-09-17,36.0
OPP-00156,Negotiation,2023-09-17,2023-09-25,8.0
OPP-00157,Discovery,2023-05-19,2023-06-03,15.0
OPP-00157,Qualification,2023-06-03,2023-06-08,5.0
OPP-00157,Proof of Concept,2023-06-08,2023-08-14,67.0
OPP-00157,Negotiation,2023-08-14,2023-09-02,19.0
OPP-00158,Discovery,2023-07-09,2023-07-20,11.0
OPP-00158,Qualification,2023-07-20,2023-07-30,10.0
OPP-00158,Proof of Concept,2023-07-30,2023-08-23,24.0
OPP-00158,Negotiation,2023-08-23,2023-09-10,18.0
OPP-00159,Discovery,2023-07-19,2023-07-30,11.0
OPP-00159,Qualification,2023-07-30,2023-07-31,1.0
OPP-00159,Proof of Concept,2023-07-31,2023-08-15,15.0
OPP-00159,Negotiation,2023-08-15,2023-09-03,19.0
OPP-00160,Discovery,2023-08-25,2023-08-30,5.0
OPP-00160,Qualification,2023-08-30,2023-09-02,3.0
OPP-00160,Proof of Concept,2023-09-02,2023-09-12,10.0
OPP-00160,Negotiation,2023-09-12,2023-09-15,3.0
OPP-00161,Discovery,2023-08-29,2023-08-30,1.0
OPP-00161,Qualification,2023-08-30,2023-09-12,13.0
OPP-00161,Proof of Concept,2023-09-12,2023-09-18,6.0
OPP-00161,Negotiation,2023-09-18,2023-09-23,5.0
OPP-00162,Discovery,2023-09-03,2023-09-07,4.0
OPP-00162,Qualification,2023-09-07,2023-09-11,4.0
OPP-00162,Proof of Concept,2023-09-11,2023-09-26,15.0
OPP-00162,Negotiation,2023-09-26,2023-10-01,5.0
OPP-00163,Discovery,2023-09-27,2023-09-28,1.0
OPP-00163,Qualification,2023-09-28,2023-10-08,10.0
OPP-00163,Proof of Concept,2023-10-08,2023-10-13,5.0
OPP-00163,Negotiation,2023-10-13,2023-10-27,14.0
OPP-00164,Discovery,2023-09-05,2023-09-15,10.0
OPP-00164,Qualification,2023-09-15,2023-10-02,17.0
OPP-00164,Proof of Concept,2023-10-02,2023-10-13,11.0
OPP-00164,Negotiation,2023-10-13,2023-10-21,8.0
OPP-00165,Discovery,2023-08-17,2023-08-31,14.0
OPP-00165,Qualification,2023-08-31,2023-09-03,3.0
OPP-00165,Proof of Concept,2023-09-03,2023-09-30,27.0
OPP-00165,Negotiation,2023-09-30,2023-10-26,26.0
OPP-00166,Discovery,2023-08-16,2023-08-27,11.0
OPP-00166,Qualification,2023-08-27,2023-09-24,28.0
OPP-00166,Proof of Concept,2023-09-24,2023-10-04,10.0
OPP-00166,Negotiation,2023-10-04,2023-10-08,4.0
OPP-00167,Discovery,2023-08-31,2023-09-04,4.0
OPP-00167,Qualification,2023-09-04,2023-09-29,25.0
OPP-00167,Proof of Concept,2023-09-29,2023-10-08,9.0
OPP-00167,Negotiation,2023-10-08,2023-10-18,10.0
OPP-00168,Discovery,2023-08-19,2023-08-24,5.0
OPP-00168,Qualification,2023-08-24,2023-08-29,5.0
OPP-00168,Proof of Concept,2023-08-29,2023-10-01,33.0
OPP-00168,Negotiation,2023-10-01,2023-10-05,4.0
OPP-00169,Discovery,2023-09-04,2023-09-07,3.0
OPP-00169,Qualification,2023-09-07,2023-09-16,9.0
OPP-00169,Proof of Concept,2023-09-16,2023-10-13,27.0
OPP-00169,Negotiation,2023-10-13,2023-10-21,8.0
OPP-00170,Discovery,2023-10-14,2023-10-17,3.0
OPP-00170,Qualification,2023-10-17,2023-10-23,6.0
OPP-00170,Proof of Concept,2023-10-23,2023-10-25,2.0
OPP-00170,Negotiation,2023-10-25,2023-10-26,1.0
OPP-00171,Discovery,2023-09-06,2023-09-10,4.0
OPP-00171,Qualification,2023-09-10,2023-09-11,1.0
OPP-00171,Proof of Concept,2023-09-11,2023-09-25,14.0
OPP-00171,Negotiation,2023-09-25,2023-10-16,21.0
OPP-00172,Discovery,2023-09-09,2023-09-16,7.0
OPP-00172,Qualification,2023-09-16,2023-09-22,6.0
OPP-00172,Proof of Concept,2023-09-22,2023-10-06,14.0
OPP-00172,Negotiation,2023-10-06,2023-10-12,6.0
OPP-00173,Discovery,2023-09-19,2023-09-23,4.0
OPP-00173,Qualification,2023-09-23,2023-10-04,11.0
OPP-00173,Proof of Concept,2023-10-04,2023-10-13,9.0
OPP-00173,Negotiation,2023-10-13,2023-10-20,7.0
OPP-00174,Discovery,2023-09-30,2023-10-07,7.0
OPP-00174,Qualification,2023-10-07,2023-10-14,7.0
OPP-00174,Proof of Concept,2023-10-14,2023-10-16,2.0
OPP-00174,Negotiation,2023-10-16,2023-10-24,8.0
OPP-00175,Discovery,2023-09-14,2023-09-19,5.0
OPP-00175,Qualification,2023-09-19,2023-09-22,3.0
OPP-00175,Proof of Concept,2023-09-22,2023-09-29,7.0
OPP-00175,Negotiation,2023-09-29,2023-10-08,9.0
OPP-00176,Discovery,2023-05-28,2023-06-02,5.0
OPP-00176,Qualification,2023-06-02,2023-06-18,16.0
OPP-00176,Proof of Concept,2023-06-18,2023-10-05,109.0
OPP-00176,Negotiation,2023-10-05,2023-10-19,14.0
OPP-00177,Discovery,2023-09-13,2023-09-26,13.0
OPP-00177,Qualification,2023-09-26,2023-10-02,6.0
OPP-00177,Proof of Concept,2023-10-02,2023-10-07,5.0
OPP-00177,Negotiation,2023-10-07,2023-10-20,13.0
OPP-00178,Discovery,2023-09-05,2023-09-06,1.0
OPP-00178,Qualification,2023-09-06,2023-09-19,13.0
OPP-00178,Proof of Concept,2023-09-19,2023-10-14,25.0
OPP-00178,Negotiation,2023-10-14,2023-10-24,10.0
OPP-00179,Discovery,2023-09-06,2023-09-16,10.0
OPP-00179,Qualification,2023-09-16,2023-10-06,20.0
OPP-00179,Proof of Concept,2023-10-06,2023-10-21,15.0
OPP-00179,Negotiation,2023-10-21,2023-10-24,3.0
OPP-00180,Discovery,2023-08-23,2023-09-16,24.0
OPP-00180,Qualification,2023-09-16,2023-09-21,5.0
OPP-00180,Proof of Concept,2023-09-21,2023-10-20,29.0
OPP-00180,Negotiation,2023-10-20,2023-10-25,5.0
OPP-00181,Discovery,2023-08-31,2023-09-05,5.0
OPP-00181,Qualification,2023-09-05,2023-09-13,8.0
OPP-00181,Proof of Concept,2023-09-13,2023-09-19,6.0
OPP-00181,Negotiation,2023-09-19,2023-10-08,19.0
OPP-00182,Discovery,2023-10-05,2023-10-18,13.0
OPP-00182,Qualification,2023-10-18,2023-10-27,9.0
OPP-00182,Proof of Concept,2023-10-27,2023-10-31,4.0
OPP-00182,Negotiation,2023-10-31,2023-11-08,8.0
OPP-00183,Discovery,2023-10-30,2023-11-03,4.0
OPP-00183,Qualification,2023-11-03,2023-11-05,2.0
OPP-00183,Proof of Concept,2023-11-05,2023-11-20,15.0
OPP-00183,Negotiation,2023-11-20,2023-11-23,3.0
OPP-00184,Discovery,2023-09-19,2023-09-30,11.0
OPP-00184,Qualification,2023-09-30,2023-10-20,20.0
OPP-00184,Proof of Concept,2023-10-20,2023-11-01,12.0
OPP-00184,Negotiation,2023-11-01,2023-11-08,7.0
OPP-00185,Discovery,2023-11-13,2023-11-17,4.0
OPP-00185,Qualification,2023-11-17,2023-11-20,3.0
OPP-00185,Proof of Concept,2023-11-20,2023-11-25,5.0
OPP-00185,Negotiation,2023-11-25,2023-11-27,2.0
OPP-00186,Discovery,2023-08-22,2023-08-30,8.0
OPP-00186,Qualification,2023-08-30,2023-09-13,14.0
OPP-00186,Proof of Concept,2023-09-13,2023-10-25,42.0
OPP-00186,Negotiation,2023-10-25,2023-11-07,13.0
OPP-00187,Discovery,2023-09-18,2023-09-26,8.0
OPP-00187,Qualification,2023-09-26,2023-10-06,10.0
OPP-00187,Proof of Concept,2023-10-06,2023-10-23,17.0
OPP-00187,Negotiation,2023-10-23,2023-11-15,23.0
OPP-00188,Discovery,2023-10-06,2023-10-10,4.0
OPP-00188,Qualification,2023-10-10,2023-10-20,10.0
OPP-00188,Proof of Concept,2023-10-20,2023-10-26,6.0
OPP-00188,Negotiation,2023-10-26,2023-11-01,6.0
OPP-00189,Discovery,2023-10-14,2023-10-17,3.0
OPP-00189,Qualification,2023-10-17,2023-10-28,11.0
OPP-00189,Proof of Concept,2023-10-28,2023-11-04,7.0
OPP-00189,Negotiation,2023-11-04,2023-11-13,9.0
OPP-00190,Discovery,2023-10-25,2023-10-31,6.0
OPP-00190,Qualification,2023-10-31,2023-11-07,7.0
OPP-00190,Proof of Concept,2023-11-07,2023-11-13,6.0
OPP-00190,Negotiation,2023-11-13,2023-11-19,6.0
OPP-00191,Discovery,2023-10-14,2023-10-21,7.0
OPP-00191,Qualification,2023-10-21,2023-10-24,3.0
OPP-00191,Proof of Concept,2023-10-24,2023-11-07,14.0
OPP-00191,Negotiation,2023-11-07,2023-11-22,15.0
OPP-00192,Discovery,2023-10-17,2023-10-20,3.0
OPP-00192,Qualification,2023-10-20,2023-10-27,7.0
OPP-00192,Proof of Concept,2023-10-27,2023-11-02,6.0
OPP-00192,Negotiation,2023-11-02,2023-11-09,7.0
OPP-00193,Discovery,2023-10-21,2023-10-24,3.0
OPP-00193,Qualification,2023-10-24,2023-10-25,1.0
OPP-00193,Proof of Concept,2023-10-25,2023-11-07,13.0
OPP-00193,Negotiation,2023-11-07,2023-11-12,5.0
OPP-00194,Discovery,2023-10-07,2023-10-09,2.0
OPP-00194,Qualification,2023-10-09,2023-10-16,7.0
OPP-00194,Proof of Concept,2023-10-16,2023-10-22,6.0
OPP-00194,Negotiation,2023-10-22,2023-11-01,10.0
OPP-00195,Discovery,2023-08-29,2023-09-03,5.0
OPP-00195,Qualification,2023-09-03,2023-09-17,14.0
OPP-00195,Proof of Concept,2023-09-17,2023-10-11,24.0
OPP-00195,Negotiation,2023-10-11,2023-11-03,23.0
OPP-00196,Discovery,2023-09-26,2023-09-29,3.0
OPP-00196,Qualification,2023-09-29,2023-10-10,11.0
OPP-00196,Proof of Concept,2023-10-10,2023-10-20,10.0
OPP-00196,Negotiation,2023-10-20,2023-11-21,32.0
OPP-00197,Discovery,2023-10-07,2023-10-11,4.0
OPP-00197,Qualification,2023-10-11,2023-10-17,6.0
OPP-00197,Proof of Concept,2023-10-17,2023-10-26,9.0
OPP-00197,Negotiation,2023-10-26,2023-11-02,7.0
OPP-00198,Discovery,2023-09-14,2023-10-08,24.0
OPP-00198,Qualification,2023-10-08,2023-10-16,8.0
OPP-00198,Proof of Concept,2023-10-16,2023-11-04,19.0
OPP-00198,Negotiation,2023-11-04,2023-11-11,7.0
OPP-00199,Discovery,2023-09-14,2023-09-27,13.0
OPP-00199,Qualification,2023-09-27,2023-09-29,2.0
OPP-00199,Proof of Concept,2023-09-29,2023-10-30,31.0
OPP-00199,Negotiation,2023-10-30,2023-11-13,14.0
OPP-00200,Discovery,2023-09-06,2023-09-14,8.0
OPP-00200,Qualification,2023-09-14,2023-09-23,9.0
OPP-00200,Proof of Concept,2023-09-23,2023-11-04,42.0
OPP-00200,Negotiation,2023-11-04,2023-11-23,19.0
OPP-00201,Discovery,2023-09-01,2023-09-07,6.0
OPP-00201,Qualification,2023-09-07,2023-09-20,13.0
OPP-00201,Proof of Concept,2023-09-20,2023-10-27,37.0
OPP-00201,Negotiation,2023-10-27,2023-11-17,21.0
OPP-00202,Discovery,2023-07-08,2023-07-22,14.0
OPP-00202,Qualification,2023-07-22,2023-09-29,69.0
OPP-00202,Proof of Concept,2023-09-29,2023-11-01,33.0
OPP-00202,Negotiation,2023-11-01,2023-11-11,10.0
OPP-00203,Discovery,2023-11-01,2023-11-03,2.0
OPP-00203,Qualification,2023-11-03,2023-11-06,3.0
OPP-00203,Proof of Concept,2023-11-06,2023-11-17,11.0
OPP-00203,Negotiation,2023-11-17,2023-11-23,6.0
OPP-00204,Discovery,2023-10-11,2023-10-29,18.0
OPP-00204,Qualification,2023-10-29,2023-11-04,6.0
OPP-00204,Proof of Concept,2023-11-04,2023-11-20,16.0
OPP-00204,Negotiation,2023-11-20,2023-12-05,15.0
OPP-00205,Discovery,2023-11-10,2023-11-13,3.0
OPP-00205,Qualification,2023-11-13,2023-11-21,8.0
OPP-00205,Proof of Concept,2023-11-21,2023-12-04,13.0
OPP-00205,Negotiation,2023-12-04,2023-12-10,6.0
OPP-00206,Discovery,2023-10-25,2023-11-04,10.0
OPP-00206,Qualification,2023-11-04,2023-11-09,5.0
OPP-00206,Proof of Concept,2023-11-09,2023-11-25,16.0
OPP-00206,Negotiation,2023-11-25,2023-12-03,8.0
OPP-00207,Discovery,2023-11-02,2023-11-12,10.0
OPP-00207,Qualification,2023-11-12,2023-11-16,4.0
OPP-00207,Proof of Concept,2023-11-16,2023-11-19,3.0
OPP-00207,Negotiation,2023-11-19,2023-12-05,16.0
OPP-00208,Discovery,2023-11-03,2023-11-17,14.0
OPP-00208,Qualification,2023-11-17,2023-11-23,6.0
OPP-00208,Proof of Concept,2023-11-23,2023-12-15,22.0
OPP-00208,Negotiation,2023-12-15,2023-12-17,2.0
OPP-00209,Discovery,2023-10-06,2023-10-16,10.0
OPP-00209,Qualification,2023-10-16,2023-10-22,6.0
OPP-00209,Proof of Concept,2023-10-22,2023-11-23,32.0
OPP-00209,Negotiation,2023-11-23,2023-12-02,9.0
OPP-00210,Discovery,2023-11-15,2023-11-19,4.0
OPP-00210,Qualification,2023-11-19,2023-11-26,7.0
OPP-00210,Proof of Concept,2023-11-26,2023-12-10,14.0
OPP-00210,Negotiation,2023-12-10,2023-12-23,13.0
OPP-00211,Discovery,2023-11-20,2023-11-21,1.0
OPP-00211,Qualification,2023-11-21,2023-11-29,8.0
OPP-00211,Proof of Concept,2023-11-29,2023-12-08,9.0
OPP-00211,Negotiation,2023-12-08,2023-12-13,5.0
OPP-00212,Discovery,2023-09-08,2023-09-18,10.0
OPP-00212,Qualification,2023-09-18,2023-10-06,18.0
OPP-00212,Proof of Concept,2023-10-06,2023-11-17,42.0
OPP-00212,Negotiation,2023-11-17,2023-12-14,27.0
OPP-00213,Discovery,2023-11-29,2023-11-30,1.0
OPP-00213,Qualification,2023-11-30,2023-12-06,6.0
OPP-00213,Proof of Concept,2023-12-06,2023-12-10,4.0
OPP-00213,Negotiation,2023-12-10,2023-12-13,3.0
OPP-00214,Discovery,2023-10-15,2023-10-27,12.0
OPP-00214,Qualification,2023-10-27,2023-11-14,18.0
OPP-00214,Proof of Concept,2023-11-14,2023-12-08,24.0
OPP-00214,Negotiation,2023-12-08,2023-12-16,8.0
OPP-00215,Discovery,2023-10-28,2023-11-03,6.0
OPP-00215,Qualification,2023-11-03,2023-11-11,8.0
OPP-00215,Proof of Concept,2023-11-11,2023-12-05,24.0
OPP-00215,Negotiation,2023-12-05,2023-12-22,17.0
OPP-00216,Discovery,2023-11-09,2023-11-14,5.0
OPP-00216,Qualification,2023-11-14,2023-11-18,4.0
OPP-00216,Proof of Concept,2023-11-18,2023-11-21,3.0
OPP-00216,Negotiation,2023-11-21,2023-12-13,22.0
OPP-00217,Discovery,2023-11-21,2023-11-22,1.0
OPP-00217,Qualification,2023-11-22,2023-11-28,6.0
OPP-00217,Proof of Concept,2023-11-28,2023-12-05,7.0
OPP-00217,Negotiation,2023-12-05,2023-12-15,10.0
OPP-00218,Discovery,2023-07-11,2023-07-18,7.0
OPP-00218,Qualification,2023-07-18,2023-08-10,23.0
OPP-00218,Proof of Concept,2023-08-10,2023-11-10,92.0
OPP-00218,Negotiation,2023-11-10,2023-12-16,36.0
OPP-00219,Discovery,2023-09-07,2023-10-03,26.0
OPP-00219,Qualification,2023-10-03,2023-10-08,5.0
OPP-00219,Proof of Concept,2023-10-08,2023-11-04,27.0
OPP-00219,Negotiation,2023-11-04,2023-12-03,29.0
OPP-00220,Discovery,2023-09-16,2023-10-03,17.0
OPP-00220,Qualification,2023-10-03,2023-10-13,10.0
OPP-00220,Proof of Concept,2023-10-13,2023-12-04,52.0
OPP-00220,Negotiation,2023-12-04,2023-12-16,12.0
OPP-00221,Discovery,2023-11-12,2023-11-15,3.0
OPP-00221,Qualification,2023-11-15,2023-11-23,8.0
OPP-00221,Proof of Concept,2023-11-23,2023-12-05,12.0
OPP-00221,Negotiation,2023-12-05,2023-12-10,5.0
OPP-00222,Discovery,2023-10-26,2023-11-03,8.0
OPP-00222,Qualification,2023-11-03,2023-11-21,18.0
OPP-00222,Proof of Concept,2023-11-21,2023-11-28,7.0
OPP-00222,Negotiation,2023-11-28,2023-12-22,24.0
OPP-00223,Discovery,2023-10-30,2023-11-05,6.0
OPP-00223,Qualification,2023-11-05,2023-11-28,23.0
OPP-00223,Proof of Concept,2023-11-28,2023-12-10,12.0
OPP-00223,Negotiation,2023-12-10,2023-12-19,9.0
OPP-00224,Discovery,2023-12-07,2023-12-24,17.0
OPP-00224,Qualification,2023-12-24,2024-01-14,21.0
OPP-00224,Proof of Concept,2024-01-14,2024-01-22,8.0
OPP-00224,Negotiation,2024-01-22,2024-01-27,5.0
OPP-00225,Discovery,2023-11-16,2023-11-27,11.0
OPP-00225,Qualification,2023-11-27,2023-12-03,6.0
OPP-00225,Proof of Concept,2023-12-03,2024-01-03,31.0
OPP-00225,Negotiation,2024-01-03,2024-01-04,1.0
OPP-00226,Discovery,2023-12-01,2023-12-06,5.0
OPP-00226,Qualification,2023-12-06,2023-12-12,6.0
OPP-00226,Proof of Concept,2023-12-12,2024-01-09,28.0
OPP-00226,Negotiation,2024-01-09,2024-01-17,8.0
OPP-00227,Discovery,2023-11-22,2023-11-25,3.0
OPP-00227,Qualification,2023-11-25,2023-12-08,13.0
OPP-00227,Proof of Concept,2023-12-08,2023-12-23,15.0
OPP-00227,Negotiation,2023-12-23,2024-01-06,14.0
OPP-00228,Discovery,2023-12-04,2023-12-17,13.0
OPP-00228,Qualification,2023-12-17,2023-12-23,6.0
OPP-00228,Proof of Concept,2023-12-23,2024-01-02,10.0
OPP-00228,Negotiation,2024-01-02,2024-01-15,13.0
OPP-00229,Discovery,2023-12-24,2023-12-26,2.0
OPP-00229,Qualification,2023-12-26,2024-01-06,11.0
OPP-00229,Proof of Concept,2024-01-06,2024-01-12,6.0
OPP-00229,Negotiation,2024-01-12,2024-01-22,10.0
OPP-00230,Discovery,2023-11-30,2023-12-01,1.0
OPP-00230,Qualification,2023-12-01,2023-12-12,11.0
OPP-00230,Proof of Concept,2023-12-12,2024-01-03,22.0
OPP-00230,Negotiation,2024-01-03,2024-01-04,1.0
OPP-00231,Discovery,2023-12-27,2023-12-29,2.0
OPP-00231,Qualification,2023-12-29,2024-01-01,3.0
OPP-00231,Proof of Concept,2024-01-01,2024-01-06,5.0
OPP-00231,Negotiation,2024-01-06,2024-01-07,1.0
OPP-00232,Discovery,2023-12-14,2023-12-16,2.0
OPP-00232,Qualification,2023-12-16,2023-12-19,3.0
OPP-00232,Proof of Concept,2023-12-19,2024-01-05,17.0
OPP-00232,Negotiation,2024-01-05,2024-01-18,13.0
OPP-00233,Discovery,2023-11-25,2023-12-02,7.0
OPP-00233,Qualification,2023-12-02,2023-12-10,8.0
OPP-00233,Proof of Concept,2023-12-10,2024-01-03,24.0
OPP-00233,Negotiation,2024-01-03,2024-01-13,10.0
OPP-00234,Discovery,2023-10-25,2023-10-27,2.0
OPP-00234,Qualification,2023-10-27,2023-11-08,12.0
OPP-00234,Proof of Concept,2023-11-08,2023-12-14,36.0
OPP-00234,Negotiation,2023-12-14,2024-01-02,19.0
OPP-00235,Discovery,2023-12-25,2023-12-28,3.0
OPP-00235,Qualification,2023-12-28,2024-01-10,13.0
OPP-00235,Proof of Concept,2024-01-10,2024-01-11,1.0
OPP-00235,Negotiation,2024-01-11,2024-01-26,15.0
OPP-00236,Discovery,2023-08-16,2023-09-03,18.0
OPP-00236,Qualification,2023-09-03,2023-09-12,9.0
OPP-00236,Proof of Concept,2023-09-12,2023-12-29,108.0
OPP-00236,Negotiation,2023-12-29,2024-01-13,15.0
OPP-00237,Discovery,2023-11-11,2023-11-21,10.0
OPP-00237,Qualification,2023-11-21,2023-12-16,25.0
OPP-00237,Proof of Concept,2023-12-16,2024-01-03,18.0
OPP-00237,Negotiation,2024-01-03,2024-01-06,3.0
OPP-00238,Discovery,2023-12-01,2023-12-03,2.0
OPP-00238,Qualification,2023-12-03,2023-12-05,2.0
OPP-00238,Proof of Concept,2023-12-05,2023-12-26,21.0
OPP-00238,Negotiation,2023-12-26,2024-01-16,21.0
OPP-00239,Discovery,2023-09-23,2023-10-02,9.0
OPP-00239,Qualification,2023-10-02,2023-11-06,35.0
OPP-00239,Proof of Concept,2023-11-06,2024-01-24,79.0
OPP-00239,Negotiation,2024-01-24,2024-02-05,12.0
OPP-00240,Discovery,2024-01-27,2024-01-29,2.0
OPP-00240,Qualification,2024-01-29,2024-02-02,4.0
OPP-00240,Proof of Concept,2024-02-02,2024-02-20,18.0
OPP-00240,Negotiation,2024-02-20,2024-02-24,4.0
OPP-00241,Discovery,2023-12-06,2023-12-17,11.0
OPP-00241,Qualification,2023-12-17,2024-01-02,16.0
OPP-00241,Proof of Concept,2024-01-02,2024-01-30,28.0
OPP-00241,Negotiation,2024-01-30,2024-02-06,7.0
OPP-00242,Discovery,2024-01-18,2024-01-26,8.0
OPP-00242,Qualification,2024-01-26,2024-02-01,6.0
OPP-00242,Proof of Concept,2024-02-01,2024-02-07,6.0
OPP-00242,Negotiation,2024-02-07,2024-02-14,7.0
OPP-00243,Discovery,2023-12-19,2023-12-25,6.0
OPP-00243,Qualification,2023-12-25,2023-12-30,5.0
OPP-00243,Proof of Concept,2023-12-30,2024-01-20,21.0
OPP-00243,Negotiation,2024-01-20,2024-02-03,14.0
OPP-00244,Discovery,2023-11-28,2023-12-04,6.0
OPP-00244,Qualification,2023-12-04,2024-01-09,36.0
OPP-00244,Proof of Concept,2024-01-09,2024-01-27,18.0
OPP-00244,Negotiation,2024-01-27,2024-02-04,8.0
OPP-00245,Discovery,2023-12-11,2023-12-12,1.0
OPP-00245,Qualification,2023-12-12,2023-12-15,3.0
OPP-00245,Proof of Concept,2023-12-15,2024-02-01,48.0
OPP-00245,Negotiation,2024-02-01,2024-02-12,11.0
OPP-00246,Discovery,2024-01-23,2024-01-26,3.0
OPP-00246,Qualification,2024-01-26,2024-02-03,8.0
OPP-00246,Proof of Concept,2024-02-03,2024-02-18,15.0
OPP-00246,Negotiation,2024-02-18,2024-02-23,5.0
OPP-00247,Discovery,2024-01-14,2024-01-15,1.0
OPP-00247,Qualification,2024-01-15,2024-01-20,5.0
OPP-00247,Proof of Concept,2024-01-20,2024-02-09,20.0
OPP-00247,Negotiation,2024-02-09,2024-02-27,18.0
OPP-00248,Discovery,2024-01-27,2024-01-28,1.0
OPP-00248,Qualification,2024-01-28,2024-01-30,2.0
OPP-00248,Proof of Concept,2024-01-30,2024-02-06,7.0
OPP-00248,Negotiation,2024-02-06,2024-02-07,1.0
OPP-00249,Discovery,2024-01-11,2024-01-19,8.0
OPP-00249,Qualification,2024-01-19,2024-01-26,7.0
OPP-00249,Proof of Concept,2024-01-26,2024-02-07,12.0
OPP-00249,Negotiation,2024-02-07,2024-02-25,18.0
OPP-00250,Discovery,2023-12-19,2024-01-10,22.0
OPP-00250,Qualification,2024-01-10,2024-01-18,8.0
OPP-00250,Proof of Concept,2024-01-18,2024-02-16,29.0
OPP-00250,Negotiation,2024-02-16,2024-02-25,9.0
OPP-00251,Discovery,2023-10-23,2023-10-30,7.0
OPP-00251,Qualification,2023-10-30,2023-11-14,15.0
OPP-00251,Proof of Concept,2023-11-14,2024-02-08,86.0
OPP-00251,Negotiation,2024-02-08,2024-02-18,10.0
OPP-00252,Discovery,2023-11-08,2023-11-18,10.0
OPP-00252,Qualification,2023-11-18,2023-12-16,28.0
OPP-00252,Proof of Concept,2023-12-16,2024-02-05,51.0
OPP-00252,Negotiation,2024-02-05,2024-02-10,5.0
OPP-00253,Discovery,2023-11-19,2023-11-23,4.0
OPP-00253,Qualification,2023-11-23,2023-12-11,18.0
OPP-00253,Proof of Concept,2023-12-11,2024-01-25,45.0
OPP-00253,Negotiation,2024-01-25,2024-02-04,10.0
OPP-00254,Discovery,2024-01-02,2024-01-18,16.0
OPP-00254,Qualification,2024-01-18,2024-01-22,4.0
OPP-00254,Proof of Concept,2024-01-22,2024-02-06,15.0
OPP-00254,Negotiation,2024-02-06,2024-02-16,10.0
OPP-00255,Discovery,2024-01-15,2024-01-23,8.0
OPP-00255,Qualification,2024-01-23,2024-01-30,7.0
OPP-00255,Proof of Concept,2024-01-30,2024-02-10,11.0
OPP-00255,Negotiation,2024-02-10,2024-02-15,5.0
OPP-00256,Discovery,2023-11-22,2023-11-29,7.0
OPP-00256,Qualification,2023-11-29,2023-12-08,9.0
OPP-00256,Proof of Concept,2023-12-08,2024-01-05,28.0
OPP-00256,Negotiation,2024-01-05,2024-02-22,48.0
OPP-00257,Discovery,2024-02-04,2024-02-08,4.0
OPP-00257,Qualification,2024-02-08,2024-02-16,8.0
OPP-00257,Proof of Concept,2024-02-16,2024-03-04,17.0
OPP-00257,Negotiation,2024-03-04,2024-03-15,11.0
OPP-00258,Discovery,2024-01-20,2024-01-29,9.0
OPP-00258,Qualification,2024-01-29,2024-02-21,23.0
OPP-00258,Proof of Concept,2024-02-21,2024-02-29,8.0
OPP-00258,Negotiation,2024-02-29,2024-03-05,5.0
OPP-00259,Discovery,2024-01-21,2024-02-08,18.0
OPP-00259,Qualification,2024-02-08,2024-02-13,5.0
OPP-00259,Proof of Concept,2024-02-13,2024-03-02,18.0
OPP-00259,Negotiation,2024-03-02,2024-03-07,5.0
OPP-00260,Discovery,2024-01-23,2024-01-30,7.0
OPP-00260,Qualification,2024-01-30,2024-02-15,16.0
OPP-00260,Proof of Concept,2024-02-15,2024-03-06,20.0
OPP-00260,Negotiation,2024-03-06,2024-03-17,11.0
OPP-00261,Discovery,2023-12-29,2023-12-31,2.0
OPP-00261,Qualification,2023-12-31,2024-02-07,38.0
OPP-00261,Proof of Concept,2024-02-07,2024-02-20,13.0
OPP-00261,Negotiation,2024-02-20,2024-03-13,22.0
OPP-00262,Discovery,2024-02-16,2024-02-19,3.0
OPP-00262,Qualification,2024-02-19,2024-02-29,10.0
OPP-00262,Proof of Concept,2024-02-29,2024-03-10,10.0
OPP-00262,Negotiation,2024-03-10,2024-03-13,3.0
OPP-00263,Discovery,2024-01-16,2024-02-13,28.0
OPP-00263,Qualification,2024-02-13,2024-02-17,4.0
OPP-00263,Proof of Concept,2024-02-17,2024-02-26,9.0
OPP-00263,Negotiation,2024-02-26,2024-03-22,25.0
OPP-00264,Discovery,2023-11-30,2023-12-22,22.0
OPP-00264,Qualification,2023-12-22,2024-01-16,25.0
OPP-00264,Proof of Concept,2024-01-16,2024-02-22,37.0
OPP-00264,Negotiation,2024-02-22,2024-03-04,11.0
OPP-00265,Discovery,2024-02-03,2024-02-07,4.0
OPP-00265,Qualification,2024-02-07,2024-02-13,6.0
OPP-00265,Proof of Concept,2024-02-13,2024-02-23,10.0
OPP-00265,Negotiation,2024-02-23,2024-03-16,22.0
OPP-00266,Discovery,2024-02-08,2024-02-12,4.0
OPP-00266,Qualification,2024-02-12,2024-02-14,2.0
OPP-00266,Proof of Concept,2024-02-14,2024-02-25,11.0
OPP-00266,Negotiation,2024-02-25,2024-03-21,25.0
OPP-00267,Discovery,2024-01-31,2024-02-09,9.0
OPP-00267,Qualification,2024-02-09,2024-02-12,3.0
OPP-00267,Proof of Concept,2024-02-12,2024-03-17,34.0
OPP-00267,Negotiation,2024-03-17,2024-03-22,5.0
OPP-00268,Discovery,2024-01-25,2024-01-30,5.0
OPP-00268,Qualification,2024-01-30,2024-02-14,15.0
OPP-00268,Proof of Concept,2024-02-14,2024-03-04,19.0
OPP-00268,Negotiation,2024-03-04,2024-03-12,8.0
OPP-00269,Discovery,2024-01-06,2024-01-21,15.0
OPP-00269,Qualification,2024-01-21,2024-02-07,17.0
OPP-00269,Proof of Concept,2024-02-07,2024-02-29,22.0
OPP-00269,Negotiation,2024-02-29,2024-03-12,12.0
OPP-00270,Discovery,2024-01-05,2024-01-22,17.0
OPP-00270,Qualification,2024-01-22,2024-02-02,11.0
OPP-00270,Proof of Concept,2024-02-02,2024-03-14,41.0
OPP-00270,Negotiation,2024-03-14,2024-03-23,9.0
OPP-00271,Discovery,2024-01-22,2024-01-23,1.0
OPP-00271,Qualification,2024-01-23,2024-02-09,17.0
OPP-00271,Proof of Concept,2024-02-09,2024-02-28,19.0
OPP-00271,Negotiation,2024-02-28,2024-03-06,7.0
OPP-00272,Discovery,2024-01-24,2024-01-30,6.0
OPP-00272,Qualification,2024-01-30,2024-02-17,18.0
OPP-00272,Proof of Concept,2024-02-17,2024-02-24,7.0
OPP-00272,Negotiation,2024-02-24,2024-03-05,10.0
OPP-00273,Discovery,2024-01-05,2024-01-17,12.0
OPP-00273,Qualification,2024-01-17,2024-01-28,11.0
OPP-00273,Proof of Concept,2024-01-28,2024-02-17,20.0
OPP-00273,Negotiation,2024-02-17,2024-03-24,36.0
OPP-00274,Discovery,2023-12-12,2024-01-12,31.0
OPP-00274,Qualification,2024-01-12,2024-02-19,38.0
OPP-00274,Proof of Concept,2024-02-19,2024-02-27,8.0
OPP-00274,Negotiation,2024-02-27,2024-03-07,9.0
OPP-00275,Discovery,2024-03-14,2024-03-15,1.0
OPP-00275,Qualification,2024-03-15,2024-03-22,7.0
OPP-00275,Proof of Concept,2024-03-22,2024-03-24,2.0
OPP-00275,Negotiation,2024-03-24,2024-04-06,13.0
OPP-00276,Discovery,2024-03-10,2024-03-12,2.0
OPP-00276,Qualification,2024-03-12,2024-03-20,8.0
OPP-00276,Proof of Concept,2024-03-20,2024-03-31,11.0
OPP-00276,Negotiation,2024-03-31,2024-04-04,4.0
OPP-00277,Discovery,2024-03-05,2024-03-12,7.0
OPP-00277,Qualification,2024-03-12,2024-03-14,2.0
OPP-00277,Proof of Concept,2024-03-14,2024-03-29,15.0
OPP-00277,Negotiation,2024-03-29,2024-04-07,9.0
OPP-00278,Discovery,2024-03-21,2024-03-25,4.0
OPP-00278,Qualification,2024-03-25,2024-04-10,16.0
OPP-00278,Proof of Concept,2024-04-10,2024-04-12,2.0
OPP-00278,Negotiation,2024-04-12,2024-04-15,3.0
OPP-00279,Discovery,2024-01-19,2024-02-16,28.0
OPP-00279,Qualification,2024-02-16,2024-03-13,26.0
OPP-00279,Proof of Concept,2024-03-13,2024-03-27,14.0
OPP-00279,Negotiation,2024-03-27,2024-04-26,30.0
OPP-00280,Discovery,2024-02-29,2024-03-11,11.0
OPP-00280,Qualification,2024-03-11,2024-03-15,4.0
OPP-00280,Proof of Concept,2024-03-15,2024-03-20,5.0
OPP-00280,Negotiation,2024-03-20,2024-04-02,13.0
OPP-00281,Discovery,2024-03-27,2024-03-30,3.0
OPP-00281,Qualification,2024-03-30,2024-04-04,5.0
OPP-00281,Proof of Concept,2024-04-04,2024-04-08,4.0
OPP-00281,Negotiation,2024-04-08,2024-04-14,6.0
OPP-00282,Discovery,2024-03-07,2024-03-21,14.0
OPP-00282,Qualification,2024-03-21,2024-03-28,7.0
OPP-00282,Proof of Concept,2024-03-28,2024-04-14,17.0
OPP-00282,Negotiation,2024-04-14,2024-04-22,8.0
OPP-00283,Discovery,2024-02-04,2024-02-12,8.0
OPP-00283,Qualification,2024-02-12,2024-02-21,9.0
OPP-00283,Proof of Concept,2024-02-21,2024-04-09,48.0
OPP-00283,Negotiation,2024-04-09,2024-04-10,1.0
OPP-00284,Discovery,2024-02-25,2024-03-07,11.0
OPP-00284,Qualification,2024-03-07,2024-03-19,12.0
OPP-00284,Proof of Concept,2024-03-19,2024-04-17,29.0
OPP-00284,Negotiation,2024-04-17,2024-04-24,7.0
OPP-00285,Discovery,2024-04-07,2024-04-11,4.0
OPP-00285,Qualification,2024-04-11,2024-04-15,4.0
OPP-00285,Proof of Concept,2024-04-15,2024-04-18,3.0
OPP-00285,Negotiation,2024-04-18,2024-04-22,4.0
OPP-00286,Discovery,2024-03-13,2024-03-19,6.0
OPP-00286,Qualification,2024-03-19,2024-03-21,2.0
OPP-00286,Proof of Concept,2024-03-21,2024-04-17,27.0
OPP-00286,Negotiation,2024-04-17,2024-04-23,6.0
OPP-00287,Discovery,2023-12-29,2024-01-08,10.0
OPP-00287,Qualification,2024-01-08,2024-01-16,8.0
OPP-00287,Proof of Concept,2024-01-16,2024-03-20,64.0
OPP-00287,Negotiation,2024-03-20,2024-04-13,24.0
OPP-00288,Discovery,2024-01-16,2024-01-23,7.0
OPP-00288,Qualification,2024-01-23,2024-02-08,16.0
OPP-00288,Proof of Concept,2024-02-08,2024-04-13,65.0
OPP-00288,Negotiation,2024-04-13,2024-04-26,13.0
OPP-00289,Discovery,2024-03-20,2024-03-22,2.0
OPP-00289,Qualification,2024-03-22,2024-04-01,10.0
OPP-00289,Proof of Concept,2024-04-01,2024-04-11,10.0
OPP-00289,Negotiation,2024-04-11,2024-04-20,9.0
OPP-00290,Discovery,2024-03-09,2024-03-18,9.0
OPP-00290,Qualification,2024-03-18,2024-03-28,10.0
OPP-00290,Proof of Concept,2024-03-28,2024-04-13,16.0
OPP-00290,Negotiation,2024-04-13,2024-04-26,13.0
OPP-00291,Discovery,2024-05-01,2024-05-05,4.0
OPP-00291,Qualification,2024-05-05,2024-05-10,5.0
OPP-00291,Proof of Concept,2024-05-10,2024-05-20,10.0
OPP-00291,Negotiation,2024-05-20,2024-05-24,4.0
OPP-00292,Discovery,2024-02-29,2024-03-15,15.0
OPP-00292,Qualification,2024-03-15,2024-03-19,4.0
OPP-00292,Proof of Concept,2024-03-19,2024-04-03,15.0
OPP-00292,Negotiation,2024-04-03,2024-05-05,32.0
OPP-00293,Discovery,2024-04-08,2024-04-16,8.0
OPP-00293,Qualification,2024-04-16,2024-04-18,2.0
OPP-00293,Proof of Concept,2024-04-18,2024-04-23,5.0
OPP-00293,Negotiation,2024-04-23,2024-05-03,10.0
OPP-00294,Discovery,2023-12-24,2024-01-12,19.0
OPP-00294,Qualification,2024-01-12,2024-02-19,38.0
OPP-00294,Proof of Concept,2024-02-19,2024-05-13,84.0
OPP-00294,Negotiation,2024-05-13,2024-05-15,2.0
OPP-00295,Discovery,2024-03-25,2024-04-18,24.0
OPP-00295,Qualification,2024-04-18,2024-04-21,3.0
OPP-00295,Proof of Concept,2024-04-21,2024-05-03,12.0
OPP-00295,Negotiation,2024-05-03,2024-05-18,15.0
OPP-00296,Discovery,2024-03-28,2024-03-30,2.0
OPP-00296,Qualification,2024-03-30,2024-04-06,7.0
OPP-00296,Proof of Concept,2024-04-06,2024-04-21,15.0
OPP-00296,Negotiation,2024-04-21,2024-05-02,11.0
OPP-00297,Discovery,2024-05-05,2024-05-07,2.0
OPP-00297,Qualification,2024-05-07,2024-05-10,3.0
OPP-00297,Proof of Concept,2024-05-10,2024-05-13,3.0
OPP-00297,Negotiation,2024-05-13,2024-05-23,10.0
OPP-00298,Discovery,2024-03-02,2024-03-11,9.0
OPP-00298,Qualification,2024-03-11,2024-03-24,13.0
OPP-00298,Proof of Concept,2024-03-24,2024-05-01,38.0
OPP-00298,Negotiation,2024-05-01,2024-05-06,5.0
OPP-00299,Discovery,2024-03-06,2024-03-21,15.0
OPP-00299,Qualification,2024-03-21,2024-04-01,11.0
OPP-00299,Proof of Concept,2024-04-01,2024-05-02,31.0
OPP-00299,Negotiation,2024-05-02,2024-05-16,14.0
OPP-00300,Discovery,2024-04-25,2024-04-27,2.0
OPP-00300,Qualification,2024-04-27,2024-05-05,8.0
OPP-00300,Proof of Concept,2024-05-05,2024-05-18,13.0
OPP-00300,Negotiation,2024-05-18,2024-05-25,7.0
OPP-00301,Discovery,2024-04-22,2024-04-23,1.0
OPP-00301,Qualification,2024-04-23,2024-04-26,3.0
OPP-00301,Proof of Concept,2024-04-26,2024-05-10,14.0
OPP-00301,Negotiation,2024-05-10,2024-05-13,3.0
OPP-00302,Discovery,2024-04-26,2024-05-02,6.0
OPP-00302,Qualification,2024-05-02,2024-05-12,10.0
OPP-00302,Proof of Concept,2024-05-12,2024-05-15,3.0
OPP-00302,Negotiation,2024-05-15,2024-05-21,6.0
OPP-00303,Discovery,2024-04-13,2024-04-18,5.0
OPP-00303,Qualification,2024-04-18,2024-05-05,17.0
OPP-00303,Proof of Concept,2024-05-05,2024-05-14,9.0
OPP-00303,Negotiation,2024-05-14,2024-05-27,13.0
OPP-00304,Discovery,2024-04-09,2024-04-15,6.0
OPP-00304,Qualification,2024-04-15,2024-04-20,5.0
OPP-00304,Proof of Concept,2024-04-20,2024-04-26,6.0
OPP-00304,Negotiation,2024-04-26,2024-05-14,18.0
OPP-00305,Discovery,2024-03-25,2024-04-04,10.0
OPP-00305,Qualification,2024-04-04,2024-04-07,3.0
OPP-00305,Proof of Concept,2024-04-07,2024-04-27,20.0
OPP-00305,Negotiation,2024-04-27,2024-05-04,7.0
OPP-00306,Discovery,2023-12-26,2024-01-12,17.0
OPP-00306,Qualification,2024-01-12,2024-02-06,25.0
OPP-00306,Proof of Concept,2024-02-06,2024-04-21,75.0
OPP-00306,Negotiation,2024-04-21,2024-05-06,15.0
OPP-00307,Discovery,2024-03-09,2024-03-15,6.0
OPP-00307,Qualification,2024-03-15,2024-03-21,6.0
OPP-00307,Proof of Concept,2024-03-21,2024-05-12,52.0
OPP-00307,Negotiation,2024-05-12,2024-05-20,8.0
OPP-00308,Discovery,2024-06-12,2024-06-18,6.0
OPP-00308,Qualification,2024-06-18,2024-06-22,4.0
OPP-00308,Proof of Concept,2024-06-22,2024-06-23,1.0
OPP-00308,Negotiation,2024-06-23,2024-06-27,4.0
OPP-00309,Discovery,2024-04-06,2024-04-07,1.0
OPP-00309,Qualification,2024-04-07,2024-04-27,20.0
OPP-00309,Proof of Concept,2024-04-27,2024-05-14,17.0
OPP-00309,Negotiation,2024-05-14,2024-06-11,28.0
OPP-00310,Discovery,2024-05-27,2024-05-31,4.0
OPP-00310,Qualification,2024-05-31,2024-06-06,6.0
OPP-00310,Proof of Concept,2024-06-06,2024-06-18,12.0
OPP-00310,Negotiation,2024-06-18,2024-06-27,9.0
OPP-00311,Discovery,2024-05-04,2024-05-09,5.0
OPP-00311,Qualification,2024-05-09,2024-05-12,3.0
OPP-00311,Proof of Concept,2024-05-12,2024-05-23,11.0
OPP-00311,Negotiation,2024-05-23,2024-06-03,11.0
OPP-00312,Discovery,2024-05-24,2024-05-25,1.0
OPP-00312,Qualification,2024-05-25,2024-06-01,7.0
OPP-00312,Proof of Concept,2024-06-01,2024-06-05,4.0
OPP-00312,Negotiation,2024-06-05,2024-06-10,5.0
OPP-00313,Discovery,2024-05-04,2024-05-05,1.0
OPP-00313,Qualification,2024-05-05,2024-05-24,19.0
OPP-00313,Proof of Concept,2024-05-24,2024-05-29,5.0
OPP-00313,Negotiation,2024-05-29,2024-06-02,4.0
OPP-00314,Discovery,2024-04-26,2024-05-07,11.0
OPP-00314,Qualification,2024-05-07,2024-05-14,7.0
OPP-00314,Proof of Concept,2024-05-14,2024-05-24,10.0
OPP-00314,Negotiation,2024-05-24,2024-06-05,12.0
OPP-00315,Discovery,2024-05-04,2024-05-17,13.0
OPP-00315,Qualification,2024-05-17,2024-06-09,23.0
OPP-00315,Proof of Concept,2024-06-09,2024-06-15,6.0
OPP-00315,Negotiation,2024-06-15,2024-06-22,7.0
OPP-00316,Discovery,2024-05-10,2024-05-22,12.0
OPP-00316,Qualification,2024-05-22,2024-05-29,7.0
OPP-00316,Proof of Concept,2024-05-29,2024-06-10,12.0
OPP-00316,Negotiation,2024-06-10,2024-06-12,2.0
OPP-00317,Discovery,2024-03-03,2024-03-05,2.0
OPP-00317,Qualification,2024-03-05,2024-03-19,14.0
OPP-00317,Proof of Concept,2024-03-19,2024-05-31,73.0
OPP-00317,Negotiation,2024-05-31,2024-06-17,17.0
OPP-00318,Discovery,2024-05-24,2024-05-25,1.0
OPP-00318,Qualification,2024-05-25,2024-06-01,7.0
OPP-00318,Proof of Concept,2024-06-01,2024-06-15,14.0
OPP-00318,Negotiation,2024-06-15,2024-06-20,5.0
OPP-00319,Discovery,2024-05-17,2024-05-27,10.0
OPP-00319,Qualification,2024-05-27,2024-06-15,19.0
OPP-00319,Proof of Concept,2024-06-15,2024-06-18,3.0
OPP-00319,Negotiation,2024-06-18,2024-06-21,3.0
OPP-00320,Discovery,2024-03-29,2024-04-03,5.0
OPP-00320,Qualification,2024-04-03,2024-04-16,13.0
OPP-00320,Proof of Concept,2024-04-16,2024-05-22,36.0
OPP-00320,Negotiation,2024-05-22,2024-06-01,10.0
OPP-00321,Discovery,2024-04-06,2024-04-07,1.0
OPP-00321,Qualification,2024-04-07,2024-04-13,6.0
OPP-00321,Proof of Concept,2024-04-13,2024-05-09,26.0
OPP-00321,Negotiation,2024-05-09,2024-06-02,24.0
OPP-00322,Discovery,2024-04-24,2024-04-26,2.0
OPP-00322,Qualification,2024-04-26,2024-04-29,3.0
OPP-00322,Proof of Concept,2024-04-29,2024-05-21,22.0
OPP-00322,Negotiation,2024-05-21,2024-06-16,26.0
OPP-00323,Discovery,2024-04-15,2024-04-19,4.0
OPP-00323,Qualification,2024-04-19,2024-05-10,21.0
OPP-00323,Proof of Concept,2024-05-10,2024-05-31,21.0
OPP-00323,Negotiation,2024-05-31,2024-06-26,26.0
OPP-00324,Discovery,2024-04-17,2024-04-23,6.0
OPP-00324,Qualification,2024-04-23,2024-05-17,24.0
OPP-00324,Proof of Concept,2024-05-17,2024-05-30,13.0
OPP-00324,Negotiation,2024-05-30,2024-06-06,7.0
OPP-00325,Discovery,2024-04-03,2024-04-23,20.0
OPP-00325,Qualification,2024-04-23,2024-05-17,24.0
OPP-00325,Proof of Concept,2024-05-17,2024-06-04,18.0
OPP-00325,Negotiation,2024-06-04,2024-06-12,8.0
OPP-00326,Discovery,2024-03-26,2024-03-31,5.0
OPP-00326,Qualification,2024-03-31,2024-04-13,13.0
OPP-00326,Proof of Concept,2024-04-13,2024-05-30,47.0
OPP-00326,Negotiation,2024-05-30,2024-06-05,6.0
OPP-00327,Discovery,2024-04-04,2024-04-21,17.0
OPP-00327,Qualification,2024-04-21,2024-04-29,8.0
OPP-00327,Proof of Concept,2024-04-29,2024-06-15,47.0
OPP-00327,Negotiation,2024-06-15,2024-07-20,35.0
OPP-00328,Discovery,2024-05-19,2024-05-23,4.0
OPP-00328,Qualification,2024-05-23,2024-06-03,11.0
OPP-00328,Proof of Concept,2024-06-03,2024-07-11,38.0
OPP-00328,Negotiation,2024-07-11,2024-07-15,4.0
OPP-00329,Discovery,2024-03-29,2024-04-04,6.0
OPP-00329,Qualification,2024-04-04,2024-05-06,32.0
OPP-00329,Proof of Concept,2024-05-06,2024-06-15,40.0
OPP-00329,Negotiation,2024-06-15,2024-07-07,22.0
OPP-00330,Discovery,2024-06-26,2024-06-30,4.0
OPP-00330,Qualification,2024-06-30,2024-07-03,3.0
OPP-00330,Proof of Concept,2024-07-03,2024-07-13,10.0
OPP-00330,Negotiation,2024-07-13,2024-07-15,2.0
OPP-00331,Discovery,2024-06-18,2024-06-22,4.0
OPP-00331,Qualification,2024-06-22,2024-06-24,2.0
OPP-00331,Proof of Concept,2024-06-24,2024-07-08,14.0
OPP-00331,Negotiation,2024-07-08,2024-07-13,5.0
OPP-00332,Discovery,2024-05-23,2024-05-31,8.0
OPP-00332,Qualification,2024-05-31,2024-06-17,17.0
OPP-00332,Proof of Concept,2024-06-17,2024-06-28,11.0
OPP-00332,Negotiation,2024-06-28,2024-07-09,11.0
OPP-00333,Discovery,2024-04-14,2024-04-25,11.0
OPP-00333,Qualification,2024-04-25,2024-05-26,31.0
OPP-00333,Proof of Concept,2024-05-26,2024-06-09,14.0
OPP-00333,Negotiation,2024-06-09,2024-07-24,45.0
OPP-00334,Discovery,2024-05-29,2024-06-01,3.0
OPP-00334,Qualification,2024-06-01,2024-06-22,21.0
OPP-00334,Proof of Concept,2024-06-22,2024-07-02,10.0
OPP-00334,Negotiation,2024-07-02,2024-07-15,13.0
OPP-00335,Discovery,2024-06-12,2024-06-19,7.0
OPP-00335,Qualification,2024-06-19,2024-06-29,10.0
OPP-00335,Proof of Concept,2024-06-29,2024-07-01,2.0
OPP-00335,Negotiation,2024-07-01,2024-07-08,7.0
OPP-00336,Discovery,2024-05-31,2024-06-11,11.0
OPP-00336,Qualification,2024-06-11,2024-06-21,10.0
OPP-00336,Proof of Concept,2024-06-21,2024-07-06,15.0
OPP-00336,Negotiation,2024-07-06,2024-07-12,6.0
OPP-00337,Discovery,2024-04-23,2024-05-14,21.0
OPP-00337,Qualification,2024-05-14,2024-05-25,11.0
OPP-00337,Proof of Concept,2024-05-25,2024-06-24,30.0
OPP-00337,Negotiation,2024-06-24,2024-07-11,17.0
OPP-00338,Discovery,2024-06-26,2024-07-01,5.0
OPP-00338,Qualification,2024-07-01,2024-07-12,11.0
OPP-00338,Proof of Concept,2024-07-12,2024-07-19,7.0
OPP-00338,Negotiation,2024-07-19,2024-07-24,5.0
OPP-00339,Discovery,2024-06-18,2024-06-19,1.0
OPP-00339,Qualification,2024-06-19,2024-06-27,8.0
OPP-00339,Proof of Concept,2024-06-27,2024-07-11,14.0
OPP-00339,Negotiation,2024-07-11,2024-07-17,6.0
OPP-00340,Discovery,2024-06-28,2024-07-03,5.0
OPP-00340,Qualification,2024-07-03,2024-07-07,4.0
OPP-00340,Proof of Concept,2024-07-07,2024-07-16,9.0
OPP-00340,Negotiation,2024-07-16,2024-07-27,11.0
OPP-00341,Discovery,2024-06-07,2024-06-15,8.0
OPP-00341,Qualification,2024-06-15,2024-06-29,14.0
OPP-00341,Proof of Concept,2024-06-29,2024-07-03,4.0
OPP-00341,Negotiation,2024-07-03,2024-07-10,7.0
OPP-00342,Discovery,2024-04-16,2024-04-24,8.0
OPP-00342,Qualification,2024-04-24,2024-05-13,19.0
OPP-00342,Proof of Concept,2024-05-13,2024-06-18,36.0
OPP-00342,Negotiation,2024-06-18,2024-07-01,13.0
OPP-00343,Discovery,2024-06-26,2024-07-01,5.0
OPP-00343,Qualification,2024-07-01,2024-07-06,5.0
OPP-00343,Proof of Concept,2024-07-06,2024-07-20,14.0
OPP-00343,Negotiation,2024-07-20,2024-07-26,6.0
OPP-00344,Discovery,2024-05-18,2024-05-28,10.0
OPP-00344,Qualification,2024-05-28,2024-06-23,26.0
OPP-00344,Proof of Concept,2024-06-23,2024-07-19,26.0
OPP-00344,Negotiation,2024-07-19,2024-07-20,1.0
OPP-00345,Discovery,2024-06-14,2024-06-17,3.0
OPP-00345,Qualification,2024-06-17,2024-06-29,12.0
OPP-00345,Proof of Concept,2024-06-29,2024-07-10,11.0
OPP-00345,Negotiation,2024-07-10,2024-07-13,3.0
OPP-00346,Discovery,2024-05-05,2024-05-14,9.0
OPP-00346,Qualification,2024-05-14,2024-05-25,11.0
OPP-00346,Proof of Concept,2024-05-25,2024-06-23,29.0
OPP-00346,Negotiation,2024-06-23,2024-07-07,14.0
OPP-00347,Discovery,2024-05-27,2024-06-15,19.0
OPP-00347,Qualification,2024-06-15,2024-07-03,18.0
OPP-00347,Proof of Concept,2024-07-03,2024-08-10,38.0
OPP-00347,Negotiation,2024-08-10,2024-08-20,10.0
OPP-00348,Discovery,2024-06-21,2024-06-24,3.0
OPP-00348,Qualification,2024-06-24,2024-07-04,10.0
OPP-00348,Proof of Concept,2024-07-04,2024-07-25,21.0
OPP-00348,Negotiation,2024-07-25,2024-08-08,14.0
OPP-00349,Discovery,2024-05-31,2024-06-11,11.0
OPP-00349,Qualification,2024-06-11,2024-06-24,13.0
OPP-00349,Proof of Concept,2024-06-24,2024-07-04,10.0
OPP-00349,Negotiation,2024-07-04,2024-08-06,33.0
OPP-00350,Discovery,2024-05-28,2024-05-29,1.0
OPP-00350,Qualification,2024-05-29,2024-06-12,14.0
OPP-00350,Proof of Concept,2024-06-12,2024-07-27,45.0
OPP-00350,Negotiation,2024-07-27,2024-08-20,24.0
OPP-00351,Discovery,2024-07-13,2024-07-20,7.0
OPP-00351,Qualification,2024-07-20,2024-08-05,16.0
OPP-00351,Proof of Concept,2024-08-05,2024-08-16,11.0
OPP-00351,Negotiation,2024-08-16,2024-08-25,9.0
OPP-00352,Discovery,2024-06-04,2024-06-11,7.0
OPP-00352,Qualification,2024-06-11,2024-06-16,5.0
OPP-00352,Proof of Concept,2024-06-16,2024-07-27,41.0
OPP-00352,Negotiation,2024-07-27,2024-08-09,13.0
OPP-00353,Discovery,2024-06-29,2024-06-30,1.0
OPP-00353,Qualification,2024-06-30,2024-07-06,6.0
OPP-00353,Proof of Concept,2024-07-06,2024-07-25,19.0
OPP-00353,Negotiation,2024-07-25,2024-08-07,13.0
OPP-00354,Discovery,2024-06-22,2024-06-24,2.0
OPP-00354,Qualification,2024-06-24,2024-07-21,27.0
OPP-00354,Proof of Concept,2024-07-21,2024-08-01,11.0
OPP-00354,Negotiation,2024-08-01,2024-08-16,15.0
OPP-00355,Discovery,2024-07-05,2024-07-08,3.0
OPP-00355,Qualification,2024-07-08,2024-07-23,15.0
OPP-00355,Proof of Concept,2024-07-23,2024-08-05,13.0
OPP-00355,Negotiation,2024-08-05,2024-08-13,8.0
OPP-00356,Discovery,2024-06-11,2024-06-16,5.0
OPP-00356,Qualification,2024-06-16,2024-07-02,16.0
OPP-00356,Proof of Concept,2024-07-02,2024-07-25,23.0
OPP-00356,Negotiation,2024-07-25,2024-08-17,23.0
OPP-00357,Discovery,2024-06-20,2024-06-21,1.0
OPP-00357,Qualification,2024-06-21,2024-06-30,9.0
OPP-00357,Proof of Concept,2024-06-30,2024-07-16,16.0
OPP-00357,Negotiation,2024-07-16,2024-08-02,17.0
OPP-00358,Discovery,2024-05-21,2024-05-22,1.0
OPP-00358,Qualification,2024-05-22,2024-07-25,64.0
OPP-00358,Proof of Concept,2024-07-25,2024-08-08,14.0
OPP-00358,Negotiation,2024-08-08,2024-08-12,4.0
OPP-00359,Discovery,2024-04-23,2024-04-26,3.0
OPP-00359,Qualification,2024-04-26,2024-05-04,8.0
OPP-00359,Proof of Concept,2024-05-04,2024-07-23,80.0
OPP-00359,Negotiation,2024-07-23,2024-08-24,32.0
OPP-00360,Discovery,2024-06-26,2024-06-27,1.0
OPP-00360,Qualification,2024-06-27,2024-07-13,16.0
OPP-00360,Proof of Concept,2024-07-13,2024-07-28,15.0
OPP-00360,Negotiation,2024-07-28,2024-08-02,5.0
OPP-00361,Discovery,2024-05-26,2024-06-15,20.0
OPP-00361,Qualification,2024-06-15,2024-06-25,10.0
OPP-00361,Proof of Concept,2024-06-25,2024-07-26,31.0
OPP-00361,Negotiation,2024-07-26,2024-08-12,17.0
OPP-00362,Discovery,2024-05-17,2024-05-24,7.0
OPP-00362,Qualification,2024-05-24,2024-05-30,6.0
OPP-00362,Proof of Concept,2024-05-30,2024-07-30,61.0
OPP-00362,Negotiation,2024-07-30,2024-08-14,15.0
OPP-00363,Discovery,2024-06-29,2024-07-14,15.0
OPP-00363,Qualification,2024-07-14,2024-08-02,19.0
OPP-00363,Proof of Concept,2024-08-02,2024-08-11,9.0
OPP-00363,Negotiation,2024-08-11,2024-08-20,9.0
OPP-00364,Discovery,2024-06-14,2024-06-17,3.0
OPP-00364,Qualification,2024-06-17,2024-06-25,8.0
OPP-00364,Proof of Concept,2024-06-25,2024-08-09,45.0
OPP-00364,Negotiation,2024-08-09,2024-08-17,8.0
OPP-00365,Discovery,2024-06-09,2024-06-10,1.0
OPP-00365,Qualification,2024-06-10,2024-06-14,4.0
OPP-00365,Proof of Concept,2024-06-14,2024-08-26,73.0
OPP-00365,Negotiation,2024-08-26,2024-09-12,17.0
OPP-00366,Discovery,2024-07-02,2024-07-09,7.0
OPP-00366,Qualification,2024-07-09,2024-07-21,12.0
OPP-00366,Proof of Concept,2024-07-21,2024-08-27,37.0
OPP-00366,Negotiation,2024-08-27,2024-09-04,8.0
OPP-00367,Discovery,2024-06-16,2024-06-21,5.0
OPP-00367,Qualification,2024-06-21,2024-07-03,12.0
OPP-00367,Proof of Concept,2024-07-03,2024-08-21,49.0
OPP-00367,Negotiation,2024-08-21,2024-09-03,13.0
OPP-00368,Discovery,2024-07-28,2024-08-14,17.0
OPP-00368,Qualification,2024-08-14,2024-08-18,4.0
OPP-00368,Proof of Concept,2024-08-18,2024-09-03,16.0
OPP-00368,Negotiation,2024-09-03,2024-09-08,5.0
OPP-00369,Discovery,2024-05-25,2024-06-26,32.0
OPP-00369,Qualification,2024-06-26,2024-07-19,23.0
OPP-00369,Proof of Concept,2024-07-19,2024-08-13,25.0
OPP-00369,Negotiation,2024-08-13,2024-09-19,37.0
OPP-00370,Discovery,2024-08-24,2024-08-25,1.0
OPP-00370,Qualification,2024-08-25,2024-09-02,8.0
OPP-00370,Proof of Concept,2024-09-02,2024-09-07,5.0
OPP-00370,Negotiation,2024-09-07,2024-09-11,4.0
OPP-00371,Discovery,2024-08-25,2024-08-29,4.0
OPP-00371,Qualification,2024-08-29,2024-09-01,3.0
OPP-00371,Proof of Concept,2024-09-01,2024-09-13,12.0
OPP-00371,Negotiation,2024-09-13,2024-09-16,3.0
OPP-00372,Discovery,2024-08-13,2024-08-19,6.0
OPP-00372,Qualification,2024-08-19,2024-08-25,6.0
OPP-00372,Proof of Concept,2024-08-25,2024-09-10,16.0
OPP-00372,Negotiation,2024-09-10,2024-09-17,7.0
OPP-00373,Discovery,2024-06-17,2024-06-27,10.0
OPP-00373,Qualification,2024-06-27,2024-07-16,19.0
OPP-00373,Proof of Concept,2024-07-16,2024-09-12,58.0
OPP-00373,Negotiation,2024-09-12,2024-09-17,5.0
OPP-00374,Discovery,2024-08-01,2024-08-04,3.0
OPP-00374,Qualification,2024-08-04,2024-08-28,24.0
OPP-00374,Proof of Concept,2024-08-28,2024-09-01,4.0
OPP-00374,Negotiation,2024-09-01,2024-09-09,8.0
OPP-00375,Discovery,2024-08-16,2024-08-18,2.0
OPP-00375,Qualification,2024-08-18,2024-08-23,5.0
OPP-00375,Proof of Concept,2024-08-23,2024-08-30,7.0
OPP-00375,Negotiation,2024-08-30,2024-09-10,11.0
OPP-00376,Discovery,2024-08-04,2024-08-08,4.0
OPP-00376,Qualification,2024-08-08,2024-08-10,2.0
OPP-00376,Proof of Concept,2024-08-10,2024-08-30,20.0
OPP-00376,Negotiation,2024-08-30,2024-09-11,12.0
OPP-00377,Discovery,2024-07-24,2024-08-09,16.0
OPP-00377,Qualification,2024-08-09,2024-08-22,13.0
OPP-00377,Proof of Concept,2024-08-22,2024-08-27,5.0
OPP-00377,Negotiation,2024-08-27,2024-09-02,6.0
OPP-00378,Discovery,2024-06-10,2024-06-21,11.0
OPP-00378,Qualification,2024-06-21,2024-06-26,5.0
OPP-00378,Proof of Concept,2024-06-26,2024-09-10,76.0
OPP-00378,Negotiation,2024-09-10,2024-09-17,7.0
OPP-00379,Discovery,2024-08-24,2024-08-31,7.0
OPP-00379,Qualification,2024-08-31,2024-09-09,9.0
OPP-00379,Proof of Concept,2024-09-09,2024-09-15,6.0
OPP-00379,Negotiation,2024-09-15,2024-09-18,3.0
OPP-00380,Discovery,2024-06-15,2024-07-12,27.0
OPP-00380,Qualification,2024-07-12,2024-08-03,22.0
OPP-00380,Proof of Concept,2024-08-03,2024-08-29,26.0
OPP-00380,Negotiation,2024-08-29,2024-09-01,3.0
OPP-00381,Discovery,2024-05-05,2024-05-19,14.0
OPP-00381,Qualification,2024-05-19,2024-05-31,12.0
OPP-00381,Proof of Concept,2024-05-31,2024-08-18,79.0
OPP-00381,Negotiation,2024-08-18,2024-09-17,30.0
OPP-00382,Discovery,2024-08-22,2024-08-29,7.0
OPP-00382,Qualification,2024-08-29,2024-08-31,2.0
OPP-00382,Proof of Concept,2024-08-31,2024-09-01,1.0
OPP-00382,Negotiation,2024-09-01,2024-09-12,11.0
OPP-00383,Discovery,2024-07-06,2024-07-20,14.0
OPP-00383,Qualification,2024-07-20,2024-07-29,9.0
OPP-00383,Proof of Concept,2024-07-29,2024-08-22,24.0
OPP-00383,Negotiation,2024-08-22,2024-09-01,10.0
OPP-00384,Discovery,2024-09-07,2024-09-17,10.0
OPP-00384,Qualification,2024-09-17,2024-09-25,8.0
OPP-00384,Proof of Concept,2024-09-25,2024-09-29,4.0
OPP-00384,Negotiation,2024-09-29,2024-10-24,25.0
OPP-00385,Discovery,2024-08-24,2024-09-06,13.0
OPP-00385,Qualification,2024-09-06,2024-09-19,13.0
OPP-00385,Proof of Concept,2024-09-19,2024-09-30,11.0
OPP-00385,Negotiation,2024-09-30,2024-10-07,7.0
OPP-00386,Discovery,2024-08-27,2024-08-30,3.0
OPP-00386,Qualification,2024-08-30,2024-09-15,16.0
OPP-00386,Proof of Concept,2024-09-15,2024-10-12,27.0
OPP-00386,Negotiation,2024-10-12,2024-10-13,1.0
OPP-00387,Discovery,2024-09-11,2024-09-15,4.0
OPP-00387,Qualification,2024-09-15,2024-09-26,11.0
OPP-00387,Proof of Concept,2024-09-26,2024-10-08,12.0
OPP-00387,Negotiation,2024-10-08,2024-10-09,1.0
OPP-00388,Discovery,2024-09-18,2024-09-23,5.0
OPP-00388,Qualification,2024-09-23,2024-09-30,7.0
OPP-00388,Proof of Concept,2024-09-30,2024-10-19,19.0
OPP-00388,Negotiation,2024-10-19,2024-10-22,3.0
OPP-00389,Discovery,2024-08-13,2024-08-23,10.0
OPP-00389,Qualification,2024-08-23,2024-09-11,19.0
OPP-00389,Proof of Concept,2024-09-11,2024-09-27,16.0
OPP-00389,Negotiation,2024-09-27,2024-10-16,19.0
OPP-00390,Discovery,2024-09-01,2024-09-08,7.0
OPP-00390,Qualification,2024-09-08,2024-09-18,10.0
OPP-00390,Proof of Concept,2024-09-18,2024-10-08,20.0
OPP-00390,Negotiation,2024-10-08,2024-10-13,5.0
OPP-00391,Discovery,2024-07-26,2024-07-31,5.0
OPP-00391,Qualification,2024-07-31,2024-08-03,3.0
OPP-00391,Proof of Concept,2024-08-03,2024-10-03,61.0
OPP-00391,Negotiation,2024-10-03,2024-10-08,5.0
OPP-00392,Discovery,2024-07-11,2024-07-17,6.0
OPP-00392,Qualification,2024-07-17,2024-08-03,17.0
OPP-00392,Proof of Concept,2024-08-03,2024-10-04,62.0
OPP-00392,Negotiation,2024-10-04,2024-10-07,3.0
OPP-00393,Discovery,2024-09-18,2024-09-22,4.0
OPP-00393,Qualification,2024-09-22,2024-10-01,9.0
OPP-00393,Proof of Concept,2024-10-01,2024-10-10,9.0
OPP-00393,Negotiation,2024-10-10,2024-10-11,1.0
OPP-00394,Discovery,2024-09-25,2024-10-02,7.0
OPP-00394,Qualification,2024-10-02,2024-10-06,4.0
OPP-00394,Proof of Concept,2024-10-06,2024-10-14,8.0
OPP-00394,Negotiation,2024-10-14,2024-10-16,2.0
OPP-00395,Discovery,2024-09-04,2024-09-26,22.0
OPP-00395,Qualification,2024-09-26,2024-10-01,5.0
OPP-00395,Proof of Concept,2024-10-01,2024-10-14,13.0
OPP-00395,Negotiation,2024-10-14,2024-10-18,4.0
OPP-00396,Discovery,2024-08-17,2024-08-18,1.0
OPP-00396,Qualification,2024-08-18,2024-09-12,25.0
OPP-00396,Proof of Concept,2024-09-12,2024-10-13,31.0
OPP-00396,Negotiation,2024-10-13,2024-10-26,13.0
OPP-00397,Discovery,2024-07-29,2024-07-31,2.0
OPP-00397,Qualification,2024-07-31,2024-08-17,17.0
OPP-00397,Proof of Concept,2024-08-17,2024-10-11,55.0
OPP-00397,Negotiation,2024-10-11,2024-10-14,3.0
OPP-00398,Discovery,2024-08-03,2024-08-13,10.0
OPP-00398,Qualification,2024-08-13,2024-09-02,20.0
OPP-00398,Proof of Concept,2024-09-02,2024-10-12,40.0
OPP-00398,Negotiation,2024-10-12,2024-10-23,11.0
OPP-00399,Discovery,2024-09-12,2024-09-17,5.0
OPP-00399,Qualification,2024-09-17,2024-09-22,5.0
OPP-00399,Proof of Concept,2024-09-22,2024-10-04,12.0
OPP-00399,Negotiation,2024-10-04,2024-10-09,5.0
OPP-00400,Discovery,2024-08-31,2024-09-08,8.0
OPP-00400,Qualification,2024-09-08,2024-09-09,1.0
OPP-00400,Proof of Concept,2024-09-09,2024-09-25,16.0
OPP-00400,Negotiation,2024-09-25,2024-10-02,7.0
OPP-00401,Discovery,2024-08-19,2024-08-30,11.0
OPP-00401,Qualification,2024-08-30,2024-09-03,4.0
OPP-00401,Proof of Concept,2024-09-03,2024-09-13,10.0
OPP-00401,Negotiation,2024-09-13,2024-10-05,22.0
OPP-00402,Discovery,2024-08-05,2024-08-23,18.0
OPP-00402,Qualification,2024-08-23,2024-09-11,19.0
OPP-00402,Proof of Concept,2024-09-11,2024-10-13,32.0
OPP-00402,Negotiation,2024-10-13,2024-10-21,8.0
OPP-00403,Discovery,2024-08-22,2024-08-24,2.0
OPP-00403,Qualification,2024-08-24,2024-09-13,20.0
OPP-00403,Proof of Concept,2024-09-13,2024-11-07,55.0
OPP-00403,Negotiation,2024-11-07,2024-11-16,9.0
OPP-00404,Discovery,2024-07-05,2024-07-17,12.0
OPP-00404,Qualification,2024-07-17,2024-07-27,10.0
OPP-00404,Proof of Concept,2024-07-27,2024-10-17,82.0
OPP-00404,Negotiation,2024-10-17,2024-11-02,16.0
OPP-00405,Discovery,2024-09-11,2024-09-15,4.0
OPP-00405,Qualification,2024-09-15,2024-10-08,23.0
OPP-00405,Proof of Concept,2024-10-08,2024-10-24,16.0
OPP-00405,Negotiation,2024-10-24,2024-11-08,15.0
OPP-00406,Discovery,2024-08-27,2024-08-30,3.0
OPP-00406,Qualification,2024-08-30,2024-09-07,8.0
OPP-00406,Proof of Concept,2024-09-07,2024-11-01,55.0
OPP-00406,Negotiation,2024-11-01,2024-11-10,9.0
OPP-00407,Discovery,2024-10-19,2024-10-28,9.0
OPP-00407,Qualification,2024-10-28,2024-11-03,6.0
OPP-00407,Proof of Concept,2024-11-03,2024-11-18,15.0
OPP-00407,Negotiation,2024-11-18,2024-11-22,4.0
OPP-00408,Discovery,2024-10-14,2024-10-25,11.0
OPP-00408,Qualification,2024-10-25,2024-10-30,5.0
OPP-00408,Proof of Concept,2024-10-30,2024-11-17,18.0
OPP-00408,Negotiation,2024-11-17,2024-11-19,2.0
OPP-00409,Discovery,2024-09-25,2024-09-29,4.0
OPP-00409,Qualification,2024-09-29,2024-10-02,3.0
OPP-00409,Proof of Concept,2024-10-02,2024-10-19,17.0
OPP-00409,Negotiation,2024-10-19,2024-11-13,25.0
OPP-00410,Discovery,2024-10-06,2024-10-20,14.0
OPP-00410,Qualification,2024-10-20,2024-10-24,4.0
OPP-00410,Proof of Concept,2024-10-24,2024-11-06,13.0
OPP-00410,Negotiation,2024-11-06,2024-11-10,4.0
OPP-00411,Discovery,2024-06-09,2024-07-13,34.0
OPP-00411,Qualification,2024-07-13,2024-07-19,6.0
OPP-00411,Proof of Concept,2024-07-19,2024-10-31,104.0
OPP-00411,Negotiation,2024-10-31,2024-11-13,13.0
OPP-00412,Discovery,2024-09-13,2024-09-14,1.0
OPP-00412,Qualification,2024-09-14,2024-09-16,2.0
OPP-00412,Proof of Concept,2024-09-16,2024-10-12,26.0
OPP-00412,Negotiation,2024-10-12,2024-11-05,24.0
OPP-00413,Discovery,2024-07-20,2024-07-22,2.0
OPP-00413,Qualification,2024-07-22,2024-08-03,12.0
OPP-00413,Proof of Concept,2024-08-03,2024-10-24,82.0
OPP-00413,Negotiation,2024-10-24,2024-11-12,19.0
OPP-00414,Discovery,2024-10-05,2024-10-20,15.0
OPP-00414,Qualification,2024-10-20,2024-11-01,12.0
OPP-00414,Proof of Concept,2024-11-01,2024-11-15,14.0
OPP-00414,Negotiation,2024-11-15,2024-11-25,10.0
OPP-00415,Discovery,2024-11-04,2024-11-05,1.0
OPP-00415,Qualification,2024-11-05,2024-11-22,17.0
OPP-00415,Proof of Concept,2024-11-22,2024-11-24,2.0
OPP-00415,Negotiation,2024-11-24,2024-11-26,2.0
OPP-00416,Discovery,2024-09-06,2024-09-13,7.0
OPP-00416,Qualification,2024-09-13,2024-09-23,10.0
OPP-00416,Proof of Concept,2024-09-23,2024-10-24,31.0
OPP-00416,Negotiation,2024-10-24,2024-11-06,13.0
OPP-00417,Discovery,2024-08-07,2024-08-08,1.0
OPP-00417,Qualification,2024-08-08,2024-09-09,32.0
OPP-00417,Proof of Concept,2024-09-09,2024-11-10,62.0
OPP-00417,Negotiation,2024-11-10,2024-11-26,16.0
OPP-00418,Discovery,2024-10-01,2024-10-07,6.0
OPP-00418,Qualification,2024-10-07,2024-10-09,2.0
OPP-00418,Proof of Concept,2024-10-09,2024-10-29,20.0
OPP-00418,Negotiation,2024-10-29,2024-11-12,14.0
OPP-00419,Discovery,2024-09-28,2024-10-10,12.0
OPP-00419,Qualification,2024-10-10,2024-10-25,15.0
OPP-00419,Proof of Concept,2024-10-25,2024-11-07,13.0
OPP-00419,Negotiation,2024-11-07,2024-11-16,9.0
OPP-00420,Discovery,2024-09-28,2024-10-17,19.0
OPP-00420,Qualification,2024-10-17,2024-10-30,13.0
OPP-00420,Proof of Concept,2024-10-30,2024-11-15,16.0
OPP-00420,Negotiation,2024-11-15,2024-11-23,8.0
OPP-00421,Discovery,2024-09-17,2024-09-23,6.0
OPP-00421,Qualification,2024-09-23,2024-10-17,24.0
OPP-00421,Proof of Concept,2024-10-17,2024-11-03,17.0
OPP-00421,Negotiation,2024-11-03,2024-11-06,3.0
OPP-00422,Discovery,2024-10-15,2024-10-18,3.0
OPP-00422,Qualification,2024-10-18,2024-10-26,8.0
OPP-00422,Proof of Concept,2024-10-26,2024-10-31,5.0
OPP-00422,Negotiation,2024-10-31,2024-11-03,3.0
OPP-00423,Discovery,2024-10-12,2024-10-13,1.0
OPP-00423,Qualification,2024-10-13,2024-10-18,5.0
OPP-00423,Proof of Concept,2024-10-18,2024-10-29,11.0
OPP-00423,Negotiation,2024-10-29,2024-11-07,9.0
OPP-00424,Discovery,2024-09-16,2024-10-07,21.0
OPP-00424,Qualification,2024-10-07,2024-10-17,10.0
OPP-00424,Proof of Concept,2024-10-17,2024-10-29,12.0
OPP-00424,Negotiation,2024-10-29,2024-11-04,6.0
OPP-00425,Discovery,2024-09-20,2024-10-02,12.0
OPP-00425,Qualification,2024-10-02,2024-10-19,17.0
OPP-00425,Proof of Concept,2024-10-19,2024-11-03,15.0
OPP-00425,Negotiation,2024-11-03,2024-11-04,1.0
OPP-00426,Discovery,2024-10-20,2024-10-21,1.0
OPP-00426,Qualification,2024-10-21,2024-10-28,7.0
OPP-00426,Proof of Concept,2024-10-28,2024-11-24,27.0
OPP-00426,Negotiation,2024-11-24,2024-12-06,12.0
OPP-00427,Discovery,2024-11-10,2024-11-26,16.0
OPP-00427,Qualification,2024-11-26,2024-12-04,8.0
OPP-00427,Proof of Concept,2024-12-04,2024-12-11,7.0
OPP-00427,Negotiation,2024-12-11,2024-12-24,13.0
OPP-00428,Discovery,2024-11-15,2024-11-16,1.0
OPP-00428,Qualification,2024-11-16,2024-11-26,10.0
OPP-00428,Proof of Concept,2024-11-26,2024-12-15,19.0
OPP-00428,Negotiation,2024-12-15,2024-12-27,12.0
OPP-00429,Discovery,2024-09-24,2024-10-10,16.0
OPP-00429,Qualification,2024-10-10,2024-11-02,23.0
OPP-00429,Proof of Concept,2024-11-02,2024-12-05,33.0
OPP-00429,Negotiation,2024-12-05,2024-12-09,4.0
OPP-00430,Discovery,2024-10-02,2024-10-05,3.0
OPP-00430,Qualification,2024-10-05,2024-10-17,12.0
OPP-00430,Proof of Concept,2024-10-17,2024-11-02,16.0
OPP-00430,Negotiation,2024-11-02,2024-12-02,30.0
OPP-00431,Discovery,2024-07-21,2024-08-01,11.0
OPP-00431,Qualification,2024-08-01,2024-08-10,9.0
OPP-00431,Proof of Concept,2024-08-10,2024-11-15,97.0
OPP-00431,Negotiation,2024-11-15,2024-12-05,20.0
OPP-00432,Discovery,2024-10-22,2024-10-24,2.0
OPP-00432,Qualification,2024-10-24,2024-11-07,14.0
OPP-00432,Proof of Concept,2024-11-07,2024-11-23,16.0
OPP-00432,Negotiation,2024-11-23,2024-12-01,8.0
OPP-00433,Discovery,2024-12-06,2024-12-08,2.0
OPP-00433,Qualification,2024-12-08,2024-12-13,5.0
OPP-00433,Proof of Concept,2024-12-13,2024-12-16,3.0
OPP-00433,Negotiation,2024-12-16,2024-12-17,1.0
OPP-00434,Discovery,2024-11-02,2024-11-09,7.0
OPP-00434,Qualification,2024-11-09,2024-11-27,18.0
OPP-00434,Proof of Concept,2024-11-27,2024-12-04,7.0
OPP-00434,Negotiation,2024-12-04,2024-12-19,15.0
OPP-00435,Discovery,2024-11-15,2024-11-23,8.0
OPP-00435,Qualification,2024-11-23,2024-12-03,10.0
OPP-00435,Proof of Concept,2024-12-03,2024-12-20,17.0
OPP-00435,Negotiation,2024-12-20,2024-12-22,2.0
OPP-00436,Discovery,2024-10-21,2024-11-03,13.0
OPP-00436,Qualification,2024-11-03,2024-11-04,1.0
OPP-00436,Proof of Concept,2024-11-04,2024-12-13,39.0
OPP-00436,Negotiation,2024-12-13,2024-12-27,14.0
OPP-00437,Discovery,2024-10-22,2024-10-26,4.0
OPP-00437,Qualification,2024-10-26,2024-11-03,8.0
OPP-00437,Proof of Concept,2024-11-03,2024-11-20,17.0
OPP-00437,Negotiation,2024-11-20,2024-12-04,14.0
OPP-00438,Discovery,2024-10-18,2024-10-26,8.0
OPP-00438,Qualification,2024-10-26,2024-11-21,26.0
OPP-00438,Proof of Concept,2024-11-21,2024-12-18,27.0
OPP-00438,Negotiation,2024-12-18,2024-12-21,3.0
OPP-00439,Discovery,2024-11-16,2024-11-20,4.0
OPP-00439,Qualification,2024-11-20,2024-11-28,8.0
OPP-00439,Proof of Concept,2024-11-28,2024-12-09,11.0
OPP-00439,Negotiation,2024-12-09,2024-12-15,6.0
OPP-00440,Discovery,2024-10-31,2024-11-03,3.0
OPP-00440,Qualification,2024-11-03,2024-11-15,12.0
OPP-00440,Proof of Concept,2024-11-15,2024-11-26,11.0
OPP-00440,Negotiation,2024-11-26,2024-12-05,9.0
OPP-00441,Discovery,2024-11-20,2024-11-25,5.0
OPP-00441,Qualification,2024-11-25,2024-12-02,7.0
OPP-00441,Proof of Concept,2024-12-02,2024-12-18,16.0
OPP-00441,Negotiation,2024-12-18,2024-12-26,8.0
OPP-00442,Discovery,2024-10-15,2024-10-22,7.0
OPP-00442,Qualification,2024-10-22,2024-10-29,7.0
OPP-00442,Proof of Concept,2024-10-29,2024-11-21,23.0
OPP-00442,Negotiation,2024-11-21,2024-12-02,11.0
OPP-00443,Discovery,2024-11-24,2024-12-02,8.0
OPP-00443,Qualification,2024-12-02,2024-12-07,5.0
OPP-00443,Proof of Concept,2024-12-07,2024-12-10,3.0
OPP-00443,Negotiation,2024-12-10,2024-12-17,7.0
OPP-00444,Discovery,2024-12-04,2024-12-07,3.0
OPP-00444,Qualification,2024-12-07,2024-12-24,17.0
OPP-00444,Proof of Concept,2024-12-24,2025-01-01,8.0
OPP-00444,Negotiation,2025-01-01,2025-01-13,12.0
OPP-00445,Discovery,2024-12-06,2024-12-18,12.0
OPP-00445,Qualification,2024-12-18,2024-12-22,4.0
OPP-00445,Proof of Concept,2024-12-22,2024-12-26,4.0
OPP-00445,Negotiation,2024-12-26,2025-01-18,23.0
OPP-00446,Discovery,2024-10-27,2024-11-25,29.0
OPP-00446,Qualification,2024-11-25,2024-12-14,19.0
OPP-00446,Proof of Concept,2024-12-14,2025-01-08,25.0
OPP-00446,Negotiation,2025-01-08,2025-01-16,8.0
OPP-00447,Discovery,2024-11-27,2024-11-28,1.0
OPP-00447,Qualification,2024-11-28,2024-12-19,21.0
OPP-00447,Proof of Concept,2024-12-19,2025-01-10,22.0
OPP-00447,Negotiation,2025-01-10,2025-01-14,4.0
OPP-00448,Discovery,2024-12-08,2024-12-17,9.0
OPP-00448,Qualification,2024-12-17,2024-12-27,10.0
OPP-00448,Proof of Concept,2024-12-27,2025-01-14,18.0
OPP-00448,Negotiation,2025-01-14,2025-01-17,3.0
OPP-00449,Discovery,2024-11-18,2024-11-23,5.0
OPP-00449,Qualification,2024-11-23,2024-12-01,8.0
OPP-00449,Proof of Concept,2024-12-01,2024-12-28,27.0
OPP-00449,Negotiation,2024-12-28,2025-01-05,8.0
OPP-00450,Discovery,2024-12-23,2024-12-28,5.0
OPP-00450,Qualification,2024-12-28,2025-01-11,14.0
OPP-00450,Proof of Concept,2025-01-11,2025-01-14,3.0
OPP-00450,Negotiation,2025-01-14,2025-01-18,4.0
OPP-00451,Discovery,2024-09-18,2024-09-23,5.0
OPP-00451,Qualification,2024-09-23,2024-10-08,15.0
OPP-00451,Proof of Concept,2024-10-08,2024-12-10,63.0
OPP-00451,Negotiation,2024-12-10,2025-01-06,27.0
OPP-00452,Discovery,2024-12-13,2024-12-21,8.0
OPP-00452,Qualification,2024-12-21,2025-01-09,19.0
OPP-00452,Proof of Concept,2025-01-09,2025-01-12,3.0
OPP-00452,Negotiation,2025-01-12,2025-01-24,12.0
OPP-00453,Discovery,2024-09-14,2024-09-26,12.0
OPP-00453,Qualification,2024-09-26,2024-10-16,20.0
OPP-00453,Proof of Concept,2024-10-16,2024-12-12,57.0
OPP-00453,Negotiation,2024-12-12,2025-01-13,32.0
OPP-00454,Discovery,2024-12-06,2024-12-07,1.0
OPP-00454,Qualification,2024-12-07,2024-12-11,4.0
OPP-00454,Proof of Concept,2024-12-11,2025-01-04,24.0
OPP-00454,Negotiation,2025-01-04,2025-01-12,8.0
OPP-00455,Discovery,2024-12-20,2024-12-23,3.0
OPP-00455,Qualification,2024-12-23,2024-12-24,1.0
OPP-00455,Proof of Concept,2024-12-24,2025-01-13,20.0
OPP-00455,Negotiation,2025-01-13,2025-01-18,5.0
OPP-00456,Discovery,2024-12-23,2024-12-30,7.0
OPP-00456,Qualification,2024-12-30,2025-01-04,5.0
OPP-00456,Proof of Concept,2025-01-04,2025-01-12,8.0
OPP-00456,Negotiation,2025-01-12,2025-01-23,11.0
OPP-00457,Discovery,2024-10-04,2024-10-10,6.0
OPP-00457,Qualification,2024-10-10,2024-10-12,2.0
OPP-00457,Proof of Concept,2024-10-12,2024-12-11,60.0
OPP-00457,Negotiation,2024-12-11,2025-01-03,23.0
OPP-00458,Discovery,2024-11-10,2024-12-02,22.0
OPP-00458,Qualification,2024-12-02,2024-12-03,1.0
OPP-00458,Proof of Concept,2024-12-03,2025-01-15,43.0
OPP-00458,Negotiation,2025-01-15,2025-01-22,7.0
OPP-00459,Discovery,2024-12-18,2024-12-24,6.0
OPP-00459,Qualification,2024-12-24,2025-01-01,8.0
OPP-00459,Proof of Concept,2025-01-01,2025-01-09,8.0
OPP-00459,Negotiation,2025-01-09,2025-01-22,13.0
OPP-00460,Discovery,2024-11-21,2024-11-29,8.0
OPP-00460,Qualification,2024-11-29,2024-12-27,28.0
OPP-00460,Proof of Concept,2024-12-27,2025-01-24,28.0
OPP-00460,Negotiation,2025-01-24,2025-02-13,20.0
OPP-00461,Discovery,2025-01-29,2025-01-30,1.0
OPP-00461,Qualification,2025-01-30,2025-02-04,5.0
OPP-00461,Proof of Concept,2025-02-04,2025-02-12,8.0
OPP-00461,Negotiation,2025-02-12,2025-02-26,14.0
OPP-00462,Discovery,2025-01-19,2025-01-25,6.0
OPP-00462,Qualification,2025-01-25,2025-02-01,7.0
OPP-00462,Proof of Concept,2025-02-01,2025-02-13,12.0
OPP-00462,Negotiation,2025-02-13,2025-02-19,6.0
OPP-00463,Discovery,2025-01-19,2025-01-20,1.0
OPP-00463,Qualification,2025-01-20,2025-01-23,3.0
OPP-00463,Proof of Concept,2025-01-23,2025-02-01,9.0
OPP-00463,Negotiation,2025-02-01,2025-02-05,4.0
OPP-00464,Discovery,2025-01-23,2025-02-03,11.0
OPP-00464,Qualification,2025-02-03,2025-02-07,4.0
OPP-00464,Proof of Concept,2025-02-07,2025-02-12,5.0
OPP-00464,Negotiation,2025-02-12,2025-02-22,10.0
OPP-00465,Discovery,2024-12-20,2024-12-24,4.0
OPP-00465,Qualification,2024-12-24,2025-01-01,8.0
OPP-00465,Proof of Concept,2025-01-01,2025-01-29,28.0
OPP-00465,Negotiation,2025-01-29,2025-02-04,6.0
OPP-00466,Discovery,2025-01-10,2025-01-13,3.0
OPP-00466,Qualification,2025-01-13,2025-01-31,18.0
OPP-00466,Proof of Concept,2025-01-31,2025-02-14,14.0
OPP-00466,Negotiation,2025-02-14,2025-02-19,5.0
OPP-00467,Discovery,2024-11-19,2024-12-08,19.0
OPP-00467,Qualification,2024-12-08,2024-12-19,11.0
OPP-00467,Proof of Concept,2024-12-19,2025-02-01,44.0
OPP-00467,Negotiation,2025-02-01,2025-02-21,20.0
OPP-00468,Discovery,2025-01-09,2025-01-12,3.0
OPP-00468,Qualification,2025-01-12,2025-01-25,13.0
OPP-00468,Proof of Concept,2025-01-25,2025-02-05,11.0
OPP-00468,Negotiation,2025-02-05,2025-02-08,3.0
OPP-00469,Discovery,2024-12-30,2025-01-02,3.0
OPP-00469,Qualification,2025-01-02,2025-01-15,13.0
OPP-00469,Proof of Concept,2025-01-15,2025-02-07,23.0
OPP-00469,Negotiation,2025-02-07,2025-02-14,7.0
OPP-00470,Discovery,2025-02-09,2025-02-10,1.0
OPP-00470,Qualification,2025-02-10,2025-02-23,13.0
OPP-00470,Proof of Concept,2025-02-23,2025-02-25,2.0
OPP-00470,Negotiation,2025-02-25,2025-02-27,2.0
OPP-00471,Discovery,2024-11-28,2024-12-13,15.0
OPP-00471,Qualification,2024-12-13,2025-01-11,29.0
OPP-00471,Proof of Concept,2025-01-11,2025-01-25,14.0
OPP-00471,Negotiation,2025-01-25,2025-02-07,13.0
OPP-00472,Discovery,2024-12-19,2025-01-02,14.0
OPP-00472,Qualification,2025-01-02,2025-01-09,7.0
OPP-00472,Proof of Concept,2025-01-09,2025-02-06,28.0
OPP-00472,Negotiation,2025-02-06,2025-02-19,13.0
OPP-00473,Discovery,2024-12-14,2024-12-21,7.0
OPP-00473,Qualification,2024-12-21,2025-01-11,21.0
OPP-00473,Proof of Concept,2025-01-11,2025-02-09,29.0
OPP-00473,Negotiation,2025-02-09,2025-02-20,11.0
OPP-00474,Discovery,2024-12-22,2025-01-01,10.0
OPP-00474,Qualification,2025-01-01,2025-02-04,34.0
OPP-00474,Proof of Concept,2025-02-04,2025-02-09,5.0
OPP-00474,Negotiation,2025-02-09,2025-02-14,5.0
OPP-00475,Discovery,2025-02-01,2025-02-02,1.0
OPP-00475,Qualification,2025-02-02,2025-02-17,15.0
OPP-00475,Proof of Concept,2025-02-17,2025-03-16,27.0
OPP-00475,Negotiation,2025-03-16,2025-03-19,3.0
OPP-00476,Discovery,2024-12-31,2025-01-14,14.0
OPP-00476,Qualification,2025-01-14,2025-01-26,12.0
OPP-00476,Proof of Concept,2025-01-26,2025-02-08,13.0
OPP-00476,Negotiation,2025-02-08,2025-03-16,36.0
OPP-00477,Discovery,2025-02-27,2025-03-13,14.0
OPP-00477,Qualification,2025-03-13,2025-03-18,5.0
OPP-00477,Proof of Concept,2025-03-18,2025-03-24,6.0
OPP-00477,Negotiation,2025-03-24,2025-03-26,2.0
OPP-00478,Discovery,2025-02-16,2025-02-22,6.0
OPP-00478,Qualification,2025-02-22,2025-02-26,4.0
OPP-00478,Proof of Concept,2025-02-26,2025-03-14,16.0
OPP-00478,Negotiation,2025-03-14,2025-03-17,3.0
OPP-00479,Discovery,2024-12-19,2024-12-29,10.0
OPP-00479,Qualification,2024-12-29,2025-01-15,17.0
OPP-00479,Proof of Concept,2025-01-15,2025-03-10,54.0
OPP-00479,Negotiation,2025-03-10,2025-03-21,11.0
OPP-00480,Discovery,2025-02-09,2025-02-11,2.0
OPP-00480,Qualification,2025-02-11,2025-02-16,5.0
OPP-00480,Proof of Concept,2025-02-16,2025-03-11,23.0
OPP-00480,Negotiation,2025-03-11,2025-03-15,4.0
OPP-00481,Discovery,2025-01-31,2025-02-12,12.0
OPP-00481,Qualification,2025-02-12,2025-03-01,17.0
OPP-00481,Proof of Concept,2025-03-01,2025-03-08,7.0
OPP-00481,Negotiation,2025-03-08,2025-03-19,11.0
OPP-00482,Discovery,2025-01-21,2025-01-23,2.0
OPP-00482,Qualification,2025-01-23,2025-01-31,8.0
OPP-00482,Proof of Concept,2025-01-31,2025-02-19,19.0
OPP-00482,Negotiation,2025-02-19,2025-03-04,13.0
OPP-00483,Discovery,2024-12-31,2025-01-04,4.0
OPP-00483,Qualification,2025-01-04,2025-01-20,16.0
OPP-00483,Proof of Concept,2025-01-20,2025-02-27,38.0
OPP-00483,Negotiation,2025-02-27,2025-03-08,9.0
OPP-00484,Discovery,2024-12-25,2025-01-03,9.0
OPP-00484,Qualification,2025-01-03,2025-01-15,12.0
OPP-00484,Proof of Concept,2025-01-15,2025-03-16,60.0
OPP-00484,Negotiation,2025-03-16,2025-03-22,6.0
OPP-00485,Discovery,2025-02-23,2025-02-25,2.0
OPP-00485,Qualification,2025-02-25,2025-03-08,11.0
OPP-00485,Proof of Concept,2025-03-08,2025-03-16,8.0
OPP-00485,Negotiation,2025-03-16,2025-03-24,8.0
OPP-00486,Discovery,2025-01-31,2025-02-22,22.0
OPP-00486,Qualification,2025-02-22,2025-03-01,7.0
OPP-00486,Proof of Concept,2025-03-01,2025-03-09,8.0
OPP-00486,Negotiation,2025-03-09,2025-03-19,10.0
OPP-00487,Discovery,2025-01-17,2025-01-27,10.0
OPP-00487,Qualification,2025-01-27,2025-02-06,10.0
OPP-00487,Proof of Concept,2025-02-06,2025-02-25,19.0
OPP-00487,Negotiation,2025-02-25,2025-03-02,5.0
OPP-00488,Discovery,2025-01-28,2025-02-02,5.0
OPP-00488,Qualification,2025-02-02,2025-02-03,1.0
OPP-00488,Proof of Concept,2025-02-03,2025-02-20,17.0
OPP-00488,Negotiation,2025-02-20,2025-03-02,10.0
OPP-00489,Discovery,2024-12-12,2024-12-17,5.0
OPP-00489,Qualification,2024-12-17,2025-01-27,41.0
OPP-00489,Proof of Concept,2025-01-27,2025-03-12,44.0
OPP-00489,Negotiation,2025-03-12,2025-03-26,14.0
OPP-00490,Discovery,2025-01-08,2025-01-23,15.0
OPP-00490,Qualification,2025-01-23,2025-02-07,15.0
OPP-00490,Proof of Concept,2025-02-07,2025-02-16,9.0
OPP-00490,Negotiation,2025-02-16,2025-03-01,13.0
OPP-00491,Discovery,2025-01-19,2025-01-24,5.0
OPP-00491,Qualification,2025-01-24,2025-02-10,17.0
OPP-00491,Proof of Concept,2025-02-10,2025-02-19,9.0
OPP-00491,Negotiation,2025-02-19,2025-03-04,13.0
OPP-00492,Discovery,2025-02-04,2025-02-21,17.0
OPP-00492,Qualification,2025-02-21,2025-02-27,6.0
OPP-00492,Proof of Concept,2025-02-27,2025-03-08,9.0
OPP-00492,Negotiation,2025-03-08,2025-03-16,8.0
OPP-00493,Discovery,2025-02-08,2025-02-18,10.0
OPP-00493,Qualification,2025-02-18,2025-02-23,5.0
OPP-00493,Proof of Concept,2025-02-23,2025-04-23,59.0
OPP-00493,Negotiation,2025-04-23,2025-04-27,4.0
OPP-00494,Discovery,2025-02-14,2025-02-24,10.0
OPP-00494,Qualification,2025-02-24,2025-03-03,7.0
OPP-00494,Proof of Concept,2025-03-03,2025-03-20,17.0
OPP-00494,Negotiation,2025-03-20,2025-04-09,20.0
OPP-00495,Discovery,2025-02-03,2025-02-10,7.0
OPP-00495,Qualification,2025-02-10,2025-02-16,6.0
OPP-00495,Proof of Concept,2025-02-16,2025-03-06,18.0
OPP-00495,Negotiation,2025-03-06,2025-04-08,33.0
OPP-00496,Discovery,2025-03-08,2025-03-16,8.0
OPP-00496,Qualification,2025-03-16,2025-03-20,4.0
OPP-00496,Proof of Concept,2025-03-20,2025-03-29,9.0
OPP-00496,Negotiation,2025-03-29,2025-04-09,11.0
OPP-00497,Discovery,2024-12-25,2025-01-03,9.0
OPP-00497,Qualification,2025-01-03,2025-01-10,7.0
OPP-00497,Proof of Concept,2025-01-10,2025-03-26,75.0
OPP-00497,Negotiation,2025-03-26,2025-04-23,28.0
OPP-00498,Discovery,2025-03-09,2025-03-12,3.0
OPP-00498,Qualification,2025-03-12,2025-03-25,13.0
OPP-00498,Proof of Concept,2025-03-25,2025-04-12,18.0
OPP-00498,Negotiation,2025-04-12,2025-04-14,2.0
OPP-00499,Discovery,2025-02-28,2025-03-05,5.0
OPP-00499,Qualification,2025-03-05,2025-03-16,11.0
OPP-00499,Proof of Concept,2025-03-16,2025-04-05,20.0
OPP-00499,Negotiation,2025-04-05,2025-04-15,10.0
OPP-00500,Discovery,2025-03-12,2025-03-20,8.0
OPP-00500,Qualification,2025-03-20,2025-03-28,8.0
OPP-00500,Proof of Concept,2025-03-28,2025-04-03,6.0
OPP-00500,Negotiation,2025-04-03,2025-04-11,8.0
OPP-00501,Discovery,2025-03-27,2025-03-29,2.0
OPP-00501,Qualification,2025-03-29,2025-04-11,13.0
OPP-00501,Proof of Concept,2025-04-11,2025-04-14,3.0
OPP-00501,Negotiation,2025-04-14,2025-04-16,2.0
OPP-00502,Discovery,2025-02-15,2025-03-04,17.0
OPP-00502,Qualification,2025-03-04,2025-03-11,7.0
OPP-00502,Proof of Concept,2025-03-11,2025-03-21,10.0
OPP-00502,Negotiation,2025-03-21,2025-04-01,11.0
OPP-00503,Discovery,2025-03-23,2025-03-29,6.0
OPP-00503,Qualification,2025-03-29,2025-04-02,4.0
OPP-00503,Proof of Concept,2025-04-02,2025-04-12,10.0
OPP-00503,Negotiation,2025-04-12,2025-04-19,7.0
OPP-00504,Discovery,2025-02-17,2025-02-24,7.0
OPP-00504,Qualification,2025-02-24,2025-03-01,5.0
OPP-00504,Proof of Concept,2025-03-01,2025-03-25,24.0
OPP-00504,Negotiation,2025-03-25,2025-04-04,10.0
OPP-00505,Discovery,2025-03-12,2025-03-13,1.0
OPP-00505,Qualification,2025-03-13,2025-03-16,3.0
OPP-00505,Proof of Concept,2025-03-16,2025-04-06,21.0
OPP-00505,Negotiation,2025-04-06,2025-04-12,6.0
OPP-00506,Discovery,2025-02-08,2025-02-22,14.0
OPP-00506,Qualification,2025-02-22,2025-03-03,9.0
OPP-00506,Proof of Concept,2025-03-03,2025-04-10,38.0
OPP-00506,Negotiation,2025-04-10,2025-04-20,10.0
OPP-00507,Discovery,2025-01-24,2025-02-26,33.0
OPP-00507,Qualification,2025-02-26,2025-02-28,2.0
OPP-00507,Proof of Concept,2025-02-28,2025-03-30,30.0
OPP-00507,Negotiation,2025-03-30,2025-04-08,9.0
OPP-00508,Discovery,2025-03-24,2025-03-29,5.0
OPP-00508,Qualification,2025-03-29,2025-03-30,1.0
OPP-00508,Proof of Concept,2025-03-30,2025-04-10,11.0
OPP-00508,Negotiation,2025-04-10,2025-04-27,17.0
OPP-00509,Discovery,2025-03-02,2025-03-11,9.0
OPP-00509,Qualification,2025-03-11,2025-03-19,8.0
OPP-00509,Proof of Concept,2025-03-19,2025-04-10,22.0
OPP-00509,Negotiation,2025-04-10,2025-04-19,9.0
OPP-00510,Discovery,2024-12-07,2025-01-07,31.0
OPP-00510,Qualification,2025-01-07,2025-01-11,4.0
OPP-00510,Proof of Concept,2025-01-11,2025-03-24,72.0
OPP-00510,Negotiation,2025-03-24,2025-04-20,27.0
OPP-00511,Discovery,2025-03-07,2025-03-18,11.0
OPP-00511,Qualification,2025-03-18,2025-03-22,4.0
OPP-00511,Proof of Concept,2025-03-22,2025-04-14,23.0
OPP-00511,Negotiation,2025-04-14,2025-04-15,1.0
OPP-00512,Discovery,2025-03-08,2025-03-11,3.0
OPP-00512,Qualification,2025-03-11,2025-04-03,23.0
OPP-00512,Proof of Concept,2025-04-03,2025-04-18,15.0
OPP-00512,Negotiation,2025-04-18,2025-04-24,6.0
OPP-00513,Discovery,2025-03-12,2025-03-16,4.0
OPP-00513,Qualification,2025-03-16,2025-04-18,33.0
OPP-00513,Proof of Concept,2025-04-18,2025-04-28,10.0
OPP-00513,Negotiation,2025-04-28,2025-05-02,4.0
OPP-00514,Discovery,2025-03-07,2025-03-12,5.0
OPP-00514,Qualification,2025-03-12,2025-04-09,28.0
OPP-00514,Proof of Concept,2025-04-09,2025-04-17,8.0
OPP-00514,Negotiation,2025-04-17,2025-05-05,18.0
OPP-00515,Discovery,2025-03-07,2025-04-02,26.0
OPP-00515,Qualification,2025-04-02,2025-04-12,10.0
OPP-00515,Proof of Concept,2025-04-12,2025-04-29,17.0
OPP-00515,Negotiation,2025-04-29,2025-05-20,21.0
OPP-00516,Discovery,2025-03-02,2025-03-12,10.0
OPP-00516,Qualification,2025-03-12,2025-04-14,33.0
OPP-00516,Proof of Concept,2025-04-14,2025-04-20,6.0
OPP-00516,Negotiation,2025-04-20,2025-05-16,26.0
OPP-00517,Discovery,2025-04-12,2025-04-22,10.0
OPP-00517,Qualification,2025-04-22,2025-05-01,9.0
OPP-00517,Proof of Concept,2025-05-01,2025-05-15,14.0
OPP-00517,Negotiation,2025-05-15,2025-05-21,6.0
OPP-00518,Discovery,2025-04-20,2025-04-26,6.0
OPP-00518,Qualification,2025-04-26,2025-04-29,3.0
OPP-00518,Proof of Concept,2025-04-29,2025-05-13,14.0
OPP-00518,Negotiation,2025-05-13,2025-05-19,6.0
OPP-00519,Discovery,2025-03-19,2025-03-25,6.0
OPP-00519,Qualification,2025-03-25,2025-04-03,9.0
OPP-00519,Proof of Concept,2025-04-03,2025-05-06,33.0
OPP-00519,Negotiation,2025-05-06,2025-05-18,12.0
OPP-00520,Discovery,2025-03-16,2025-03-21,5.0
OPP-00520,Qualification,2025-03-21,2025-04-09,19.0
OPP-00520,Proof of Concept,2025-04-09,2025-04-28,19.0
OPP-00520,Negotiation,2025-04-28,2025-05-09,11.0
OPP-00521,Discovery,2025-03-12,2025-04-04,23.0
OPP-00521,Qualification,2025-04-04,2025-04-08,4.0
OPP-00521,Proof of Concept,2025-04-08,2025-04-26,18.0
OPP-00521,Negotiation,2025-04-26,2025-05-11,15.0
OPP-00522,Discovery,2025-04-04,2025-04-18,14.0
OPP-00522,Qualification,2025-04-18,2025-05-05,17.0
OPP-00522,Proof of Concept,2025-05-05,2025-05-10,5.0
OPP-00522,Negotiation,2025-05-10,2025-05-16,6.0
OPP-00523,Discovery,2025-02-02,2025-02-22,20.0
OPP-00523,Qualification,2025-02-22,2025-03-03,9.0
OPP-00523,Proof of Concept,2025-03-03,2025-04-28,56.0
OPP-00523,Negotiation,2025-04-28,2025-05-06,8.0
OPP-00524,Discovery,2025-02-26,2025-03-10,12.0
OPP-00524,Qualification,2025-03-10,2025-03-24,14.0
OPP-00524,Proof of Concept,2025-03-24,2025-05-05,42.0
OPP-00524,Negotiation,2025-05-05,2025-05-16,11.0
OPP-00525,Discovery,2025-01-18,2025-01-25,7.0
OPP-00525,Qualification,2025-01-25,2025-03-01,35.0
OPP-00525,Proof of Concept,2025-03-01,2025-04-09,39.0
OPP-00525,Negotiation,2025-04-09,2025-05-07,28.0
OPP-00526,Discovery,2025-04-06,2025-04-12,6.0
OPP-00526,Qualification,2025-04-12,2025-04-26,14.0
OPP-00526,Proof of Concept,2025-04-26,2025-05-10,14.0
OPP-00526,Negotiation,2025-05-10,2025-05-16,6.0
OPP-00527,Discovery,2025-02-22,2025-02-27,5.0
OPP-00527,Qualification,2025-02-27,2025-03-02,3.0
OPP-00527,Proof of Concept,2025-03-02,2025-04-10,39.0
OPP-00527,Negotiation,2025-04-10,2025-05-12,32.0
OPP-00528,Discovery,2025-04-12,2025-04-15,3.0
OPP-00528,Qualification,2025-04-15,2025-04-28,13.0
OPP-00528,Proof of Concept,2025-04-28,2025-05-03,5.0
OPP-00528,Negotiation,2025-05-03,2025-05-27,24.0
OPP-00529,Discovery,2025-01-05,2025-01-07,2.0
OPP-00529,Qualification,2025-01-07,2025-02-21,45.0
OPP-00529,Proof of Concept,2025-02-21,2025-04-22,60.0
OPP-00529,Negotiation,2025-04-22,2025-05-02,10.0
OPP-00530,Discovery,2025-05-15,2025-05-16,1.0
OPP-00530,Qualification,2025-05-16,2025-06-03,18.0
OPP-00530,Proof of Concept,2025-06-03,2025-06-08,5.0
OPP-00530,Negotiation,2025-06-08,2025-06-11,3.0
OPP-00531,Discovery,2025-05-07,2025-05-10,3.0
OPP-00531,Qualification,2025-05-10,2025-05-14,4.0
OPP-00531,Proof of Concept,2025-05-14,2025-06-15,32.0
OPP-00531,Negotiation,2025-06-15,2025-06-27,12.0
OPP-00532,Discovery,2025-05-03,2025-05-05,2.0
OPP-00532,Qualification,2025-05-05,2025-05-12,7.0
OPP-00532,Proof of Concept,2025-05-12,2025-06-05,24.0
OPP-00532,Negotiation,2025-06-05,2025-06-20,15.0
OPP-00533,Discovery,2025-04-24,2025-04-27,3.0
OPP-00533,Qualification,2025-04-27,2025-05-20,23.0
OPP-00533,Proof of Concept,2025-05-20,2025-06-05,16.0
OPP-00533,Negotiation,2025-06-05,2025-06-10,5.0
OPP-00534,Discovery,2025-04-07,2025-04-17,10.0
OPP-00534,Qualification,2025-04-17,2025-04-28,11.0
OPP-00534,Proof of Concept,2025-04-28,2025-05-29,31.0
OPP-00534,Negotiation,2025-05-29,2025-06-13,15.0
OPP-00535,Discovery,2025-04-24,2025-05-02,8.0
OPP-00535,Qualification,2025-05-02,2025-05-04,2.0
OPP-00535,Proof of Concept,2025-05-04,2025-06-12,39.0
OPP-00535,Negotiation,2025-06-12,2025-06-18,6.0
OPP-00536,Discovery,2025-05-13,2025-05-19,6.0
OPP-00536,Qualification,2025-05-19,2025-05-26,7.0
OPP-00536,Proof of Concept,2025-05-26,2025-06-05,10.0
OPP-00536,Negotiation,2025-06-05,2025-06-14,9.0
OPP-00537,Discovery,2025-04-20,2025-05-02,12.0
OPP-00537,Qualification,2025-05-02,2025-05-09,7.0
OPP-00537,Proof of Concept,2025-05-09,2025-06-01,23.0
OPP-00537,Negotiation,2025-06-01,2025-06-14,13.0
OPP-00538,Discovery,2025-03-02,2025-03-18,16.0
OPP-00538,Qualification,2025-03-18,2025-03-27,9.0
OPP-00538,Proof of Concept,2025-03-27,2025-06-19,84.0
OPP-00538,Negotiation,2025-06-19,2025-06-25,6.0
OPP-00539,Discovery,2025-04-08,2025-04-10,2.0
OPP-00539,Qualification,2025-04-10,2025-05-05,25.0
OPP-00539,Proof of Concept,2025-05-05,2025-05-29,24.0
OPP-00539,Negotiation,2025-05-29,2025-06-21,23.0
OPP-00540,Discovery,2025-02-23,2025-03-06,11.0
OPP-00540,Qualification,2025-03-06,2025-03-10,4.0
OPP-00540,Proof of Concept,2025-03-10,2025-05-25,76.0
OPP-00540,Negotiation,2025-05-25,2025-06-11,17.0
OPP-00541,Discovery,2025-05-13,2025-05-15,2.0
OPP-00541,Qualification,2025-05-15,2025-05-23,8.0
OPP-00541,Proof of Concept,2025-05-23,2025-05-31,8.0
OPP-00541,Negotiation,2025-05-31,2025-06-08,8.0
OPP-00542,Discovery,2025-03-13,2025-03-24,11.0
OPP-00542,Qualification,2025-03-24,2025-04-28,35.0
OPP-00542,Proof of Concept,2025-04-28,2025-06-06,39.0
OPP-00542,Negotiation,2025-06-06,2025-06-13,7.0
OPP-00543,Discovery,2025-03-13,2025-03-15,2.0
OPP-00543,Qualification,2025-03-15,2025-04-13,29.0
OPP-00543,Proof of Concept,2025-04-13,2025-05-22,39.0
OPP-00543,Negotiation,2025-05-22,2025-06-08,17.0
OPP-00544,Discovery,2025-05-23,2025-05-25,2.0
OPP-00544,Qualification,2025-05-25,2025-06-02,8.0
OPP-00544,Proof of Concept,2025-06-02,2025-06-10,8.0
OPP-00544,Negotiation,2025-06-10,2025-06-14,4.0
OPP-00545,Discovery,2025-04-21,2025-05-02,11.0
OPP-00545,Qualification,2025-05-02,2025-05-16,14.0
OPP-00545,Proof of Concept,2025-05-16,2025-05-31,15.0
OPP-00545,Negotiation,2025-05-31,2025-06-09,9.0
OPP-00546,Discovery,2025-05-17,2025-05-18,1.0
OPP-00546,Qualification,2025-05-18,2025-05-27,9.0
OPP-00546,Proof of Concept,2025-05-27,2025-05-29,2.0
OPP-00546,Negotiation,2025-05-29,2025-06-10,12.0
OPP-00547,Discovery,2025-02-27,2025-03-05,6.0
OPP-00547,Qualification,2025-03-05,2025-04-11,37.0
OPP-00547,Proof of Concept,2025-04-11,2025-05-01,20.0
OPP-00547,Negotiation,2025-05-01,2025-06-13,43.0
OPP-00548,Discovery,2025-04-14,2025-04-23,9.0
OPP-00548,Qualification,2025-04-23,2025-05-15,22.0
OPP-00548,Proof of Concept,2025-05-15,2025-06-06,22.0
OPP-00548,Negotiation,2025-06-06,2025-06-25,19.0
OPP-00549,Discovery,2025-06-01,2025-06-09,8.0
OPP-00549,Qualification,2025-06-09,2025-06-26,17.0
OPP-00549,Proof of Concept,2025-06-26,2025-07-05,9.0
OPP-00549,Negotiation,2025-07-05,2025-07-12,7.0
OPP-00550,Discovery,2025-04-10,2025-04-22,12.0
OPP-00550,Qualification,2025-04-22,2025-04-26,4.0
OPP-00550,Proof of Concept,2025-04-26,2025-06-13,48.0
OPP-00550,Negotiation,2025-06-13,2025-07-14,31.0
OPP-00551,Discovery,2025-05-21,2025-06-01,11.0
OPP-00551,Qualification,2025-06-01,2025-06-11,10.0
OPP-00551,Proof of Concept,2025-06-11,2025-06-27,16.0
OPP-00551,Negotiation,2025-06-27,2025-07-02,5.0
OPP-00552,Discovery,2025-06-13,2025-06-14,1.0
OPP-00552,Qualification,2025-06-14,2025-06-22,8.0
OPP-00552,Proof of Concept,2025-06-22,2025-07-20,28.0
OPP-00552,Negotiation,2025-07-20,2025-07-21,1.0
OPP-00553,Discovery,2025-06-06,2025-06-10,4.0
OPP-00553,Qualification,2025-06-10,2025-06-18,8.0
OPP-00553,Proof of Concept,2025-06-18,2025-06-25,7.0
OPP-00553,Negotiation,2025-06-25,2025-07-03,8.0
OPP-00554,Discovery,2025-04-16,2025-04-28,12.0
OPP-00554,Qualification,2025-04-28,2025-04-30,2.0
OPP-00554,Proof of Concept,2025-04-30,2025-06-30,61.0
OPP-00554,Negotiation,2025-06-30,2025-07-25,25.0
OPP-00555,Discovery,2025-05-31,2025-06-03,3.0
OPP-00555,Qualification,2025-06-03,2025-06-07,4.0
OPP-00555,Proof of Concept,2025-06-07,2025-06-22,15.0
OPP-00555,Negotiation,2025-06-22,2025-07-06,14.0
OPP-00556,Discovery,2025-06-17,2025-06-23,6.0
OPP-00556,Qualification,2025-06-23,2025-07-01,8.0
OPP-00556,Proof of Concept,2025-07-01,2025-07-11,10.0
OPP-00556,Negotiation,2025-07-11,2025-07-20,9.0
OPP-00557,Discovery,2025-03-16,2025-04-02,17.0
OPP-00557,Qualification,2025-04-02,2025-04-23,21.0
OPP-00557,Proof of Concept,2025-04-23,2025-06-26,64.0
OPP-00557,Negotiation,2025-06-26,2025-07-16,20.0
OPP-00558,Discovery,2025-05-09,2025-05-21,12.0
OPP-00558,Qualification,2025-05-21,2025-06-07,17.0
OPP-00558,Proof of Concept,2025-06-07,2025-07-13,36.0
OPP-00558,Negotiation,2025-07-13,2025-07-20,7.0
OPP-00559,Discovery,2025-05-24,2025-05-30,6.0
OPP-00559,Qualification,2025-05-30,2025-06-12,13.0
OPP-00559,Proof of Concept,2025-06-12,2025-07-01,19.0
OPP-00559,Negotiation,2025-07-01,2025-07-17,16.0
OPP-00560,Discovery,2025-06-02,2025-06-06,4.0
OPP-00560,Qualification,2025-06-06,2025-06-16,10.0
OPP-00560,Proof of Concept,2025-06-16,2025-06-29,13.0
OPP-00560,Negotiation,2025-06-29,2025-07-07,8.0
OPP-00561,Discovery,2025-06-21,2025-06-28,7.0
OPP-00561,Qualification,2025-06-28,2025-06-29,1.0
OPP-00561,Proof of Concept,2025-06-29,2025-06-30,1.0
OPP-00561,Negotiation,2025-06-30,2025-07-12,12.0
OPP-00562,Discovery,2025-05-13,2025-06-02,20.0
OPP-00562,Qualification,2025-06-02,2025-06-14,12.0
OPP-00562,Proof of Concept,2025-06-14,2025-06-18,4.0
OPP-00562,Negotiation,2025-06-18,2025-07-03,15.0
OPP-00563,Discovery,2025-06-06,2025-06-13,7.0
OPP-00563,Qualification,2025-06-13,2025-06-20,7.0
OPP-00563,Proof of Concept,2025-06-20,2025-07-01,11.0
OPP-00563,Negotiation,2025-07-01,2025-07-24,23.0
OPP-00564,Discovery,2025-04-08,2025-04-11,3.0
OPP-00564,Qualification,2025-04-11,2025-05-07,26.0
OPP-00564,Proof of Concept,2025-05-07,2025-06-29,53.0
OPP-00564,Negotiation,2025-06-29,2025-07-11,12.0
OPP-00565,Discovery,2025-03-20,2025-04-11,22.0
OPP-00565,Qualification,2025-04-11,2025-04-22,11.0
OPP-00565,Proof of Concept,2025-04-22,2025-05-29,37.0
OPP-00565,Negotiation,2025-05-29,2025-07-14,46.0
OPP-00566,Discovery,2025-05-23,2025-06-07,15.0
OPP-00566,Qualification,2025-06-07,2025-06-14,7.0
OPP-00566,Proof of Concept,2025-06-14,2025-07-14,30.0
OPP-00566,Negotiation,2025-07-14,2025-07-16,2.0
OPP-00567,Discovery,2025-04-28,2025-05-26,28.0
OPP-00567,Qualification,2025-05-26,2025-06-13,18.0
OPP-00567,Proof of Concept,2025-06-13,2025-06-26,13.0
OPP-00567,Negotiation,2025-06-26,2025-07-26,30.0
OPP-00568,Discovery,2025-06-22,2025-07-01,9.0
OPP-00568,Qualification,2025-07-01,2025-07-20,19.0
OPP-00568,Proof of Concept,2025-07-20,2025-08-03,14.0
OPP-00568,Negotiation,2025-08-03,2025-08-14,11.0
OPP-00569,Discovery,2025-07-11,2025-07-12,1.0
OPP-00569,Qualification,2025-07-12,2025-07-18,6.0
OPP-00569,Proof of Concept,2025-07-18,2025-08-10,23.0
OPP-00569,Negotiation,2025-08-10,2025-08-16,6.0
OPP-00570,Discovery,2025-06-05,2025-06-09,4.0
OPP-00570,Qualification,2025-06-09,2025-06-19,10.0
OPP-00570,Proof of Concept,2025-06-19,2025-08-01,43.0
OPP-00570,Negotiation,2025-08-01,2025-08-13,12.0
OPP-00571,Discovery,2025-06-25,2025-06-27,2.0
OPP-00571,Qualification,2025-06-27,2025-06-28,1.0
OPP-00571,Proof of Concept,2025-06-28,2025-07-26,28.0
OPP-00571,Negotiation,2025-07-26,2025-08-05,10.0
OPP-00572,Discovery,2025-07-07,2025-07-21,14.0
OPP-00572,Qualification,2025-07-21,2025-07-25,4.0
OPP-00572,Proof of Concept,2025-07-25,2025-08-15,21.0
OPP-00572,Negotiation,2025-08-15,2025-08-22,7.0
OPP-00573,Discovery,2025-07-13,2025-07-16,3.0
OPP-00573,Qualification,2025-07-16,2025-07-17,1.0
OPP-00573,Proof of Concept,2025-07-17,2025-07-27,10.0
OPP-00573,Negotiation,2025-07-27,2025-08-10,14.0
OPP-00574,Discovery,2025-06-05,2025-06-09,4.0
OPP-00574,Qualification,2025-06-09,2025-06-13,4.0
OPP-00574,Proof of Concept,2025-06-13,2025-07-02,19.0
OPP-00574,Negotiation,2025-07-02,2025-08-08,37.0
OPP-00575,Discovery,2025-06-13,2025-06-17,4.0
OPP-00575,Qualification,2025-06-17,2025-06-24,7.0
OPP-00575,Proof of Concept,2025-06-24,2025-07-29,35.0
OPP-00575,Negotiation,2025-07-29,2025-08-04,6.0
OPP-00576,Discovery,2025-06-18,2025-06-24,6.0
OPP-00576,Qualification,2025-06-24,2025-06-29,5.0
OPP-00576,Proof of Concept,2025-06-29,2025-07-31,32.0
OPP-00576,Negotiation,2025-07-31,2025-08-23,23.0
OPP-00577,Discovery,2025-07-27,2025-07-28,1.0
OPP-00577,Qualification,2025-07-28,2025-08-01,4.0
OPP-00577,Proof of Concept,2025-08-01,2025-08-09,8.0
OPP-00577,Negotiation,2025-08-09,2025-08-12,3.0
OPP-00578,Discovery,2025-06-15,2025-06-20,5.0
OPP-00578,Qualification,2025-06-20,2025-06-30,10.0
OPP-00578,Proof of Concept,2025-06-30,2025-07-31,31.0
OPP-00578,Negotiation,2025-07-31,2025-08-08,8.0
OPP-00579,Discovery,2025-07-13,2025-07-16,3.0
OPP-00579,Qualification,2025-07-16,2025-07-20,4.0
OPP-00579,Proof of Concept,2025-07-20,2025-07-31,11.0
OPP-00579,Negotiation,2025-07-31,2025-08-22,22.0
OPP-00580,Discovery,2025-06-07,2025-06-11,4.0
OPP-00580,Qualification,2025-06-11,2025-06-30,19.0
OPP-00580,Proof of Concept,2025-06-30,2025-08-02,33.0
OPP-00580,Negotiation,2025-08-02,2025-08-09,7.0
OPP-00581,Discovery,2025-07-19,2025-07-21,2.0
OPP-00581,Qualification,2025-07-21,2025-08-09,19.0
OPP-00581,Proof of Concept,2025-08-09,2025-08-17,8.0
OPP-00581,Negotiation,2025-08-17,2025-08-21,4.0
OPP-00582,Discovery,2025-03-12,2025-04-04,23.0
OPP-00582,Qualification,2025-04-04,2025-05-01,27.0
OPP-00582,Proof of Concept,2025-05-01,2025-07-27,87.0
OPP-00582,Negotiation,2025-07-27,2025-08-17,21.0
OPP-00583,Discovery,2025-07-23,2025-07-27,4.0
OPP-00583,Qualification,2025-07-27,2025-08-15,19.0
OPP-00583,Proof of Concept,2025-08-15,2025-08-20,5.0
OPP-00583,Negotiation,2025-08-20,2025-08-27,7.0
OPP-00584,Discovery,2025-05-20,2025-05-22,2.0
OPP-00584,Qualification,2025-05-22,2025-06-02,11.0
OPP-00584,Proof of Concept,2025-06-02,2025-07-29,57.0
OPP-00584,Negotiation,2025-07-29,2025-08-18,20.0
OPP-00585,Discovery,2025-07-13,2025-07-15,2.0
OPP-00585,Qualification,2025-07-15,2025-08-17,33.0
OPP-00585,Proof of Concept,2025-08-17,2025-08-31,14.0
OPP-00585,Negotiation,2025-08-31,2025-09-11,11.0
OPP-00586,Discovery,2025-05-31,2025-06-11,11.0
OPP-00586,Qualification,2025-06-11,2025-07-03,22.0
OPP-00586,Proof of Concept,2025-07-03,2025-08-24,52.0
OPP-00586,Negotiation,2025-08-24,2025-09-12,19.0
OPP-00587,Discovery,2025-08-22,2025-08-26,4.0
OPP-00587,Qualification,2025-08-26,2025-09-05,10.0
OPP-00587,Proof of Concept,2025-09-05,2025-09-16,11.0
OPP-00587,Negotiation,2025-09-16,2025-09-26,10.0
OPP-00588,Discovery,2025-07-28,2025-08-05,8.0
OPP-00588,Qualification,2025-08-05,2025-08-10,5.0
OPP-00588,Proof of Concept,2025-08-10,2025-09-01,22.0
OPP-00588,Negotiation,2025-09-01,2025-09-04,3.0
OPP-00589,Discovery,2025-07-26,2025-08-05,10.0
OPP-00589,Qualification,2025-08-05,2025-08-09,4.0
OPP-00589,Proof of Concept,2025-08-09,2025-08-25,16.0
OPP-00589,Negotiation,2025-08-25,2025-09-12,18.0
OPP-00590,Discovery,2025-09-06,2025-09-10,4.0
OPP-00590,Qualification,2025-09-10,2025-09-12,2.0
OPP-00590,Proof of Concept,2025-09-12,2025-09-13,1.0
OPP-00590,Negotiation,2025-09-13,2025-09-15,2.0
OPP-00591,Discovery,2025-08-17,2025-08-23,6.0
OPP-00591,Qualification,2025-08-23,2025-08-26,3.0
OPP-00591,Proof of Concept,2025-08-26,2025-09-10,15.0
OPP-00591,Negotiation,2025-09-10,2025-09-27,17.0
OPP-00592,Discovery,2025-08-15,2025-08-21,6.0
OPP-00592,Qualification,2025-08-21,2025-08-30,9.0
OPP-00592,Proof of Concept,2025-08-30,2025-09-03,4.0
OPP-00592,Negotiation,2025-09-03,2025-09-14,11.0
OPP-00593,Discovery,2025-07-30,2025-08-03,4.0
OPP-00593,Qualification,2025-08-03,2025-08-18,15.0
OPP-00593,Proof of Concept,2025-08-18,2025-09-04,17.0
OPP-00593,Negotiation,2025-09-04,2025-09-11,7.0
OPP-00594,Discovery,2025-08-01,2025-08-05,4.0
OPP-00594,Qualification,2025-08-05,2025-08-30,25.0
OPP-00594,Proof of Concept,2025-08-30,2025-09-05,6.0
OPP-00594,Negotiation,2025-09-05,2025-09-07,2.0
OPP-00595,Discovery,2025-08-15,2025-08-17,2.0
OPP-00595,Qualification,2025-08-17,2025-08-25,8.0
OPP-00595,Proof of Concept,2025-08-25,2025-08-28,3.0
OPP-00595,Negotiation,2025-08-28,2025-09-15,18.0
OPP-00596,Discovery,2025-08-08,2025-08-11,3.0
OPP-00596,Qualification,2025-08-11,2025-08-18,7.0
OPP-00596,Proof of Concept,2025-08-18,2025-08-31,13.0
OPP-00596,Negotiation,2025-08-31,2025-09-15,15.0
OPP-00597,Discovery,2025-07-23,2025-07-28,5.0
OPP-00597,Qualification,2025-07-28,2025-07-31,3.0
OPP-00597,Proof of Concept,2025-07-31,2025-09-06,37.0
OPP-00597,Negotiation,2025-09-06,2025-09-12,6.0
OPP-00598,Discovery,2025-08-27,2025-09-01,5.0
OPP-00598,Qualification,2025-09-01,2025-09-05,4.0
OPP-00598,Proof of Concept,2025-09-05,2025-09-06,1.0
OPP-00598,Negotiation,2025-09-06,2025-09-09,3.0
OPP-00599,Discovery,2025-07-17,2025-07-31,14.0
OPP-00599,Qualification,2025-07-31,2025-08-01,1.0
OPP-00599,Proof of Concept,2025-08-01,2025-08-29,28.0
OPP-00599,Negotiation,2025-08-29,2025-09-15,17.0
OPP-00600,Discovery,2025-08-18,2025-08-29,11.0
OPP-00600,Qualification,2025-08-29,2025-09-03,5.0
OPP-00600,Proof of Concept,2025-09-03,2025-09-11,8.0
OPP-00600,Negotiation,2025-09-11,2025-09-13,2.0
OPP-00601,Discovery,2025-07-07,2025-07-09,2.0
OPP-00601,Qualification,2025-07-09,2025-08-05,27.0
OPP-00601,Proof of Concept,2025-08-05,2025-08-17,12.0
OPP-00601,Negotiation,2025-08-17,2025-09-06,20.0
OPP-00602,Discovery,2025-08-28,2025-09-03,6.0
OPP-00602,Qualification,2025-09-03,2025-09-09,6.0
OPP-00602,Proof of Concept,2025-09-09,2025-09-18,9.0
OPP-00602,Negotiation,2025-09-18,2025-09-21,3.0
OPP-00603,Discovery,2025-08-23,2025-08-26,3.0
OPP-00603,Qualification,2025-08-26,2025-08-28,2.0
OPP-00603,Proof of Concept,2025-08-28,2025-09-07,10.0
OPP-00603,Negotiation,2025-09-07,2025-09-26,19.0
OPP-00604,Discovery,2025-08-01,2025-08-08,7.0
OPP-00604,Qualification,2025-08-08,2025-08-15,7.0
OPP-00604,Proof of Concept,2025-08-15,2025-09-07,23.0
OPP-00604,Negotiation,2025-09-07,2025-09-19,12.0
OPP-00605,Discovery,2025-08-19,2025-08-30,11.0
OPP-00605,Qualification,2025-08-30,2025-09-09,10.0
OPP-00605,Proof of Concept,2025-09-09,2025-09-28,19.0
OPP-00605,Negotiation,2025-09-28,2025-10-08,10.0
OPP-00606,Discovery,2025-08-28,2025-08-31,3.0
OPP-00606,Qualification,2025-08-31,2025-09-07,7.0
OPP-00606,Proof of Concept,2025-09-07,2025-09-23,16.0
OPP-00606,Negotiation,2025-09-23,2025-10-02,9.0
OPP-00607,Discovery,2025-08-19,2025-08-22,3.0
OPP-00607,Qualification,2025-08-22,2025-09-05,14.0
OPP-00607,Proof of Concept,2025-09-05,2025-09-17,12.0
OPP-00607,Negotiation,2025-09-17,2025-10-03,16.0
OPP-00608,Discovery,2025-09-24,2025-09-26,2.0
OPP-00608,Qualification,2025-09-26,2025-10-01,5.0
OPP-00608,Proof of Concept,2025-10-01,2025-10-03,2.0
OPP-00608,Negotiation,2025-10-03,2025-10-11,8.0
OPP-00609,Discovery,2025-08-24,2025-08-29,5.0
OPP-00609,Qualification,2025-08-29,2025-08-31,2.0
OPP-00609,Proof of Concept,2025-08-31,2025-09-25,25.0
OPP-00609,Negotiation,2025-09-25,2025-10-02,7.0
OPP-00610,Discovery,2025-08-24,2025-08-30,6.0
OPP-00610,Qualification,2025-08-30,2025-09-10,11.0
OPP-00610,Proof of Concept,2025-09-10,2025-10-02,22.0
OPP-00610,Negotiation,2025-10-02,2025-10-15,13.0
OPP-00611,Discovery,2025-09-15,2025-09-20,5.0
OPP-00611,Qualification,2025-09-20,2025-09-23,3.0
OPP-00611,Proof of Concept,2025-09-23,2025-09-27,4.0
OPP-00611,Negotiation,2025-09-27,2025-10-03,6.0
OPP-00612,Discovery,2025-08-15,2025-08-26,11.0
OPP-00612,Qualification,2025-08-26,2025-08-30,4.0
OPP-00612,Proof of Concept,2025-08-30,2025-09-22,23.0
OPP-00612,Negotiation,2025-09-22,2025-10-05,13.0
OPP-00613,Discovery,2025-09-09,2025-09-24,15.0
OPP-00613,Qualification,2025-09-24,2025-09-29,5.0
OPP-00613,Proof of Concept,2025-09-29,2025-10-05,6.0
OPP-00613,Negotiation,2025-10-05,2025-10-15,10.0
OPP-00614,Discovery,2025-09-01,2025-09-04,3.0
OPP-00614,Qualification,2025-09-04,2025-09-18,14.0
OPP-00614,Proof of Concept,2025-09-18,2025-09-28,10.0
OPP-00614,Negotiation,2025-09-28,2025-10-03,5.0
OPP-00615,Discovery,2025-10-03,2025-10-08,5.0
OPP-00615,Qualification,2025-10-08,2025-10-15,7.0
OPP-00615,Proof of Concept,2025-10-15,2025-10-18,3.0
OPP-00615,Negotiation,2025-10-18,2025-10-20,2.0
OPP-00616,Discovery,2025-08-29,2025-09-07,9.0
OPP-00616,Qualification,2025-09-07,2025-09-15,8.0
OPP-00616,Proof of Concept,2025-09-15,2025-10-08,23.0
OPP-00616,Negotiation,2025-10-08,2025-10-25,17.0
OPP-00617,Discovery,2025-08-20,2025-08-30,10.0
OPP-00617,Qualification,2025-08-30,2025-09-17,18.0
OPP-00617,Proof of Concept,2025-09-17,2025-09-30,13.0
OPP-00617,Negotiation,2025-09-30,2025-10-02,2.0
OPP-00618,Discovery,2025-07-31,2025-08-03,3.0
OPP-00618,Qualification,2025-08-03,2025-08-09,6.0
OPP-00618,Proof of Concept,2025-08-09,2025-09-12,34.0
OPP-00618,Negotiation,2025-09-12,2025-10-12,30.0
OPP-00619,Discovery,2025-07-24,2025-07-30,6.0
OPP-00619,Qualification,2025-07-30,2025-08-06,7.0
OPP-00619,Proof of Concept,2025-08-06,2025-10-15,70.0
OPP-00619,Negotiation,2025-10-15,2025-10-18,3.0
OPP-00620,Discovery,2025-07-27,2025-08-08,12.0
OPP-00620,Qualification,2025-08-08,2025-08-27,19.0
OPP-00620,Proof of Concept,2025-08-27,2025-09-19,23.0
OPP-00620,Negotiation,2025-09-19,2025-10-09,20.0
OPP-00621,Discovery,2025-08-14,2025-08-17,3.0
OPP-00621,Qualification,2025-08-17,2025-08-30,13.0
OPP-00621,Proof of Concept,2025-08-30,2025-09-22,23.0
OPP-00621,Negotiation,2025-09-22,2025-10-05,13.0
OPP-00622,Discovery,2025-08-10,2025-08-21,11.0
OPP-00622,Qualification,2025-08-21,2025-09-04,14.0
OPP-00622,Proof of Concept,2025-09-04,2025-10-04,30.0
OPP-00622,Negotiation,2025-10-04,2025-10-23,19.0
OPP-00623,Discovery,2025-08-14,2025-08-19,5.0
OPP-00623,Qualification,2025-08-19,2025-08-22,3.0
OPP-00623,Proof of Concept,2025-08-22,2025-09-12,21.0
OPP-00623,Negotiation,2025-09-12,2025-10-05,23.0
OPP-00624,Discovery,2025-09-13,2025-09-20,7.0
OPP-00624,Qualification,2025-09-20,2025-09-26,6.0
OPP-00624,Proof of Concept,2025-09-26,2025-10-25,29.0
OPP-00624,Negotiation,2025-10-25,2025-10-26,1.0
OPP-00625,Discovery,2025-09-06,2025-09-08,2.0
OPP-00625,Qualification,2025-09-08,2025-09-25,17.0
OPP-00625,Proof of Concept,2025-09-25,2025-10-26,31.0
OPP-00625,Negotiation,2025-10-26,2025-11-13,18.0
OPP-00626,Discovery,2025-09-03,2025-09-18,15.0
OPP-00626,Qualification,2025-09-18,2025-09-29,11.0
OPP-00626,Proof of Concept,2025-09-29,2025-10-28,29.0
OPP-00626,Negotiation,2025-10-28,2025-11-09,12.0
OPP-00627,Discovery,2025-10-26,2025-10-28,2.0
OPP-00627,Qualification,2025-10-28,2025-11-08,11.0
OPP-00627,Proof of Concept,2025-11-08,2025-11-12,4.0
OPP-00627,Negotiation,2025-11-12,2025-11-16,4.0
OPP-00628,Discovery,2025-10-01,2025-10-03,2.0
OPP-00628,Qualification,2025-10-03,2025-10-18,15.0
OPP-00628,Proof of Concept,2025-10-18,2025-11-04,17.0
OPP-00628,Negotiation,2025-11-04,2025-11-20,16.0
OPP-00629,Discovery,2025-11-02,2025-11-05,3.0
OPP-00629,Qualification,2025-11-05,2025-11-14,9.0
OPP-00629,Proof of Concept,2025-11-14,2025-11-17,3.0
OPP-00629,Negotiation,2025-11-17,2025-11-25,8.0
OPP-00630,Discovery,2025-08-09,2025-08-25,16.0
OPP-00630,Qualification,2025-08-25,2025-09-10,16.0
OPP-00630,Proof of Concept,2025-09-10,2025-10-07,27.0
OPP-00630,Negotiation,2025-10-07,2025-11-24,48.0
OPP-00631,Discovery,2025-09-11,2025-09-20,9.0
OPP-00631,Qualification,2025-09-20,2025-09-25,5.0
OPP-00631,Proof of Concept,2025-09-25,2025-10-21,26.0
OPP-00631,Negotiation,2025-10-21,2025-11-22,32.0
OPP-00632,Discovery,2025-09-15,2025-09-20,5.0
OPP-00632,Qualification,2025-09-20,2025-09-29,9.0
OPP-00632,Proof of Concept,2025-09-29,2025-10-21,22.0
OPP-00632,Negotiation,2025-10-21,2025-11-04,14.0
OPP-00633,Discovery,2025-10-02,2025-10-06,4.0
OPP-00633,Qualification,2025-10-06,2025-10-28,22.0
OPP-00633,Proof of Concept,2025-10-28,2025-11-17,20.0
OPP-00633,Negotiation,2025-11-17,2025-11-22,5.0
OPP-00634,Discovery,2025-09-23,2025-09-27,4.0
OPP-00634,Qualification,2025-09-27,2025-10-13,16.0
OPP-00634,Proof of Concept,2025-10-13,2025-10-25,12.0
OPP-00634,Negotiation,2025-10-25,2025-11-12,18.0
OPP-00635,Discovery,2025-09-21,2025-10-06,15.0
OPP-00635,Qualification,2025-10-06,2025-10-15,9.0
OPP-00635,Proof of Concept,2025-10-15,2025-10-29,14.0
OPP-00635,Negotiation,2025-10-29,2025-11-07,9.0
OPP-00636,Discovery,2025-08-26,2025-09-05,10.0
OPP-00636,Qualification,2025-09-05,2025-09-16,11.0
OPP-00636,Proof of Concept,2025-09-16,2025-10-23,37.0
OPP-00636,Negotiation,2025-10-23,2025-11-12,20.0
OPP-00637,Discovery,2025-09-17,2025-09-23,6.0
OPP-00637,Qualification,2025-09-23,2025-10-15,22.0
OPP-00637,Proof of Concept,2025-10-15,2025-11-05,21.0
OPP-00637,Negotiation,2025-11-05,2025-11-08,3.0
OPP-00638,Discovery,2025-10-29,2025-11-02,4.0
OPP-00638,Qualification,2025-11-02,2025-11-10,8.0
OPP-00638,Proof of Concept,2025-11-10,2025-11-15,5.0
OPP-00638,Negotiation,2025-11-15,2025-11-27,12.0
OPP-00639,Discovery,2025-10-24,2025-10-27,3.0
OPP-00639,Qualification,2025-10-27,2025-11-01,5.0
OPP-00639,Proof of Concept,2025-11-01,2025-11-11,10.0
OPP-00639,Negotiation,2025-11-11,2025-11-27,16.0
OPP-00640,Discovery,2025-10-06,2025-10-10,4.0
OPP-00640,Qualification,2025-10-10,2025-10-20,10.0
OPP-00640,Proof of Concept,2025-10-20,2025-11-02,13.0
OPP-00640,Negotiation,2025-11-02,2025-11-26,24.0
OPP-00641,Discovery,2025-05-26,2025-06-08,13.0
OPP-00641,Qualification,2025-06-08,2025-06-27,19.0
OPP-00641,Proof of Concept,2025-06-27,2025-10-28,123.0
OPP-00641,Negotiation,2025-10-28,2025-11-14,17.0
OPP-00642,Discovery,2025-10-04,2025-10-05,1.0
OPP-00642,Qualification,2025-10-05,2025-10-15,10.0
OPP-00642,Proof of Concept,2025-10-15,2025-11-11,27.0
OPP-00642,Negotiation,2025-11-11,2025-11-26,15.0
OPP-00643,Discovery,2025-08-21,2025-09-01,11.0
OPP-00643,Qualification,2025-09-01,2025-09-08,7.0
OPP-00643,Proof of Concept,2025-09-08,2025-10-29,51.0
OPP-00643,Negotiation,2025-10-29,2025-11-08,10.0
OPP-00644,Discovery,2025-07-24,2025-07-29,5.0
OPP-00644,Qualification,2025-07-29,2025-08-20,22.0
OPP-00644,Proof of Concept,2025-08-20,2025-11-01,73.0
OPP-00644,Negotiation,2025-11-01,2025-11-19,18.0
OPP-00645,Discovery,2025-09-26,2025-10-01,5.0
OPP-00645,Qualification,2025-10-01,2025-10-12,11.0
OPP-00645,Proof of Concept,2025-10-12,2025-11-13,32.0
OPP-00645,Negotiation,2025-11-13,2025-11-21,8.0
OPP-00646,Discovery,2025-10-19,2025-10-25,6.0
OPP-00646,Qualification,2025-10-25,2025-10-26,1.0
OPP-00646,Proof of Concept,2025-10-26,2025-11-01,6.0
OPP-00646,Negotiation,2025-11-01,2025-11-07,6.0
OPP-00647,Discovery,2025-11-10,2025-11-18,8.0
OPP-00647,Qualification,2025-11-18,2025-11-29,11.0
OPP-00647,Proof of Concept,2025-11-29,2025-12-08,9.0
OPP-00647,Negotiation,2025-12-08,2025-12-19,11.0
OPP-00648,Discovery,2025-10-06,2025-10-25,19.0
OPP-00648,Qualification,2025-10-25,2025-11-09,15.0
OPP-00648,Proof of Concept,2025-11-09,2025-12-02,23.0
OPP-00648,Negotiation,2025-12-02,2025-12-21,19.0
OPP-00649,Discovery,2025-11-08,2025-11-11,3.0
OPP-00649,Qualification,2025-11-11,2025-11-29,18.0
OPP-00649,Proof of Concept,2025-11-29,2025-12-04,5.0
OPP-00649,Negotiation,2025-12-04,2025-12-05,1.0
OPP-00650,Discovery,2025-09-15,2025-09-25,10.0
OPP-00650,Qualification,2025-09-25,2025-10-13,18.0
OPP-00650,Proof of Concept,2025-10-13,2025-11-07,25.0
OPP-00650,Negotiation,2025-11-07,2025-12-11,34.0
OPP-00651,Discovery,2025-10-30,2025-11-02,3.0
OPP-00651,Qualification,2025-11-02,2025-11-14,12.0
OPP-00651,Proof of Concept,2025-11-14,2025-12-08,24.0
OPP-00651,Negotiation,2025-12-08,2025-12-15,7.0
OPP-00652,Discovery,2025-11-02,2025-11-15,13.0
OPP-00652,Qualification,2025-11-15,2025-11-20,5.0
OPP-00652,Proof of Concept,2025-11-20,2025-11-25,5.0
OPP-00652,Negotiation,2025-11-25,2025-12-15,20.0
OPP-00653,Discovery,2025-10-08,2025-10-21,13.0
OPP-00653,Qualification,2025-10-21,2025-10-26,5.0
OPP-00653,Proof of Concept,2025-10-26,2025-12-11,46.0
OPP-00653,Negotiation,2025-12-11,2025-12-22,11.0
OPP-00654,Discovery,2025-11-07,2025-11-13,6.0
OPP-00654,Qualification,2025-11-13,2025-12-04,21.0
OPP-00654,Proof of Concept,2025-12-04,2025-12-10,6.0
OPP-00654,Negotiation,2025-12-10,2025-12-19,9.0
OPP-00655,Discovery,2025-11-30,2025-12-04,4.0
OPP-00655,Qualification,2025-12-04,2025-12-09,5.0
OPP-00655,Proof of Concept,2025-12-09,2025-12-20,11.0
OPP-00655,Negotiation,2025-12-20,2025-12-26,6.0
OPP-00656,Discovery,2025-07-28,2025-08-06,9.0
OPP-00656,Qualification,2025-08-06,2025-08-11,5.0
OPP-00656,Proof of Concept,2025-08-11,2025-11-26,107.0
OPP-00656,Negotiation,2025-11-26,2025-12-09,13.0
OPP-00657,Discovery,2025-11-13,2025-11-24,11.0
OPP-00657,Qualification,2025-11-24,2025-12-05,11.0
OPP-00657,Proof of Concept,2025-12-05,2025-12-08,3.0
OPP-00657,Negotiation,2025-12-08,2025-12-26,18.0
OPP-00658,Discovery,2025-08-06,2025-08-10,4.0
OPP-00658,Qualification,2025-08-10,2025-08-18,8.0
OPP-00658,Proof of Concept,2025-08-18,2025-12-03,107.0
OPP-00658,Negotiation,2025-12-03,2025-12-17,14.0
OPP-00659,Discovery,2025-11-04,2025-11-19,15.0
OPP-00659,Qualification,2025-11-19,2025-11-26,7.0
OPP-00659,Proof of Concept,2025-11-26,2025-12-07,11.0
OPP-00659,Negotiation,2025-12-07,2025-12-16,9.0
OPP-00660,Discovery,2025-11-09,2025-11-13,4.0
OPP-00660,Qualification,2025-11-13,2025-12-02,19.0
OPP-00660,Proof of Concept,2025-12-02,2025-12-15,13.0
OPP-00660,Negotiation,2025-12-15,2025-12-16,1.0
OPP-00661,Discovery,2025-10-29,2025-11-11,13.0
OPP-00661,Qualification,2025-11-11,2025-11-22,11.0
OPP-00661,Proof of Concept,2025-11-22,2025-11-27,5.0
OPP-00661,Negotiation,2025-11-27,2025-12-09,12.0
OPP-00662,Discovery,2025-10-24,2025-11-05,12.0
OPP-00662,Qualification,2025-11-05,2025-11-24,19.0
OPP-00662,Proof of Concept,2025-11-24,2025-11-28,4.0
OPP-00662,Negotiation,2025-11-28,2025-12-01,3.0
OPP-00663,Discovery,2025-11-16,2025-11-22,6.0
OPP-00663,Qualification,2025-11-22,2025-11-26,4.0
OPP-00663,Proof of Concept,2025-11-26,2025-11-27,1.0
OPP-00663,Negotiation,2025-11-27,2025-12-01,4.0
OPP-00664,Discovery,2025-10-10,2025-10-21,11.0
OPP-00664,Qualification,2025-10-21,2025-10-27,6.0
OPP-00664,Proof of Concept,2025-10-27,2025-11-01,5.0
OPP-00664,Negotiation,2025-11-01,2025-12-17,46.0
OPP-00665,Discovery,2025-08-02,2025-08-10,8.0
OPP-00665,Qualification,2025-08-10,2025-09-21,42.0
OPP-00665,Proof of Concept,2025-09-21,2025-12-16,86.0
OPP-00665,Negotiation,2025-12-16,2025-12-25,9.0
OPP-00666,Discovery,2025-08-14,2025-08-25,11.0
OPP-00666,Qualification,2025-08-25,2025-09-08,14.0
OPP-00666,Proof of Concept,2025-09-08,2025-10-09,31.0
OPP-00666,Negotiation,2025-10-09,,
OPP-00667,Discovery,2025-09-03,2025-10-02,29.0
OPP-00667,Qualification,2025-10-02,2025-10-09,7.0
OPP-00667,Proof of Concept,2025-10-09,2025-10-18,9.0
OPP-00667,Negotiation,2025-10-18,,
OPP-00668,Discovery,2024-12-13,2024-12-19,6.0
OPP-00668,Qualification,2024-12-19,2025-01-09,21.0
OPP-00668,Proof of Concept,2025-01-09,2025-01-23,14.0
OPP-00668,Negotiation,2025-01-23,,
OPP-00669,Discovery,2024-12-28,2025-01-09,12.0
OPP-00669,Qualification,2025-01-09,2025-01-21,12.0
OPP-00669,Proof of Concept,2025-01-21,2025-01-31,10.0
OPP-00669,Negotiation,2025-01-31,,
OPP-00670,Discovery,2025-06-05,2025-06-14,9.0
OPP-00670,Qualification,2025-06-14,2025-06-20,6.0
OPP-00670,Proof of Concept,2025-06-20,2025-06-27,7.0
OPP-00670,Negotiation,2025-06-27,,
OPP-00671,Discovery,2025-11-16,2025-11-21,5.0
OPP-00671,Qualification,2025-11-21,,
OPP-00672,Discovery,2025-10-04,2025-10-07,3.0
OPP-00672,Qualification,2025-10-07,2025-10-19,12.0
OPP-00672,Proof of Concept,2025-10-19,2025-11-07,19.0
OPP-00672,Negotiation,2025-11-07,,
OPP-00673,Discovery,2025-08-29,2025-09-03,5.0
OPP-00673,Qualification,2025-09-03,2025-09-10,7.0
OPP-00673,Proof of Concept,2025-09-10,2025-09-23,13.0
OPP-00673,Negotiation,2025-09-23,,
OPP-00674,Discovery,2025-01-21,2025-01-25,4.0
OPP-00674,Qualification,2025-01-25,2025-02-03,9.0
OPP-00674,Proof of Concept,2025-02-03,2025-02-10,7.0
OPP-00674,Negotiation,2025-02-10,,
OPP-00675,Discovery,2024-12-23,2024-12-26,3.0
OPP-00675,Qualification,2024-12-26,2025-01-08,13.0
OPP-00675,Proof of Concept,2025-01-08,2025-02-04,27.0
OPP-00675,Negotiation,2025-02-04,,
OPP-00676,Discovery,2025-07-14,2025-07-27,13.0
OPP-00676,Qualification,2025-07-27,2025-08-01,5.0
OPP-00676,Proof of Concept,2025-08-01,2025-08-12,11.0
OPP-00676,Negotiation,2025-08-12,,
OPP-00677,Discovery,2025-08-22,2025-09-01,10.0
OPP-00677,Qualification,2025-09-01,2025-09-11,10.0
OPP-00677,Proof of Concept,2025-09-11,2025-09-25,14.0
OPP-00677,Negotiation,2025-09-25,,
OPP-00678,Discovery,2025-04-07,2025-04-12,5.0
OPP-00678,Qualification,2025-04-12,2025-04-13,1.0
OPP-00678,Proof of Concept,2025-04-13,2025-04-29,16.0
OPP-00678,Negotiation,2025-04-29,,
OPP-00679,Discovery,2025-04-11,2025-04-22,11.0
OPP-00679,Qualification,2025-04-22,2025-05-05,13.0
OPP-00679,Proof of Concept,2025-05-05,2025-06-03,29.0
OPP-00679,Negotiation,2025-06-03,,
OPP-00680,Discovery,2025-05-21,2025-05-22,1.0
OPP-00680,Qualification,2025-05-22,2025-06-08,17.0
OPP-00680,Proof of Concept,2025-06-08,2025-06-19,11.0
OPP-00680,Negotiation,2025-06-19,,
OPP-00681,Discovery,2025-10-29,2025-11-10,12.0
OPP-00681,Qualification,2025-11-10,,
OPP-00682,Discovery,2025-01-31,2025-02-09,9.0
OPP-00682,Qualification,2025-02-09,2025-02-13,4.0
OPP-00682,Proof of Concept,2025-02-13,2025-02-21,8.0
OPP-00682,Negotiation,2025-02-21,,
OPP-00683,Discovery,2025-10-30,2025-11-10,11.0
OPP-00683,Qualification,2025-11-10,2025-11-16,6.0
OPP-00683,Proof of Concept,2025-11-16,,
OPP-00684,Discovery,2025-04-02,2025-04-10,8.0
OPP-00684,Qualification,2025-04-10,2025-04-22,12.0
OPP-00684,Proof of Concept,2025-04-22,2025-04-25,3.0
OPP-00684,Negotiation,2025-04-25,,
OPP-00685,Discovery,2025-01-19,2025-01-30,11.0
OPP-00685,Qualification,2025-01-30,2025-02-06,7.0
OPP-00685,Proof of Concept,2025-02-06,2025-02-22,16.0
OPP-00685,Negotiation,2025-02-22,,
OPP-00686,Discovery,2025-09-20,2025-09-28,8.0
OPP-00686,Qualification,2025-09-28,2025-09-29,1.0
OPP-00686,Proof of Concept,2025-09-29,2025-10-31,32.0
OPP-00686,Negotiation,2025-10-31,,
OPP-00687,Discovery,2025-09-19,2025-09-23,4.0
OPP-00687,Qualification,2025-09-23,2025-10-13,20.0
OPP-00687,Proof of Concept,2025-10-13,2025-10-15,2.0
OPP-00687,Negotiation,2025-10-15,,
OPP-00688,Discovery,2025-03-21,2025-03-24,3.0
OPP-00688,Qualification,2025-03-24,2025-03-29,5.0
OPP-00688,Proof of Concept,2025-03-29,2025-04-14,16.0
OPP-00688,Negotiation,2025-04-14,,
OPP-00689,Discovery,2025-05-02,2025-05-04,2.0
OPP-00689,Qualification,2025-05-04,2025-05-14,10.0
OPP-00689,Proof of Concept,2025-05-14,2025-05-30,16.0
OPP-00689,Negotiation,2025-05-30,,
OPP-00690,Discovery,2025-05-04,2025-05-07,3.0
OPP-00690,Qualification,2025-05-07,2025-05-22,15.0
OPP-00690,Proof of Concept,2025-05-22,2025-08-04,74.0
OPP-00690,Negotiation,2025-08-04,,
OPP-00691,Discovery,2025-01-28,2025-02-07,10.0
OPP-00691,Qualification,2025-02-07,2025-02-17,10.0
OPP-00691,Proof of Concept,2025-02-17,2025-02-26,9.0
OPP-00691,Negotiation,2025-02-26,,
OPP-00692,Discovery,2025-08-08,2025-08-24,16.0
OPP-00692,Qualification,2025-08-24,2025-09-01,8.0
OPP-00692,Proof of Concept,2025-09-01,2025-09-24,23.0
OPP-00692,Negotiation,2025-09-24,,
OPP-00693,Discovery,2025-05-26,2025-05-30,4.0
OPP-00693,Qualification,2025-05-30,2025-06-26,27.0
OPP-00693,Proof of Concept,2025-06-26,2025-07-08,12.0
OPP-00693,Negotiation,2025-07-08,,
OPP-00694,Discovery,2025-04-04,2025-04-11,7.0
OPP-00694,Qualification,2025-04-11,2025-04-13,2.0
OPP-00694,Proof of Concept,2025-04-13,2025-06-19,67.0
OPP-00694,Negotiation,2025-06-19,,
OPP-00695,Discovery,2025-02-09,2025-02-10,1.0
OPP-00695,Qualification,2025-02-10,2025-03-06,24.0
OPP-00695,Proof of Concept,2025-03-06,2025-03-15,9.0
OPP-00695,Negotiation,2025-03-15,,
OPP-00696,Discovery,2025-02-13,2025-02-21,8.0
OPP-00696,Qualification,2025-02-21,2025-02-24,3.0
OPP-00696,Proof of Concept,2025-02-24,2025-03-28,32.0
OPP-00696,Negotiation,2025-03-28,,
OPP-00697,Discovery,2025-03-03,2025-03-09,6.0
OPP-00697,Qualification,2025-03-09,2025-03-28,19.0
OPP-00697,Proof of Concept,2025-03-28,2025-04-09,12.0
OPP-00697,Negotiation,2025-04-09,,
OPP-00698,Discovery,2025-10-08,2025-10-28,20.0
OPP-00698,Qualification,2025-10-28,2025-11-02,5.0
OPP-00698,Proof of Concept,2025-11-02,2025-11-15,13.0
OPP-00698,Negotiation,2025-11-15,,
OPP-00699,Discovery,2025-04-01,2025-05-01,30.0
OPP-00699,Qualification,2025-05-01,2025-05-12,11.0
OPP-00699,Proof of Concept,2025-05-12,2025-08-08,88.0
OPP-00699,Negotiation,2025-08-08,,
OPP-00700,Discovery,2025-03-10,2025-03-20,10.0
OPP-00700,Qualification,2025-03-20,2025-03-22,2.0
OPP-00700,Proof of Concept,2025-03-22,2025-04-11,20.0
OPP-00700,Negotiation,2025-04-11,,
OPP-00701,Discovery,2025-08-23,2025-08-24,1.0
OPP-00701,Qualification,2025-08-24,2025-09-02,9.0
OPP-00701,Proof of Concept,2025-09-02,2025-09-30,28.0
OPP-00701,Negotiation,2025-09-30,,
OPP-00702,Discovery,2025-08-12,2025-08-18,6.0
OPP-00702,Qualification,2025-08-18,2025-08-22,4.0
OPP-00702,Proof of Concept,2025-08-22,,
OPP-00703,Discovery,2025-08-06,2025-08-31,25.0
OPP-00703,Qualification,2025-08-31,2025-09-18,18.0
OPP-00703,Proof of Concept,2025-09-18,2025-10-12,24.0
OPP-00703,Negotiation,2025-10-12,,
OPP-00704,Discovery,2025-05-27,2025-06-02,6.0
OPP-00704,Qualification,2025-06-02,2025-07-08,36.0
OPP-00704,Proof of Concept,2025-07-08,2025-08-25,48.0
OPP-00704,Negotiation,2025-08-25,,
OPP-00705,Discovery,2025-11-04,2025-11-07,3.0
OPP-00705,Qualification,2025-11-07,2025-11-09,2.0
OPP-00705,Proof of Concept,2025-11-09,2025-11-11,2.0
OPP-00705,Negotiation,2025-11-11,,
OPP-00706,Discovery,2025-04-17,2025-05-02,15.0
OPP-00706,Qualification,2025-05-02,2025-05-17,15.0
OPP-00706,Proof of Concept,2025-05-17,2025-06-10,24.0
OPP-00706,Negotiation,2025-06-10,,
OPP-00707,Discovery,2025-08-02,2025-08-07,5.0
OPP-00707,Qualification,2025-08-07,2025-08-23,16.0
OPP-00707,Proof of Concept,2025-08-23,2025-08-24,1.0
OPP-00707,Negotiation,2025-08-24,,
OPP-00708,Discovery,2025-08-11,2025-08-14,3.0
OPP-00708,Qualification,2025-08-14,2025-08-16,2.0
OPP-00708,Proof of Concept,2025-08-16,2025-09-03,18.0
OPP-00708,Negotiation,2025-09-03,,
OPP-00709,Discovery,2025-05-04,2025-05-05,1.0
OPP-00709,Qualification,2025-05-05,2025-05-18,13.0
OPP-00709,Proof of Concept,2025-05-18,2025-06-02,15.0
OPP-00709,Negotiation,2025-06-02,,
OPP-00710,Discovery,2025-10-17,2025-10-22,5.0
OPP-00710,Qualification,2025-10-22,2025-10-24,2.0
OPP-00710,Proof of Concept,2025-10-24,2025-10-28,4.0
OPP-00710,Negotiation,2025-10-28,,
OPP-00711,Discovery,2025-02-06,2025-02-11,5.0
OPP-00711,Qualification,2025-02-11,2025-02-17,6.0
OPP-00711,Proof of Concept,2025-02-17,2025-03-10,21.0
OPP-00711,Negotiation,2025-03-10,,
OPP-00712,Discovery,2024-12-16,2025-01-01,16.0
OPP-00712,Qualification,2025-01-01,2025-02-02,32.0
OPP-00712,Proof of Concept,2025-02-02,2025-03-06,32.0
OPP-00712,Negotiation,2025-03-06,,
OPP-00713,Discovery,2025-03-12,2025-03-18,6.0
OPP-00713,Qualification,2025-03-18,2025-03-30,12.0
OPP-00713,Proof of Concept,2025-03-30,2025-04-25,26.0
OPP-00713,Negotiation,2025-04-25,,
OPP-00714,Discovery,2025-08-23,2025-08-26,3.0
OPP-00714,Qualification,2025-08-26,2025-09-03,8.0
OPP-00714,Proof of Concept,2025-09-03,2025-09-13,10.0
OPP-00714,Negotiation,2025-09-13,,
OPP-00715,Discovery,2025-09-18,2025-10-05,17.0
OPP-00715,Qualification,2025-10-05,2025-10-21,16.0
OPP-00715,Proof of Concept,2025-10-21,2025-11-01,11.0
OPP-00715,Negotiation,2025-11-01,,
OPP-00716,Discovery,2025-03-03,2025-03-27,24.0
OPP-00716,Qualification,2025-03-27,2025-04-11,15.0
OPP-00716,Proof of Concept,2025-04-11,2025-05-10,29.0
OPP-00716,Negotiation,2025-05-10,,
OPP-00717,Discovery,2025-05-13,2025-06-09,27.0
OPP-00717,Qualification,2025-06-09,2025-07-13,34.0
OPP-00717,Proof of Concept,2025-07-13,2025-09-24,73.0
OPP-00717,Negotiation,2025-09-24,,
OPP-00718,Discovery,2025-07-02,2025-07-07,5.0
OPP-00718,Qualification,2025-07-07,2025-07-26,19.0
OPP-00718,Proof of Concept,2025-07-26,2025-08-30,35.0
OPP-00718,Negotiation,2025-08-30,,
OPP-00719,Discovery,2025-02-24,2025-03-03,7.0
OPP-00719,Qualification,2025-03-03,2025-03-13,10.0
OPP-00719,Proof of Concept,2025-03-13,2025-04-27,45.0
OPP-00719,Negotiation,2025-04-27,,
OPP-00720,Discovery,2025-07-01,2025-07-03,2.0
OPP-00720,Qualification,2025-07-03,2025-07-13,10.0
OPP-00720,Proof of Concept,2025-07-13,2025-08-24,42.0
OPP-00720,Negotiation,2025-08-24,,
OPP-00721,Discovery,2025-06-28,2025-06-30,2.0
OPP-00721,Qualification,2025-06-30,2025-07-11,11.0
OPP-00721,Proof of Concept,2025-07-11,2025-07-19,8.0
OPP-00721,Negotiation,2025-07-19,,
OPP-00722,Discovery,2025-09-25,2025-10-13,18.0
OPP-00722,Qualification,2025-10-13,2025-11-07,25.0
OPP-00722,Proof of Concept,2025-11-07,,
OPP-00723,Discovery,2025-02-18,2025-02-23,5.0
OPP-00723,Qualification,2025-02-23,2025-03-09,14.0
OPP-00723,Proof of Concept,2025-03-09,2025-04-01,23.0
OPP-00723,Negotiation,2025-04-01,,
OPP-00724,Discovery,2025-09-21,2025-09-27,6.0
OPP-00724,Qualification,2025-09-27,2025-10-24,27.0
OPP-00724,Proof of Concept,2025-10-24,2025-11-05,12.0
OPP-00724,Negotiation,2025-11-05,,
OPP-00725,Discovery,2025-07-21,2025-07-26,5.0
OPP-00725,Qualification,2025-07-26,2025-08-14,19.0
OPP-00725,Proof of Concept,2025-08-14,2025-08-18,4.0
OPP-00725,Negotiation,2025-08-18,,
OPP-00726,Discovery,2025-09-01,2025-09-02,1.0
OPP-00726,Qualification,2025-09-02,2025-09-27,25.0
OPP-00726,Proof of Concept,2025-09-27,2025-10-14,17.0
OPP-00726,Negotiation,2025-10-14,,
OPP-00727,Discovery,2025-04-12,2025-04-26,14.0
OPP-00727,Qualification,2025-04-26,2025-05-15,19.0
OPP-00727,Proof of Concept,2025-05-15,2025-05-23,8.0
OPP-00727,Negotiation,2025-05-23,,
OPP-00728,Discovery,2025-03-19,2025-04-02,14.0
OPP-00728,Qualification,2025-04-02,2025-04-08,6.0
OPP-00728,Proof of Concept,2025-04-08,2025-04-12,4.0
OPP-00728,Negotiation,2025-04-12,,
OPP-00729,Discovery,2025-08-06,2025-08-09,3.0
OPP-00729,Qualification,2025-08-09,2025-08-14,5.0
OPP-00729,Proof of Concept,2025-08-14,2025-08-23,9.0
OPP-00729,Negotiation,2025-08-23,,
OPP-00730,Discovery,2025-08-08,2025-08-12,4.0
OPP-00730,Qualification,2025-08-12,2025-08-19,7.0
OPP-00730,Proof of Concept,2025-08-19,2025-08-29,10.0
OPP-00730,Negotiation,2025-08-29,,
OPP-00731,Discovery,2025-11-08,2025-11-17,9.0
OPP-00731,Qualification,2025-11-17,,
OPP-00732,Discovery,2025-03-02,2025-03-04,2.0
OPP-00732,Qualification,2025-03-04,2025-03-19,15.0
OPP-00732,Proof of Concept,2025-03-19,2025-03-26,7.0
OPP-00732,Negotiation,2025-03-26,,
OPP-00733,Discovery,2025-11-18,2025-11-23,5.0
OPP-00733,Qualification,2025-11-23,,
OPP-00734,Discovery,2025-08-03,2025-08-21,18.0
OPP-00734,Qualification,2025-08-21,2025-09-01,11.0
OPP-00734,Proof of Concept,2025-09-01,2025-09-10,9.0
OPP-00734,Negotiation,2025-09-10,,
OPP-00735,Discovery,2025-08-13,2025-09-06,24.0
OPP-00735,Qualification,2025-09-06,2025-09-12,6.0
OPP-00735,Proof of Concept,2025-09-12,2025-09-28,16.0
OPP-00735,Negotiation,2025-09-28,,
OPP-00736,Discovery,2025-11-16,2025-11-20,4.0
OPP-00736,Qualification,2025-11-20,,
OPP-00737,Discovery,2025-07-06,2025-07-29,23.0
OPP-00737,Qualification,2025-07-29,2025-08-15,17.0
OPP-00737,Proof of Concept,2025-08-15,2025-10-08,54.0
OPP-00737,Negotiation,2025-10-08,,
OPP-00738,Discovery,2025-02-13,2025-02-16,3.0
OPP-00738,Qualification,2025-02-16,2025-02-17,1.0
OPP-00738,Proof of Concept,2025-02-17,2025-03-26,37.0
OPP-00738,Negotiation,2025-03-26,,
OPP-00739,Discovery,2025-08-09,2025-08-22,13.0
OPP-00739,Qualification,2025-08-22,2025-08-29,7.0
OPP-00739,Proof of Concept,2025-08-29,2025-09-10,12.0
OPP-00739,Negotiation,2025-09-10,,
OPP-00740,Discovery,2025-05-09,2025-05-14,5.0
OPP-00740,Qualification,2025-05-14,2025-05-16,2.0
OPP-00740,Proof of Concept,2025-05-16,2025-05-21,5.0
OPP-00740,Negotiation,2025-05-21,,
OPP-00741,Discovery,2025-08-03,2025-08-15,12.0
OPP-00741,Qualification,2025-08-15,2025-08-23,8.0
OPP-00741,Proof of Concept,2025-08-23,2025-08-30,7.0
OPP-00741,Negotiation,2025-08-30,,
OPP-00742,Discovery,2024-12-12,2025-01-06,25.0
OPP-00742,Qualification,2025-01-06,2025-02-08,33.0
OPP-00742,Proof of Concept,2025-02-08,2025-03-23,43.0
OPP-00742,Negotiation,2025-03-23,,
OPP-00743,Discovery,2025-06-05,2025-06-12,7.0
OPP-00743,Qualification,2025-06-12,2025-06-26,14.0
OPP-00743,Proof of Concept,2025-06-26,2025-08-15,50.0
OPP-00743,Negotiation,2025-08-15,,
OPP-00744,Discovery,2025-11-10,2025-11-12,2.0
OPP-00744,Qualification,2025-11-12,2025-11-18,6.0
OPP-00744,Proof of Concept,2025-11-18,2025-11-23,5.0
OPP-00744,Negotiation,2025-11-23,,
OPP-00745,Discovery,2025-08-25,2025-09-05,11.0
OPP-00745,Qualification,2025-09-05,2025-09-16,11.0
OPP-00745,Proof of Concept,2025-09-16,2025-09-22,6.0
OPP-00745,Negotiation,2025-09-22,,
OPP-00746,Discovery,2025-08-07,2025-08-08,1.0
OPP-00746,Qualification,2025-08-08,2025-08-12,4.0
OPP-00746,Proof of Concept,2025-08-12,2025-09-04,23.0
OPP-00746,Negotiation,2025-09-04,,
OPP-00747,Discovery,2025-04-20,2025-04-25,5.0
OPP-00747,Qualification,2025-04-25,2025-05-02,7.0
OPP-00747,Proof of Concept,2025-05-02,2025-06-11,40.0
OPP-00747,Negotiation,2025-06-11,,
OPP-00748,Discovery,2025-04-27,2025-04-29,2.0
OPP-00748,Qualification,2025-04-29,2025-05-14,15.0
OPP-00748,Proof of Concept,2025-05-14,2025-05-31,17.0
OPP-00748,Negotiation,2025-05-31,,
OPP-00749,Discovery,2025-09-12,2025-09-18,6.0
OPP-00749,Qualification,2025-09-18,2025-09-25,7.0
OPP-00749,Proof of Concept,2025-09-25,2025-10-01,6.0
OPP-00749,Negotiation,2025-10-01,,
OPP-00750,Discovery,2025-10-27,2025-11-13,17.0
OPP-00750,Qualification,2025-11-13,2025-11-20,7.0
OPP-00750,Proof of Concept,2025-11-20,2025-11-23,3.0
OPP-00750,Negotiation,2025-11-23,,
OPP-00751,Discovery,2025-05-27,2025-06-04,8.0
OPP-00751,Qualification,2025-06-04,2025-06-12,8.0
OPP-00751,Proof of Concept,2025-06-12,2025-06-16,4.0
OPP-00751,Negotiation,2025-06-16,,
OPP-00752,Discovery,2025-03-03,2025-03-17,14.0
OPP-00752,Qualification,2025-03-17,2025-03-22,5.0
OPP-00752,Proof of Concept,2025-03-22,2025-03-28,6.0
OPP-00752,Negotiation,2025-03-28,,
OPP-00753,Discovery,2025-08-13,2025-08-18,5.0
OPP-00753,Qualification,2025-08-18,2025-09-11,24.0
OPP-00753,Proof of Concept,2025-09-11,2025-10-19,38.0
OPP-00753,Negotiation,2025-10-19,,
OPP-00754,Discovery,2025-10-11,2025-11-27,47.0
OPP-00754,Qualification,2025-11-27,,
OPP-00755,Discovery,2024-12-21,2024-12-23,2.0
OPP-00755,Qualification,2024-12-23,2025-01-02,10.0
OPP-00755,Proof of Concept,2025-01-02,2025-01-20,18.0
OPP-00755,Negotiation,2025-01-20,,
OPP-00756,Discovery,2025-07-15,2025-07-19,4.0
OPP-00756,Qualification,2025-07-19,2025-08-11,23.0
OPP-00756,Proof of Concept,2025-08-11,2025-08-23,12.0
OPP-00756,Negotiation,2025-08-23,,
OPP-00757,Discovery,2025-10-04,2025-10-15,11.0
OPP-00757,Qualification,2025-10-15,2025-10-17,2.0
OPP-00757,Proof of Concept,2025-10-17,2025-10-25,8.0
OPP-00757,Negotiation,2025-10-25,,
OPP-00758,Discovery,2025-01-21,2025-01-30,9.0
OPP-00758,Qualification,2025-01-30,2025-02-16,17.0
OPP-00758,Proof of Concept,2025-02-16,2025-05-03,76.0
OPP-00758,Negotiation,2025-05-03,,
OPP-00759,Discovery,2025-08-11,2025-08-23,12.0
OPP-00759,Qualification,2025-08-23,2025-09-15,23.0
OPP-00759,Proof of Concept,2025-09-15,2025-10-20,35.0
OPP-00759,Negotiation,2025-10-20,,
OPP-00760,Discovery,2024-12-04,2024-12-11,7.0
OPP-00760,Qualification,2024-12-11,2024-12-17,6.0
OPP-00760,Proof of Concept,2024-12-17,2025-01-12,26.0
OPP-00760,Negotiation,2025-01-12,,
OPP-00761,Discovery,2024-12-30,2025-01-03,4.0
OPP-00761,Qualification,2025-01-03,2025-01-09,6.0
OPP-00761,Proof of Concept,2025-01-09,2025-01-12,3.0
OPP-00761,Negotiation,2025-01-12,,
OPP-00762,Discovery,2025-11-13,2025-11-23,10.0
OPP-00762,Qualification,2025-11-23,,
OPP-00763,Discovery,2025-03-04,2025-03-08,4.0
OPP-00763,Qualification,2025-03-08,2025-03-20,12.0
OPP-00763,Proof of Concept,2025-03-20,2025-04-01,12.0
OPP-00763,Negotiation,2025-04-01,,
OPP-00764,Discovery,2025-10-04,2025-10-08,4.0
OPP-00764,Qualification,2025-10-08,2025-10-10,2.0
OPP-00764,Proof of Concept,2025-10-10,2025-10-31,21.0
OPP-00764,Negotiation,2025-10-31,,
OPP-00765,Discovery,2024-12-14,2024-12-19,5.0
OPP-00765,Qualification,2024-12-19,2025-01-06,18.0
OPP-00765,Proof of Concept,2025-01-06,2025-01-07,1.0
OPP-00765,Negotiation,2025-01-07,,
OPP-00766,Discovery,2025-04-30,2025-05-04,4.0
OPP-00766,Qualification,2025-05-04,2025-05-21,17.0
OPP-00766,Proof of Concept,2025-05-21,2025-06-01,11.0
OPP-00766,Negotiation,2025-06-01,,
OPP-00767,Discovery,2025-01-20,2025-02-11,22.0
OPP-00767,Qualification,2025-02-11,2025-02-15,4.0
OPP-00767,Proof of Concept,2025-02-15,2025-02-18,3.0
OPP-00767,Negotiation,2025-02-18,,
OPP-00768,Discovery,2025-07-08,2025-07-15,7.0
OPP-00768,Qualification,2025-07-15,2025-07-21,6.0
OPP-00768,Proof of Concept,2025-07-21,2025-08-09,19.0
OPP-00768,Negotiation,2025-08-09,,
OPP-00769,Discovery,2025-09-07,2025-09-10,3.0
OPP-00769,Qualification,2025-09-10,2025-09-17,7.0
OPP-00769,Proof of Concept,2025-09-17,2025-10-14,27.0
OPP-00769,Negotiation,2025-10-14,,
OPP-00770,Discovery,2025-05-04,2025-05-05,1.0
OPP-00770,Qualification,2025-05-05,2025-05-13,8.0
OPP-00770,Proof of Concept,2025-05-13,2025-05-18,5.0
OPP-00770,Negotiation,2025-05-18,,
OPP-00771,Discovery,2025-11-21,2025-11-30,9.0
OPP-00771,Qualification,2025-11-30,,
OPP-00772,Discovery,2025-06-18,2025-07-02,14.0
OPP-00772,Qualification,2025-07-02,2025-07-15,13.0
OPP-00772,Proof of Concept,2025-07-15,2025-07-31,16.0
OPP-00772,Negotiation,2025-07-31,,
OPP-00773,Discovery,2025-05-09,2025-05-18,9.0
OPP-00773,Qualification,2025-05-18,2025-06-05,18.0
OPP-00773,Proof of Concept,2025-06-05,2025-07-07,32.0
OPP-00773,Negotiation,2025-07-07,,
OPP-00774,Discovery,2025-03-10,2025-03-19,9.0
OPP-00774,Qualification,2025-03-19,2025-04-22,34.0
OPP-00774,Proof of Concept,2025-04-22,2025-04-29,7.0
OPP-00774,Negotiation,2025-04-29,,
OPP-00775,Discovery,2025-08-08,2025-08-15,7.0
OPP-00775,Qualification,2025-08-15,2025-08-29,14.0
OPP-00775,Proof of Concept,2025-08-29,2025-11-03,66.0
OPP-00775,Negotiation,2025-11-03,,
OPP-00776,Discovery,2025-10-08,2025-10-11,3.0
OPP-00776,Qualification,2025-10-11,2025-10-14,3.0
OPP-00776,Proof of Concept,2025-10-14,2025-11-02,19.0
OPP-00776,Negotiation,2025-11-02,,
OPP-00777,Discovery,2025-01-22,2025-01-24,2.0
OPP-00777,Qualification,2025-01-24,2025-01-30,6.0
OPP-00777,Proof of Concept,2025-01-30,2025-02-05,6.0
OPP-00777,Negotiation,2025-02-05,,
OPP-00778,Discovery,2025-11-08,2025-11-13,5.0
OPP-00778,Qualification,2025-11-13,2025-11-24,11.0
OPP-00778,Proof of Concept,2025-11-24,,
OPP-00779,Discovery,2025-01-06,2025-01-21,15.0
OPP-00779,Qualification,2025-01-21,2025-02-18,28.0
OPP-00779,Proof of Concept,2025-02-18,2025-04-09,50.0
OPP-00779,Negotiation,2025-04-09,,
OPP-00780,Discovery,2025-08-02,2025-08-10,8.0
OPP-00780,Qualification,2025-08-10,2025-08-17,7.0
OPP-00780,Proof of Concept,2025-08-17,2025-08-24,7.0
OPP-00780,Negotiation,2025-08-24,,
OPP-00781,Discovery,2025-08-12,2025-08-18,6.0
OPP-00781,Qualification,2025-08-18,2025-08-20,2.0
OPP-00781,Proof of Concept,2025-08-20,2025-08-27,7.0
OPP-00781,Negotiation,2025-08-27,,
OPP-00782,Discovery,2024-12-25,2025-01-29,35.0
OPP-00782,Qualification,2025-01-29,2025-02-01,3.0
OPP-00782,Proof of Concept,2025-02-01,2025-02-11,10.0
OPP-00782,Negotiation,2025-02-11,,
OPP-00783,Discovery,2025-09-17,2025-09-22,5.0
OPP-00783,Qualification,2025-09-22,2025-10-10,18.0
OPP-00783,Proof of Concept,2025-10-10,2025-10-28,18.0
OPP-00783,Negotiation,2025-10-28,,
OPP-00784,Discovery,2025-10-18,2025-11-02,15.0
OPP-00784,Qualification,2025-11-02,2025-11-14,12.0
OPP-00784,Proof of Concept,2025-11-14,2025-11-20,6.0
OPP-00784,Negotiation,2025-11-20,,
OPP-00785,Discovery,2025-10-21,2025-10-28,7.0
OPP-00785,Qualification,2025-10-28,2025-11-10,13.0
OPP-00785,Proof of Concept,2025-11-10,,
OPP-00786,Discovery,2024-12-02,2024-12-07,5.0
OPP-00786,Qualification,2024-12-07,2024-12-15,8.0
OPP-00786,Proof of Concept,2024-12-15,2024-12-31,16.0
OPP-00786,Negotiation,2024-12-31,,
OPP-00787,Discovery,2024-12-27,2024-12-31,4.0
OPP-00787,Qualification,2024-12-31,2025-01-02,2.0
OPP-00787,Proof of Concept,2025-01-02,2025-01-11,9.0
OPP-00787,Negotiation,2025-01-11,,
OPP-00788,Discovery,2025-02-25,2025-03-02,5.0
OPP-00788,Qualification,2025-03-02,2025-03-03,1.0
OPP-00788,Proof of Concept,2025-03-03,2025-03-10,7.0
OPP-00788,Negotiation,2025-03-10,,
OPP-00789,Discovery,2024-12-14,2024-12-17,3.0
OPP-00789,Qualification,2024-12-17,2024-12-27,10.0
OPP-00789,Proof of Concept,2024-12-27,2024-12-30,3.0
OPP-00789,Negotiation,2024-12-30,,
OPP-00790,Discovery,2024-12-17,2024-12-23,6.0
OPP-00790,Qualification,2024-12-23,2024-12-28,5.0
OPP-00790,Proof of Concept,2024-12-28,2025-01-03,6.0
OPP-00790,Negotiation,2025-01-03,,
OPP-00791,Discovery,2025-05-07,2025-05-16,9.0
OPP-00791,Qualification,2025-05-16,2025-05-21,5.0
OPP-00791,Proof of Concept,2025-05-21,2025-07-25,65.0
OPP-00791,Negotiation,2025-07-25,,
OPP-00792,Discovery,2025-04-11,2025-04-28,17.0
OPP-00792,Qualification,2025-04-28,2025-05-18,20.0
OPP-00792,Proof of Concept,2025-05-18,2025-05-27,9.0
OPP-00792,Negotiation,2025-05-27,,
OPP-00793,Discovery,2025-11-29,,
OPP-00794,Discovery,2025-07-22,2025-08-02,11.0
OPP-00794,Qualification,2025-08-02,2025-08-11,9.0
OPP-00794,Proof of Concept,2025-08-11,2025-08-23,12.0
OPP-00794,Negotiation,2025-08-23,,
OPP-00795,Discovery,2025-03-16,2025-03-17,1.0
OPP-00795,Qualification,2025-03-17,2025-03-27,10.0
OPP-00795,Proof of Concept,2025-03-27,2025-04-23,27.0
OPP-00795,Negotiation,2025-04-23,,
OPP-00796,Discovery,2025-07-28,2025-08-05,8.0
OPP-00796,Qualification,2025-08-05,2025-08-22,17.0
OPP-00796,Proof of Concept,2025-08-22,2025-10-28,67.0
OPP-00796,Negotiation,2025-10-28,,
OPP-00797,Discovery,2025-03-24,2025-04-02,9.0
OPP-00797,Qualification,2025-04-02,2025-04-10,8.0
OPP-00797,Proof of Concept,2025-04-10,2025-04-25,15.0
OPP-00797,Negotiation,2025-04-25,,
OPP-00798,Discovery,2025-04-14,2025-04-20,6.0
OPP-00798,Qualification,2025-04-20,2025-04-26,6.0
OPP-00798,Proof of Concept,2025-04-26,2025-05-07,11.0
OPP-00798,Negotiation,2025-05-07,,
OPP-00799,Discovery,2025-06-11,2025-06-20,9.0
OPP-00799,Qualification,2025-06-20,2025-06-21,1.0
OPP-00799,Proof of Concept,2025-06-21,2025-07-03,12.0
OPP-00799,Negotiation,2025-07-03,,
OPP-00800,Discovery,2025-05-27,2025-06-01,5.0
OPP-00800,Qualification,2025-06-01,2025-06-13,12.0
OPP-00800,Proof of Concept,2025-06-13,2025-06-23,10.0
OPP-00800,Negotiation,2025-06-23,,
OPP-00801,Discovery,2025-02-03,2025-02-08,5.0
OPP-00801,Qualification,2025-02-08,2025-02-18,10.0
OPP-00801,Proof of Concept,2025-02-18,2025-03-01,11.0
OPP-00801,Negotiation,2025-03-01,,
OPP-00802,Discovery,2025-09-15,2025-10-01,16.0
OPP-00802,Qualification,2025-10-01,2025-10-11,10.0
OPP-00802,Proof of Concept,2025-10-11,2025-11-04,24.0
OPP-00802,Negotiation,2025-11-04,,
OPP-00803,Discovery,2025-11-08,2025-11-09,1.0
OPP-00803,Qualification,2025-11-09,2025-11-22,13.0
OPP-00803,Proof of Concept,2025-11-22,,
OPP-00804,Discovery,2025-08-29,2025-08-31,2.0
OPP-00804,Qualification,2025-08-31,2025-09-04,4.0
OPP-00804,Proof of Concept,2025-09-04,2025-09-08,4.0
OPP-00804,Negotiation,2025-09-08,,
OPP-00805,Discovery,2024-12-04,2024-12-12,8.0
OPP-00805,Qualification,2024-12-12,2024-12-27,15.0
OPP-00805,Proof of Concept,2024-12-27,2025-01-17,21.0
OPP-00805,Negotiation,2025-01-17,,
OPP-00806,Discovery,2025-08-29,2025-09-05,7.0
OPP-00806,Qualification,2025-09-05,2025-09-08,3.0
OPP-00806,Proof of Concept,2025-09-08,2025-11-02,55.0
OPP-00806,Negotiation,2025-11-02,,
OPP-00807,Discovery,2024-12-14,2024-12-22,8.0
OPP-00807,Qualification,2024-12-22,2025-01-11,20.0
OPP-00807,Proof of Concept,2025-01-11,2025-02-15,35.0
OPP-00807,Negotiation,2025-02-15,,
OPP-00808,Discovery,2025-07-18,2025-08-02,15.0
OPP-00808,Qualification,2025-08-02,2025-08-08,6.0
OPP-00808,Proof of Concept,2025-08-08,2025-08-15,7.0
OPP-00808,Negotiation,2025-08-15,,
OPP-00809,Discovery,2025-09-22,2025-09-24,2.0
OPP-00809,Qualification,2025-09-24,2025-10-04,10.0
OPP-00809,Proof of Concept,2025-10-04,2025-10-11,7.0
OPP-00809,Negotiation,2025-10-11,,
OPP-00810,Discovery,2025-10-14,2025-10-27,13.0
OPP-00810,Qualification,2025-10-27,2025-10-30,3.0
OPP-00810,Proof of Concept,2025-10-30,,
OPP-00811,Discovery,2025-09-14,2025-09-20,6.0
OPP-00811,Qualification,2025-09-20,2025-09-21,1.0
OPP-00811,Proof of Concept,2025-09-21,2025-09-29,8.0
OPP-00811,Negotiation,2025-09-29,,
OPP-00812,Discovery,2025-04-26,2025-04-30,4.0
OPP-00812,Qualification,2025-04-30,2025-05-11,11.0
OPP-00812,Proof of Concept,2025-05-11,2025-05-20,9.0
OPP-00812,Negotiation,2025-05-20,,
OPP-00813,Discovery,2025-07-07,2025-07-10,3.0
OPP-00813,Qualification,2025-07-10,2025-07-21,11.0
OPP-00813,Proof of Concept,2025-07-21,2025-07-30,9.0
OPP-00813,Negotiation,2025-07-30,,
OPP-00814,Discovery,2025-02-05,2025-02-06,1.0
OPP-00814,Qualification,2025-02-06,2025-02-27,21.0
OPP-00814,Proof of Concept,2025-02-27,2025-03-14,15.0
OPP-00814,Negotiation,2025-03-14,,
OPP-00815,Discovery,2025-10-25,2025-10-30,5.0
OPP-00815,Qualification,2025-10-30,2025-11-07,8.0
OPP-00815,Proof of Concept,2025-11-07,2025-11-17,10.0
OPP-00815,Negotiation,2025-11-17,,
OPP-00816,Discovery,2025-07-05,2025-07-09,4.0
OPP-00816,Qualification,2025-07-09,2025-07-26,17.0
OPP-00817,Discovery,2025-03-21,2025-03-25,4.0
OPP-00817,Qualification,2025-03-25,2025-04-13,19.0
OPP-00818,Discovery,2025-04-08,2025-04-13,5.0
OPP-00818,Qualification,2025-04-13,2025-04-15,2.0
OPP-00819,Discovery,2025-03-27,2025-04-01,5.0
OPP-00819,Qualification,2025-04-01,2025-04-06,5.0
OPP-00819,Proof of Concept,2025-04-06,2025-04-25,19.0
OPP-00820,Discovery,2025-04-11,2025-04-23,12.0
OPP-00820,Qualification,2025-04-23,2025-04-27,4.0
OPP-00821,Discovery,2024-05-25,2024-06-05,11.0
OPP-00821,Qualification,2024-06-05,2024-06-15,10.0
OPP-00821,Proof of Concept,2024-06-15,2024-06-21,6.0
OPP-00822,Discovery,2025-07-22,2025-08-11,20.0
OPP-00823,Discovery,2024-05-05,2024-05-09,4.0
OPP-00823,Qualification,2024-05-09,2024-05-12,3.0
OPP-00823,Proof of Concept,2024-05-12,2024-05-25,13.0
OPP-00824,Discovery,2025-11-30,2025-12-01,1.0
OPP-00824,Qualification,2025-12-01,2025-12-12,11.0
OPP-00824,Proof of Concept,2025-12-12,2025-12-17,5.0
OPP-00825,Discovery,2024-12-09,2024-12-16,7.0
OPP-00825,Qualification,2024-12-16,2024-12-30,14.0
OPP-00825,Proof of Concept,2024-12-30,2025-01-03,4.0
OPP-00825,Negotiation,2025-01-03,2025-01-26,23.0
OPP-00826,Discovery,2024-01-09,2024-01-10,1.0
OPP-00826,Qualification,2024-01-10,2024-01-13,3.0
OPP-00826,Proof of Concept,2024-01-13,2024-01-18,5.0
OPP-00827,Discovery,2025-02-03,2025-02-04,1.0
OPP-00827,Qualification,2025-02-04,2025-02-05,1.0
OPP-00827,Proof of Concept,2025-02-05,2025-02-15,10.0
OPP-00828,Discovery,2024-11-04,2024-11-07,3.0
OPP-00828,Qualification,2024-11-07,2024-11-12,5.0
OPP-00829,Discovery,2025-03-08,2025-03-14,6.0
OPP-00829,Qualification,2025-03-14,2025-03-18,4.0
OPP-00829,Proof of Concept,2025-03-18,2025-03-21,3.0
OPP-00830,Discovery,2024-10-28,2024-11-01,4.0
OPP-00831,Discovery,2025-09-21,2025-09-30,9.0
OPP-00831,Qualification,2025-09-30,2025-10-23,23.0
OPP-00832,Discovery,2024-07-19,2024-08-09,21.0
OPP-00832,Qualification,2024-08-09,2024-08-21,12.0
OPP-00832,Proof of Concept,2024-08-21,2024-09-17,27.0
OPP-00833,Discovery,2025-06-15,2025-06-23,8.0
OPP-00833,Qualification,2025-06-23,2025-06-27,4.0
OPP-00833,Proof of Concept,2025-06-27,2025-07-03,6.0
OPP-00834,Discovery,2024-05-22,2024-05-29,7.0
OPP-00835,Discovery,2024-05-26,2024-06-12,17.0
OPP-00836,Discovery,2024-03-05,2024-03-13,8.0
OPP-00836,Qualification,2024-03-13,2024-03-19,6.0
OPP-00836,Proof of Concept,2024-03-19,2024-04-08,20.0
OPP-00837,Discovery,2025-11-02,2025-11-09,7.0
OPP-00837,Qualification,2025-11-09,2025-11-26,17.0
OPP-00837,Proof of Concept,2025-11-26,2025-11-30,4.0
OPP-00838,Discovery,2024-03-09,2024-03-10,1.0
OPP-00839,Discovery,2024-02-12,2024-02-18,6.0
OPP-00839,Qualification,2024-02-18,2024-03-02,13.0
OPP-00839,Proof of Concept,2024-03-02,2024-03-11,9.0
OPP-00840,Discovery,2024-09-05,2024-09-10,5.0
OPP-00840,Qualification,2024-09-10,2024-09-22,12.0
OPP-00840,Proof of Concept,2024-09-22,2024-10-12,20.0
OPP-00841,Discovery,2025-05-05,2025-05-06,1.0
OPP-00841,Qualification,2025-05-06,2025-06-05,30.0
OPP-00842,Discovery,2025-09-10,2025-09-18,8.0
OPP-00842,Qualification,2025-09-18,2025-10-01,13.0
OPP-00842,Proof of Concept,2025-10-01,2025-10-14,13.0
OPP-00843,Discovery,2025-08-29,2025-09-05,7.0
OPP-00844,Discovery,2023-12-02,2023-12-25,23.0
OPP-00844,Qualification,2023-12-25,2024-01-01,7.0
OPP-00844,Proof of Concept,2024-01-01,2024-01-10,9.0
OPP-00845,Discovery,2025-05-04,2025-05-08,4.0
OPP-00845,Qualification,2025-05-08,2025-05-22,14.0
OPP-00846,Discovery,2025-06-06,2025-06-10,4.0
OPP-00846,Qualification,2025-06-10,2025-07-02,22.0
OPP-00846,Proof of Concept,2025-07-02,2025-07-19,17.0
OPP-00847,Discovery,2025-07-25,2025-08-02,8.0
OPP-00848,Discovery,2024-06-14,2024-06-19,5.0
OPP-00848,Qualification,2024-06-19,2024-06-20,1.0
OPP-00848,Proof of Concept,2024-06-20,2024-07-21,31.0
OPP-00848,Negotiation,2024-07-21,2024-08-12,22.0
OPP-00849,Discovery,2024-09-06,2024-09-20,14.0
OPP-00849,Qualification,2024-09-20,2024-09-28,8.0
OPP-00850,Discovery,2025-11-15,2025-11-26,11.0
OPP-00850,Qualification,2025-11-26,2025-12-27,31.0
OPP-00851,Discovery,2024-10-30,2024-11-03,4.0
OPP-00851,Qualification,2024-11-03,2024-12-07,34.0
OPP-00851,Proof of Concept,2024-12-07,2025-01-19,43.0
OPP-00852,Discovery,2025-01-05,2025-01-10,5.0
OPP-00852,Qualification,2025-01-10,2025-02-04,25.0
OPP-00852,Proof of Concept,2025-02-04,2025-03-12,36.0
OPP-00853,Discovery,2025-01-10,2025-01-20,10.0
OPP-00853,Qualification,2025-01-20,2025-01-27,7.0
OPP-00854,Discovery,2024-12-23,2024-12-26,3.0
OPP-00854,Qualification,2024-12-26,2025-01-01,6.0
OPP-00855,Discovery,2025-09-07,2025-09-24,17.0
OPP-00855,Qualification,2025-09-24,2025-09-28,4.0
OPP-00856,Discovery,2025-08-18,2025-08-20,2.0
OPP-00856,Qualification,2025-08-20,2025-08-28,8.0
OPP-00856,Proof of Concept,2025-08-28,2025-08-30,2.0
OPP-00857,Discovery,2024-02-27,2024-03-06,8.0
OPP-00857,Qualification,2024-03-06,2024-03-12,6.0
OPP-00858,Discovery,2024-12-11,2024-12-19,8.0
OPP-00859,Discovery,2025-02-27,2025-03-04,5.0
OPP-00860,Discovery,2024-11-30,2024-12-15,15.0
OPP-00860,Qualification,2024-12-15,2024-12-26,11.0
OPP-00861,Discovery,2024-11-27,2024-12-04,7.0
OPP-00861,Qualification,2024-12-04,2024-12-07,3.0
OPP-00862,Discovery,2024-12-01,2024-12-04,3.0
OPP-00862,Qualification,2024-12-04,2024-12-26,22.0
OPP-00862,Proof of Concept,2024-12-26,2025-01-04,9.0
OPP-00863,Discovery,2025-08-03,2025-08-04,1.0
OPP-00864,Discovery,2024-10-09,2024-10-24,15.0
OPP-00864,Qualification,2024-10-24,2024-11-04,11.0
OPP-00864,Proof of Concept,2024-11-04,2024-11-11,7.0
OPP-00865,Discovery,2025-03-09,2025-03-11,2.0
OPP-00865,Qualification,2025-03-11,2025-03-21,10.0
OPP-00866,Discovery,2024-03-24,2024-04-03,10.0
OPP-00866,Qualification,2024-04-03,2024-04-07,4.0
OPP-00866,Proof of Concept,2024-04-07,2024-04-23,16.0
OPP-00867,Discovery,2023-11-29,2023-12-01,2.0
OPP-00867,Qualification,2023-12-01,2023-12-04,3.0
OPP-00867,Proof of Concept,2023-12-04,2024-01-03,30.0
OPP-00868,Discovery,2025-08-20,2025-08-31,11.0
OPP-00868,Qualification,2025-08-31,2025-09-16,16.0
OPP-00869,Discovery,2024-08-14,2024-08-31,17.0
OPP-00870,Discovery,2025-12-06,2025-12-07,1.0
OPP-00870,Qualification,2025-12-07,2025-12-08,1.0
OPP-00870,Proof of Concept,2025-12-08,2025-12-18,10.0
OPP-00871,Discovery,2025-07-21,2025-07-26,5.0
OPP-00871,Qualification,2025-07-26,2025-07-31,5.0
OPP-00871,Proof of Concept,2025-07-31,2025-09-18,49.0
OPP-00871,Negotiation,2025-09-18,2025-10-06,18.0
OPP-00872,Discovery,2024-01-31,2024-02-08,8.0
OPP-00872,Qualification,2024-02-08,2024-02-16,8.0
OPP-00873,Discovery,2024-06-14,2024-07-01,17.0
OPP-00874,Discovery,2024-05-26,2024-06-12,17.0
OPP-00874,Qualification,2024-06-12,2024-06-28,16.0
OPP-00875,Discovery,2024-01-08,2024-01-13,5.0
OPP-00875,Qualification,2024-01-13,2024-01-14,1.0
OPP-00876,Discovery,2025-11-13,2025-11-22,9.0
OPP-00877,Discovery,2024-01-08,2024-01-13,5.0
OPP-00877,Qualification,2024-01-13,2024-01-23,10.0
OPP-00877,Proof of Concept,2024-01-23,2024-01-31,8.0
OPP-00878,Discovery,2024-08-09,2024-08-19,10.0
OPP-00879,Discovery,2025-03-23,2025-03-26,3.0
OPP-00879,Qualification,2025-03-26,2025-04-10,15.0
OPP-00880,Discovery,2025-01-29,2025-01-31,2.0
OPP-00880,Qualification,2025-01-31,2025-02-10,10.0
OPP-00880,Proof of Concept,2025-02-10,2025-03-03,21.0
OPP-00881,Discovery,2025-08-10,2025-08-17,7.0
OPP-00882,Discovery,2024-08-29,2024-10-01,33.0
OPP-00882,Qualification,2024-10-01,2024-10-11,10.0
OPP-00882,Proof of Concept,2024-10-11,2025-01-03,84.0
OPP-00883,Discovery,2025-02-16,2025-02-23,7.0
OPP-00884,Discovery,2024-01-07,2024-01-08,1.0
OPP-00885,Discovery,2025-04-26,2025-05-05,9.0
OPP-00885,Qualification,2025-05-05,2025-05-19,14.0
OPP-00886,Discovery,2024-08-27,2024-09-15,19.0
OPP-00886,Qualification,2024-09-15,2024-10-15,30.0
OPP-00886,Proof of Concept,2024-10-15,2024-10-28,13.0
OPP-00886,Negotiation,2024-10-28,2024-10-31,3.0
OPP-00887,Discovery,2024-05-20,2024-05-23,3.0
OPP-00887,Qualification,2024-05-23,2024-05-27,4.0
OPP-00888,Discovery,2024-09-22,2024-09-26,4.0
OPP-00888,Qualification,2024-09-26,2024-10-02,6.0
OPP-00889,Discovery,2025-07-04,2025-07-18,14.0
OPP-00889,Qualification,2025-07-18,2025-07-27,9.0
OPP-00889,Proof of Concept,2025-07-27,2025-10-25,90.0
OPP-00889,Negotiation,2025-10-25,2025-11-26,32.0
OPP-00890,Discovery,2025-12-09,2025-12-12,3.0
OPP-00890,Qualification,2025-12-12,2025-12-17,5.0
OPP-00891,Discovery,2024-04-06,2024-04-08,2.0
OPP-00891,Qualification,2024-04-08,2024-04-16,8.0
OPP-00891,Proof of Concept,2024-04-16,2024-05-02,16.0
OPP-00891,Negotiation,2024-05-02,2024-05-06,4.0
OPP-00892,Discovery,2025-07-04,2025-07-22,18.0
OPP-00892,Qualification,2025-07-22,2025-08-02,11.0
OPP-00892,Proof of Concept,2025-08-02,2025-10-06,65.0
OPP-00893,Discovery,2025-10-01,2025-10-25,24.0
OPP-00893,Qualification,2025-10-25,2025-10-28,3.0
OPP-00894,Discovery,2025-01-01,2025-01-03,2.0
OPP-00894,Qualification,2025-01-03,2025-01-11,8.0
OPP-00894,Proof of Concept,2025-01-11,2025-02-10,30.0
OPP-00895,Discovery,2024-05-29,2024-06-08,10.0
OPP-00895,Qualification,2024-06-08,2024-06-17,9.0
OPP-00895,Proof of Concept,2024-06-17,2024-06-26,9.0
OPP-00895,Negotiation,2024-06-26,2024-06-27,1.0
OPP-00896,Renewal Discussion,2023-11-20,2023-12-03,13.0
OPP-00896,Negotiation,2023-12-03,2024-01-19,47.0
OPP-00897,Renewal Discussion,2024-11-20,2024-12-23,33.0
OPP-00897,Negotiation,2024-12-23,2025-01-19,27.0
OPP-00898,Renewal Discussion,2023-11-24,2023-12-16,22.0
OPP-00898,Negotiation,2023-12-16,2024-01-23,38.0
OPP-00899,Renewal Discussion,2023-11-13,2024-01-01,49.0
OPP-00899,Negotiation,2024-01-01,2024-01-12,11.0
OPP-00900,Renewal Discussion,2024-11-13,2024-12-30,47.0
OPP-00900,Negotiation,2024-12-30,2025-01-12,13.0
OPP-00901,Renewal Discussion,2023-11-06,2023-11-23,17.0
OPP-00901,Negotiation,2023-11-23,2024-01-05,43.0
OPP-00902,Renewal Discussion,2024-11-06,2024-12-05,29.0
OPP-00902,Negotiation,2024-12-05,2025-01-05,31.0
OPP-00903,Renewal Discussion,2023-11-07,2023-12-07,30.0
OPP-00903,Negotiation,2023-12-07,2024-01-06,30.0
OPP-00904,Renewal Discussion,2024-11-07,2024-11-28,21.0
OPP-00904,Negotiation,2024-11-28,2025-01-06,39.0
OPP-00905,Renewal Discussion,2023-11-05,2023-11-19,14.0
OPP-00905,Negotiation,2023-11-19,2024-01-04,46.0
OPP-00906,Renewal Discussion,2024-11-05,2024-11-24,19.0
OPP-00906,Negotiation,2024-11-24,2025-01-04,41.0
OPP-00907,Renewal Discussion,2023-11-09,2024-02-04,87.0
OPP-00907,Negotiation,2024-02-04,2024-01-08,-27.0
OPP-00908,Renewal Discussion,2024-11-09,2024-12-04,25.0
OPP-00908,Negotiation,2024-12-04,2025-01-08,35.0
OPP-00909,Renewal Discussion,2023-11-23,2023-12-20,27.0
OPP-00909,Negotiation,2023-12-20,2024-01-22,33.0
OPP-00910,Renewal Discussion,2024-11-23,2025-01-08,46.0
OPP-00910,Negotiation,2025-01-08,2025-01-22,14.0
OPP-00911,Renewal Discussion,2023-11-05,2023-12-12,37.0
OPP-00911,Negotiation,2023-12-12,2024-01-04,23.0
OPP-00912,Renewal Discussion,2023-11-17,2024-01-17,61.0
OPP-00912,Negotiation,2024-01-17,2024-01-16,-1.0
OPP-00913,Renewal Discussion,2023-11-13,2023-12-14,31.0
OPP-00913,Negotiation,2023-12-14,2024-01-12,29.0
OPP-00914,Renewal Discussion,2024-11-13,2024-11-28,15.0
OPP-00914,Negotiation,2024-11-28,2025-01-12,45.0
OPP-00915,Renewal Discussion,2023-11-25,2024-01-30,66.0
OPP-00915,Negotiation,2024-01-30,2024-01-24,-6.0
OPP-00916,Renewal Discussion,2024-11-25,2024-12-07,12.0
OPP-00916,Negotiation,2024-12-07,2025-01-24,48.0
OPP-00917,Renewal Discussion,2023-11-19,2023-11-27,8.0
OPP-00917,Negotiation,2023-11-27,2024-01-18,52.0
OPP-00918,Renewal Discussion,2024-11-19,2024-12-31,42.0
OPP-00918,Negotiation,2024-12-31,2025-01-18,18.0
OPP-00919,Renewal Discussion,2023-11-22,2023-12-08,16.0
OPP-00919,Negotiation,2023-12-08,2024-01-21,44.0
OPP-00920,Renewal Discussion,2024-11-22,2025-01-09,48.0
OPP-00920,Negotiation,2025-01-09,2025-01-21,12.0
OPP-00921,Renewal Discussion,2023-11-20,2024-01-23,64.0
OPP-00921,Negotiation,2024-01-23,2024-01-19,-4.0
OPP-00922,Renewal Discussion,2024-11-20,2025-01-13,54.0
OPP-00922,Negotiation,2025-01-13,2025-01-19,6.0
OPP-00923,Renewal Discussion,2023-11-27,2023-12-24,27.0
OPP-00923,Negotiation,2023-12-24,2024-01-26,33.0
OPP-00924,Renewal Discussion,2024-11-27,2025-01-11,45.0
OPP-00924,Negotiation,2025-01-11,2025-01-26,15.0
OPP-00925,Renewal Discussion,2023-12-10,2024-01-05,26.0
OPP-00925,Negotiation,2024-01-05,2024-02-08,34.0
OPP-00926,Renewal Discussion,2024-12-10,2024-12-21,11.0
OPP-00926,Negotiation,2024-12-21,2025-02-08,49.0
OPP-00927,Renewal Discussion,2023-12-05,2023-12-17,12.0
OPP-00927,Negotiation,2023-12-17,2024-02-03,48.0
OPP-00928,Renewal Discussion,2023-12-18,2024-03-01,74.0
OPP-00928,Negotiation,2024-03-01,2024-02-16,-14.0
OPP-00929,Renewal Discussion,2024-12-18,2025-01-02,15.0
OPP-00929,Negotiation,2025-01-02,2025-02-16,45.0
OPP-00930,Renewal Discussion,2023-12-11,2024-02-13,64.0
OPP-00930,Negotiation,2024-02-13,2024-02-09,-4.0
OPP-00931,Renewal Discussion,2024-12-11,2025-01-13,33.0
OPP-00931,Negotiation,2025-01-13,2025-02-09,27.0
OPP-00932,Renewal Discussion,2024-01-01,2024-01-15,14.0
OPP-00933,Renewal Discussion,2023-12-24,2024-01-30,37.0
OPP-00933,Negotiation,2024-01-30,2024-02-22,23.0
OPP-00934,Renewal Discussion,2024-12-24,2025-01-18,25.0
OPP-00934,Negotiation,2025-01-18,2025-02-22,35.0
OPP-00935,Renewal Discussion,2023-12-03,2023-12-13,10.0
OPP-00935,Negotiation,2023-12-13,2024-02-01,50.0
OPP-00936,Renewal Discussion,2023-12-21,2024-02-20,61.0
OPP-00936,Negotiation,2024-02-20,2024-02-19,-1.0
OPP-00937,Renewal Discussion,2024-12-21,2025-01-03,13.0
OPP-00937,Negotiation,2025-01-03,2025-02-19,47.0
OPP-00938,Renewal Discussion,2023-12-11,2024-01-18,38.0
OPP-00938,Negotiation,2024-01-18,2024-02-09,22.0
OPP-00939,Renewal Discussion,2024-12-11,2025-01-05,25.0
OPP-00939,Negotiation,2025-01-05,2025-02-09,35.0
OPP-00940,Renewal Discussion,2023-12-17,2024-01-28,42.0
OPP-00940,Negotiation,2024-01-28,2024-02-15,18.0
OPP-00941,Renewal Discussion,2024-12-17,2025-01-22,36.0
OPP-00941,Negotiation,2025-01-22,2025-02-15,24.0
OPP-00942,Renewal Discussion,2023-12-20,2024-01-12,23.0
OPP-00942,Negotiation,2024-01-12,2024-02-18,37.0
OPP-00943,Renewal Discussion,2024-12-20,2025-01-17,28.0
OPP-00943,Negotiation,2025-01-17,2025-02-18,32.0
OPP-00944,Renewal Discussion,2023-12-09,2024-01-03,25.0
OPP-00944,Negotiation,2024-01-03,2024-02-07,35.0
OPP-00945,Renewal Discussion,2024-12-09,2025-01-16,38.0
OPP-00945,Negotiation,2025-01-16,2025-02-07,22.0
OPP-00946,Renewal Discussion,2023-12-07,2023-12-27,20.0
OPP-00946,Negotiation,2023-12-27,2024-02-05,40.0
OPP-00947,Renewal Discussion,2024-12-07,2024-12-29,22.0
OPP-00947,Negotiation,2024-12-29,2025-02-05,38.0
OPP-00948,Renewal Discussion,2023-12-23,2024-01-16,24.0
OPP-00948,Negotiation,2024-01-16,2024-02-21,36.0
OPP-00949,Renewal Discussion,2024-12-23,2025-01-23,31.0
OPP-00949,Negotiation,2025-01-23,2025-02-21,29.0
OPP-00950,Renewal Discussion,2023-12-12,2023-12-21,9.0
OPP-00950,Negotiation,2023-12-21,2024-02-10,51.0
OPP-00951,Renewal Discussion,2024-11-02,2025-01-15,74.0
OPP-00952,Renewal Discussion,2024-01-27,2024-02-16,20.0
OPP-00952,Negotiation,2024-02-16,2024-03-27,40.0
OPP-00953,Renewal Discussion,2025-01-26,2025-02-12,17.0
OPP-00953,Negotiation,2025-02-12,2025-03-27,43.0
OPP-00954,Renewal Discussion,2024-01-06,2024-01-20,14.0
OPP-00954,Negotiation,2024-01-20,2024-03-06,46.0
OPP-00955,Renewal Discussion,2025-01-05,2025-02-01,27.0
OPP-00955,Negotiation,2025-02-01,2025-03-06,33.0
OPP-00956,Renewal Discussion,2024-01-16,2024-02-06,21.0
OPP-00956,Negotiation,2024-02-06,2024-03-16,39.0
OPP-00957,Renewal Discussion,2025-01-15,2025-02-09,25.0
OPP-00957,Negotiation,2025-02-09,2025-03-16,35.0
OPP-00958,Renewal Discussion,2024-01-26,2024-02-18,23.0
OPP-00958,Negotiation,2024-02-18,2024-03-26,37.0
OPP-00959,Renewal Discussion,2025-01-25,2025-03-16,50.0
OPP-00959,Negotiation,2025-03-16,2025-03-26,10.0
OPP-00960,Renewal Discussion,2024-01-23,2024-04-27,95.0
OPP-00960,Negotiation,2024-04-27,2024-03-23,-35.0
OPP-00961,Renewal Discussion,2025-01-22,2025-03-02,39.0
OPP-00961,Negotiation,2025-03-02,2025-03-23,21.0
OPP-00962,Renewal Discussion,2024-01-26,2024-02-05,10.0
OPP-00962,Negotiation,2024-02-05,2024-03-26,50.0
OPP-00963,Renewal Discussion,2025-01-25,2025-03-15,49.0
OPP-00963,Negotiation,2025-03-15,2025-03-26,11.0
OPP-00964,Renewal Discussion,2024-01-08,2024-02-19,42.0
OPP-00964,Negotiation,2024-02-19,2024-03-08,18.0
OPP-00965,Renewal Discussion,2025-01-07,2025-01-12,5.0
OPP-00965,Negotiation,2025-01-12,2025-03-08,55.0
OPP-00966,Renewal Discussion,2024-01-24,2024-02-05,12.0
OPP-00966,Negotiation,2024-02-05,2024-03-24,48.0
OPP-00967,Renewal Discussion,2025-01-23,2025-03-01,37.0
OPP-00967,Negotiation,2025-03-01,2025-03-24,23.0
OPP-00968,Renewal Discussion,2024-01-26,2024-02-09,14.0
OPP-00968,Negotiation,2024-02-09,2024-03-26,46.0
OPP-00969,Renewal Discussion,2025-01-25,2025-02-19,25.0
OPP-00969,Negotiation,2025-02-19,2025-03-26,35.0
OPP-00970,Renewal Discussion,2024-01-23,2024-04-08,76.0
OPP-00970,Negotiation,2024-04-08,2024-03-23,-16.0
OPP-00971,Renewal Discussion,2024-01-09,2024-02-09,31.0
OPP-00971,Negotiation,2024-02-09,2024-03-09,29.0
OPP-00972,Renewal Discussion,2025-01-08,2025-01-23,15.0
OPP-00972,Negotiation,2025-01-23,2025-03-09,45.0
OPP-00973,Renewal Discussion,2024-01-05,2024-02-22,48.0
OPP-00973,Negotiation,2024-02-22,2024-03-05,12.0
OPP-00974,Renewal Discussion,2025-01-04,2025-02-15,42.0
OPP-00974,Negotiation,2025-02-15,2025-03-05,18.0
OPP-00975,Renewal Discussion,2024-01-12,2024-02-18,37.0
OPP-00975,Negotiation,2024-02-18,2024-03-12,23.0
OPP-00976,Renewal Discussion,2025-01-11,2025-02-10,30.0
OPP-00976,Negotiation,2025-02-10,2025-03-12,30.0
OPP-00977,Renewal Discussion,2024-01-24,2024-04-03,70.0
OPP-00977,Negotiation,2024-04-03,2024-03-24,-10.0
OPP-00978,Renewal Discussion,2025-01-23,2025-01-31,8.0
OPP-00978,Negotiation,2025-01-31,2025-03-24,52.0
OPP-00979,Renewal Discussion,2024-01-18,2024-03-02,44.0
OPP-00979,Negotiation,2024-03-02,2024-03-18,16.0
OPP-00980,Renewal Discussion,2025-01-17,2025-02-18,32.0
OPP-00980,Negotiation,2025-02-18,2025-03-18,28.0
OPP-00981,Renewal Discussion,2024-01-22,2024-02-23,32.0
OPP-00981,Negotiation,2024-02-23,2024-03-22,28.0
OPP-00982,Renewal Discussion,2025-01-21,2025-03-08,46.0
OPP-00982,Negotiation,2025-03-08,2025-03-22,14.0
OPP-00983,Renewal Discussion,2024-01-22,2024-04-10,79.0
OPP-00983,Negotiation,2024-04-10,2024-03-22,-19.0
OPP-00984,Renewal Discussion,2025-01-21,2025-03-08,46.0
OPP-00984,Negotiation,2025-03-08,2025-03-22,14.0
OPP-00985,Renewal Discussion,2024-02-12,2024-03-28,45.0
OPP-00985,Negotiation,2024-03-28,2024-04-12,15.0
OPP-00986,Renewal Discussion,2025-02-11,2025-02-23,12.0
OPP-00986,Negotiation,2025-02-23,2025-04-12,48.0
OPP-00987,Renewal Discussion,2024-02-05,2024-02-23,18.0
OPP-00987,Negotiation,2024-02-23,2024-04-05,42.0
OPP-00988,Renewal Discussion,2024-02-09,2024-03-17,37.0
OPP-00988,Negotiation,2024-03-17,2024-04-09,23.0
OPP-00989,Renewal Discussion,2025-02-08,2025-04-04,55.0
OPP-00989,Negotiation,2025-04-04,2025-04-09,5.0
OPP-00990,Renewal Discussion,2024-02-21,2024-03-03,11.0
OPP-00990,Negotiation,2024-03-03,2024-04-21,49.0
OPP-00991,Renewal Discussion,2025-02-20,2025-03-30,38.0
OPP-00991,Negotiation,2025-03-30,2025-04-21,22.0
OPP-00992,Renewal Discussion,2024-02-24,2024-03-22,27.0
OPP-00992,Negotiation,2024-03-22,2024-04-24,33.0
OPP-00993,Renewal Discussion,2025-02-23,2025-03-05,10.0
OPP-00993,Negotiation,2025-03-05,2025-04-24,50.0
OPP-00994,Renewal Discussion,2024-02-22,2024-02-24,2.0
OPP-00994,Negotiation,2024-02-24,2024-04-22,58.0
OPP-00995,Renewal Discussion,2025-02-21,2025-02-24,3.0
OPP-00995,Negotiation,2025-02-24,2025-04-22,57.0
OPP-00996,Renewal Discussion,2024-02-15,2024-03-02,16.0
OPP-00996,Negotiation,2024-03-02,2024-04-15,44.0
OPP-00997,Renewal Discussion,2025-02-14,2025-02-26,12.0
OPP-00997,Negotiation,2025-02-26,2025-04-15,48.0
OPP-00998,Renewal Discussion,2024-02-15,2024-03-03,17.0
OPP-00998,Negotiation,2024-03-03,2024-04-15,43.0
OPP-00999,Renewal Discussion,2025-02-14,2025-02-20,6.0
OPP-00999,Negotiation,2025-02-20,2025-04-15,54.0
OPP-01000,Renewal Discussion,2024-02-23,2024-05-04,71.0
OPP-01000,Negotiation,2024-05-04,2024-04-23,-11.0
OPP-01001,Renewal Discussion,2025-02-22,2025-03-10,16.0
OPP-01001,Negotiation,2025-03-10,2025-04-23,44.0
OPP-01002,Renewal Discussion,2024-02-21,2024-03-27,35.0
OPP-01002,Negotiation,2024-03-27,2024-04-21,25.0
OPP-01003,Renewal Discussion,2025-02-20,2025-04-28,67.0
OPP-01003,Negotiation,2025-04-28,2025-04-21,-7.0
OPP-01004,Renewal Discussion,2024-02-22,2024-03-06,13.0
OPP-01004,Negotiation,2024-03-06,2024-04-22,47.0
OPP-01005,Renewal Discussion,2025-02-21,2025-03-27,34.0
OPP-01005,Negotiation,2025-03-27,2025-04-22,26.0
OPP-01006,Renewal Discussion,2024-02-12,2024-02-28,16.0
OPP-01006,Negotiation,2024-02-28,2024-04-12,44.0
OPP-01007,Renewal Discussion,2025-02-11,2025-02-19,8.0
OPP-01007,Negotiation,2025-02-19,2025-04-12,52.0
OPP-01008,Renewal Discussion,2024-02-04,2024-03-01,26.0
OPP-01008,Negotiation,2024-03-01,2024-04-04,34.0
OPP-01009,Renewal Discussion,2025-02-03,2025-02-26,23.0
OPP-01009,Negotiation,2025-02-26,2025-04-04,37.0
OPP-01010,Renewal Discussion,2024-02-12,2024-02-20,8.0
OPP-01010,Negotiation,2024-02-20,2024-04-12,52.0
OPP-01011,Renewal Discussion,2025-02-11,2025-03-27,44.0
OPP-01011,Negotiation,2025-03-27,2025-04-12,16.0
OPP-01012,Renewal Discussion,2024-02-02,2024-02-24,22.0
OPP-01012,Negotiation,2024-02-24,2024-04-02,38.0
OPP-01013,Renewal Discussion,2025-02-01,2025-02-22,21.0
OPP-01013,Negotiation,2025-02-22,2025-04-02,39.0
OPP-01014,Renewal Discussion,2024-02-18,2024-03-28,39.0
OPP-01014,Negotiation,2024-03-28,2024-04-18,21.0
OPP-01015,Renewal Discussion,2025-02-17,2025-03-13,24.0
OPP-01015,Negotiation,2025-03-13,2025-04-18,36.0
OPP-01016,Renewal Discussion,2024-02-13,2024-02-25,12.0
OPP-01016,Negotiation,2024-02-25,2024-04-13,48.0
OPP-01017,Renewal Discussion,2025-02-12,2025-02-18,6.0
OPP-01017,Negotiation,2025-02-18,2025-04-13,54.0
OPP-01018,Renewal Discussion,2024-03-02,2024-03-31,29.0
OPP-01018,Negotiation,2024-03-31,2024-05-01,31.0
OPP-01019,Renewal Discussion,2025-03-02,2025-03-31,29.0
OPP-01019,Negotiation,2025-03-31,2025-05-01,31.0
OPP-01020,Renewal Discussion,2024-03-09,2024-03-30,21.0
OPP-01020,Negotiation,2024-03-30,2024-05-08,39.0
OPP-01021,Renewal Discussion,2025-03-09,2025-03-24,15.0
OPP-01021,Negotiation,2025-03-24,2025-05-08,45.0
OPP-01022,Renewal Discussion,2024-03-20,2024-06-14,86.0
OPP-01022,Negotiation,2024-06-14,2024-05-19,-26.0
OPP-01023,Renewal Discussion,2024-03-07,2024-03-18,11.0
OPP-01023,Negotiation,2024-03-18,2024-05-06,49.0
OPP-01024,Renewal Discussion,2024-03-03,2024-04-25,53.0
OPP-01024,Negotiation,2024-04-25,2024-05-02,7.0
OPP-01025,Renewal Discussion,2025-03-03,2025-03-23,20.0
OPP-01025,Negotiation,2025-03-23,2025-05-02,40.0
OPP-01026,Renewal Discussion,2024-03-04,2024-05-12,69.0
OPP-01026,Negotiation,2024-05-12,2024-05-03,-9.0
OPP-01027,Renewal Discussion,2025-03-04,2025-04-23,50.0
OPP-01027,Negotiation,2025-04-23,2025-05-03,10.0
OPP-01028,Renewal Discussion,2024-03-25,2024-04-01,7.0
OPP-01028,Negotiation,2024-04-01,2024-05-24,53.0
OPP-01029,Renewal Discussion,2025-03-25,2025-04-22,28.0
OPP-01029,Negotiation,2025-04-22,2025-05-24,32.0
OPP-01030,Renewal Discussion,2024-03-20,2024-04-19,30.0
OPP-01030,Negotiation,2024-04-19,2024-05-19,30.0
OPP-01031,Renewal Discussion,2025-03-20,2025-05-07,48.0
OPP-01031,Negotiation,2025-05-07,2025-05-19,12.0
OPP-01032,Renewal Discussion,2024-03-26,2024-04-10,15.0
OPP-01032,Negotiation,2024-04-10,2024-05-25,45.0
OPP-01033,Renewal Discussion,2025-03-26,2025-04-10,15.0
OPP-01033,Negotiation,2025-04-10,2025-05-25,45.0
OPP-01034,Renewal Discussion,2024-03-13,2024-06-23,102.0
OPP-01034,Negotiation,2024-06-23,2024-05-12,-42.0
OPP-01035,Renewal Discussion,2025-03-13,2025-04-21,39.0
OPP-01035,Negotiation,2025-04-21,2025-05-12,21.0
OPP-01036,Renewal Discussion,2024-03-27,2024-05-05,39.0
OPP-01036,Negotiation,2024-05-05,2024-05-26,21.0
OPP-01037,Renewal Discussion,2025-03-27,2025-04-18,22.0
OPP-01037,Negotiation,2025-04-18,2025-05-26,38.0
OPP-01038,Renewal Discussion,2024-03-18,2024-03-27,9.0
OPP-01038,Negotiation,2024-03-27,2024-05-17,51.0
OPP-01039,Renewal Discussion,2025-03-18,2025-04-13,26.0
OPP-01039,Negotiation,2025-04-13,2025-05-17,34.0
OPP-01040,Renewal Discussion,2024-03-11,2024-05-15,65.0
OPP-01040,Negotiation,2024-05-15,2024-05-10,-5.0
OPP-01041,Renewal Discussion,2025-03-11,2025-04-26,46.0
OPP-01041,Negotiation,2025-04-26,2025-05-10,14.0
OPP-01042,Renewal Discussion,2024-03-21,2024-04-07,17.0
OPP-01042,Negotiation,2024-04-07,2024-05-20,43.0
OPP-01043,Renewal Discussion,2025-03-21,2025-04-01,11.0
OPP-01043,Negotiation,2025-04-01,2025-05-20,49.0
OPP-01044,Renewal Discussion,2024-03-25,2024-04-07,13.0
OPP-01044,Negotiation,2024-04-07,2024-05-24,47.0
OPP-01045,Renewal Discussion,2025-03-25,2025-04-08,14.0
OPP-01045,Negotiation,2025-04-08,2025-05-24,46.0
OPP-01046,Renewal Discussion,2024-03-15,2024-04-20,36.0
OPP-01046,Negotiation,2024-04-20,2024-05-14,24.0
OPP-01047,Renewal Discussion,2025-03-15,2025-04-01,17.0
OPP-01047,Negotiation,2025-04-01,2025-05-14,43.0
OPP-01048,Renewal Discussion,2024-04-21,2024-06-05,45.0
OPP-01048,Negotiation,2024-06-05,2024-06-20,15.0
OPP-01049,Renewal Discussion,2025-04-21,2025-06-22,62.0
OPP-01049,Negotiation,2025-06-22,2025-06-20,-2.0
OPP-01050,Renewal Discussion,2024-04-24,2024-06-12,49.0
OPP-01050,Negotiation,2024-06-12,2024-06-23,11.0
OPP-01051,Renewal Discussion,2025-04-24,2025-05-17,23.0
OPP-01051,Negotiation,2025-05-17,2025-06-23,37.0
OPP-01052,Renewal Discussion,2024-04-24,2024-06-02,39.0
OPP-01052,Negotiation,2024-06-02,2024-06-23,21.0
OPP-01053,Renewal Discussion,2024-04-26,2024-05-16,20.0
OPP-01053,Negotiation,2024-05-16,2024-06-25,40.0
OPP-01054,Renewal Discussion,2025-04-26,2025-05-05,9.0
OPP-01054,Negotiation,2025-05-05,2025-06-25,51.0
OPP-01055,Renewal Discussion,2024-04-21,2024-04-28,7.0
OPP-01055,Negotiation,2024-04-28,2024-06-20,53.0
OPP-01056,Renewal Discussion,2025-04-21,2025-05-01,10.0
OPP-01056,Negotiation,2025-05-01,2025-06-20,50.0
OPP-01057,Renewal Discussion,2024-04-19,2024-04-20,1.0
OPP-01057,Negotiation,2024-04-20,2024-06-18,59.0
OPP-01058,Renewal Discussion,2025-04-19,2025-05-24,35.0
OPP-01058,Negotiation,2025-05-24,2025-06-18,25.0
OPP-01059,Renewal Discussion,2024-04-25,2024-05-08,13.0
OPP-01059,Negotiation,2024-05-08,2024-06-24,47.0
OPP-01060,Renewal Discussion,2025-04-25,2025-05-16,21.0
OPP-01060,Negotiation,2025-05-16,2025-06-24,39.0
OPP-01061,Renewal Discussion,2024-04-24,2024-05-16,22.0
OPP-01061,Negotiation,2024-05-16,2024-06-23,38.0
OPP-01062,Renewal Discussion,2025-04-24,2025-05-20,26.0
OPP-01062,Negotiation,2025-05-20,2025-06-23,34.0
OPP-01063,Renewal Discussion,2024-04-06,2024-05-16,40.0
OPP-01063,Negotiation,2024-05-16,2024-06-05,20.0
OPP-01064,Renewal Discussion,2025-04-06,2025-04-21,15.0
OPP-01064,Negotiation,2025-04-21,2025-06-05,45.0
OPP-01065,Renewal Discussion,2024-04-13,2024-06-01,49.0
OPP-01065,Negotiation,2024-06-01,2024-06-12,11.0
OPP-01066,Renewal Discussion,2025-04-07,2025-05-15,38.0
OPP-01067,Renewal Discussion,2024-04-19,2024-05-17,28.0
OPP-01067,Negotiation,2024-05-17,2024-06-18,32.0
OPP-01068,Renewal Discussion,2025-04-19,2025-04-30,11.0
OPP-01068,Negotiation,2025-04-30,2025-06-18,49.0
OPP-01069,Renewal Discussion,2024-04-15,2024-04-20,5.0
OPP-01069,Negotiation,2024-04-20,2024-06-14,55.0
OPP-01070,Renewal Discussion,2025-04-15,2025-04-28,13.0
OPP-01070,Negotiation,2025-04-28,2025-06-14,47.0
OPP-01071,Renewal Discussion,2024-04-21,2024-05-13,22.0
OPP-01071,Negotiation,2024-05-13,2024-06-20,38.0
OPP-01072,Renewal Discussion,2025-04-21,2025-05-04,13.0
OPP-01072,Negotiation,2025-05-04,2025-06-20,47.0
OPP-01073,Renewal Discussion,2024-04-06,2024-05-01,25.0
OPP-01073,Negotiation,2024-05-01,2024-06-05,35.0
OPP-01074,Renewal Discussion,2025-04-06,2025-04-10,4.0
OPP-01074,Negotiation,2025-04-10,2025-06-05,56.0
OPP-01075,Renewal Discussion,2024-04-03,2024-04-20,17.0
OPP-01075,Negotiation,2024-04-20,2024-06-02,43.0
OPP-01076,Renewal Discussion,2025-04-03,2025-05-21,48.0
OPP-01076,Negotiation,2025-05-21,2025-06-02,12.0
OPP-01077,Renewal Discussion,2024-04-08,2024-04-16,8.0
OPP-01077,Negotiation,2024-04-16,2024-06-07,52.0
OPP-01078,Renewal Discussion,2025-04-08,2025-04-25,17.0
OPP-01078,Negotiation,2025-04-25,2025-06-07,43.0
OPP-01079,Renewal Discussion,2024-04-26,2024-05-17,21.0
OPP-01079,Negotiation,2024-05-17,2024-06-25,39.0
OPP-01080,Renewal Discussion,2025-04-26,2025-05-17,21.0
OPP-01080,Negotiation,2025-05-17,2025-06-25,39.0
OPP-01081,Renewal Discussion,2024-04-27,2024-05-13,16.0
OPP-01081,Negotiation,2024-05-13,2024-06-26,44.0
OPP-01082,Renewal Discussion,2025-04-27,2025-05-06,9.0
OPP-01082,Negotiation,2025-05-06,2025-06-26,51.0
OPP-01083,Renewal Discussion,2024-05-23,2024-06-10,18.0
OPP-01083,Negotiation,2024-06-10,2024-07-22,42.0
OPP-01084,Renewal Discussion,2025-05-23,2025-06-14,22.0
OPP-01084,Negotiation,2025-06-14,2025-07-22,38.0
OPP-01085,Renewal Discussion,2024-05-27,2024-07-20,54.0
OPP-01085,Negotiation,2024-07-20,2024-07-26,6.0
OPP-01086,Renewal Discussion,2025-05-27,2025-06-13,17.0
OPP-01086,Negotiation,2025-06-13,2025-07-26,43.0
OPP-01087,Renewal Discussion,2024-05-20,2024-08-14,86.0
OPP-01087,Negotiation,2024-08-14,2024-07-19,-26.0
OPP-01088,Renewal Discussion,2025-05-20,2025-05-31,11.0
OPP-01088,Negotiation,2025-05-31,2025-07-19,49.0
OPP-01089,Renewal Discussion,2024-05-21,2024-07-01,41.0
OPP-01089,Negotiation,2024-07-01,2024-07-20,19.0
OPP-01090,Renewal Discussion,2025-05-21,2025-06-16,26.0
OPP-01090,Negotiation,2025-06-16,2025-07-20,34.0
OPP-01091,Renewal Discussion,2024-05-22,2024-06-08,17.0
OPP-01091,Negotiation,2024-06-08,2024-07-21,43.0
OPP-01092,Renewal Discussion,2025-05-22,2025-06-09,18.0
OPP-01092,Negotiation,2025-06-09,2025-07-21,42.0
OPP-01093,Renewal Discussion,2024-05-04,2024-06-15,42.0
OPP-01093,Negotiation,2024-06-15,2024-07-03,18.0
OPP-01094,Renewal Discussion,2025-05-04,2025-06-20,47.0
OPP-01094,Negotiation,2025-06-20,2025-07-03,13.0
OPP-01095,Renewal Discussion,2024-05-11,2024-07-28,78.0
OPP-01095,Negotiation,2024-07-28,2024-07-10,-18.0
OPP-01096,Renewal Discussion,2025-05-11,2025-05-27,16.0
OPP-01096,Negotiation,2025-05-27,2025-07-10,44.0
OPP-01097,Renewal Discussion,2024-05-11,2024-05-19,8.0
OPP-01097,Negotiation,2024-05-19,2024-07-10,52.0
OPP-01098,Renewal Discussion,2025-05-11,2025-05-15,4.0
OPP-01098,Negotiation,2025-05-15,2025-07-10,56.0
OPP-01099,Renewal Discussion,2024-05-22,2024-06-10,19.0
OPP-01099,Negotiation,2024-06-10,2024-07-21,41.0
OPP-01100,Renewal Discussion,2025-05-22,2025-05-28,6.0
OPP-01100,Negotiation,2025-05-28,2025-07-21,54.0
OPP-01101,Renewal Discussion,2024-05-23,2024-07-20,58.0
OPP-01101,Negotiation,2024-07-20,2024-07-22,2.0
OPP-01102,Renewal Discussion,2025-05-23,2025-06-18,26.0
OPP-01102,Negotiation,2025-06-18,2025-07-22,34.0
OPP-01103,Renewal Discussion,2024-05-20,2024-05-27,7.0
OPP-01103,Negotiation,2024-05-27,2024-07-19,53.0
OPP-01104,Renewal Discussion,2025-05-20,2025-06-01,12.0
OPP-01104,Negotiation,2025-06-01,2025-07-19,48.0
OPP-01105,Renewal Discussion,2024-05-21,2024-07-14,54.0
OPP-01105,Negotiation,2024-07-14,2024-07-20,6.0
OPP-01106,Renewal Discussion,2024-05-15,2024-06-02,18.0
OPP-01106,Negotiation,2024-06-02,2024-07-14,42.0
OPP-01107,Renewal Discussion,2025-05-15,2025-06-01,17.0
OPP-01107,Negotiation,2025-06-01,2025-07-14,43.0
OPP-01108,Renewal Discussion,2024-05-02,2024-06-16,45.0
OPP-01108,Negotiation,2024-06-16,2024-07-01,15.0
OPP-01109,Renewal Discussion,2025-05-02,2025-05-10,8.0
OPP-01109,Negotiation,2025-05-10,2025-07-01,52.0
OPP-01110,Renewal Discussion,2024-05-02,2024-05-28,26.0
OPP-01110,Negotiation,2024-05-28,2024-07-01,34.0
OPP-01111,Renewal Discussion,2025-05-02,2025-06-09,38.0
OPP-01111,Negotiation,2025-06-09,2025-07-01,22.0
OPP-01112,Renewal Discussion,2024-06-10,2024-06-29,19.0
OPP-01112,Negotiation,2024-06-29,2024-08-09,41.0
OPP-01113,Renewal Discussion,2025-06-10,2025-07-10,30.0
OPP-01113,Negotiation,2025-07-10,2025-08-09,30.0
OPP-01114,Renewal Discussion,2024-06-08,2024-06-25,17.0
OPP-01114,Negotiation,2024-06-25,2024-08-07,43.0
OPP-01115,Renewal Discussion,2025-06-27,2025-07-15,18.0
OPP-01116,Renewal Discussion,2024-06-06,2024-07-23,47.0
OPP-01116,Negotiation,2024-07-23,2024-08-05,13.0
OPP-01117,Renewal Discussion,2025-06-06,2025-07-23,47.0
OPP-01117,Negotiation,2025-07-23,2025-08-05,13.0
OPP-01118,Renewal Discussion,2024-06-24,2024-08-29,66.0
OPP-01118,Negotiation,2024-08-29,2024-08-23,-6.0
OPP-01119,Renewal Discussion,2025-06-24,2025-07-13,19.0
OPP-01119,Negotiation,2025-07-13,2025-08-23,41.0
OPP-01120,Renewal Discussion,2024-06-28,2024-08-02,35.0
OPP-01120,Negotiation,2024-08-02,2024-08-27,25.0
OPP-01121,Renewal Discussion,2025-06-28,2025-08-09,42.0
OPP-01121,Negotiation,2025-08-09,2025-08-27,18.0
OPP-01122,Renewal Discussion,2024-06-10,2024-06-30,20.0
OPP-01122,Negotiation,2024-06-30,2024-08-09,40.0
OPP-01123,Renewal Discussion,2025-06-10,2025-08-10,61.0
OPP-01123,Negotiation,2025-08-10,2025-08-09,-1.0
OPP-01124,Renewal Discussion,2024-06-11,2024-07-05,24.0
OPP-01124,Negotiation,2024-07-05,2024-08-10,36.0
OPP-01125,Renewal Discussion,2025-06-11,2025-07-02,21.0
OPP-01125,Negotiation,2025-07-02,2025-08-10,39.0
OPP-01126,Renewal Discussion,2024-06-24,2024-07-17,23.0
OPP-01126,Negotiation,2024-07-17,2024-08-23,37.0
OPP-01127,Renewal Discussion,2025-06-24,2025-07-23,29.0
OPP-01127,Negotiation,2025-07-23,2025-08-23,31.0
OPP-01128,Renewal Discussion,2024-06-20,2024-07-03,13.0
OPP-01128,Negotiation,2024-07-03,2024-08-19,47.0
OPP-01129,Renewal Discussion,2025-08-30,2025-09-15,16.0
OPP-01130,Renewal Discussion,2024-06-16,2024-06-22,6.0
OPP-01130,Negotiation,2024-06-22,2024-08-15,54.0
OPP-01131,Renewal Discussion,2025-06-16,2025-07-02,16.0
OPP-01131,Negotiation,2025-07-02,2025-08-15,44.0
OPP-01132,Renewal Discussion,2024-06-11,2024-07-25,44.0
OPP-01132,Negotiation,2024-07-25,2024-08-10,16.0
OPP-01133,Renewal Discussion,2025-06-11,2025-07-21,40.0
OPP-01133,Negotiation,2025-07-21,2025-08-10,20.0
OPP-01134,Renewal Discussion,2024-06-25,2024-07-18,23.0
OPP-01134,Negotiation,2024-07-18,2024-08-24,37.0
OPP-01135,Renewal Discussion,2024-06-16,2024-06-24,8.0
OPP-01135,Negotiation,2024-06-24,2024-08-15,52.0
OPP-01136,Renewal Discussion,2025-06-16,2025-07-16,30.0
OPP-01136,Negotiation,2025-07-16,2025-08-15,30.0
OPP-01137,Renewal Discussion,2024-06-15,2024-07-11,26.0
OPP-01137,Negotiation,2024-07-11,2024-08-14,34.0
OPP-01138,Renewal Discussion,2025-06-15,2025-07-16,31.0
OPP-01138,Negotiation,2025-07-16,2025-08-14,29.0
OPP-01139,Renewal Discussion,2024-06-22,2024-07-19,27.0
OPP-01139,Negotiation,2024-07-19,2024-08-21,33.0
OPP-01140,Renewal Discussion,2025-06-22,2025-06-26,4.0
OPP-01140,Negotiation,2025-06-26,2025-08-21,56.0
OPP-01141,Renewal Discussion,2024-06-06,2024-08-10,65.0
OPP-01141,Negotiation,2024-08-10,2024-08-05,-5.0
OPP-01142,Renewal Discussion,2025-06-06,2025-07-09,33.0
OPP-01142,Negotiation,2025-07-09,2025-08-05,27.0
OPP-01143,Renewal Discussion,2024-06-25,2024-07-11,16.0
OPP-01143,Negotiation,2024-07-11,2024-08-24,44.0
OPP-01144,Renewal Discussion,2025-06-25,2025-07-19,24.0
OPP-01144,Negotiation,2025-07-19,2025-08-24,36.0
OPP-01145,Renewal Discussion,2024-07-26,2024-07-30,4.0
OPP-01145,Negotiation,2024-07-30,2024-09-24,56.0
OPP-01146,Renewal Discussion,2025-07-26,2025-08-10,15.0
OPP-01146,Negotiation,2025-08-10,2025-09-24,45.0
OPP-01147,Renewal Discussion,2024-07-12,2024-09-04,54.0
OPP-01147,Negotiation,2024-09-04,2024-09-10,6.0
OPP-01148,Renewal Discussion,2025-07-12,2025-07-22,10.0
OPP-01148,Negotiation,2025-07-22,2025-09-10,50.0
OPP-01149,Renewal Discussion,2024-07-15,2024-08-28,44.0
OPP-01149,Negotiation,2024-08-28,2024-09-13,16.0
OPP-01150,Renewal Discussion,2025-07-15,2025-08-25,41.0
OPP-01150,Negotiation,2025-08-25,2025-09-13,19.0
OPP-01151,Renewal Discussion,2024-07-11,2024-10-15,96.0
OPP-01151,Negotiation,2024-10-15,2024-09-09,-36.0
OPP-01152,Renewal Discussion,2025-07-11,2025-07-26,15.0
OPP-01152,Negotiation,2025-07-26,2025-09-09,45.0
OPP-01153,Renewal Discussion,2024-07-23,2024-08-06,14.0
OPP-01153,Negotiation,2024-08-06,2024-09-21,46.0
OPP-01154,Renewal Discussion,2025-07-23,2025-08-28,36.0
OPP-01154,Negotiation,2025-08-28,2025-09-21,24.0
OPP-01155,Renewal Discussion,2024-07-20,2024-08-07,18.0
OPP-01155,Negotiation,2024-08-07,2024-09-18,42.0
OPP-01156,Renewal Discussion,2025-07-20,2025-08-22,33.0
OPP-01156,Negotiation,2025-08-22,2025-09-18,27.0
OPP-01157,Renewal Discussion,2024-07-11,2024-07-24,13.0
OPP-01157,Negotiation,2024-07-24,2024-09-09,47.0
OPP-01158,Renewal Discussion,2025-07-11,2025-08-08,28.0
OPP-01158,Negotiation,2025-08-08,2025-09-09,32.0
OPP-01159,Renewal Discussion,2024-07-04,2024-07-27,23.0
OPP-01159,Negotiation,2024-07-27,2024-09-02,37.0
OPP-01160,Renewal Discussion,2025-07-04,2025-08-13,40.0
OPP-01160,Negotiation,2025-08-13,2025-09-02,20.0
OPP-01161,Renewal Discussion,2024-07-23,2024-08-10,18.0
OPP-01161,Negotiation,2024-08-10,2024-09-21,42.0
OPP-01162,Renewal Discussion,2025-07-23,2025-08-08,16.0
OPP-01162,Negotiation,2025-08-08,2025-09-21,44.0
OPP-01163,Renewal Discussion,2024-07-26,2024-08-04,9.0
OPP-01163,Negotiation,2024-08-04,2024-09-24,51.0
OPP-01164,Renewal Discussion,2024-07-05,2024-07-28,23.0
OPP-01164,Negotiation,2024-07-28,2024-09-03,37.0
OPP-01165,Renewal Discussion,2025-07-05,2025-07-28,23.0
OPP-01165,Negotiation,2025-07-28,2025-09-03,37.0
OPP-01166,Renewal Discussion,2024-07-27,2024-08-27,31.0
OPP-01166,Negotiation,2024-08-27,2024-09-25,29.0
OPP-01167,Renewal Discussion,2025-07-27,2025-08-21,25.0
OPP-01167,Negotiation,2025-08-21,2025-09-25,35.0
OPP-01168,Renewal Discussion,2024-07-04,2024-07-24,20.0
OPP-01168,Negotiation,2024-07-24,2024-09-02,40.0
OPP-01169,Renewal Discussion,2025-07-04,2025-07-14,10.0
OPP-01169,Negotiation,2025-07-14,2025-09-02,50.0
OPP-01170,Renewal Discussion,2024-07-12,2024-07-31,19.0
OPP-01170,Negotiation,2024-07-31,2024-09-10,41.0
OPP-01171,Renewal Discussion,2025-07-12,2025-09-29,79.0
OPP-01171,Negotiation,2025-09-29,2025-09-10,-19.0
OPP-01172,Renewal Discussion,2024-07-05,2024-09-06,63.0
OPP-01172,Negotiation,2024-09-06,2024-09-03,-3.0
OPP-01173,Renewal Discussion,2025-07-05,2025-08-12,38.0
OPP-01173,Negotiation,2025-08-12,2025-09-03,22.0
OPP-01174,Renewal Discussion,2024-07-17,2024-08-04,18.0
OPP-01174,Negotiation,2024-08-04,2024-09-15,42.0
OPP-01175,Renewal Discussion,2025-07-17,2025-08-09,23.0
OPP-01175,Negotiation,2025-08-09,2025-09-15,37.0
OPP-01176,Renewal Discussion,2024-08-02,2024-08-10,8.0
OPP-01176,Negotiation,2024-08-10,2024-10-01,52.0
OPP-01177,Renewal Discussion,2025-08-02,2025-08-26,24.0
OPP-01177,Negotiation,2025-08-26,2025-10-01,36.0
OPP-01178,Renewal Discussion,2024-08-28,2024-10-11,44.0
OPP-01178,Negotiation,2024-10-11,2024-10-27,16.0
OPP-01179,Renewal Discussion,2025-08-28,2025-08-31,3.0
OPP-01179,Negotiation,2025-08-31,2025-10-27,57.0
OPP-01180,Renewal Discussion,2024-08-22,2024-09-03,12.0
OPP-01180,Negotiation,2024-09-03,2024-10-21,48.0
OPP-01181,Renewal Discussion,2025-08-22,2025-10-17,56.0
OPP-01181,Negotiation,2025-10-17,2025-10-21,4.0
OPP-01182,Renewal Discussion,2024-08-27,2024-09-01,5.0
OPP-01182,Negotiation,2024-09-01,2024-10-26,55.0
OPP-01183,Renewal Discussion,2025-08-27,2025-09-29,33.0
OPP-01183,Negotiation,2025-09-29,2025-10-26,27.0
OPP-01184,Renewal Discussion,2024-08-07,2024-08-16,9.0
OPP-01184,Negotiation,2024-08-16,2024-10-06,51.0
OPP-01185,Renewal Discussion,2025-08-07,2025-09-11,35.0
OPP-01185,Negotiation,2025-09-11,2025-10-06,25.0
OPP-01186,Renewal Discussion,2024-08-09,2024-09-03,25.0
OPP-01186,Negotiation,2024-09-03,2024-10-08,35.0
OPP-01187,Renewal Discussion,2025-08-09,2025-09-10,32.0
OPP-01187,Negotiation,2025-09-10,2025-10-08,28.0
OPP-01188,Renewal Discussion,2024-10-09,2024-10-15,6.0
OPP-01189,Renewal Discussion,2024-08-22,2024-08-30,8.0
OPP-01189,Negotiation,2024-08-30,2024-10-21,52.0
OPP-01190,Renewal Discussion,2025-08-22,2025-09-14,23.0
OPP-01190,Negotiation,2025-09-14,2025-10-21,37.0
OPP-01191,Renewal Discussion,2024-08-27,2024-10-01,35.0
OPP-01191,Negotiation,2024-10-01,2024-10-26,25.0
OPP-01192,Renewal Discussion,2025-08-27,2025-10-06,40.0
OPP-01192,Negotiation,2025-10-06,2025-10-26,20.0
OPP-01193,Renewal Discussion,2024-08-17,2024-09-21,35.0
OPP-01193,Negotiation,2024-09-21,2024-10-16,25.0
OPP-01194,Renewal Discussion,2025-08-17,2025-09-12,26.0
OPP-01194,Negotiation,2025-09-12,2025-10-16,34.0
OPP-01195,Renewal Discussion,2024-08-13,2024-08-21,8.0
OPP-01195,Negotiation,2024-08-21,2024-10-12,52.0
OPP-01196,Renewal Discussion,2025-08-13,2025-08-28,15.0
OPP-01196,Negotiation,2025-08-28,2025-10-12,45.0
OPP-01197,Renewal Discussion,2024-10-16,2024-11-15,30.0
OPP-01198,Renewal Discussion,2024-08-09,2024-09-11,33.0
OPP-01198,Negotiation,2024-09-11,2024-10-08,27.0
OPP-01199,Renewal Discussion,2025-08-09,2025-10-06,58.0
OPP-01199,Negotiation,2025-10-06,2025-10-08,2.0
OPP-01200,Renewal Discussion,2024-08-21,2024-09-04,14.0
OPP-01200,Negotiation,2024-09-04,2024-10-20,46.0
OPP-01201,Renewal Discussion,2025-08-21,2025-09-09,19.0
OPP-01201,Negotiation,2025-09-09,2025-10-20,41.0
OPP-01202,Renewal Discussion,2024-08-25,2024-09-20,26.0
OPP-01202,Negotiation,2024-09-20,2024-10-24,34.0
OPP-01203,Renewal Discussion,2025-08-25,2025-09-04,10.0
OPP-01203,Negotiation,2025-09-04,2025-10-24,50.0
OPP-01204,Renewal Discussion,2024-08-25,2024-10-05,41.0
OPP-01204,Negotiation,2024-10-05,2024-10-24,19.0
OPP-01205,Renewal Discussion,2025-08-25,2025-09-10,16.0
OPP-01205,Negotiation,2025-09-10,2025-10-24,44.0
OPP-01206,Renewal Discussion,2024-08-08,2024-08-30,22.0
OPP-01206,Negotiation,2024-08-30,2024-10-07,38.0
OPP-01207,Renewal Discussion,2025-08-08,2025-09-03,26.0
OPP-01207,Negotiation,2025-09-03,2025-10-07,34.0
OPP-01208,Renewal Discussion,2024-08-09,2024-08-23,14.0
OPP-01208,Negotiation,2024-08-23,2024-10-08,46.0
OPP-01209,Renewal Discussion,2025-08-09,2025-09-25,47.0
OPP-01209,Negotiation,2025-09-25,2025-10-08,13.0
OPP-01210,Renewal Discussion,2024-09-09,2024-10-02,23.0
OPP-01210,Negotiation,2024-10-02,2024-11-08,37.0
OPP-01211,Renewal Discussion,2025-09-09,2025-10-10,31.0
OPP-01211,Negotiation,2025-10-10,2025-11-08,29.0
OPP-01212,Renewal Discussion,2024-09-24,2024-11-11,48.0
OPP-01212,Negotiation,2024-11-11,2024-11-23,12.0
OPP-01213,Renewal Discussion,2025-09-24,2025-10-06,12.0
OPP-01213,Negotiation,2025-10-06,2025-11-23,48.0
OPP-01214,Renewal Discussion,2024-09-09,2024-09-23,14.0
OPP-01214,Negotiation,2024-09-23,2024-11-08,46.0
OPP-01215,Renewal Discussion,2025-09-09,2025-10-05,26.0
OPP-01215,Negotiation,2025-10-05,2025-11-08,34.0
OPP-01216,Renewal Discussion,2024-09-28,2024-10-09,11.0
OPP-01216,Negotiation,2024-10-09,2024-11-27,49.0
OPP-01217,Renewal Discussion,2025-09-28,2025-12-09,72.0
OPP-01217,Negotiation,2025-12-09,2025-11-27,-12.0
OPP-01218,Renewal Discussion,2024-09-16,2024-09-22,6.0
OPP-01218,Negotiation,2024-09-22,2024-11-15,54.0
OPP-01219,Renewal Discussion,2025-09-16,2025-12-18,93.0
OPP-01219,Negotiation,2025-12-18,2025-11-15,-33.0
OPP-01220,Renewal Discussion,2024-09-02,2024-09-04,2.0
OPP-01220,Negotiation,2024-09-04,2024-11-01,58.0
OPP-01221,Renewal Discussion,2025-09-02,2025-09-11,9.0
OPP-01221,Negotiation,2025-09-11,2025-11-01,51.0
OPP-01222,Renewal Discussion,2024-09-14,2024-10-02,18.0
OPP-01222,Negotiation,2024-10-02,2024-11-13,42.0
OPP-01223,Renewal Discussion,2025-09-14,2025-10-14,30.0
OPP-01223,Negotiation,2025-10-14,2025-11-13,30.0
OPP-01224,Renewal Discussion,2024-09-20,2024-10-15,25.0
OPP-01224,Negotiation,2024-10-15,2024-11-19,35.0
OPP-01225,Renewal Discussion,2025-09-20,2025-10-26,36.0
OPP-01225,Negotiation,2025-10-26,2025-11-19,24.0
OPP-01226,Renewal Discussion,2024-09-23,2024-09-28,5.0
OPP-01226,Negotiation,2024-09-28,2024-11-22,55.0
OPP-01227,Renewal Discussion,2024-09-10,2024-10-31,51.0
OPP-01227,Negotiation,2024-10-31,2024-11-09,9.0
OPP-01228,Renewal Discussion,2024-09-13,2024-10-26,43.0
OPP-01228,Negotiation,2024-10-26,2024-11-12,17.0
OPP-01229,Renewal Discussion,2025-09-13,2025-11-23,71.0
OPP-01229,Negotiation,2025-11-23,2025-11-12,-11.0
OPP-01230,Renewal Discussion,2024-09-02,2024-09-17,15.0
OPP-01230,Negotiation,2024-09-17,2024-11-01,45.0
OPP-01231,Renewal Discussion,2025-09-11,2025-10-15,34.0
OPP-01232,Renewal Discussion,2024-09-04,2024-10-20,46.0
OPP-01232,Negotiation,2024-10-20,2024-11-03,14.0
OPP-01233,Renewal Discussion,2024-09-16,2024-11-01,46.0
OPP-01233,Negotiation,2024-11-01,2024-11-15,14.0
OPP-01234,Renewal Discussion,2024-09-22,2024-11-22,61.0
OPP-01234,Negotiation,2024-11-22,2024-11-21,-1.0
OPP-01235,Renewal Discussion,2025-09-22,2025-10-03,11.0
OPP-01235,Negotiation,2025-10-03,2025-11-21,49.0
OPP-01236,Renewal Discussion,2024-09-03,2024-10-26,53.0
OPP-01236,Negotiation,2024-10-26,2024-11-02,7.0
OPP-01237,Renewal Discussion,2024-09-12,2024-11-11,60.0
OPP-01237,Negotiation,2024-11-11,2024-11-11,0.0
OPP-01238,Renewal Discussion,2025-09-12,2025-11-13,62.0
OPP-01238,Negotiation,2025-11-13,2025-11-11,-2.0
OPP-01239,Renewal Discussion,2024-09-14,2024-10-12,28.0
OPP-01239,Negotiation,2024-10-12,2024-11-13,32.0
OPP-01240,Renewal Discussion,2025-09-14,2025-10-01,17.0
OPP-01240,Negotiation,2025-10-01,2025-11-13,43.0
OPP-01241,Renewal Discussion,2024-09-24,2024-10-08,14.0
OPP-01241,Negotiation,2024-10-08,2024-11-23,46.0
OPP-01242,Renewal Discussion,2025-09-24,2025-09-29,5.0
OPP-01242,Negotiation,2025-09-29,2025-11-23,55.0
OPP-01243,Renewal Discussion,2024-09-18,2024-10-18,30.0
OPP-01243,Negotiation,2024-10-18,2024-11-17,30.0
OPP-01244,Renewal Discussion,2025-09-18,2025-09-23,5.0
OPP-01244,Negotiation,2025-09-23,2025-11-17,55.0
OPP-01245,Renewal Discussion,2024-09-24,2024-10-06,12.0
OPP-01245,Negotiation,2024-10-06,2024-11-23,48.0
OPP-01246,Renewal Discussion,2025-09-24,2025-11-15,52.0
OPP-01246,Negotiation,2025-11-15,2025-11-23,8.0
OPP-01247,Renewal Discussion,2024-10-06,2024-12-27,82.0
OPP-01247,Negotiation,2024-12-27,2024-12-05,-22.0
OPP-01248,Renewal Discussion,2025-10-06,2025-11-11,36.0
OPP-01248,Negotiation,2025-11-11,2025-12-05,24.0
OPP-01249,Renewal Discussion,2024-10-11,2024-10-13,2.0
OPP-01249,Negotiation,2024-10-13,2024-12-10,58.0
OPP-01250,Renewal Discussion,2024-10-06,2024-11-07,32.0
OPP-01250,Negotiation,2024-11-07,2024-12-05,28.0
OPP-01251,Renewal Discussion,2025-10-06,2025-10-07,1.0
OPP-01251,Negotiation,2025-10-07,2025-12-05,59.0
OPP-01252,Renewal Discussion,2024-10-18,2024-11-09,22.0
OPP-01252,Negotiation,2024-11-09,2024-12-17,38.0
OPP-01253,Renewal Discussion,2025-10-18,2025-10-29,11.0
OPP-01253,Negotiation,2025-10-29,2025-12-17,49.0
OPP-01254,Renewal Discussion,2024-10-14,2024-11-25,42.0
OPP-01254,Negotiation,2024-11-25,2024-12-13,18.0
OPP-01255,Renewal Discussion,2025-10-14,2025-11-04,21.0
OPP-01255,Negotiation,2025-11-04,2025-12-13,39.0
OPP-01256,Renewal Discussion,2024-10-15,2024-11-16,32.0
OPP-01256,Negotiation,2024-11-16,2024-12-14,28.0
OPP-01257,Renewal Discussion,2025-10-15,2026-01-18,95.0
OPP-01257,Negotiation,2026-01-18,2025-12-14,-35.0
OPP-01258,Renewal Discussion,2024-10-14,2024-11-29,46.0
OPP-01258,Negotiation,2024-11-29,2024-12-13,14.0
OPP-01259,Renewal Discussion,2024-10-17,2024-11-12,26.0
OPP-01259,Negotiation,2024-11-12,2024-12-16,34.0
OPP-01260,Renewal Discussion,2025-10-17,2025-11-24,38.0
OPP-01260,Negotiation,2025-11-24,2025-12-16,22.0
OPP-01261,Renewal Discussion,2024-10-23,2024-11-06,14.0
OPP-01261,Negotiation,2024-11-06,2024-12-22,46.0
OPP-01262,Renewal Discussion,2025-10-23,2026-03-01,129.0
OPP-01262,Negotiation,2026-03-01,2025-12-22,-69.0
OPP-01263,Renewal Discussion,2024-10-14,2024-11-02,19.0
OPP-01263,Negotiation,2024-11-02,2024-12-13,41.0
OPP-01264,Renewal Discussion,2025-10-14,2025-10-25,11.0
OPP-01264,Negotiation,2025-10-25,2025-12-13,49.0
OPP-01265,Renewal Discussion,2024-10-16,2024-11-08,23.0
OPP-01265,Negotiation,2024-11-08,2024-12-15,37.0
OPP-01266,Renewal Discussion,2025-10-16,2025-11-27,42.0
OPP-01266,Negotiation,2025-11-27,2025-12-15,18.0
OPP-01267,Renewal Discussion,2024-10-17,2024-10-31,14.0
OPP-01267,Negotiation,2024-10-31,2024-12-16,46.0
OPP-01268,Renewal Discussion,2024-10-04,2024-10-07,3.0
OPP-01268,Negotiation,2024-10-07,2024-12-03,57.0
OPP-01269,Renewal Discussion,2024-10-17,2024-11-05,19.0
OPP-01269,Negotiation,2024-11-05,2024-12-16,41.0
OPP-01270,Renewal Discussion,2025-10-17,2025-12-11,55.0
OPP-01270,Negotiation,2025-12-11,2025-12-16,5.0
OPP-01271,Renewal Discussion,2024-10-11,2024-10-24,13.0
OPP-01271,Negotiation,2024-10-24,2024-12-10,47.0
OPP-01272,Renewal Discussion,2025-10-11,2025-10-19,8.0
OPP-01272,Negotiation,2025-10-19,2025-12-10,52.0
OPP-01273,Renewal Discussion,2024-10-20,2024-11-11,22.0
OPP-01273,Negotiation,2024-11-11,2024-12-19,38.0
OPP-01274,Renewal Discussion,2024-11-28,2024-12-20,22.0
OPP-01274,Negotiation,2024-12-20,2025-01-27,38.0
OPP-01275,Renewal Discussion,2024-11-05,2024-12-09,34.0
OPP-01275,Negotiation,2024-12-09,2025-01-04,26.0
OPP-01276,Renewal Discussion,2024-11-07,2024-11-26,19.0
OPP-01276,Negotiation,2024-11-26,2025-01-06,41.0
OPP-01277,Renewal Discussion,2024-11-16,2024-12-21,35.0
OPP-01277,Negotiation,2024-12-21,2025-01-15,25.0
OPP-01278,Renewal Discussion,2024-11-23,2024-12-13,20.0
OPP-01278,Negotiation,2024-12-13,2025-01-22,40.0
OPP-01279,Renewal Discussion,2024-11-05,2024-12-22,47.0
OPP-01279,Negotiation,2024-12-22,2025-01-04,13.0
OPP-01280,Renewal Discussion,2024-11-08,2024-12-21,43.0
OPP-01280,Negotiation,2024-12-21,2025-01-07,17.0
OPP-01281,Renewal Discussion,2024-11-19,2024-11-21,2.0
OPP-01281,Negotiation,2024-11-21,2025-01-18,58.0
OPP-01282,Renewal Discussion,2024-11-14,2024-11-28,14.0
OPP-01282,Negotiation,2024-11-28,2025-01-13,46.0
OPP-01283,Renewal Discussion,2024-11-14,2025-01-10,57.0
OPP-01283,Negotiation,2025-01-10,2025-01-13,3.0
OPP-01284,Renewal Discussion,2024-11-07,2024-11-27,20.0
OPP-01284,Negotiation,2024-11-27,2025-01-06,40.0
OPP-01285,Renewal Discussion,2024-11-14,2024-12-08,24.0
OPP-01285,Negotiation,2024-12-08,2025-01-13,36.0
OPP-01286,Renewal Discussion,2024-11-17,2024-12-16,29.0
OPP-01286,Negotiation,2024-12-16,2025-01-16,31.0
OPP-01287,Renewal Discussion,2024-12-07,2025-01-18,42.0
OPP-01287,Negotiation,2025-01-18,2025-02-05,18.0
OPP-01288,Renewal Discussion,2024-12-26,2025-01-18,23.0
OPP-01288,Negotiation,2025-01-18,2025-02-24,37.0
OPP-01289,Renewal Discussion,2024-12-08,2025-01-02,25.0
OPP-01289,Negotiation,2025-01-02,2025-02-06,35.0
OPP-01290,Renewal Discussion,2024-12-16,2024-12-27,11.0
OPP-01290,Negotiation,2024-12-27,2025-02-14,49.0
OPP-01291,Renewal Discussion,2025-01-05,2025-02-15,41.0
OPP-01292,Renewal Discussion,2024-12-06,2024-12-21,15.0
OPP-01292,Negotiation,2024-12-21,2025-02-04,45.0
OPP-01293,Renewal Discussion,2024-12-14,2025-01-07,24.0
OPP-01293,Negotiation,2025-01-07,2025-02-12,36.0
OPP-01294,Renewal Discussion,2024-12-25,2025-01-22,28.0
OPP-01294,Negotiation,2025-01-22,2025-02-23,32.0
OPP-01295,Renewal Discussion,2024-12-29,2025-03-03,64.0
OPP-01295,Negotiation,2025-03-03,2025-02-27,-4.0
OPP-01296,Renewal Discussion,2024-12-09,2025-04-04,116.0
OPP-01296,Negotiation,2025-04-04,2025-02-07,-56.0
OPP-01297,Renewal Discussion,2024-12-27,2025-02-23,58.0
OPP-01297,Negotiation,2025-02-23,2025-02-25,2.0
OPP-01298,Renewal Discussion,2024-12-20,2025-01-13,24.0
OPP-01298,Negotiation,2025-01-13,2025-02-18,36.0
OPP-01299,Renewal Discussion,2024-12-12,2024-12-19,7.0
OPP-01299,Negotiation,2024-12-19,2025-02-10,53.0
OPP-01300,Renewal Discussion,2024-12-06,2024-12-17,11.0
OPP-01300,Negotiation,2024-12-17,2025-02-04,49.0
OPP-01301,Renewal Discussion,2024-12-18,2025-01-01,14.0
OPP-01301,Negotiation,2025-01-01,2025-02-16,46.0
OPP-01302,Renewal Discussion,2024-12-17,2024-12-23,6.0
OPP-01302,Negotiation,2024-12-23,2025-02-15,54.0
OPP-01303,Renewal Discussion,2024-12-24,2025-01-03,10.0
OPP-01303,Negotiation,2025-01-03,2025-02-22,50.0
OPP-01304,Renewal Discussion,2025-01-02,2025-02-11,40.0
OPP-01304,Negotiation,2025-02-11,2025-03-03,20.0
OPP-01305,Renewal Discussion,2025-01-04,2025-01-22,18.0
OPP-01305,Negotiation,2025-01-22,2025-03-05,42.0
OPP-01306,Renewal Discussion,2025-01-04,2025-01-13,9.0
OPP-01306,Negotiation,2025-01-13,2025-03-05,51.0
OPP-01307,Renewal Discussion,2025-01-06,2025-01-19,13.0
OPP-01307,Negotiation,2025-01-19,2025-03-07,47.0
OPP-01308,Renewal Discussion,2025-01-16,2025-02-12,27.0
OPP-01308,Negotiation,2025-02-12,2025-03-17,33.0
OPP-01309,Renewal Discussion,2025-01-12,2025-02-21,40.0
OPP-01309,Negotiation,2025-02-21,2025-03-13,20.0
OPP-01310,Renewal Discussion,2025-01-28,2025-03-15,46.0
OPP-01311,Renewal Discussion,2025-01-15,2025-02-23,39.0
OPP-01311,Negotiation,2025-02-23,2025-03-16,21.0
OPP-01312,Renewal Discussion,2025-01-20,2025-02-15,26.0
OPP-01312,Negotiation,2025-02-15,2025-03-21,34.0
OPP-01313,Renewal Discussion,2025-04-03,2025-04-15,12.0
OPP-01314,Renewal Discussion,2025-01-11,2025-03-20,68.0
OPP-01314,Negotiation,2025-03-20,2025-03-12,-8.0
OPP-01315,Renewal Discussion,2025-01-11,2025-02-01,21.0
OPP-01315,Negotiation,2025-02-01,2025-03-12,39.0
OPP-01316,Renewal Discussion,2025-01-22,2025-04-03,71.0
OPP-01316,Negotiation,2025-04-03,2025-03-23,-11.0
OPP-01317,Renewal Discussion,2025-01-05,2025-02-09,35.0
OPP-01317,Negotiation,2025-02-09,2025-03-06,25.0
OPP-01318,Renewal Discussion,2025-01-04,2025-03-24,79.0
OPP-01318,Negotiation,2025-03-24,2025-03-05,-19.0
OPP-01319,Renewal Discussion,2025-01-23,2025-02-10,18.0
OPP-01319,Negotiation,2025-02-10,2025-03-24,42.0
OPP-01320,Renewal Discussion,2025-01-06,2025-01-20,14.0
OPP-01320,Negotiation,2025-01-20,2025-03-07,46.0
OPP-01321,Renewal Discussion,2025-02-05,2025-03-09,32.0
OPP-01321,Negotiation,2025-03-09,2025-04-06,28.0
OPP-01322,Renewal Discussion,2025-02-03,2025-03-01,26.0
OPP-01322,Negotiation,2025-03-01,2025-04-04,34.0
OPP-01323,Renewal Discussion,2025-02-06,2025-03-11,33.0
OPP-01323,Negotiation,2025-03-11,2025-04-07,27.0
OPP-01324,Renewal Discussion,2025-02-24,2025-03-18,22.0
OPP-01324,Negotiation,2025-03-18,2025-04-25,38.0
OPP-01325,Renewal Discussion,2025-02-25,2025-03-29,32.0
OPP-01325,Negotiation,2025-03-29,2025-04-26,28.0
OPP-01326,Renewal Discussion,2025-02-01,2025-02-12,11.0
OPP-01326,Negotiation,2025-02-12,2025-04-02,49.0
OPP-01327,Renewal Discussion,2025-02-13,2025-03-02,17.0
OPP-01327,Negotiation,2025-03-02,2025-04-14,43.0
OPP-01328,Renewal Discussion,2025-02-21,2025-02-27,6.0
OPP-01328,Negotiation,2025-02-27,2025-04-22,54.0
OPP-01329,Renewal Discussion,2025-02-21,2025-03-31,38.0
OPP-01329,Negotiation,2025-03-31,2025-04-22,22.0
OPP-01330,Renewal Discussion,2025-02-09,2025-04-06,56.0
OPP-01330,Negotiation,2025-04-06,2025-04-10,4.0
OPP-01331,Renewal Discussion,2025-02-23,2025-04-19,55.0
OPP-01331,Negotiation,2025-04-19,2025-04-24,5.0
OPP-01332,Renewal Discussion,2025-02-21,2025-03-19,26.0
OPP-01332,Negotiation,2025-03-19,2025-04-22,34.0
OPP-01333,Renewal Discussion,2025-02-22,2025-04-14,51.0
OPP-01333,Negotiation,2025-04-14,2025-04-23,9.0
OPP-01334,Renewal Discussion,2025-02-12,2025-03-28,44.0
OPP-01334,Negotiation,2025-03-28,2025-04-13,16.0
OPP-01335,Renewal Discussion,2025-02-25,2025-03-30,33.0
OPP-01335,Negotiation,2025-03-30,2025-04-26,27.0
OPP-01336,Renewal Discussion,2025-02-19,2025-03-01,10.0
OPP-01336,Negotiation,2025-03-01,2025-04-20,50.0
OPP-01337,Renewal Discussion,2025-02-06,2025-02-16,10.0
OPP-01337,Negotiation,2025-02-16,2025-04-07,50.0
OPP-01338,Renewal Discussion,2025-02-25,2025-04-11,45.0
OPP-01338,Negotiation,2025-04-11,2025-04-26,15.0
OPP-01339,Renewal Discussion,2025-03-25,2025-06-24,91.0
OPP-01339,Negotiation,2025-06-24,2025-05-24,-31.0
OPP-01340,Renewal Discussion,2025-03-06,2025-04-08,33.0
OPP-01340,Negotiation,2025-04-08,2025-05-05,27.0
OPP-01341,Renewal Discussion,2025-03-04,2025-04-13,40.0
OPP-01341,Negotiation,2025-04-13,2025-05-03,20.0
OPP-01342,Renewal Discussion,2025-03-16,2025-04-02,17.0
OPP-01342,Negotiation,2025-04-02,2025-05-15,43.0
OPP-01343,Renewal Discussion,2025-03-19,2025-04-26,38.0
OPP-01343,Negotiation,2025-04-26,2025-05-18,22.0
OPP-01344,Renewal Discussion,2025-03-03,2025-03-16,13.0
OPP-01344,Negotiation,2025-03-16,2025-05-02,47.0
OPP-01345,Renewal Discussion,2025-03-24,2025-06-06,74.0
OPP-01345,Negotiation,2025-06-06,2025-05-23,-14.0
OPP-01346,Renewal Discussion,2025-03-07,2025-03-11,4.0
OPP-01346,Negotiation,2025-03-11,2025-05-06,56.0
OPP-01347,Renewal Discussion,2025-03-17,2025-04-01,15.0
OPP-01347,Negotiation,2025-04-01,2025-05-16,45.0
OPP-01348,Renewal Discussion,2025-03-26,2025-04-15,20.0
OPP-01348,Negotiation,2025-04-15,2025-05-25,40.0
OPP-01349,Renewal Discussion,2025-03-14,2025-03-19,5.0
OPP-01349,Negotiation,2025-03-19,2025-05-13,55.0
OPP-01350,Renewal Discussion,2025-03-22,2025-04-03,12.0
OPP-01350,Negotiation,2025-04-03,2025-05-21,48.0
OPP-01351,Renewal Discussion,2025-03-15,2025-05-10,56.0
OPP-01351,Negotiation,2025-05-10,2025-05-14,4.0
OPP-01352,Renewal Discussion,2025-03-28,2025-04-15,18.0
OPP-01352,Negotiation,2025-04-15,2025-05-27,42.0
OPP-01353,Renewal Discussion,2025-03-15,2025-04-13,29.0
OPP-01353,Negotiation,2025-04-13,2025-05-14,31.0
OPP-01354,Renewal Discussion,2025-03-05,2025-03-27,22.0
OPP-01354,Negotiation,2025-03-27,2025-05-04,38.0
OPP-01355,Renewal Discussion,2025-03-02,2025-04-21,50.0
OPP-01355,Negotiation,2025-04-21,2025-05-01,10.0
OPP-01356,Renewal Discussion,2025-03-07,2025-04-03,27.0
OPP-01356,Negotiation,2025-04-03,2025-05-06,33.0
OPP-01357,Renewal Discussion,2025-03-26,2025-04-11,16.0
OPP-01357,Negotiation,2025-04-11,2025-05-25,44.0
OPP-01358,Renewal Discussion,2025-04-16,2025-05-15,29.0
OPP-01359,Renewal Discussion,2025-04-28,2025-05-14,16.0
OPP-01359,Negotiation,2025-05-14,2025-06-27,44.0
OPP-01360,Renewal Discussion,2025-04-12,2025-04-29,17.0
OPP-01360,Negotiation,2025-04-29,2025-06-11,43.0
OPP-01361,Renewal Discussion,2025-04-28,2025-05-08,10.0
OPP-01361,Negotiation,2025-05-08,2025-06-27,50.0
OPP-01362,Renewal Discussion,2025-04-04,2025-04-26,22.0
OPP-01362,Negotiation,2025-04-26,2025-06-03,38.0
OPP-01363,Renewal Discussion,2025-04-11,2025-05-04,23.0
OPP-01363,Negotiation,2025-05-04,2025-06-10,37.0
OPP-01364,Renewal Discussion,2025-04-03,2025-04-11,8.0
OPP-01364,Negotiation,2025-04-11,2025-06-02,52.0
OPP-01365,Renewal Discussion,2025-04-06,2025-04-27,21.0
OPP-01365,Negotiation,2025-04-27,2025-06-05,39.0
OPP-01366,Renewal Discussion,2025-04-21,2025-04-29,8.0
OPP-01366,Negotiation,2025-04-29,2025-06-20,52.0
OPP-01367,Renewal Discussion,2025-04-22,2025-06-08,47.0
OPP-01367,Negotiation,2025-06-08,2025-06-21,13.0
OPP-01368,Renewal Discussion,2025-04-02,2025-05-15,43.0
OPP-01368,Negotiation,2025-05-15,2025-06-01,17.0
OPP-01369,Renewal Discussion,2025-04-07,2025-04-12,5.0
OPP-01369,Negotiation,2025-04-12,2025-06-06,55.0
OPP-01370,Renewal Discussion,2025-02-26,2025-05-05,68.0
OPP-01370,Negotiation,2025-05-05,2025-05-15,10.0
OPP-01371,Renewal Discussion,2025-04-17,2025-05-13,26.0
OPP-01371,Negotiation,2025-05-13,2025-06-16,34.0
OPP-01372,Renewal Discussion,2025-04-27,2025-05-13,16.0
OPP-01372,Negotiation,2025-05-13,2025-06-26,44.0
OPP-01373,Renewal Discussion,2025-04-07,2025-04-16,9.0
OPP-01373,Negotiation,2025-04-16,2025-06-06,51.0
OPP-01374,Renewal Discussion,2025-04-13,2025-06-14,62.0
OPP-01374,Negotiation,2025-06-14,2025-06-12,-2.0
OPP-01375,Renewal Discussion,2025-04-06,2025-04-25,19.0
OPP-01375,Negotiation,2025-04-25,2025-06-05,41.0
OPP-01376,Renewal Discussion,2025-05-21,2025-05-29,8.0
OPP-01376,Negotiation,2025-05-29,2025-07-20,52.0
OPP-01377,Renewal Discussion,2025-05-08,2025-05-26,18.0
OPP-01377,Negotiation,2025-05-26,2025-07-07,42.0
OPP-01378,Renewal Discussion,2025-05-16,2025-05-31,15.0
OPP-01378,Negotiation,2025-05-31,2025-07-15,45.0
OPP-01379,Renewal Discussion,2025-05-10,2025-06-15,36.0
OPP-01379,Negotiation,2025-06-15,2025-07-09,24.0
OPP-01380,Renewal Discussion,2025-05-25,2025-07-01,37.0
OPP-01380,Negotiation,2025-07-01,2025-07-24,23.0
OPP-01381,Renewal Discussion,2025-05-16,2025-07-02,47.0
OPP-01381,Negotiation,2025-07-02,2025-07-15,13.0
OPP-01382,Renewal Discussion,2025-05-09,2025-05-12,3.0
OPP-01382,Negotiation,2025-05-12,2025-07-08,57.0
OPP-01383,Renewal Discussion,2025-05-13,2025-06-01,19.0
OPP-01383,Negotiation,2025-06-01,2025-07-12,41.0
OPP-01384,Renewal Discussion,2025-05-12,2025-05-15,3.0
OPP-01384,Negotiation,2025-05-15,2025-07-11,57.0
OPP-01385,Renewal Discussion,2025-05-18,2025-06-13,26.0
OPP-01385,Negotiation,2025-06-13,2025-07-17,34.0
OPP-01386,Renewal Discussion,2025-05-28,2025-06-24,27.0
OPP-01386,Negotiation,2025-06-24,2025-07-27,33.0
OPP-01387,Renewal Discussion,2025-05-11,2025-06-22,42.0
OPP-01387,Negotiation,2025-06-22,2025-07-10,18.0
OPP-01388,Renewal Discussion,2025-05-02,2025-06-07,36.0
OPP-01388,Negotiation,2025-06-07,2025-07-01,24.0
OPP-01389,Renewal Discussion,2025-05-27,2025-07-04,38.0
OPP-01389,Negotiation,2025-07-04,2025-07-26,22.0
OPP-01390,Renewal Discussion,2025-05-21,2025-06-04,14.0
OPP-01390,Negotiation,2025-06-04,2025-07-20,46.0
OPP-01391,Renewal Discussion,2025-05-14,2025-05-29,15.0
OPP-01391,Negotiation,2025-05-29,2025-07-13,45.0
OPP-01392,Renewal Discussion,2025-05-20,2025-06-13,24.0
OPP-01392,Negotiation,2025-06-13,2025-07-19,36.0
OPP-01393,Renewal Discussion,2025-05-07,2025-06-27,51.0
OPP-01393,Negotiation,2025-06-27,2025-07-06,9.0
OPP-01394,Renewal Discussion,2025-05-27,2025-06-16,20.0
OPP-01394,Negotiation,2025-06-16,2025-07-26,40.0
OPP-01395,Renewal Discussion,2025-05-18,2025-05-29,11.0
OPP-01395,Negotiation,2025-05-29,2025-07-17,49.0
OPP-01396,Renewal Discussion,2025-05-05,2025-05-24,19.0
OPP-01396,Negotiation,2025-05-24,2025-07-04,41.0
OPP-01397,Renewal Discussion,2025-05-24,2025-06-06,13.0
OPP-01397,Negotiation,2025-06-06,2025-07-23,47.0
OPP-01398,Renewal Discussion,2025-05-11,2025-05-29,18.0
OPP-01398,Negotiation,2025-05-29,2025-07-10,42.0
OPP-01399,Renewal Discussion,2025-05-22,2025-06-06,15.0
OPP-01399,Negotiation,2025-06-06,2025-07-21,45.0
OPP-01400,Renewal Discussion,2025-05-22,2025-05-26,4.0
OPP-01400,Negotiation,2025-05-26,2025-07-21,56.0
OPP-01401,Renewal Discussion,2025-05-03,2025-05-07,4.0
OPP-01401,Negotiation,2025-05-07,2025-07-02,56.0
OPP-01402,Renewal Discussion,2025-05-06,2025-06-08,33.0
OPP-01402,Negotiation,2025-06-08,2025-07-05,27.0
OPP-01403,Renewal Discussion,2025-05-28,2025-06-07,10.0
OPP-01403,Negotiation,2025-06-07,2025-07-27,50.0
OPP-01404,Renewal Discussion,2025-05-10,2025-05-11,1.0
OPP-01404,Negotiation,2025-05-11,2025-07-09,59.0
OPP-01405,Renewal Discussion,2025-06-21,2025-06-25,4.0
OPP-01405,Negotiation,2025-06-25,2025-08-20,56.0
OPP-01406,Renewal Discussion,2025-06-09,2025-06-29,20.0
OPP-01406,Negotiation,2025-06-29,2025-08-08,40.0
OPP-01407,Renewal Discussion,2025-06-07,2025-07-06,29.0
OPP-01407,Negotiation,2025-07-06,2025-08-06,31.0
OPP-01408,Renewal Discussion,2025-06-21,2025-07-12,21.0
OPP-01408,Negotiation,2025-07-12,2025-08-20,39.0
OPP-01409,Renewal Discussion,2025-06-26,2025-07-03,7.0
OPP-01409,Negotiation,2025-07-03,2025-08-25,53.0
OPP-01410,Renewal Discussion,2025-06-10,2025-08-18,69.0
OPP-01410,Negotiation,2025-08-18,2025-08-09,-9.0
OPP-01411,Renewal Discussion,2025-07-12,2025-08-15,34.0
OPP-01412,Renewal Discussion,2025-06-17,2025-07-12,25.0
OPP-01412,Negotiation,2025-07-12,2025-08-16,35.0
OPP-01413,Renewal Discussion,2025-06-05,2025-06-21,16.0
OPP-01413,Negotiation,2025-06-21,2025-08-04,44.0
OPP-01414,Renewal Discussion,2025-06-14,2025-06-24,10.0
OPP-01414,Negotiation,2025-06-24,2025-08-13,50.0
OPP-01415,Renewal Discussion,2025-06-18,2025-07-08,20.0
OPP-01415,Negotiation,2025-07-08,2025-08-17,40.0
OPP-01416,Renewal Discussion,2025-06-09,2025-06-19,10.0
OPP-01416,Negotiation,2025-06-19,2025-08-08,50.0
OPP-01417,Renewal Discussion,2025-06-03,2025-06-25,22.0
OPP-01417,Negotiation,2025-06-25,2025-08-02,38.0
OPP-01418,Renewal Discussion,2025-06-13,2025-07-08,25.0
OPP-01418,Negotiation,2025-07-08,2025-08-12,35.0
OPP-01419,Renewal Discussion,2025-06-25,2025-07-02,7.0
OPP-01419,Negotiation,2025-07-02,2025-08-24,53.0
OPP-01420,Renewal Discussion,2025-06-03,2025-06-25,22.0
OPP-01420,Negotiation,2025-06-25,2025-08-02,38.0
OPP-01421,Renewal Discussion,2025-06-13,2025-07-20,37.0
OPP-01421,Negotiation,2025-07-20,2025-08-12,23.0
OPP-01422,Renewal Discussion,2025-06-15,2025-07-15,30.0
OPP-01422,Negotiation,2025-07-15,2025-08-14,30.0
OPP-01423,Renewal Discussion,2025-06-14,2025-07-13,29.0
OPP-01423,Negotiation,2025-07-13,2025-08-13,31.0
OPP-01424,Renewal Discussion,2025-06-18,2025-06-29,11.0
OPP-01424,Negotiation,2025-06-29,2025-08-17,49.0
OPP-01425,Renewal Discussion,2025-07-28,2025-08-15,18.0
OPP-01426,Renewal Discussion,2025-06-24,2025-07-21,27.0
OPP-01426,Negotiation,2025-07-21,2025-08-23,33.0
OPP-01427,Renewal Discussion,2025-06-20,2025-08-01,42.0
OPP-01427,Negotiation,2025-08-01,2025-08-19,18.0
OPP-01428,Renewal Discussion,2025-06-25,2025-10-08,105.0
OPP-01428,Negotiation,2025-10-08,2025-08-24,-45.0
OPP-01429,Renewal Discussion,2025-06-21,2025-08-21,61.0
OPP-01429,Negotiation,2025-08-21,2025-08-20,-1.0
OPP-01430,Renewal Discussion,2025-06-11,2025-06-19,8.0
OPP-01430,Negotiation,2025-06-19,2025-08-10,52.0
OPP-01431,Renewal Discussion,2025-06-25,2025-07-12,17.0
OPP-01431,Negotiation,2025-07-12,2025-08-24,43.0
OPP-01432,Renewal Discussion,2025-06-09,2025-06-21,12.0
OPP-01432,Negotiation,2025-06-21,2025-08-08,48.0
OPP-01433,Renewal Discussion,2025-08-28,2025-09-15,18.0
OPP-01434,Renewal Discussion,2025-06-23,2025-07-15,22.0
OPP-01434,Negotiation,2025-07-15,2025-08-22,38.0
OPP-01435,Renewal Discussion,2025-07-14,2025-08-16,33.0
OPP-01435,Negotiation,2025-08-16,2025-09-12,27.0
OPP-01436,Renewal Discussion,2025-07-06,2025-07-19,13.0
OPP-01436,Negotiation,2025-07-19,2025-09-04,47.0
OPP-01437,Renewal Discussion,2025-07-05,2025-07-15,10.0
OPP-01437,Negotiation,2025-07-15,2025-09-03,50.0
OPP-01438,Renewal Discussion,2025-07-10,2025-09-03,55.0
OPP-01438,Negotiation,2025-09-03,2025-09-08,5.0
OPP-01439,Renewal Discussion,2025-07-13,2025-07-27,14.0
OPP-01439,Negotiation,2025-07-27,2025-09-11,46.0
OPP-01440,Renewal Discussion,2025-07-18,2025-08-21,34.0
OPP-01440,Negotiation,2025-08-21,2025-09-16,26.0
OPP-01441,Renewal Discussion,2025-07-19,2025-07-30,11.0
OPP-01441,Negotiation,2025-07-30,2025-09-17,49.0
OPP-01442,Renewal Discussion,2025-07-19,2025-08-10,22.0
OPP-01442,Negotiation,2025-08-10,2025-09-17,38.0
OPP-01443,Renewal Discussion,2025-07-11,2025-07-16,5.0
OPP-01443,Negotiation,2025-07-16,2025-09-09,55.0
OPP-01444,Renewal Discussion,2025-07-19,2025-08-12,24.0
OPP-01444,Negotiation,2025-08-12,2025-09-17,36.0
OPP-01445,Renewal Discussion,2025-07-12,2025-07-29,17.0
OPP-01445,Negotiation,2025-07-29,2025-09-10,43.0
OPP-01446,Renewal Discussion,2025-07-13,2025-08-26,44.0
OPP-01446,Negotiation,2025-08-26,2025-09-11,16.0
OPP-01447,Renewal Discussion,2025-07-04,2025-08-11,38.0
OPP-01447,Negotiation,2025-08-11,2025-09-02,22.0
OPP-01448,Renewal Discussion,2025-07-19,2025-08-15,27.0
OPP-01448,Negotiation,2025-08-15,2025-09-17,33.0
OPP-01449,Renewal Discussion,2025-07-03,2025-07-18,15.0
OPP-01449,Negotiation,2025-07-18,2025-09-01,45.0
OPP-01450,Renewal Discussion,2025-07-19,2025-08-14,26.0
OPP-01450,Negotiation,2025-08-14,2025-09-17,34.0
OPP-01451,Renewal Discussion,2025-07-14,2025-07-20,6.0
OPP-01451,Negotiation,2025-07-20,2025-09-12,54.0
OPP-01452,Renewal Discussion,2025-07-03,2025-07-20,17.0
OPP-01452,Negotiation,2025-07-20,2025-09-01,43.0
OPP-01453,Renewal Discussion,2025-08-29,2025-09-15,17.0
OPP-01454,Renewal Discussion,2025-07-28,2025-08-21,24.0
OPP-01454,Negotiation,2025-08-21,2025-09-26,36.0
OPP-01455,Renewal Discussion,2025-07-03,2025-07-16,13.0
OPP-01455,Negotiation,2025-07-16,2025-09-01,47.0
OPP-01456,Renewal Discussion,2025-07-17,2025-08-22,36.0
OPP-01456,Negotiation,2025-08-22,2025-09-15,24.0
OPP-01457,Renewal Discussion,2025-07-21,2025-09-07,48.0
OPP-01457,Negotiation,2025-09-07,2025-09-19,12.0
OPP-01458,Renewal Discussion,2025-07-19,2025-10-17,90.0
OPP-01458,Negotiation,2025-10-17,2025-09-17,-30.0
OPP-01459,Renewal Discussion,2025-07-04,2025-07-11,7.0
OPP-01459,Negotiation,2025-07-11,2025-09-02,53.0
OPP-01460,Renewal Discussion,2025-07-20,2025-08-11,22.0
OPP-01460,Negotiation,2025-08-11,2025-09-18,38.0
OPP-01461,Renewal Discussion,2025-07-26,2025-09-01,37.0
OPP-01461,Negotiation,2025-09-01,2025-09-24,23.0
OPP-01462,Renewal Discussion,2025-07-15,2025-08-23,39.0
OPP-01462,Negotiation,2025-08-23,2025-09-13,21.0
OPP-01463,Renewal Discussion,2025-07-25,2025-09-08,45.0
OPP-01463,Negotiation,2025-09-08,2025-09-23,15.0
OPP-01464,Renewal Discussion,2025-07-28,2025-09-13,47.0
OPP-01464,Negotiation,2025-09-13,2025-09-26,13.0
OPP-01465,Renewal Discussion,2025-07-05,2025-08-07,33.0
OPP-01465,Negotiation,2025-08-07,2025-09-03,27.0
OPP-01466,Renewal Discussion,2025-07-26,2025-08-01,6.0
OPP-01466,Negotiation,2025-08-01,2025-09-24,54.0
OPP-01467,Renewal Discussion,2025-07-11,2025-09-19,70.0
OPP-01467,Negotiation,2025-09-19,2025-09-09,-10.0
OPP-01468,Renewal Discussion,2025-07-28,2025-08-12,15.0
OPP-01468,Negotiation,2025-08-12,2025-09-26,45.0
OPP-01469,Renewal Discussion,2025-08-25,2025-09-15,21.0
OPP-01469,Negotiation,2025-09-15,2025-10-24,39.0
OPP-01470,Renewal Discussion,2025-08-08,2025-09-10,33.0
OPP-01470,Negotiation,2025-09-10,2025-10-07,27.0
OPP-01471,Renewal Discussion,2025-08-25,2025-09-27,33.0
OPP-01471,Negotiation,2025-09-27,2025-10-24,27.0
OPP-01472,Renewal Discussion,2025-08-06,2025-08-27,21.0
OPP-01472,Negotiation,2025-08-27,2025-10-05,39.0
OPP-01473,Renewal Discussion,2025-08-10,2025-09-09,30.0
OPP-01473,Negotiation,2025-09-09,2025-10-09,30.0
OPP-01474,Renewal Discussion,2025-08-23,2025-10-08,46.0
OPP-01474,Negotiation,2025-10-08,2025-10-22,14.0
OPP-01475,Renewal Discussion,2025-08-17,2025-09-22,36.0
OPP-01475,Negotiation,2025-09-22,2025-10-16,24.0
OPP-01476,Renewal Discussion,2025-08-14,2025-09-16,33.0
OPP-01476,Negotiation,2025-09-16,2025-10-13,27.0
OPP-01477,Renewal Discussion,2025-08-20,2025-09-05,16.0
OPP-01477,Negotiation,2025-09-05,2025-10-19,44.0
OPP-01478,Renewal Discussion,2025-08-08,2025-10-30,83.0
OPP-01478,Negotiation,2025-10-30,2025-10-07,-23.0
OPP-01479,Renewal Discussion,2025-09-09,2025-10-10,31.0
OPP-01479,Negotiation,2025-10-10,2025-10-15,5.0
OPP-01480,Renewal Discussion,2025-08-17,2025-09-07,21.0
OPP-01480,Negotiation,2025-09-07,2025-10-16,39.0
OPP-01481,Renewal Discussion,2025-08-19,2025-09-16,28.0
OPP-01481,Negotiation,2025-09-16,2025-10-18,32.0
OPP-01482,Renewal Discussion,2025-08-15,2025-08-29,14.0
OPP-01482,Negotiation,2025-08-29,2025-10-14,46.0
OPP-01483,Renewal Discussion,2025-08-24,2025-08-28,4.0
OPP-01483,Negotiation,2025-08-28,2025-10-23,56.0
OPP-01484,Renewal Discussion,2025-08-10,2025-08-25,15.0
OPP-01484,Negotiation,2025-08-25,2025-10-09,45.0
OPP-01485,Renewal Discussion,2025-08-03,2025-09-08,36.0
OPP-01485,Negotiation,2025-09-08,2025-10-02,24.0
OPP-01486,Renewal Discussion,2025-08-06,2025-10-30,85.0
OPP-01486,Negotiation,2025-10-30,2025-10-05,-25.0
OPP-01487,Renewal Discussion,2025-08-22,2025-10-03,42.0
OPP-01487,Negotiation,2025-10-03,2025-10-21,18.0
OPP-01488,Renewal Discussion,2025-09-17,2025-11-02,46.0
OPP-01488,Negotiation,2025-11-02,2025-11-16,14.0
OPP-01489,Renewal Discussion,2025-09-09,2025-10-13,34.0
OPP-01489,Negotiation,2025-10-13,2025-11-08,26.0
OPP-01490,Renewal Discussion,2025-09-23,2025-10-12,19.0
OPP-01490,Negotiation,2025-10-12,2025-11-22,41.0
OPP-01491,Renewal Discussion,2025-09-20,2025-10-01,11.0
OPP-01491,Negotiation,2025-10-01,2025-11-19,49.0
OPP-01492,Renewal Discussion,2025-09-14,2025-09-29,15.0
OPP-01492,Negotiation,2025-09-29,2025-11-13,45.0
OPP-01493,Renewal Discussion,2025-09-11,2025-10-01,20.0
OPP-01493,Negotiation,2025-10-01,2025-11-10,40.0
OPP-01494,Renewal Discussion,2025-09-14,2025-09-16,2.0
OPP-01494,Negotiation,2025-09-16,2025-11-13,58.0
OPP-01495,Renewal Discussion,2025-09-06,2025-09-15,9.0
OPP-01495,Negotiation,2025-09-15,2025-11-05,51.0
OPP-01496,Renewal Discussion,2025-09-13,2025-09-19,6.0
OPP-01496,Negotiation,2025-09-19,2025-11-12,54.0
OPP-01497,Renewal Discussion,2025-09-26,2025-10-09,13.0
OPP-01497,Negotiation,2025-10-09,2025-11-25,47.0
OPP-01498,Renewal Discussion,2025-09-27,2025-10-06,9.0
OPP-01498,Negotiation,2025-10-06,2025-11-26,51.0
OPP-01499,Renewal Discussion,2025-09-27,2025-10-15,18.0
OPP-01499,Negotiation,2025-10-15,2025-11-26,42.0
OPP-01500,Renewal Discussion,2025-09-13,2025-10-08,25.0
OPP-01500,Negotiation,2025-10-08,2025-11-12,35.0
OPP-01501,Renewal Discussion,2025-09-17,2025-10-01,14.0
OPP-01501,Negotiation,2025-10-01,2025-11-16,46.0
OPP-01502,Renewal Discussion,2025-09-07,2025-09-18,11.0
OPP-01502,Negotiation,2025-09-18,2025-11-06,49.0
OPP-01503,Renewal Discussion,2025-09-08,2025-10-01,23.0
OPP-01503,Negotiation,2025-10-01,2025-11-07,37.0
OPP-01504,Renewal Discussion,2025-09-05,2025-10-29,54.0
OPP-01504,Negotiation,2025-10-29,2025-11-04,6.0
OPP-01505,Renewal Discussion,2025-09-05,2025-10-10,35.0
OPP-01505,Negotiation,2025-10-10,2025-11-04,25.0
OPP-01506,Renewal Discussion,2025-10-07,2025-10-16,9.0
OPP-01506,Negotiation,2025-10-16,2025-12-06,51.0
OPP-01507,Renewal Discussion,2025-10-25,2026-01-01,68.0
OPP-01507,Negotiation,2026-01-01,2025-12-24,-8.0
OPP-01508,Renewal Discussion,2025-10-28,2025-11-18,21.0
OPP-01508,Negotiation,2025-11-18,2025-12-27,39.0
OPP-01509,Renewal Discussion,2025-10-10,2025-12-10,61.0
OPP-01509,Negotiation,2025-12-10,2025-12-09,-1.0
OPP-01510,Renewal Discussion,2025-10-03,2025-10-08,5.0
OPP-01510,Negotiation,2025-10-08,2025-12-02,55.0
OPP-01511,Renewal Discussion,2025-10-06,2025-12-04,59.0
OPP-01511,Negotiation,2025-12-04,2025-12-05,1.0
OPP-01512,Renewal Discussion,2025-10-02,2025-10-10,8.0
OPP-01512,Negotiation,2025-10-10,2025-12-01,52.0
OPP-01513,Renewal Discussion,2025-10-18,2025-11-02,15.0
OPP-01513,Negotiation,2025-11-02,2025-12-17,45.0
OPP-01514,Renewal Discussion,2025-10-20,2025-11-25,36.0
OPP-01514,Negotiation,2025-11-25,2025-12-19,24.0
OPP-01515,Renewal Discussion,2025-10-23,2025-11-08,16.0
OPP-01515,Negotiation,2025-11-08,2025-12-22,44.0
OPP-01516,Renewal Discussion,2025-10-28,2025-12-26,59.0
OPP-01516,Negotiation,2025-12-26,2025-12-27,1.0
OPP-01517,Renewal Discussion,2025-10-05,2025-11-24,50.0
OPP-01517,Negotiation,2025-11-24,2025-12-04,10.0
OPP-01518,Renewal Discussion,2025-10-22,2025-11-24,33.0
OPP-01518,Negotiation,2025-11-24,2025-12-21,27.0
OPP-01519,Renewal Discussion,2025-10-16,2026-03-13,148.0
OPP-01519,Negotiation,2026-03-13,2025-12-15,-88.0
OPP-01520,Renewal Discussion,2025-10-04,2025-11-07,34.0
OPP-01520,Negotiation,2025-11-07,2025-12-03,26.0
OPP-01521,Renewal Discussion,2025-10-06,2025-10-17,11.0
OPP-01521,Negotiation,2025-10-17,2025-12-05,49.0
OPP-01522,Renewal Discussion,2025-10-27,2025-11-13,17.0
OPP-01522,Negotiation,2025-11-13,2025-12-26,43.0
OPP-01523,Renewal Discussion,2025-10-18,2025-11-04,17.0
OPP-01523,Negotiation,2025-11-04,2025-12-17,43.0
OPP-01524,Renewal Discussion,2025-10-03,2025-11-03,31.0
OPP-01524,Negotiation,2025-11-03,2025-12-02,29.0
OPP-01525,Renewal Discussion,2025-10-18,2025-10-25,7.0
OPP-01525,Negotiation,2025-10-25,2025-12-17,53.0
OPP-01526,Expansion Discussion,2023-01-15,2023-02-15,31.0
OPP-01527,Expansion Discussion,2023-02-12,2023-03-15,31.0
OPP-01528,Expansion Discussion,2023-03-06,2023-04-15,40.0
OPP-01529,Expansion Discussion,2023-02-28,2023-04-15,46.0
OPP-01530,Expansion Discussion,2023-03-30,2023-05-15,46.0
OPP-01531,Expansion Discussion,2023-03-16,2023-05-15,60.0
OPP-01532,Expansion Discussion,2023-04-02,2023-05-15,43.0
OPP-01533,Expansion Discussion,2023-03-24,2023-05-15,52.0
OPP-01534,Expansion Discussion,2023-05-01,2023-06-15,45.0
OPP-01535,Expansion Discussion,2023-06-10,2023-07-15,35.0
OPP-01536,Expansion Discussion,2023-05-23,2023-07-15,53.0
OPP-01537,Expansion Discussion,2023-05-22,2023-07-15,54.0
OPP-01538,Expansion Discussion,2023-05-31,2023-07-15,45.0
OPP-01539,Expansion Discussion,2023-05-24,2023-07-15,52.0
OPP-01540,Expansion Discussion,2023-06-09,2023-07-15,36.0
OPP-01541,Expansion Discussion,2023-06-20,2023-08-15,56.0
OPP-01542,Expansion Discussion,2023-07-16,2023-08-15,30.0
OPP-01543,Expansion Discussion,2023-06-18,2023-08-15,58.0
OPP-01544,Expansion Discussion,2023-06-30,2023-08-15,46.0
OPP-01545,Expansion Discussion,2023-07-26,2023-09-15,51.0
OPP-01546,Expansion Discussion,2023-08-10,2023-09-15,36.0
OPP-01547,Expansion Discussion,2023-08-12,2023-09-15,34.0
OPP-01548,Expansion Discussion,2023-07-26,2023-09-15,51.0
OPP-01549,Expansion Discussion,2023-07-20,2023-09-15,57.0
OPP-01550,Expansion Discussion,2023-08-07,2023-09-15,39.0
OPP-01551,Expansion Discussion,2023-08-16,2023-09-15,30.0
OPP-01552,Expansion Discussion,2023-07-27,2023-09-15,50.0
OPP-01553,Expansion Discussion,2023-09-07,2023-10-15,38.0
OPP-01554,Expansion Discussion,2023-09-05,2023-10-15,40.0
OPP-01555,Expansion Discussion,2023-08-21,2023-10-15,55.0
OPP-01556,Expansion Discussion,2023-09-10,2023-10-15,35.0
OPP-01557,Expansion Discussion,2023-08-30,2023-10-15,46.0
OPP-01558,Expansion Discussion,2023-09-25,2023-11-15,51.0
OPP-01559,Expansion Discussion,2023-10-02,2023-11-15,44.0
OPP-01560,Expansion Discussion,2023-10-05,2023-11-15,41.0
OPP-01561,Expansion Discussion,2023-10-03,2023-11-15,43.0
OPP-01562,Expansion Discussion,2023-09-21,2023-11-15,55.0
OPP-01563,Expansion Discussion,2023-09-29,2023-11-15,47.0
OPP-01564,Expansion Discussion,2023-10-09,2023-11-15,37.0
OPP-01565,Expansion Discussion,2023-10-30,2023-12-15,46.0
OPP-01566,Expansion Discussion,2023-10-25,2023-12-15,51.0
OPP-01567,Expansion Discussion,2023-10-26,2023-12-15,50.0
OPP-01568,Expansion Discussion,2023-11-15,2023-12-15,30.0
OPP-01569,Expansion Discussion,2023-11-06,2023-12-15,39.0
OPP-01570,Expansion Discussion,2023-10-19,2023-12-15,57.0
OPP-01571,Expansion Discussion,2023-11-07,2023-12-15,38.0
OPP-01572,Expansion Discussion,2023-10-22,2023-12-15,54.0
OPP-01573,Expansion Discussion,2023-10-29,2023-12-15,47.0
OPP-01574,Expansion Discussion,2023-10-20,2023-12-15,56.0
OPP-01575,Expansion Discussion,2023-12-04,2024-01-15,42.0
OPP-01576,Expansion Discussion,2023-12-13,2024-01-15,33.0
OPP-01577,Expansion Discussion,2024-01-14,2024-02-15,32.0
OPP-01578,Expansion Discussion,2023-12-26,2024-02-15,51.0
OPP-01579,Expansion Discussion,2023-12-21,2024-02-15,56.0
OPP-01580,Expansion Discussion,2024-01-08,2024-02-15,38.0
OPP-01581,Expansion Discussion,2024-01-15,2024-02-15,31.0
OPP-01582,Expansion Discussion,2024-01-16,2024-02-15,30.0
OPP-01583,Expansion Discussion,2024-02-01,2024-03-15,43.0
OPP-01584,Expansion Discussion,2024-02-03,2024-03-15,41.0
OPP-01585,Expansion Discussion,2024-02-10,2024-03-15,34.0
OPP-01586,Expansion Discussion,2024-02-12,2024-03-15,32.0
OPP-01587,Expansion Discussion,2024-01-28,2024-03-15,47.0
OPP-01588,Expansion Discussion,2024-01-16,2024-03-15,59.0
OPP-01589,Expansion Discussion,2024-02-26,2024-04-15,49.0
OPP-01590,Expansion Discussion,2024-02-24,2024-04-15,51.0
OPP-01591,Expansion Discussion,2024-03-01,2024-04-15,45.0
OPP-01592,Expansion Discussion,2024-03-07,2024-04-15,39.0
OPP-01593,Expansion Discussion,2024-02-19,2024-04-15,56.0
OPP-01594,Expansion Discussion,2024-03-08,2024-04-15,38.0
OPP-01595,Expansion Discussion,2024-03-10,2024-04-15,36.0
OPP-01596,Expansion Discussion,2024-02-28,2024-04-15,47.0
OPP-01597,Expansion Discussion,2024-03-14,2024-04-15,32.0
OPP-01598,Expansion Discussion,2024-03-04,2024-04-15,42.0
OPP-01599,Expansion Discussion,2024-04-15,2024-05-15,30.0
OPP-01600,Expansion Discussion,2024-03-17,2024-05-15,59.0
OPP-01601,Expansion Discussion,2024-04-07,2024-05-15,38.0
OPP-01602,Expansion Discussion,2024-03-22,2024-05-15,54.0
OPP-01603,Expansion Discussion,2024-04-02,2024-05-15,43.0
OPP-01604,Expansion Discussion,2024-04-08,2024-05-15,37.0
OPP-01605,Expansion Discussion,2024-03-25,2024-05-15,51.0
OPP-01606,Expansion Discussion,2024-03-21,2024-05-15,55.0
OPP-01607,Expansion Discussion,2024-04-26,2024-06-15,50.0
OPP-01608,Expansion Discussion,2024-04-27,2024-06-15,49.0
OPP-01609,Expansion Discussion,2024-05-12,2024-06-15,34.0
OPP-01610,Expansion Discussion,2024-05-16,2024-06-15,30.0
OPP-01611,Expansion Discussion,2024-04-29,2024-06-15,47.0
OPP-01612,Expansion Discussion,2024-05-15,2024-06-15,31.0
OPP-01613,Expansion Discussion,2024-05-07,2024-06-15,39.0
OPP-01614,Expansion Discussion,2024-05-04,2024-06-15,42.0
OPP-01615,Expansion Discussion,2024-04-18,2024-06-15,58.0
OPP-01616,Expansion Discussion,2024-04-28,2024-06-15,48.0
OPP-01617,Expansion Discussion,2024-05-03,2024-06-15,43.0
OPP-01618,Expansion Discussion,2024-05-13,2024-06-15,33.0
OPP-01619,Expansion Discussion,2024-04-28,2024-06-15,48.0
OPP-01620,Expansion Discussion,2024-06-11,2024-07-15,34.0
OPP-01621,Expansion Discussion,2024-06-06,2024-07-15,39.0
OPP-01622,Expansion Discussion,2024-05-31,2024-07-15,45.0
OPP-01623,Expansion Discussion,2024-06-11,2024-07-15,34.0
OPP-01624,Expansion Discussion,2024-06-07,2024-07-15,38.0
OPP-01625,Expansion Discussion,2024-05-24,2024-07-15,52.0
OPP-01626,Expansion Discussion,2024-07-03,2024-08-15,43.0
OPP-01627,Expansion Discussion,2024-06-20,2024-08-15,56.0
OPP-01628,Expansion Discussion,2024-07-15,2024-08-15,31.0
OPP-01629,Expansion Discussion,2024-06-26,2024-08-15,50.0
OPP-01630,Expansion Discussion,2024-06-19,2024-08-15,57.0
OPP-01631,Expansion Discussion,2024-07-06,2024-08-15,40.0
OPP-01632,Expansion Discussion,2024-07-16,2024-08-15,30.0
OPP-01633,Expansion Discussion,2024-07-11,2024-08-15,35.0
OPP-01634,Expansion Discussion,2024-06-30,2024-08-15,46.0
OPP-01635,Expansion Discussion,2024-06-18,2024-08-15,58.0
OPP-01636,Expansion Discussion,2024-06-18,2024-08-15,58.0
OPP-01637,Expansion Discussion,2024-06-30,2024-08-15,46.0
OPP-01638,Expansion Discussion,2024-06-27,2024-08-15,49.0
OPP-01639,Expansion Discussion,2024-07-18,2024-09-15,59.0
OPP-01640,Expansion Discussion,2024-08-12,2024-09-15,34.0
OPP-01641,Expansion Discussion,2024-08-05,2024-09-15,41.0
OPP-01642,Expansion Discussion,2024-07-24,2024-09-15,53.0
OPP-01643,Expansion Discussion,2024-07-18,2024-09-15,59.0
OPP-01644,Expansion Discussion,2024-08-02,2024-09-15,44.0
OPP-01645,Expansion Discussion,2024-07-30,2024-09-15,47.0
OPP-01646,Expansion Discussion,2024-08-01,2024-09-15,45.0
OPP-01647,Expansion Discussion,2024-09-10,2024-10-15,35.0
OPP-01648,Expansion Discussion,2024-08-17,2024-10-15,59.0
OPP-01649,Expansion Discussion,2024-08-23,2024-10-15,53.0
OPP-01650,Expansion Discussion,2024-09-10,2024-10-15,35.0
OPP-01651,Expansion Discussion,2024-09-06,2024-10-15,39.0
OPP-01652,Expansion Discussion,2024-10-16,2024-11-15,30.0
OPP-01653,Expansion Discussion,2024-10-16,2024-11-15,30.0
OPP-01654,Expansion Discussion,2024-09-23,2024-11-15,53.0
OPP-01655,Expansion Discussion,2024-10-11,2024-11-15,35.0
OPP-01656,Expansion Discussion,2024-10-10,2024-11-15,36.0
OPP-01657,Expansion Discussion,2024-09-30,2024-11-15,46.0
OPP-01658,Expansion Discussion,2024-10-09,2024-11-15,37.0
OPP-01659,Expansion Discussion,2024-10-15,2024-11-15,31.0
OPP-01660,Expansion Discussion,2024-09-24,2024-11-15,52.0
OPP-01661,Expansion Discussion,2024-10-01,2024-11-15,45.0
OPP-01662,Expansion Discussion,2024-09-26,2024-11-15,50.0
OPP-01663,Expansion Discussion,2024-10-12,2024-11-15,34.0
OPP-01664,Expansion Discussion,2024-09-30,2024-11-15,46.0
OPP-01665,Expansion Discussion,2024-10-01,2024-11-15,45.0
OPP-01666,Expansion Discussion,2024-09-16,2024-11-15,60.0
OPP-01667,Expansion Discussion,2024-09-29,2024-11-15,47.0
OPP-01668,Expansion Discussion,2024-11-06,2024-12-15,39.0
OPP-01669,Expansion Discussion,2024-11-08,2024-12-15,37.0
OPP-01670,Expansion Discussion,2024-11-08,2024-12-15,37.0
OPP-01671,Expansion Discussion,2024-11-10,2024-12-15,35.0
OPP-01672,Expansion Discussion,2024-11-04,2024-12-15,41.0
OPP-01673,Expansion Discussion,2024-11-07,2024-12-15,38.0
OPP-01674,Expansion Discussion,2024-10-26,2024-12-15,50.0
OPP-01675,Expansion Discussion,2024-10-31,2024-12-15,45.0
OPP-01676,Expansion Discussion,2024-10-22,2024-12-15,54.0
OPP-01677,Expansion Discussion,2024-11-05,2024-12-15,40.0
OPP-01678,Expansion Discussion,2024-10-30,2024-12-15,46.0
OPP-01679,Expansion Discussion,2024-11-07,2024-12-15,38.0
OPP-01680,Expansion Discussion,2024-11-13,2024-12-15,32.0
OPP-01681,Expansion Discussion,2024-11-13,2024-12-15,32.0
OPP-01682,Expansion Discussion,2024-10-21,2024-12-15,55.0
OPP-01683,Expansion Discussion,2024-10-27,2024-12-15,49.0
OPP-01684,Expansion Discussion,2024-12-15,2025-01-15,31.0
OPP-01685,Expansion Discussion,2024-11-24,2025-01-15,52.0
OPP-01686,Expansion Discussion,2024-11-16,2025-01-15,60.0
OPP-01687,Expansion Discussion,2024-12-09,2025-01-15,37.0
OPP-01688,Expansion Discussion,2024-11-20,2025-01-15,56.0
OPP-01689,Expansion Discussion,2024-12-06,2025-01-15,40.0
OPP-01690,Expansion Discussion,2024-11-21,2025-01-15,55.0
OPP-01691,Expansion Discussion,2024-12-03,2025-01-15,43.0
OPP-01692,Expansion Discussion,2024-11-20,2025-01-15,56.0
OPP-01693,Expansion Discussion,2024-11-19,2025-01-15,57.0
OPP-01694,Expansion Discussion,2024-11-21,2025-01-15,55.0
OPP-01695,Expansion Discussion,2024-12-27,2025-02-15,50.0
OPP-01696,Expansion Discussion,2025-01-06,2025-02-15,40.0
OPP-01697,Expansion Discussion,2025-01-13,2025-02-15,33.0
OPP-01698,Expansion Discussion,2024-12-26,2025-02-15,51.0
OPP-01699,Expansion Discussion,2025-01-15,2025-02-15,31.0
OPP-01700,Expansion Discussion,2025-01-08,2025-02-15,38.0
OPP-01701,Expansion Discussion,2024-12-21,2025-02-15,56.0
OPP-01702,Expansion Discussion,2025-01-11,2025-02-15,35.0
OPP-01703,Expansion Discussion,2025-01-16,2025-02-15,30.0
OPP-01704,Expansion Discussion,2024-12-25,2025-02-15,52.0
OPP-01705,Expansion Discussion,2025-01-01,2025-02-15,45.0
OPP-01706,Expansion Discussion,2024-12-28,2025-02-15,49.0
OPP-01707,Expansion Discussion,2024-12-21,2025-02-15,56.0
OPP-01708,Expansion Discussion,2024-12-17,2025-02-15,60.0
OPP-01709,Expansion Discussion,2025-01-06,2025-02-15,40.0
OPP-01710,Expansion Discussion,2025-01-07,2025-02-15,39.0
OPP-01711,Expansion Discussion,2025-01-16,2025-02-15,30.0
OPP-01712,Expansion Discussion,2024-12-26,2025-02-15,51.0
OPP-01713,Expansion Discussion,2025-01-12,2025-02-15,34.0
OPP-01714,Expansion Discussion,2025-01-11,2025-02-15,35.0
OPP-01715,Expansion Discussion,2025-02-08,2025-03-15,35.0
OPP-01716,Expansion Discussion,2025-01-22,2025-03-15,52.0
OPP-01717,Expansion Discussion,2025-01-18,2025-03-15,56.0
OPP-01718,Expansion Discussion,2025-02-13,2025-03-15,30.0
OPP-01719,Expansion Discussion,2025-01-29,2025-03-15,45.0
OPP-01720,Expansion Discussion,2025-01-27,2025-03-15,47.0
OPP-01721,Expansion Discussion,2025-01-26,2025-03-15,48.0
OPP-01722,Expansion Discussion,2025-02-07,2025-03-15,36.0
OPP-01723,Expansion Discussion,2025-02-07,2025-03-15,36.0
OPP-01724,Expansion Discussion,2025-01-27,2025-03-15,47.0
OPP-01725,Expansion Discussion,2025-01-24,2025-03-15,50.0
OPP-01726,Expansion Discussion,2025-01-25,2025-03-15,49.0
OPP-01727,Expansion Discussion,2025-02-07,2025-03-15,36.0
OPP-01728,Expansion Discussion,2025-01-26,2025-03-15,48.0
OPP-01729,Expansion Discussion,2025-01-17,2025-03-15,57.0
OPP-01730,Expansion Discussion,2025-02-06,2025-03-15,37.0
OPP-01731,Expansion Discussion,2025-01-27,2025-03-15,47.0
OPP-01732,Expansion Discussion,2025-01-14,2025-03-15,60.0
OPP-01733,Expansion Discussion,2025-01-19,2025-03-15,55.0
OPP-01734,Expansion Discussion,2025-02-06,2025-03-15,37.0
OPP-01735,Expansion Discussion,2025-02-10,2025-03-15,33.0
OPP-01736,Expansion Discussion,2025-01-21,2025-03-15,53.0
OPP-01737,Expansion Discussion,2025-01-29,2025-03-15,45.0
OPP-01738,Expansion Discussion,2025-02-01,2025-03-15,42.0
OPP-01739,Expansion Discussion,2025-03-13,2025-04-15,33.0
OPP-01740,Expansion Discussion,2025-02-14,2025-04-15,60.0
OPP-01741,Expansion Discussion,2025-03-09,2025-04-15,37.0
OPP-01742,Expansion Discussion,2025-02-21,2025-04-15,53.0
OPP-01743,Expansion Discussion,2025-02-15,2025-04-15,59.0
OPP-01744,Expansion Discussion,2025-03-09,2025-04-15,37.0
OPP-01745,Expansion Discussion,2025-02-27,2025-04-15,47.0
OPP-01746,Expansion Discussion,2025-02-23,2025-04-15,51.0
OPP-01747,Expansion Discussion,2025-02-19,2025-04-15,55.0
OPP-01748,Expansion Discussion,2025-03-05,2025-04-15,41.0
OPP-01749,Expansion Discussion,2025-03-08,2025-04-15,38.0
OPP-01750,Expansion Discussion,2025-02-28,2025-04-15,46.0
OPP-01751,Expansion Discussion,2025-02-16,2025-04-15,58.0
OPP-01752,Expansion Discussion,2025-03-04,2025-04-15,42.0
OPP-01753,Expansion Discussion,2025-03-08,2025-04-15,38.0
OPP-01754,Expansion Discussion,2025-02-26,2025-04-15,48.0
OPP-01755,Expansion Discussion,2025-03-10,2025-04-15,36.0
OPP-01756,Expansion Discussion,2025-03-09,2025-04-15,37.0
OPP-01757,Expansion Discussion,2025-02-27,2025-04-15,47.0
OPP-01758,Expansion Discussion,2025-03-01,2025-04-15,45.0
OPP-01759,Expansion Discussion,2025-02-25,2025-04-15,49.0
OPP-01760,Expansion Discussion,2025-02-17,2025-04-15,57.0
OPP-01761,Expansion Discussion,2025-02-20,2025-04-15,54.0
OPP-01762,Expansion Discussion,2025-03-29,2025-05-15,47.0
OPP-01763,Expansion Discussion,2025-04-15,2025-05-15,30.0
OPP-01764,Expansion Discussion,2025-03-21,2025-05-15,55.0
OPP-01765,Expansion Discussion,2025-03-29,2025-05-15,47.0
OPP-01766,Expansion Discussion,2025-03-18,2025-05-15,58.0
OPP-01767,Expansion Discussion,2025-04-15,2025-05-15,30.0
OPP-01768,Expansion Discussion,2025-03-26,2025-05-15,50.0
OPP-01769,Expansion Discussion,2025-03-19,2025-05-15,57.0
OPP-01770,Expansion Discussion,2025-03-24,2025-05-15,52.0
OPP-01771,Expansion Discussion,2025-04-12,2025-05-15,33.0
OPP-01772,Expansion Discussion,2025-04-13,2025-05-15,32.0
OPP-01773,Expansion Discussion,2025-04-03,2025-05-15,42.0
OPP-01774,Expansion Discussion,2025-04-09,2025-05-15,36.0
OPP-01775,Expansion Discussion,2025-04-02,2025-05-15,43.0
OPP-01776,Expansion Discussion,2025-03-30,2025-05-15,46.0
OPP-01777,Expansion Discussion,2025-03-16,2025-05-15,60.0
OPP-01778,Expansion Discussion,2025-05-10,2025-06-15,36.0
OPP-01779,Expansion Discussion,2025-05-10,2025-06-15,36.0
OPP-01780,Expansion Discussion,2025-05-11,2025-06-15,35.0
OPP-01781,Expansion Discussion,2025-04-25,2025-06-15,51.0
OPP-01782,Expansion Discussion,2025-04-28,2025-06-15,48.0
OPP-01783,Expansion Discussion,2025-05-02,2025-06-15,44.0
OPP-01784,Expansion Discussion,2025-04-23,2025-06-15,53.0
OPP-01785,Expansion Discussion,2025-05-02,2025-06-15,44.0
OPP-01786,Expansion Discussion,2025-04-30,2025-06-15,46.0
OPP-01787,Expansion Discussion,2025-04-26,2025-06-15,50.0
OPP-01788,Expansion Discussion,2025-05-08,2025-06-15,38.0
OPP-01789,Expansion Discussion,2025-05-15,2025-06-15,31.0
OPP-01790,Expansion Discussion,2025-05-02,2025-06-15,44.0
OPP-01791,Expansion Discussion,2025-05-14,2025-06-15,32.0
OPP-01792,Expansion Discussion,2025-06-08,2025-07-15,37.0
OPP-01793,Expansion Discussion,2025-05-30,2025-07-15,46.0
OPP-01794,Expansion Discussion,2025-06-04,2025-07-15,41.0
OPP-01795,Expansion Discussion,2025-06-04,2025-07-15,41.0
OPP-01796,Expansion Discussion,2025-05-20,2025-07-15,56.0
OPP-01797,Expansion Discussion,2025-05-21,2025-07-15,55.0
OPP-01798,Expansion Discussion,2025-06-04,2025-07-15,41.0
OPP-01799,Expansion Discussion,2025-05-23,2025-07-15,53.0
OPP-01800,Expansion Discussion,2025-06-12,2025-07-15,33.0
OPP-01801,Expansion Discussion,2025-05-28,2025-07-15,48.0
OPP-01802,Expansion Discussion,2025-06-12,2025-07-15,33.0
OPP-01803,Expansion Discussion,2025-05-16,2025-07-15,60.0
OPP-01804,Expansion Discussion,2025-06-05,2025-07-15,40.0
OPP-01805,Expansion Discussion,2025-05-17,2025-07-15,59.0
OPP-01806,Expansion Discussion,2025-06-08,2025-07-15,37.0
OPP-01807,Expansion Discussion,2025-07-05,2025-08-15,41.0
OPP-01808,Expansion Discussion,2025-06-26,2025-08-15,50.0
OPP-01809,Expansion Discussion,2025-06-23,2025-08-15,53.0
OPP-01810,Expansion Discussion,2025-07-15,2025-08-15,31.0
OPP-01811,Expansion Discussion,2025-06-24,2025-08-15,52.0
OPP-01812,Expansion Discussion,2025-06-17,2025-08-15,59.0
OPP-01813,Expansion Discussion,2025-07-15,2025-08-15,31.0
OPP-01814,Expansion Discussion,2025-07-16,2025-08-15,30.0
OPP-01815,Expansion Discussion,2025-06-23,2025-08-15,53.0
OPP-01816,Expansion Discussion,2025-06-19,2025-08-15,57.0
OPP-01817,Expansion Discussion,2025-07-15,2025-08-15,31.0
OPP-01818,Expansion Discussion,2025-07-01,2025-08-15,45.0
OPP-01819,Expansion Discussion,2025-06-19,2025-08-15,57.0
OPP-01820,Expansion Discussion,2025-06-25,2025-08-15,51.0
OPP-01821,Expansion Discussion,2025-06-30,2025-08-15,46.0
OPP-01822,Expansion Discussion,2025-07-13,2025-08-15,33.0
OPP-01823,Expansion Discussion,2025-07-06,2025-08-15,40.0
OPP-01824,Expansion Discussion,2025-07-02,2025-08-15,44.0
OPP-01825,Expansion Discussion,2025-08-03,2025-09-15,43.0
OPP-01826,Expansion Discussion,2025-07-27,2025-09-15,50.0
OPP-01827,Expansion Discussion,2025-07-22,2025-09-15,55.0
OPP-01828,Expansion Discussion,2025-07-20,2025-09-15,57.0
OPP-01829,Expansion Discussion,2025-08-09,2025-09-15,37.0
OPP-01830,Expansion Discussion,2025-08-12,2025-09-15,34.0
OPP-01831,Expansion Discussion,2025-07-29,2025-09-15,48.0
OPP-01832,Expansion Discussion,2025-07-20,2025-09-15,57.0
OPP-01833,Expansion Discussion,2025-08-03,2025-09-15,43.0
OPP-01834,Expansion Discussion,2025-07-22,2025-09-15,55.0
OPP-01835,Expansion Discussion,2025-08-10,2025-09-15,36.0
OPP-01836,Expansion Discussion,2025-07-17,2025-09-15,60.0
OPP-01837,Expansion Discussion,2025-08-07,2025-09-15,39.0
OPP-01838,Expansion Discussion,2025-08-11,2025-09-15,35.0
OPP-01839,Expansion Discussion,2025-08-07,2025-09-15,39.0
OPP-01840,Expansion Discussion,2025-07-26,2025-09-15,51.0
OPP-01841,Expansion Discussion,2025-08-03,2025-09-15,43.0
OPP-01842,Expansion Discussion,2025-08-02,2025-09-15,44.0
OPP-01843,Expansion Discussion,2025-07-20,2025-09-15,57.0
OPP-01844,Expansion Discussion,2025-08-03,2025-09-15,43.0
OPP-01845,Expansion Discussion,2025-08-08,2025-09-15,38.0
OPP-01846,Expansion Discussion,2025-08-11,2025-09-15,35.0
OPP-01847,Expansion Discussion,2025-07-24,2025-09-15,53.0
OPP-01848,Expansion Discussion,2025-08-31,2025-10-15,45.0
OPP-01849,Expansion Discussion,2025-09-11,2025-10-15,34.0
OPP-01850,Expansion Discussion,2025-08-31,2025-10-15,45.0
OPP-01851,Expansion Discussion,2025-08-30,2025-10-15,46.0
OPP-01852,Expansion Discussion,2025-08-24,2025-10-15,52.0
OPP-01853,Expansion Discussion,2025-08-21,2025-10-15,55.0
OPP-01854,Expansion Discussion,2025-08-29,2025-10-15,47.0
OPP-01855,Expansion Discussion,2025-08-25,2025-10-15,51.0
OPP-01856,Expansion Discussion,2025-09-03,2025-10-15,42.0
OPP-01857,Expansion Discussion,2025-09-10,2025-10-15,35.0
OPP-01858,Expansion Discussion,2025-08-19,2025-10-15,57.0
OPP-01859,Expansion Discussion,2025-08-17,2025-10-15,59.0
OPP-01860,Expansion Discussion,2025-09-04,2025-10-15,41.0
OPP-01861,Expansion Discussion,2025-08-22,2025-10-15,54.0
OPP-01862,Expansion Discussion,2025-09-06,2025-10-15,39.0
OPP-01863,Expansion Discussion,2025-09-13,2025-10-15,32.0
OPP-01864,Expansion Discussion,2025-08-30,2025-10-15,46.0
OPP-01865,Expansion Discussion,2025-08-31,2025-10-15,45.0
OPP-01866,Expansion Discussion,2025-09-09,2025-10-15,36.0
OPP-01867,Expansion Discussion,2025-08-20,2025-10-15,56.0
OPP-01868,Expansion Discussion,2025-08-29,2025-10-15,47.0
OPP-01869,Expansion Discussion,2025-08-20,2025-10-15,56.0
OPP-01870,Expansion Discussion,2025-09-10,2025-10-15,35.0
OPP-01871,Expansion Discussion,2025-09-15,2025-10-15,30.0
OPP-01872,Expansion Discussion,2025-08-30,2025-10-15,46.0
OPP-01873,Expansion Discussion,2025-09-16,2025-11-15,60.0
OPP-01874,Expansion Discussion,2025-10-07,2025-11-15,39.0
OPP-01875,Expansion Discussion,2025-10-16,2025-11-15,30.0
OPP-01876,Expansion Discussion,2025-09-20,2025-11-15,56.0
OPP-01877,Expansion Discussion,2025-09-25,2025-11-15,51.0
OPP-01878,Expansion Discussion,2025-09-21,2025-11-15,55.0
OPP-01879,Expansion Discussion,2025-10-11,2025-11-15,35.0
OPP-01880,Expansion Discussion,2025-09-29,2025-11-15,47.0
OPP-01881,Expansion Discussion,2025-09-19,2025-11-15,57.0
OPP-01882,Expansion Discussion,2025-10-03,2025-11-15,43.0
OPP-01883,Expansion Discussion,2025-09-22,2025-11-15,54.0
OPP-01884,Expansion Discussion,2025-10-04,2025-11-15,42.0
OPP-01885,Expansion Discussion,2025-09-20,2025-11-15,56.0
OPP-01886,Expansion Discussion,2025-09-29,2025-11-15,47.0
OPP-01887,Expansion Discussion,2025-09-23,2025-11-15,53.0
OPP-01888,Expansion Discussion,2025-10-13,2025-11-15,33.0
OPP-01889,Expansion Discussion,2025-09-22,2025-11-15,54.0
OPP-01890,Expansion Discussion,2025-09-17,2025-11-15,59.0
OPP-01891,Expansion Discussion,2025-10-09,2025-11-15,37.0
OPP-01892,Expansion Discussion,2025-11-15,2025-12-15,30.0
OPP-01893,Expansion Discussion,2025-10-27,2025-12-15,49.0
OPP-01894,Expansion Discussion,2025-11-05,2025-12-15,40.0
OPP-01895,Expansion Discussion,2025-11-03,2025-12-15,42.0
OPP-01896,Expansion Discussion,2025-11-04,2025-12-15,41.0
OPP-01897,Expansion Discussion,2025-10-25,2025-12-15,51.0
OPP-01898,Expansion Discussion,2025-10-30,2025-12-15,46.0
OPP-01899,Expansion Discussion,2025-10-28,2025-12-15,48.0
OPP-01900,Expansion Discussion,2025-11-09,2025-12-15,36.0
OPP-01901,Expansion Discussion,2025-11-05,2025-12-15,40.0
OPP-01902,Expansion Discussion,2025-10-26,2025-12-15,50.0
OPP-01903,Expansion Discussion,2025-11-01,2025-12-15,44.0
OPP-01904,Expansion Discussion,2025-10-19,2025-12-15,57.0
OPP-01905,Expansion Discussion,2025-11-15,2025-12-15,30.0
OPP-01906,Expansion Discussion,2025-10-24,2025-12-15,52.0
OPP-01907,Expansion Discussion,2025-10-26,2025-12-15,50.0
