opportunity_id,customer_id,account_name,segment,acquisition_channel,owner_rep_id,opportunity_type,created_date,close_date,amount,current_stage,status
OPP-00001,CUST-1001,Helix Works,Mid-Market,Inbound Marketing,REP-08,new_business,2022-09-26,2023-01-19,60000.0,Closed Won,closed_won
OPP-00002,CUST-1003,Cobalt Logic,Mid-Market,Partner Referral,REP-11,new_business,2022-10-22,2023-01-12,69120.0,Closed Won,closed_won
OPP-00003,CUST-1004,Halcyon Industries,SMB,Event/Conference,REP-12,new_business,2022-12-05,2023-01-05,6000.0,Closed Won,closed_won
OPP-00004,CUST-1005,Beacon Holdings,Enterprise,Event/Conference,REP-02,new_business,2022-11-05,2023-01-06,966000.0,Closed Won,closed_won
OPP-00005,CUST-1006,Reverb Dynamics,SMB,Partner Referral,REP-02,new_business,2022-11-18,2023-01-10,4320.0,Closed Won,closed_won
OPP-00006,CUST-1007,Tessera Holdings,SMB,Inbound Marketing,REP-08,new_business,2022-11-08,2023-01-04,5400.0,Closed Won,closed_won
OPP-00007,CUST-1008,Tessera Works,SMB,Inbound Marketing,REP-04,new_business,2022-12-27,2023-01-18,7200.0,Closed Won,closed_won
OPP-00008,CUST-1009,Vector Industries,Mid-Market,Event/Conference,REP-03,new_business,2022-10-01,2023-01-08,99360.0,Closed Won,closed_won
OPP-00009,CUST-1010,Marlin Holdings,SMB,Outbound Sales,REP-08,new_business,2022-12-10,2023-01-22,5760.0,Closed Won,closed_won
OPP-00010,CUST-1011,Vector Works,Mid-Market,Inbound Marketing,REP-05,new_business,2022-10-29,2023-01-04,24480.0,Closed Won,closed_won
OPP-00011,CUST-1012,Marlin Partners,SMB,Inbound Marketing,REP-10,new_business,2022-10-17,2023-01-16,15840.0,Closed Won,closed_won
OPP-00012,CUST-1013,Reverb Logic,SMB,Inbound Marketing,REP-02,new_business,2022-11-24,2023-01-12,4200.0,Closed Won,closed_won
OPP-00013,CUST-1014,Lattice Cloud,Mid-Market,Outbound Sales,REP-10,new_business,2022-09-05,2023-01-24,23400.0,Closed Won,closed_won
OPP-00014,CUST-1015,Stratus Dynamics,SMB,Inbound Marketing,REP-12,new_business,2022-11-25,2023-01-18,21600.0,Closed Won,closed_won
OPP-00015,CUST-1016,Halcyon Industries,SMB,Outbound Sales,REP-02,new_business,2022-11-23,2023-01-21,7800.0,Closed Won,closed_won
OPP-00016,CUST-1017,Cobalt Holdings,SMB,Inbound Marketing,REP-02,new_business,2022-11-17,2023-01-19,5400.0,Closed Won,closed_won
OPP-00017,CUST-1018,Apex Group,SMB,Partner Referral,REP-01,new_business,2022-12-29,2023-01-26,4200.0,Closed Won,closed_won
OPP-00018,CUST-1019,Halcyon Digital,Enterprise,Event/Conference,REP-05,new_business,2022-11-21,2023-02-08,672000.0,Closed Won,closed_won
OPP-00019,CUST-1020,Apex Holdings,Mid-Market,Inbound Marketing,REP-10,new_business,2022-11-18,2023-02-03,89280.0,Closed Won,closed_won
OPP-00020,CUST-1021,Citron Systems,SMB,Outbound Sales,REP-02,new_business,2022-11-11,2023-02-16,7800.0,Closed Won,closed_won
OPP-00021,CUST-1023,Helix Holdings,SMB,Outbound Sales,REP-02,new_business,2022-12-10,2023-02-02,7800.0,Closed Won,closed_won
OPP-00022,CUST-1024,Helix Group,SMB,Outbound Sales,REP-05,new_business,2023-01-23,2023-02-22,4200.0,Closed Won,closed_won
OPP-00023,CUST-1025,Quantum Digital,SMB,Inbound Marketing,REP-08,new_business,2022-11-30,2023-02-01,3600.0,Closed Won,closed_won
OPP-00024,CUST-1026,Cobalt Holdings,Mid-Market,Outbound Sales,REP-02,new_business,2022-11-16,2023-02-19,63360.0,Closed Won,closed_won
OPP-00025,CUST-1027,Citron Partners,SMB,Inbound Marketing,REP-08,new_business,2022-12-08,2023-02-09,9000.0,Closed Won,closed_won
OPP-00026,CUST-1028,Quantum Group,SMB,Event/Conference,REP-04,new_business,2023-01-18,2023-02-15,11520.0,Closed Won,closed_won
OPP-00027,CUST-1029,Halcyon Solutions,SMB,Partner Referral,REP-04,new_business,2022-12-20,2023-02-18,3600.0,Closed Won,closed_won
OPP-00028,CUST-1030,North Works,SMB,Event/Conference,REP-01,new_business,2022-11-28,2023-02-07,7200.0,Closed Won,closed_won
OPP-00029,CUST-1031,Helix Digital,SMB,Event/Conference,REP-05,new_business,2023-01-04,2023-02-09,21600.0,Closed Won,closed_won
OPP-00030,CUST-1032,Quantum Partners,SMB,Outbound Sales,REP-01,new_business,2022-12-18,2023-02-05,8640.0,Closed Won,closed_won
OPP-00031,CUST-1033,Glide Cloud,SMB,Event/Conference,REP-12,new_business,2022-12-18,2023-02-21,5760.0,Closed Won,closed_won
OPP-00032,CUST-1034,Marlin Dynamics,SMB,Inbound Marketing,REP-02,new_business,2023-01-11,2023-02-10,20160.0,Closed Won,closed_won
OPP-00033,CUST-1036,Plinth Solutions,Mid-Market,Outbound Sales,REP-08,new_business,2022-11-20,2023-02-10,13200.0,Closed Won,closed_won
OPP-00034,CUST-1037,Cobalt Partners,SMB,Inbound Marketing,REP-01,new_business,2023-02-06,2023-03-27,10080.0,Closed Won,closed_won
OPP-00035,CUST-1038,Tessera Digital,SMB,Outbound Sales,REP-07,new_business,2023-01-10,2023-03-01,2400.0,Closed Won,closed_won
OPP-00036,CUST-1039,Glide Network,SMB,Partner Referral,REP-10,new_business,2022-12-16,2023-03-06,4800.0,Closed Won,closed_won
OPP-00037,CUST-1040,Anvil Works,Mid-Market,Outbound Sales,REP-02,new_business,2023-01-21,2023-03-16,34800.0,Closed Won,closed_won
OPP-00038,CUST-1041,Citron Group,SMB,Inbound Marketing,REP-05,new_business,2023-02-08,2023-03-26,4200.0,Closed Won,closed_won
OPP-00039,CUST-1042,Apex Solutions,SMB,Inbound Marketing,REP-12,new_business,2023-01-25,2023-03-23,9000.0,Closed Won,closed_won
OPP-00040,CUST-1043,Halcyon Network,SMB,Event/Conference,REP-07,new_business,2023-02-25,2023-03-26,3000.0,Closed Won,closed_won
OPP-00041,CUST-1044,Mosaic Logic,Mid-Market,Outbound Sales,REP-06,new_business,2023-01-04,2023-03-08,25800.0,Closed Won,closed_won
OPP-00042,CUST-1045,Halcyon Co,SMB,Inbound Marketing,REP-10,new_business,2023-02-25,2023-03-24,9000.0,Closed Won,closed_won
OPP-00043,CUST-1046,Glide Logic,SMB,Inbound Marketing,REP-11,new_business,2023-02-15,2023-03-26,4800.0,Closed Won,closed_won
OPP-00044,CUST-1047,Reverb Works,SMB,Outbound Sales,REP-04,new_business,2023-01-17,2023-03-23,18720.0,Closed Won,closed_won
OPP-00045,CUST-1048,Lattice Cloud,SMB,Outbound Sales,REP-12,new_business,2023-02-06,2023-03-09,4320.0,Closed Won,closed_won
OPP-00046,CUST-1049,Cobalt Works,Mid-Market,Outbound Sales,REP-03,new_business,2022-10-24,2023-03-05,72000.0,Closed Won,closed_won
OPP-00047,CUST-1050,Plinth Partners,SMB,Outbound Sales,REP-01,new_business,2022-12-29,2023-03-12,1800.0,Closed Won,closed_won
OPP-00048,CUST-1051,Mosaic Network,SMB,Inbound Marketing,REP-09,new_business,2023-02-21,2023-03-24,7200.0,Closed Won,closed_won
OPP-00049,CUST-1052,Plinth Digital,SMB,Outbound Sales,REP-05,new_business,2023-02-07,2023-03-18,1800.0,Closed Won,closed_won
OPP-00050,CUST-1053,Apex Network,SMB,Inbound Marketing,REP-06,new_business,2023-01-13,2023-03-03,8400.0,Closed Won,closed_won
OPP-00051,CUST-1054,Anvil Logic,Mid-Market,Outbound Sales,REP-07,new_business,2022-12-26,2023-03-22,25920.0,Closed Won,closed_won
OPP-00052,CUST-1056,Beacon Industries,SMB,Event/Conference,REP-01,new_business,2023-02-19,2023-03-22,5400.0,Closed Won,closed_won
OPP-00053,CUST-1057,Plinth Logic,SMB,Outbound Sales,REP-03,new_business,2023-03-14,2023-04-12,3000.0,Closed Won,closed_won
OPP-00054,CUST-1058,Tessera Logic,SMB,Inbound Marketing,REP-02,new_business,2023-03-16,2023-04-05,4200.0,Closed Won,closed_won
OPP-00055,CUST-1059,Cobalt Partners,Mid-Market,Event/Conference,REP-02,new_business,2023-01-24,2023-04-09,87840.0,Closed Won,closed_won
OPP-00056,CUST-1060,Marlin Works,SMB,Event/Conference,REP-02,new_business,2023-03-16,2023-04-21,8400.0,Closed Won,closed_won
OPP-00057,CUST-1061,Anvil Works,Mid-Market,Outbound Sales,REP-02,new_business,2023-02-19,2023-04-24,64800.0,Closed Won,closed_won
OPP-00058,CUST-1063,Reverb Network,Enterprise,Event/Conference,REP-06,new_business,2023-01-29,2023-04-22,660000.0,Closed Won,closed_won
OPP-00059,CUST-1064,Marlin Systems,SMB,Inbound Marketing,REP-03,new_business,2023-03-05,2023-04-15,9000.0,Closed Won,closed_won
OPP-00060,CUST-1065,Halcyon Solutions,SMB,Inbound Marketing,REP-04,new_business,2023-03-09,2023-04-15,6600.0,Closed Won,closed_won
OPP-00061,CUST-1066,Quantum Network,SMB,Inbound Marketing,REP-04,new_business,2023-02-28,2023-04-23,18720.0,Closed Won,closed_won
OPP-00062,CUST-1067,Helix Industries,SMB,Partner Referral,REP-11,new_business,2023-02-07,2023-04-21,8400.0,Closed Won,closed_won
OPP-00063,CUST-1069,Halcyon Dynamics,SMB,Outbound Sales,REP-01,new_business,2023-03-12,2023-04-12,14400.0,Closed Won,closed_won
OPP-00064,CUST-1070,Cobalt Works,SMB,Event/Conference,REP-08,new_business,2023-02-13,2023-04-17,17280.0,Closed Won,closed_won
OPP-00065,CUST-1072,North Works,SMB,Inbound Marketing,REP-02,new_business,2023-02-14,2023-04-15,6600.0,Closed Won,closed_won
OPP-00066,CUST-1073,North Group,Mid-Market,Outbound Sales,REP-08,new_business,2022-12-23,2023-04-12,48960.0,Closed Won,closed_won
OPP-00067,CUST-1074,Glide Industries,Mid-Market,Outbound Sales,REP-10,new_business,2023-01-04,2023-04-02,213000.0,Closed Won,closed_won
OPP-00068,CUST-1075,Quantum Industries,Mid-Market,Outbound Sales,REP-02,new_business,2023-03-08,2023-04-18,48000.0,Closed Won,closed_won
OPP-00069,CUST-1076,Quantum Network,Mid-Market,Outbound Sales,REP-03,new_business,2023-01-18,2023-04-13,28800.0,Closed Won,closed_won
OPP-00070,CUST-1077,North Labs,SMB,Event/Conference,REP-04,new_business,2023-03-07,2023-05-01,8400.0,Closed Won,closed_won
OPP-00071,CUST-1078,Glide Logic,SMB,Event/Conference,REP-09,new_business,2023-04-13,2023-05-08,1800.0,Closed Won,closed_won
OPP-00072,CUST-1079,Mosaic Network,Mid-Market,Event/Conference,REP-04,new_business,2023-02-24,2023-05-19,95040.0,Closed Won,closed_won
OPP-00073,CUST-1080,Halcyon Partners,SMB,Outbound Sales,REP-04,new_business,2023-03-18,2023-05-15,1800.0,Closed Won,closed_won
OPP-00074,CUST-1081,North Logic,Mid-Market,Outbound Sales,REP-11,new_business,2022-11-03,2023-05-06,25920.0,Closed Won,closed_won
OPP-00075,CUST-1082,Marlin Labs,Enterprise,Partner Referral,REP-06,new_business,2023-03-10,2023-05-02,440640.0,Closed Won,closed_won
OPP-00076,CUST-1085,Vector Industries,Mid-Market,Inbound Marketing,REP-05,new_business,2023-02-19,2023-05-19,67680.0,Closed Won,closed_won
OPP-00077,CUST-1086,Cobalt Works,SMB,Inbound Marketing,REP-02,new_business,2023-05-03,2023-05-25,9000.0,Closed Won,closed_won
OPP-00078,CUST-1087,Mosaic Co,SMB,Outbound Sales,REP-01,new_business,2023-03-26,2023-05-12,6000.0,Closed Won,closed_won
OPP-00079,CUST-1088,Plinth Co,SMB,Inbound Marketing,REP-11,new_business,2023-04-13,2023-05-26,6600.0,Closed Won,closed_won
OPP-00080,CUST-1089,Apex Co,SMB,Inbound Marketing,REP-11,new_business,2023-04-11,2023-05-07,2400.0,Closed Won,closed_won
OPP-00081,CUST-1090,Lattice Logic,Mid-Market,Partner Referral,REP-01,new_business,2023-02-23,2023-05-17,70560.0,Closed Won,closed_won
OPP-00082,CUST-1091,Reverb Partners,SMB,Inbound Marketing,REP-11,new_business,2023-04-09,2023-05-10,5400.0,Closed Won,closed_won
OPP-00083,CUST-1092,Citron Logic,Mid-Market,Event/Conference,REP-02,new_business,2023-02-04,2023-05-20,84960.0,Closed Won,closed_won
OPP-00084,CUST-1093,Apex Works,SMB,Event/Conference,REP-08,new_business,2023-03-30,2023-05-04,1800.0,Closed Won,closed_won
OPP-00085,CUST-1094,Helix Solutions,SMB,Outbound Sales,REP-06,new_business,2023-03-19,2023-05-14,7800.0,Closed Won,closed_won
OPP-00086,CUST-1095,Stratus Dynamics,Mid-Market,Outbound Sales,REP-05,new_business,2023-03-05,2023-05-24,83520.0,Closed Won,closed_won
OPP-00087,CUST-1096,Reverb Works,SMB,Outbound Sales,REP-01,new_business,2023-03-31,2023-05-14,2400.0,Closed Won,closed_won
OPP-00088,CUST-1097,Halcyon Dynamics,Mid-Market,Inbound Marketing,REP-05,new_business,2023-04-19,2023-06-20,33120.0,Closed Won,closed_won
OPP-00089,CUST-1098,Quantum Industries,SMB,Outbound Sales,REP-07,new_business,2023-04-11,2023-06-13,6600.0,Closed Won,closed_won
OPP-00090,CUST-1099,Mosaic Digital,Mid-Market,Event/Conference,REP-09,new_business,2023-05-05,2023-06-23,38880.0,Closed Won,closed_won
OPP-00091,CUST-1100,Halcyon Labs,SMB,Inbound Marketing,REP-11,new_business,2023-05-09,2023-06-23,2400.0,Closed Won,closed_won
OPP-00092,CUST-1101,Anvil Labs,SMB,Outbound Sales,REP-08,new_business,2023-04-09,2023-06-25,3600.0,Closed Won,closed_won
OPP-00093,CUST-1102,Cobalt Labs,SMB,Inbound Marketing,REP-09,new_business,2023-05-19,2023-06-20,3600.0,Closed Won,closed_won
OPP-00094,CUST-1103,Stratus Industries,SMB,Event/Conference,REP-01,new_business,2023-05-13,2023-06-18,6000.0,Closed Won,closed_won
OPP-00095,CUST-1104,Beacon Digital,SMB,Inbound Marketing,REP-08,new_business,2023-05-10,2023-06-24,7200.0,Closed Won,closed_won
OPP-00096,CUST-1106,Citron Partners,Mid-Market,Inbound Marketing,REP-01,new_business,2023-04-04,2023-06-23,72000.0,Closed Won,closed_won
OPP-00097,CUST-1107,North Group,SMB,Event/Conference,REP-01,new_business,2023-05-19,2023-06-05,4800.0,Closed Won,closed_won
OPP-00098,CUST-1108,Lattice Works,SMB,Event/Conference,REP-04,new_business,2023-04-22,2023-06-12,3000.0,Closed Won,closed_won
OPP-00099,CUST-1109,Tessera Digital,SMB,Outbound Sales,REP-04,new_business,2023-04-29,2023-06-18,12960.0,Closed Won,closed_won
OPP-00100,CUST-1111,Mosaic Holdings,Mid-Market,Event/Conference,REP-08,new_business,2023-04-24,2023-06-20,27000.0,Closed Won,closed_won
OPP-00101,CUST-1112,Lattice Network,SMB,Event/Conference,REP-08,new_business,2023-05-17,2023-06-05,30000.0,Closed Won,closed_won
OPP-00102,CUST-1113,Citron Solutions,Mid-Market,Inbound Marketing,REP-02,new_business,2023-04-16,2023-06-02,19800.0,Closed Won,closed_won
OPP-00103,CUST-1114,Stratus Works,Enterprise,Inbound Marketing,REP-07,new_business,2023-03-23,2023-06-07,702000.0,Closed Won,closed_won
OPP-00104,CUST-1115,Cobalt Network,SMB,Inbound Marketing,REP-01,new_business,2023-05-24,2023-06-25,8640.0,Closed Won,closed_won
OPP-00105,CUST-1116,Tessera Solutions,SMB,Outbound Sales,REP-04,new_business,2023-05-04,2023-06-26,1800.0,Closed Won,closed_won
OPP-00106,CUST-1117,Beacon Labs,Mid-Market,Event/Conference,REP-06,new_business,2023-04-19,2023-07-22,54720.0,Closed Won,closed_won
OPP-00107,CUST-1118,Citron Logic,SMB,Event/Conference,REP-09,new_business,2023-06-10,2023-07-26,3600.0,Closed Won,closed_won
OPP-00108,CUST-1119,Vector Logic,SMB,Inbound Marketing,REP-05,new_business,2023-06-18,2023-07-19,14400.0,Closed Won,closed_won
OPP-00109,CUST-1120,Plinth Holdings,SMB,Event/Conference,REP-03,new_business,2023-05-30,2023-07-20,8400.0,Closed Won,closed_won
OPP-00110,CUST-1121,Tessera Group,SMB,Event/Conference,REP-07,new_business,2023-06-01,2023-07-03,6600.0,Closed Won,closed_won
OPP-00111,CUST-1122,Stratus Partners,Mid-Market,Event/Conference,REP-03,new_business,2023-04-18,2023-07-21,83520.0,Closed Won,closed_won
OPP-00112,CUST-1123,Apex Dynamics,SMB,Event/Conference,REP-12,new_business,2023-05-31,2023-07-17,17280.0,Closed Won,closed_won
OPP-00113,CUST-1124,Apex Group,SMB,Outbound Sales,REP-09,new_business,2023-06-16,2023-07-03,8400.0,Closed Won,closed_won
OPP-00114,CUST-1125,Cobalt Dynamics,SMB,Inbound Marketing,REP-07,new_business,2023-06-20,2023-07-10,8400.0,Closed Won,closed_won
OPP-00115,CUST-1126,Anvil Dynamics,Mid-Market,Inbound Marketing,REP-01,new_business,2023-04-01,2023-07-10,105120.0,Closed Won,closed_won
OPP-00116,CUST-1127,Helix Co,SMB,Event/Conference,REP-01,new_business,2023-06-09,2023-07-21,9000.0,Closed Won,closed_won
OPP-00117,CUST-1128,Quantum Group,SMB,Outbound Sales,REP-03,new_business,2023-05-29,2023-07-05,6600.0,Closed Won,closed_won
OPP-00118,CUST-1129,Marlin Holdings,SMB,Inbound Marketing,REP-08,new_business,2023-06-13,2023-07-22,14400.0,Closed Won,closed_won
OPP-00119,CUST-1130,Anvil Logic,Enterprise,Partner Referral,REP-10,new_business,2023-05-18,2023-07-19,690000.0,Closed Won,closed_won
OPP-00120,CUST-1131,Lattice Digital,SMB,Inbound Marketing,REP-01,new_business,2023-06-19,2023-07-18,4800.0,Closed Won,closed_won
OPP-00121,CUST-1132,Apex Group,SMB,Outbound Sales,REP-09,new_business,2023-07-01,2023-07-20,12960.0,Closed Won,closed_won
OPP-00122,CUST-1133,Mosaic Group,SMB,Outbound Sales,REP-12,new_business,2023-06-14,2023-07-14,3600.0,Closed Won,closed_won
OPP-00123,CUST-1134,Tessera Holdings,SMB,Inbound Marketing,REP-07,new_business,2023-05-25,2023-07-25,1800.0,Closed Won,closed_won
OPP-00124,CUST-1135,Lattice Works,SMB,Inbound Marketing,REP-10,new_business,2023-04-28,2023-07-01,2400.0,Closed Won,closed_won
OPP-00125,CUST-1136,Lattice Dynamics,SMB,Inbound Marketing,REP-02,new_business,2023-06-08,2023-07-01,8400.0,Closed Won,closed_won
OPP-00126,CUST-1137,Plinth Logic,Mid-Market,Event/Conference,REP-07,new_business,2023-06-25,2023-08-09,40320.0,Closed Won,closed_won
OPP-00127,CUST-1138,Anvil Holdings,SMB,Outbound Sales,REP-11,new_business,2023-06-17,2023-08-07,5400.0,Closed Won,closed_won
OPP-00128,CUST-1140,Apex Industries,SMB,Outbound Sales,REP-02,new_business,2023-07-09,2023-08-05,8400.0,Closed Won,closed_won
OPP-00129,CUST-1141,Cobalt Labs,SMB,Inbound Marketing,REP-01,new_business,2023-06-29,2023-08-23,6600.0,Closed Won,closed_won
OPP-00130,CUST-1142,Glide Group,SMB,Outbound Sales,REP-04,new_business,2023-07-28,2023-08-27,20160.0,Closed Won,closed_won
OPP-00131,CUST-1143,Apex Dynamics,Mid-Market,Inbound Marketing,REP-09,new_business,2023-06-25,2023-08-27,100800.0,Closed Won,closed_won
OPP-00132,CUST-1145,Beacon Labs,SMB,Outbound Sales,REP-03,new_business,2023-07-19,2023-08-10,7200.0,Closed Won,closed_won
OPP-00133,CUST-1147,Apex Systems,SMB,Outbound Sales,REP-09,new_business,2023-07-15,2023-08-19,6600.0,Closed Won,closed_won
OPP-00134,CUST-1148,Reverb Co,Enterprise,Outbound Sales,REP-09,new_business,2023-06-22,2023-08-15,144000.0,Closed Won,closed_won
OPP-00135,CUST-1149,Quantum Co,SMB,Event/Conference,REP-10,new_business,2023-07-11,2023-08-15,11520.0,Closed Won,closed_won
OPP-00136,CUST-1150,Marlin Digital,SMB,Inbound Marketing,REP-11,new_business,2023-07-23,2023-08-10,3600.0,Closed Won,closed_won
OPP-00137,CUST-1151,Glide Logic,SMB,Inbound Marketing,REP-05,new_business,2023-07-26,2023-08-24,8400.0,Closed Won,closed_won
OPP-00138,CUST-1152,Halcyon Solutions,SMB,Inbound Marketing,REP-09,new_business,2023-06-15,2023-08-15,6000.0,Closed Won,closed_won
OPP-00139,CUST-1153,Anvil Labs,Mid-Market,Event/Conference,REP-04,new_business,2023-05-06,2023-08-14,102240.0,Closed Won,closed_won
OPP-00140,CUST-1154,Anvil Industries,SMB,Inbound Marketing,REP-02,new_business,2023-07-03,2023-08-21,7800.0,Closed Won,closed_won
OPP-00141,CUST-1155,Tessera Systems,SMB,Outbound Sales,REP-11,new_business,2023-06-13,2023-08-05,8640.0,Closed Won,closed_won
OPP-00142,CUST-1156,Halcyon Industries,Mid-Market,Outbound Sales,REP-01,new_business,2023-04-28,2023-08-24,96480.0,Closed Won,closed_won
OPP-00143,CUST-1157,Citron Solutions,SMB,Inbound Marketing,REP-06,new_business,2023-08-16,2023-09-20,15840.0,Closed Won,closed_won
OPP-00144,CUST-1158,Mosaic Partners,SMB,Event/Conference,REP-04,new_business,2023-08-25,2023-09-24,14400.0,Closed Won,closed_won
OPP-00145,CUST-1160,Plinth Partners,Mid-Market,Inbound Marketing,REP-05,new_business,2023-06-15,2023-09-10,83520.0,Closed Won,closed_won
OPP-00146,CUST-1161,Apex Systems,SMB,Partner Referral,REP-01,new_business,2023-08-17,2023-09-13,12960.0,Closed Won,closed_won
OPP-00147,CUST-1162,Tessera Labs,SMB,Outbound Sales,REP-09,new_business,2023-08-08,2023-09-09,4200.0,Closed Won,closed_won
OPP-00148,CUST-1163,Plinth Cloud,Enterprise,Outbound Sales,REP-11,new_business,2023-04-10,2023-09-21,329760.0,Closed Won,closed_won
OPP-00149,CUST-1164,Cobalt Holdings,SMB,Outbound Sales,REP-04,new_business,2023-07-19,2023-09-02,3600.0,Closed Won,closed_won
OPP-00150,CUST-1165,Tessera Holdings,SMB,Inbound Marketing,REP-08,new_business,2023-08-16,2023-09-18,8640.0,Closed Won,closed_won
OPP-00151,CUST-1166,Glide Solutions,SMB,Outbound Sales,REP-05,new_business,2023-07-24,2023-09-09,5760.0,Closed Won,closed_won
OPP-00152,CUST-1167,Stratus Works,Enterprise,Event/Conference,REP-02,new_business,2023-06-03,2023-09-02,798000.0,Closed Won,closed_won
OPP-00153,CUST-1168,Marlin Dynamics,SMB,Outbound Sales,REP-05,new_business,2023-08-27,2023-09-21,8640.0,Closed Won,closed_won
OPP-00154,CUST-1169,Beacon Co,SMB,Outbound Sales,REP-12,new_business,2023-08-31,2023-09-24,2400.0,Closed Won,closed_won
OPP-00155,CUST-1170,Halcyon Labs,SMB,Inbound Marketing,REP-09,new_business,2023-07-12,2023-09-03,7200.0,Closed Won,closed_won
OPP-00156,CUST-1171,Halcyon Works,SMB,Event/Conference,REP-03,new_business,2023-08-21,2023-09-25,3600.0,Closed Won,closed_won
OPP-00157,CUST-1172,Cobalt Systems,Mid-Market,Outbound Sales,REP-12,new_business,2023-06-03,2023-09-02,44640.0,Closed Won,closed_won
OPP-00158,CUST-1173,Citron Partners,Mid-Market,Event/Conference,REP-11,new_business,2023-04-30,2023-09-10,180000.0,Closed Won,closed_won
OPP-00159,CUST-1174,Glide Labs,SMB,Outbound Sales,REP-08,new_business,2023-07-26,2023-09-03,8640.0,Closed Won,closed_won
OPP-00160,CUST-1175,Mosaic Holdings,SMB,Inbound Marketing,REP-04,new_business,2023-07-30,2023-09-15,4800.0,Closed Won,closed_won
OPP-00161,CUST-1176,Reverb Systems,SMB,Event/Conference,REP-09,new_business,2023-08-10,2023-09-23,2400.0,Closed Won,closed_won
OPP-00162,CUST-1177,Beacon Works,SMB,Outbound Sales,REP-09,new_business,2023-08-11,2023-10-01,8400.0,Closed Won,closed_won
OPP-00163,CUST-1178,Stratus Partners,SMB,Partner Referral,REP-02,new_business,2023-09-30,2023-10-27,8400.0,Closed Won,closed_won
OPP-00164,CUST-1179,Beacon Holdings,SMB,Event/Conference,REP-04,new_business,2023-10-01,2023-10-21,18720.0,Closed Won,closed_won
OPP-00165,CUST-1180,Beacon Labs,Mid-Market,Inbound Marketing,REP-04,new_business,2023-07-30,2023-10-26,14400.0,Closed Won,closed_won
OPP-00166,CUST-1182,Lattice Cloud,SMB,Outbound Sales,REP-05,new_business,2023-08-24,2023-10-08,24000.0,Closed Won,closed_won
OPP-00167,CUST-1183,Cobalt Dynamics,SMB,Outbound Sales,REP-02,new_business,2023-08-20,2023-10-18,7800.0,Closed Won,closed_won
OPP-00168,CUST-1185,Apex Industries,SMB,Event/Conference,REP-10,new_business,2023-09-15,2023-10-05,6000.0,Closed Won,closed_won
OPP-00169,CUST-1186,Halcyon Logic,SMB,Inbound Marketing,REP-05,new_business,2023-09-15,2023-10-21,18720.0,Closed Won,closed_won
OPP-00170,CUST-1187,Tessera Dynamics,SMB,Partner Referral,REP-12,new_business,2023-09-27,2023-10-26,4200.0,Closed Won,closed_won
OPP-00171,CUST-1188,Citron Solutions,SMB,Inbound Marketing,REP-10,new_business,2023-09-18,2023-10-16,17280.0,Closed Won,closed_won
OPP-00172,CUST-1189,Cobalt Holdings,SMB,Partner Referral,REP-11,new_business,2023-08-31,2023-10-12,7200.0,Closed Won,closed_won
OPP-00173,CUST-1190,Marlin Group,SMB,Partner Referral,REP-12,new_business,2023-08-19,2023-10-20,2400.0,Closed Won,closed_won
OPP-00174,CUST-1191,Halcyon Logic,SMB,Outbound Sales,REP-09,new_business,2023-10-03,2023-10-24,21600.0,Closed Won,closed_won
OPP-00175,CUST-1192,Lattice Logic,SMB,Outbound Sales,REP-06,new_business,2023-09-20,2023-10-08,6600.0,Closed Won,closed_won
OPP-00176,CUST-1193,Halcyon Digital,Mid-Market,Outbound Sales,REP-02,new_business,2023-07-30,2023-10-19,69120.0,Closed Won,closed_won
OPP-00177,CUST-1194,Reverb Partners,SMB,Partner Referral,REP-03,new_business,2023-08-07,2023-10-20,6000.0,Closed Won,closed_won
OPP-00178,CUST-1195,Reverb Co,SMB,Outbound Sales,REP-10,new_business,2023-09-27,2023-10-24,7200.0,Closed Won,closed_won
OPP-00179,CUST-1196,Citron Industries,Mid-Market,Event/Conference,REP-01,new_business,2023-08-16,2023-10-24,60480.0,Closed Won,closed_won
OPP-00180,CUST-1197,Reverb Cloud,SMB,Inbound Marketing,REP-04,new_business,2023-09-26,2023-10-25,4800.0,Closed Won,closed_won
OPP-00181,CUST-1199,Lattice Logic,SMB,Outbound Sales,REP-06,new_business,2023-08-27,2023-10-08,6600.0,Closed Won,closed_won
OPP-00182,CUST-1200,Glide Partners,SMB,Outbound Sales,REP-05,new_business,2023-10-07,2023-11-08,14400.0,Closed Won,closed_won
OPP-00183,CUST-1201,Vector Works,SMB,Inbound Marketing,REP-06,new_business,2023-10-23,2023-11-23,5760.0,Closed Won,closed_won
OPP-00184,CUST-1202,Helix Digital,SMB,Inbound Marketing,REP-06,new_business,2023-10-08,2023-11-08,39000.0,Closed Won,closed_won
OPP-00185,CUST-1203,Marlin Labs,SMB,Partner Referral,REP-09,new_business,2023-10-27,2023-11-27,8640.0,Closed Won,closed_won
OPP-00186,CUST-1204,Marlin Holdings,Mid-Market,Outbound Sales,REP-04,new_business,2023-08-31,2023-11-07,69000.0,Closed Won,closed_won
OPP-00187,CUST-1205,Vector Partners,Mid-Market,Outbound Sales,REP-06,new_business,2023-09-27,2023-11-15,64800.0,Closed Won,closed_won
OPP-00188,CUST-1206,Citron Works,SMB,Event/Conference,REP-01,new_business,2023-10-04,2023-11-01,33000.0,Closed Won,closed_won
OPP-00189,CUST-1207,Helix Dynamics,Mid-Market,Event/Conference,REP-03,new_business,2023-08-27,2023-11-13,47520.0,Closed Won,closed_won
OPP-00190,CUST-1208,Mosaic Cloud,SMB,Inbound Marketing,REP-06,new_business,2023-10-21,2023-11-19,4320.0,Closed Won,closed_won
OPP-00191,CUST-1209,Helix Holdings,SMB,Inbound Marketing,REP-09,new_business,2023-08-31,2023-11-22,17280.0,Closed Won,closed_won
OPP-00192,CUST-1210,Quantum Group,SMB,Event/Conference,REP-10,new_business,2023-10-19,2023-11-09,8400.0,Closed Won,closed_won
OPP-00193,CUST-1211,Glide Solutions,SMB,Outbound Sales,REP-03,new_business,2023-10-03,2023-11-12,2400.0,Closed Won,closed_won
OPP-00194,CUST-1212,Quantum Labs,SMB,Event/Conference,REP-02,new_business,2023-09-17,2023-11-01,1800.0,Closed Won,closed_won
OPP-00195,CUST-1213,Stratus Dynamics,Mid-Market,Inbound Marketing,REP-12,new_business,2023-08-06,2023-11-03,24480.0,Closed Won,closed_won
OPP-00196,CUST-1215,Reverb Works,SMB,Outbound Sales,REP-09,new_business,2023-09-11,2023-11-21,6600.0,Closed Won,closed_won
OPP-00197,CUST-1216,Stratus Industries,SMB,Outbound Sales,REP-01,new_business,2023-10-02,2023-11-02,5760.0,Closed Won,closed_won
OPP-00198,CUST-1217,Helix Cloud,SMB,Partner Referral,REP-09,new_business,2023-10-02,2023-11-11,8400.0,Closed Won,closed_won
OPP-00199,CUST-1218,Marlin Digital,Mid-Market,Outbound Sales,REP-06,new_business,2023-08-26,2023-11-13,106560.0,Closed Won,closed_won
OPP-00200,CUST-1219,Beacon Industries,Mid-Market,Inbound Marketing,REP-02,new_business,2023-07-20,2023-11-23,54720.0,Closed Won,closed_won
OPP-00201,CUST-1220,Vector Group,SMB,Partner Referral,REP-02,new_business,2023-10-23,2023-11-17,1800.0,Closed Won,closed_won
OPP-00202,CUST-1221,Halcyon Logic,Mid-Market,Event/Conference,REP-07,new_business,2023-05-31,2023-11-11,34560.0,Closed Won,closed_won
OPP-00203,CUST-1222,Apex Dynamics,SMB,Inbound Marketing,REP-10,new_business,2023-09-29,2023-11-23,5400.0,Closed Won,closed_won
OPP-00204,CUST-1223,Glide Cloud,SMB,Event/Conference,REP-01,new_business,2023-11-11,2023-12-05,7800.0,Closed Won,closed_won
OPP-00205,CUST-1224,Helix Holdings,SMB,Event/Conference,REP-06,new_business,2023-11-16,2023-12-10,5400.0,Closed Won,closed_won
OPP-00206,CUST-1225,Stratus Systems,SMB,Partner Referral,REP-03,new_business,2023-09-21,2023-12-03,8400.0,Closed Won,closed_won
OPP-00207,CUST-1226,Lattice Group,SMB,Outbound Sales,REP-10,new_business,2023-10-04,2023-12-05,11520.0,Closed Won,closed_won
OPP-00208,CUST-1227,Stratus Systems,SMB,Inbound Marketing,REP-02,new_business,2023-10-07,2023-12-17,9000.0,Closed Won,closed_won
OPP-00209,CUST-1228,Quantum Holdings,Mid-Market,Outbound Sales,REP-06,new_business,2023-09-26,2023-12-02,41400.0,Closed Won,closed_won
OPP-00210,CUST-1229,Tessera Partners,SMB,Event/Conference,REP-03,new_business,2023-10-22,2023-12-23,5760.0,Closed Won,closed_won
OPP-00211,CUST-1230,Reverb Works,SMB,Inbound Marketing,REP-12,new_business,2023-09-06,2023-12-13,9000.0,Closed Won,closed_won
OPP-00212,CUST-1231,Citron Holdings,Mid-Market,Outbound Sales,REP-03,new_business,2023-09-12,2023-12-14,102000.0,Closed Won,closed_won
OPP-00213,CUST-1232,Quantum Industries,SMB,Inbound Marketing,REP-01,new_business,2023-11-03,2023-12-13,9000.0,Closed Won,closed_won
OPP-00214,CUST-1233,Plinth Dynamics,SMB,Outbound Sales,REP-10,new_business,2023-11-06,2023-12-16,4320.0,Closed Won,closed_won
OPP-00215,CUST-1234,Anvil Solutions,SMB,Partner Referral,REP-04,new_business,2023-11-10,2023-12-22,11520.0,Closed Won,closed_won
OPP-00216,CUST-1235,Lattice Industries,SMB,Inbound Marketing,REP-01,new_business,2023-11-19,2023-12-13,4200.0,Closed Won,closed_won
OPP-00217,CUST-1236,Apex Group,SMB,Inbound Marketing,REP-03,new_business,2023-11-07,2023-12-15,6000.0,Closed Won,closed_won
OPP-00218,CUST-1237,Halcyon Solutions,Mid-Market,Inbound Marketing,REP-03,new_business,2023-11-24,2023-12-16,89280.0,Closed Won,closed_won
OPP-00219,CUST-1238,Tessera Digital,Mid-Market,Event/Conference,REP-04,new_business,2023-09-12,2023-12-03,43200.0,Closed Won,closed_won
OPP-00220,CUST-1239,Reverb Labs,Mid-Market,Inbound Marketing,REP-01,new_business,2023-11-03,2023-12-16,213000.0,Closed Won,closed_won
OPP-00221,CUST-1240,Halcyon Systems,SMB,Inbound Marketing,REP-07,new_business,2023-11-02,2023-12-10,1800.0,Closed Won,closed_won
OPP-00222,CUST-1241,Anvil Group,SMB,Inbound Marketing,REP-06,new_business,2023-11-20,2023-12-22,6000.0,Closed Won,closed_won
OPP-00223,CUST-1242,Quantum Holdings,SMB,Inbound Marketing,REP-03,new_business,2023-10-17,2023-12-19,8400.0,Closed Won,closed_won
OPP-00224,CUST-1243,Mosaic Network,SMB,Inbound Marketing,REP-08,new_business,2024-01-03,2024-01-27,4320.0,Closed Won,closed_won
OPP-00225,CUST-1244,Apex Dynamics,SMB,Event/Conference,REP-08,new_business,2023-12-05,2024-01-04,3000.0,Closed Won,closed_won
OPP-00226,CUST-1245,Anvil Dynamics,SMB,Inbound Marketing,REP-01,new_business,2023-11-20,2024-01-17,36000.0,Closed Won,closed_won
OPP-00227,CUST-1246,Glide Labs,SMB,Outbound Sales,REP-06,new_business,2023-11-30,2024-01-06,10080.0,Closed Won,closed_won
OPP-00228,CUST-1247,Citron Holdings,SMB,Event/Conference,REP-04,new_business,2023-12-16,2024-01-15,9000.0,Closed Won,closed_won
OPP-00229,CUST-1248,Marlin Works,SMB,Partner Referral,REP-03,new_business,2023-12-25,2024-01-22,6600.0,Closed Won,closed_won
OPP-00230,CUST-1249,Plinth Systems,SMB,Inbound Marketing,REP-07,new_business,2023-12-06,2024-01-04,4800.0,Closed Won,closed_won
OPP-00231,CUST-1250,Mosaic Dynamics,SMB,Event/Conference,REP-12,new_business,2023-12-27,2024-01-07,4200.0,Closed Won,closed_won
OPP-00232,CUST-1251,Beacon Holdings,SMB,Partner Referral,REP-12,new_business,2023-12-17,2024-01-18,20160.0,Closed Won,closed_won
OPP-00233,CUST-1252,Reverb Industries,SMB,Inbound Marketing,REP-11,new_business,2023-11-20,2024-01-13,24000.0,Closed Won,closed_won
OPP-00234,CUST-1253,Lattice Digital,Mid-Market,Inbound Marketing,REP-07,new_business,2023-10-21,2024-01-02,114000.0,Closed Won,closed_won
OPP-00235,CUST-1254,Quantum Solutions,SMB,Outbound Sales,REP-12,new_business,2023-12-26,2024-01-26,18720.0,Closed Won,closed_won
OPP-00236,CUST-1255,Reverb Labs,Mid-Market,Inbound Marketing,REP-01,new_business,2023-11-04,2024-01-13,90720.0,Closed Won,closed_won
OPP-00237,CUST-1256,Reverb Systems,SMB,Outbound Sales,REP-03,new_business,2023-12-02,2024-01-06,9000.0,Closed Won,closed_won
OPP-00238,CUST-1260,Mosaic Solutions,SMB,Outbound Sales,REP-12,new_business,2023-12-19,2024-01-16,4200.0,Closed Won,closed_won
OPP-00239,CUST-1261,Glide Systems,Mid-Market,Partner Referral,REP-08,new_business,2023-08-07,2024-02-05,20400.0,Closed Won,closed_won
OPP-00240,CUST-1262,Reverb Labs,SMB,Inbound Marketing,REP-10,new_business,2024-01-30,2024-02-24,21600.0,Closed Won,closed_won
OPP-00241,CUST-1263,Quantum Partners,SMB,Outbound Sales,REP-05,new_business,2023-11-20,2024-02-06,2400.0,Closed Won,closed_won
OPP-00242,CUST-1264,Mosaic Cloud,SMB,Partner Referral,REP-03,new_business,2024-01-06,2024-02-14,8400.0,Closed Won,closed_won
OPP-00243,CUST-1265,Cobalt Logic,Mid-Market,Event/Conference,REP-03,new_business,2023-11-16,2024-02-03,30240.0,Closed Won,closed_won
OPP-00244,CUST-1266,Citron Dynamics,Mid-Market,Inbound Marketing,REP-01,new_business,2023-11-17,2024-02-04,59040.0,Closed Won,closed_won
OPP-00245,CUST-1267,Mosaic Logic,SMB,Partner Referral,REP-03,new_business,2024-01-17,2024-02-12,3000.0,Closed Won,closed_won
OPP-00246,CUST-1268,Apex Co,SMB,Event/Conference,REP-01,new_business,2024-02-06,2024-02-23,7200.0,Closed Won,closed_won
OPP-00247,CUST-1269,Apex Holdings,SMB,Inbound Marketing,REP-07,new_business,2024-01-20,2024-02-27,3600.0,Closed Won,closed_won
OPP-00248,CUST-1270,Vector Solutions,SMB,Outbound Sales,REP-01,new_business,2023-12-15,2024-02-07,5400.0,Closed Won,closed_won
OPP-00249,CUST-1271,Lattice Holdings,SMB,Event/Conference,REP-04,new_business,2023-12-17,2024-02-25,5400.0,Closed Won,closed_won
OPP-00250,CUST-1272,Stratus Holdings,Mid-Market,Partner Referral,REP-12,new_business,2023-12-19,2024-02-25,25920.0,Closed Won,closed_won
OPP-00251,CUST-1273,Mosaic Industries,Mid-Market,Partner Referral,REP-09,new_business,2023-12-04,2024-02-18,59040.0,Closed Won,closed_won
OPP-00252,CUST-1274,Citron Labs,SMB,Inbound Marketing,REP-05,new_business,2023-12-13,2024-02-10,21600.0,Closed Won,closed_won
OPP-00253,CUST-1275,Beacon Systems,SMB,Outbound Sales,REP-11,new_business,2023-12-10,2024-02-04,10080.0,Closed Won,closed_won
OPP-00254,CUST-1276,Apex Works,Mid-Market,Event/Conference,REP-08,new_business,2023-12-27,2024-02-16,76320.0,Closed Won,closed_won
OPP-00255,CUST-1277,Helix Cloud,SMB,Outbound Sales,REP-01,new_business,2024-01-07,2024-02-15,4200.0,Closed Won,closed_won
OPP-00256,CUST-1278,Cobalt Network,Mid-Market,Outbound Sales,REP-05,new_business,2023-11-18,2024-02-22,87840.0,Closed Won,closed_won
OPP-00257,CUST-1279,Mosaic Industries,SMB,Inbound Marketing,REP-02,new_business,2024-02-25,2024-03-15,7200.0,Closed Won,closed_won
OPP-00258,CUST-1281,Vector Holdings,Mid-Market,Outbound Sales,REP-06,new_business,2023-08-21,2024-03-05,37440.0,Closed Won,closed_won
OPP-00259,CUST-1283,Citron Solutions,SMB,Inbound Marketing,REP-02,new_business,2024-02-13,2024-03-07,8400.0,Closed Won,closed_won
OPP-00260,CUST-1284,Reverb Holdings,SMB,Partner Referral,REP-03,new_business,2024-02-04,2024-03-17,21600.0,Closed Won,closed_won
OPP-00261,CUST-1285,Halcyon Works,Mid-Market,Event/Conference,REP-06,new_business,2023-11-16,2024-03-13,51840.0,Closed Won,closed_won
OPP-00262,CUST-1286,Plinth Solutions,SMB,Inbound Marketing,REP-01,new_business,2024-02-12,2024-03-13,1800.0,Closed Won,closed_won
OPP-00263,CUST-1287,Apex Network,Mid-Market,Outbound Sales,REP-02,new_business,2023-10-07,2024-03-22,38880.0,Closed Won,closed_won
OPP-00264,CUST-1288,Stratus Solutions,Mid-Market,Event/Conference,REP-04,new_business,2023-12-27,2024-03-04,108000.0,Closed Won,closed_won
OPP-00265,CUST-1289,Marlin Group,SMB,Event/Conference,REP-02,new_business,2024-01-16,2024-03-16,9000.0,Closed Won,closed_won
OPP-00266,CUST-1290,Stratus Labs,SMB,Outbound Sales,REP-04,new_business,2024-01-25,2024-03-21,7200.0,Closed Won,closed_won
OPP-00267,CUST-1291,Reverb Logic,SMB,Outbound Sales,REP-03,new_business,2024-02-16,2024-03-22,3000.0,Closed Won,closed_won
OPP-00268,CUST-1292,Vector Digital,SMB,Partner Referral,REP-11,new_business,2024-02-08,2024-03-12,20160.0,Closed Won,closed_won
OPP-00269,CUST-1293,Tessera Logic,Enterprise,Outbound Sales,REP-08,new_business,2024-01-20,2024-03-12,1188000.0,Closed Won,closed_won
OPP-00270,CUST-1294,Helix Industries,Mid-Market,Inbound Marketing,REP-05,new_business,2023-12-06,2024-03-23,89280.0,Closed Won,closed_won
OPP-00271,CUST-1295,Anvil Partners,SMB,Event/Conference,REP-01,new_business,2024-01-19,2024-03-06,3000.0,Closed Won,closed_won
OPP-00272,CUST-1296,Beacon Logic,SMB,Inbound Marketing,REP-03,new_business,2024-01-20,2024-03-05,18720.0,Closed Won,closed_won
OPP-00273,CUST-1297,Citron Co,SMB,Inbound Marketing,REP-02,new_business,2024-01-19,2024-03-24,7200.0,Closed Won,closed_won
OPP-00274,CUST-1298,Anvil Works,Enterprise,Inbound Marketing,REP-02,new_business,2023-12-13,2024-03-07,900000.0,Closed Won,closed_won
OPP-00275,CUST-1300,Anvil Partners,SMB,Outbound Sales,REP-04,new_business,2024-03-11,2024-04-06,7200.0,Closed Won,closed_won
OPP-00276,CUST-1301,North Digital,SMB,Outbound Sales,REP-05,new_business,2024-01-22,2024-04-04,3600.0,Closed Won,closed_won
OPP-00277,CUST-1302,North Works,SMB,Event/Conference,REP-07,new_business,2024-02-27,2024-04-07,4800.0,Closed Won,closed_won
OPP-00278,CUST-1304,Lattice Works,SMB,Outbound Sales,REP-03,new_business,2024-03-20,2024-04-15,20160.0,Closed Won,closed_won
OPP-00279,CUST-1305,Apex Solutions,Mid-Market,Outbound Sales,REP-10,new_business,2023-12-15,2024-04-26,34560.0,Closed Won,closed_won
OPP-00280,CUST-1306,Mosaic Systems,Mid-Market,Inbound Marketing,REP-01,new_business,2024-02-15,2024-04-02,59040.0,Closed Won,closed_won
OPP-00281,CUST-1307,Tessera Partners,SMB,Outbound Sales,REP-04,new_business,2024-03-10,2024-04-14,4200.0,Closed Won,closed_won
OPP-00282,CUST-1309,Cobalt Digital,SMB,Inbound Marketing,REP-11,new_business,2024-02-21,2024-04-22,4200.0,Closed Won,closed_won
OPP-00283,CUST-1310,Marlin Industries,Mid-Market,Event/Conference,REP-01,new_business,2024-01-14,2024-04-10,84960.0,Closed Won,closed_won
OPP-00284,CUST-1311,Apex Logic,Enterprise,Outbound Sales,REP-08,new_business,2024-03-11,2024-04-24,825000.0,Closed Won,closed_won
OPP-00285,CUST-1312,Lattice Logic,SMB,Event/Conference,REP-03,new_business,2024-03-18,2024-04-22,18720.0,Closed Won,closed_won
OPP-00286,CUST-1313,Reverb Labs,SMB,Partner Referral,REP-12,new_business,2024-03-15,2024-04-23,9000.0,Closed Won,closed_won
OPP-00287,CUST-1314,North Holdings,Mid-Market,Inbound Marketing,REP-05,new_business,2024-02-07,2024-04-13,40320.0,Closed Won,closed_won
OPP-00288,CUST-1315,Glide Labs,Mid-Market,Outbound Sales,REP-01,new_business,2024-03-18,2024-04-26,57600.0,Closed Won,closed_won
OPP-00289,CUST-1316,Glide Group,SMB,Event/Conference,REP-02,new_business,2024-03-22,2024-04-20,17280.0,Closed Won,closed_won
OPP-00290,CUST-1318,Citron Works,Mid-Market,Partner Referral,REP-10,new_business,2024-03-10,2024-04-26,105120.0,Closed Won,closed_won
OPP-00291,CUST-1319,Glide Network,SMB,Partner Referral,REP-01,new_business,2024-04-11,2024-05-24,1800.0,Closed Won,closed_won
OPP-00292,CUST-1320,Anvil Industries,SMB,Outbound Sales,REP-07,new_business,2024-04-01,2024-05-05,10080.0,Closed Won,closed_won
OPP-00293,CUST-1321,Helix Works,SMB,Outbound Sales,REP-07,new_business,2024-04-03,2024-05-03,2400.0,Closed Won,closed_won
OPP-00294,CUST-1322,Mosaic Solutions,Enterprise,Outbound Sales,REP-10,new_business,2024-04-10,2024-05-15,141120.0,Closed Won,closed_won
OPP-00295,CUST-1323,Stratus Partners,Mid-Market,Partner Referral,REP-12,new_business,2024-04-09,2024-05-18,99000.0,Closed Won,closed_won
OPP-00296,CUST-1324,Helix Dynamics,SMB,Inbound Marketing,REP-03,new_business,2024-04-15,2024-05-02,7200.0,Closed Won,closed_won
OPP-00297,CUST-1325,Tessera Group,SMB,Outbound Sales,REP-01,new_business,2024-04-12,2024-05-23,7800.0,Closed Won,closed_won
OPP-00298,CUST-1326,Lattice Solutions,Mid-Market,Outbound Sales,REP-11,new_business,2024-04-06,2024-05-06,80640.0,Closed Won,closed_won
OPP-00299,CUST-1327,Vector Group,SMB,Event/Conference,REP-09,new_business,2024-04-13,2024-05-16,9000.0,Closed Won,closed_won
OPP-00300,CUST-1328,Quantum Group,SMB,Partner Referral,REP-08,new_business,2024-04-21,2024-05-25,6000.0,Closed Won,closed_won
OPP-00301,CUST-1329,North Dynamics,SMB,Partner Referral,REP-08,new_business,2024-04-30,2024-05-13,7200.0,Closed Won,closed_won
OPP-00302,CUST-1330,Vector Network,SMB,Inbound Marketing,REP-12,new_business,2024-04-15,2024-05-21,5760.0,Closed Won,closed_won
OPP-00303,CUST-1332,Halcyon Works,SMB,Inbound Marketing,REP-02,new_business,2024-05-14,2024-05-27,9000.0,Closed Won,closed_won
OPP-00304,CUST-1333,Plinth Holdings,SMB,Inbound Marketing,REP-11,new_business,2024-03-21,2024-05-14,10080.0,Closed Won,closed_won
OPP-00305,CUST-1334,Apex Co,SMB,Outbound Sales,REP-02,new_business,2024-03-18,2024-05-04,9000.0,Closed Won,closed_won
OPP-00306,CUST-1336,Lattice Dynamics,Mid-Market,Outbound Sales,REP-06,new_business,2024-01-13,2024-05-06,34560.0,Closed Won,closed_won
OPP-00307,CUST-1338,Lattice Group,Mid-Market,Event/Conference,REP-01,new_business,2024-03-06,2024-05-20,87840.0,Closed Won,closed_won
OPP-00308,CUST-1339,Apex Partners,SMB,Inbound Marketing,REP-04,new_business,2024-04-14,2024-06-27,9000.0,Closed Won,closed_won
OPP-00309,CUST-1340,Citron Industries,Mid-Market,Event/Conference,REP-04,new_business,2024-02-16,2024-06-11,76320.0,Closed Won,closed_won
OPP-00310,CUST-1341,Anvil Cloud,SMB,Inbound Marketing,REP-06,new_business,2024-05-19,2024-06-27,24000.0,Closed Won,closed_won
OPP-00311,CUST-1342,Plinth Systems,SMB,Inbound Marketing,REP-02,new_business,2024-03-14,2024-06-03,7800.0,Closed Won,closed_won
OPP-00312,CUST-1343,Stratus Group,SMB,Inbound Marketing,REP-04,new_business,2024-05-16,2024-06-10,18720.0,Closed Won,closed_won
OPP-00313,CUST-1344,Vector Works,SMB,Event/Conference,REP-01,new_business,2024-04-16,2024-06-02,2400.0,Closed Won,closed_won
OPP-00314,CUST-1345,Vector Industries,SMB,Outbound Sales,REP-05,new_business,2024-05-15,2024-06-05,2400.0,Closed Won,closed_won
OPP-00315,CUST-1346,North Labs,SMB,Outbound Sales,REP-08,new_business,2024-05-23,2024-06-22,3600.0,Closed Won,closed_won
OPP-00316,CUST-1347,Beacon Works,SMB,Partner Referral,REP-01,new_business,2024-04-26,2024-06-12,6600.0,Closed Won,closed_won
OPP-00317,CUST-1348,Anvil Group,Mid-Market,Outbound Sales,REP-07,new_business,2023-12-24,2024-06-17,37800.0,Closed Won,closed_won
OPP-00318,CUST-1349,Helix Co,SMB,Outbound Sales,REP-09,new_business,2024-05-11,2024-06-20,2400.0,Closed Won,closed_won
OPP-00319,CUST-1350,Beacon Solutions,SMB,Inbound Marketing,REP-03,new_business,2024-05-26,2024-06-21,9000.0,Closed Won,closed_won
OPP-00320,CUST-1351,Lattice Holdings,SMB,Inbound Marketing,REP-06,new_business,2024-04-22,2024-06-01,10080.0,Closed Won,closed_won
OPP-00321,CUST-1353,Glide Logic,SMB,Partner Referral,REP-03,new_business,2024-04-24,2024-06-02,3000.0,Closed Won,closed_won
OPP-00322,CUST-1354,Anvil Holdings,SMB,Outbound Sales,REP-12,new_business,2024-04-03,2024-06-16,11520.0,Closed Won,closed_won
OPP-00323,CUST-1355,Citron Labs,Mid-Market,Outbound Sales,REP-01,new_business,2024-02-16,2024-06-26,138000.0,Closed Won,closed_won
OPP-00324,CUST-1356,Citron Network,Enterprise,Event/Conference,REP-06,new_business,2024-01-11,2024-06-06,969000.0,Closed Won,closed_won
OPP-00325,CUST-1357,Marlin Co,Mid-Market,Partner Referral,REP-08,new_business,2024-04-14,2024-06-12,63360.0,Closed Won,closed_won
OPP-00326,CUST-1358,Glide Partners,Mid-Market,Outbound Sales,REP-01,new_business,2024-01-18,2024-06-05,34560.0,Closed Won,closed_won
OPP-00327,CUST-1359,North Dynamics,SMB,Inbound Marketing,REP-06,new_business,2024-05-14,2024-07-20,5760.0,Closed Won,closed_won
OPP-00328,CUST-1360,Halcyon Works,SMB,Inbound Marketing,REP-01,new_business,2024-06-09,2024-07-15,7200.0,Closed Won,closed_won
OPP-00329,CUST-1361,Plinth Co,Mid-Market,Inbound Marketing,REP-07,new_business,2024-04-21,2024-07-07,186000.0,Closed Won,closed_won
OPP-00330,CUST-1362,Quantum Holdings,SMB,Partner Referral,REP-12,new_business,2024-05-23,2024-07-15,45000.0,Closed Won,closed_won
OPP-00331,CUST-1363,Halcyon Solutions,SMB,Inbound Marketing,REP-07,new_business,2024-06-03,2024-07-13,4800.0,Closed Won,closed_won
OPP-00332,CUST-1364,Glide Labs,SMB,Event/Conference,REP-01,new_business,2024-06-15,2024-07-09,3600.0,Closed Won,closed_won
OPP-00333,CUST-1365,Tessera Holdings,Enterprise,Partner Referral,REP-08,new_business,2024-06-05,2024-07-24,273600.0,Closed Won,closed_won
OPP-00334,CUST-1366,Lattice Holdings,SMB,Partner Referral,REP-02,new_business,2024-06-04,2024-07-15,2400.0,Closed Won,closed_won
OPP-00335,CUST-1367,Stratus Labs,SMB,Inbound Marketing,REP-06,new_business,2024-05-20,2024-07-08,3600.0,Closed Won,closed_won
OPP-00336,CUST-1368,North Holdings,SMB,Partner Referral,REP-09,new_business,2024-05-28,2024-07-12,6000.0,Closed Won,closed_won
OPP-00337,CUST-1369,Glide Partners,SMB,Inbound Marketing,REP-01,new_business,2024-05-27,2024-07-11,4320.0,Closed Won,closed_won
OPP-00338,CUST-1370,Stratus Solutions,SMB,Inbound Marketing,REP-09,new_business,2024-05-30,2024-07-24,6000.0,Closed Won,closed_won
OPP-00339,CUST-1371,Vector Solutions,Mid-Market,Event/Conference,REP-09,new_business,2024-04-17,2024-07-17,44400.0,Closed Won,closed_won
OPP-00340,CUST-1372,Reverb Solutions,Mid-Market,Partner Referral,REP-05,new_business,2024-02-13,2024-07-27,96000.0,Closed Won,closed_won
OPP-00341,CUST-1373,Apex Digital,SMB,Inbound Marketing,REP-08,new_business,2024-06-02,2024-07-10,7800.0,Closed Won,closed_won
OPP-00342,CUST-1374,Cobalt Systems,SMB,Event/Conference,REP-06,new_business,2024-05-22,2024-07-01,1800.0,Closed Won,closed_won
OPP-00343,CUST-1375,Reverb Logic,SMB,Outbound Sales,REP-08,new_business,2024-05-28,2024-07-26,7200.0,Closed Won,closed_won
OPP-00344,CUST-1376,Citron Digital,SMB,Inbound Marketing,REP-11,new_business,2024-06-05,2024-07-20,12960.0,Closed Won,closed_won
OPP-00345,CUST-1377,Quantum Logic,SMB,Inbound Marketing,REP-09,new_business,2024-05-21,2024-07-13,7200.0,Closed Won,closed_won
OPP-00346,CUST-1378,Helix Industries,SMB,Inbound Marketing,REP-10,new_business,2024-04-28,2024-07-07,20160.0,Closed Won,closed_won
OPP-00347,CUST-1399,Vector Labs,Mid-Market,Outbound Sales,REP-05,new_business,2024-07-03,2024-08-20,54720.0,Closed Won,closed_won
OPP-00348,CUST-1400,Vector Labs,Mid-Market,Outbound Sales,REP-05,new_business,2024-03-31,2024-08-08,73440.0,Closed Won,closed_won
OPP-00349,CUST-1401,Vector Group,SMB,Event/Conference,REP-12,new_business,2024-06-18,2024-08-06,8640.0,Closed Won,closed_won
OPP-00350,CUST-1402,Apex Solutions,Mid-Market,Inbound Marketing,REP-03,new_business,2024-05-25,2024-08-20,30000.0,Closed Won,closed_won
OPP-00351,CUST-1403,Anvil Works,SMB,Event/Conference,REP-09,new_business,2024-07-13,2024-08-25,7800.0,Closed Won,closed_won
OPP-00352,CUST-1404,Beacon Industries,Mid-Market,Event/Conference,REP-02,new_business,2024-06-01,2024-08-09,30240.0,Closed Won,closed_won
OPP-00353,CUST-1405,Cobalt Industries,SMB,Outbound Sales,REP-05,new_business,2024-06-19,2024-08-07,20160.0,Closed Won,closed_won
OPP-00354,CUST-1406,Marlin Holdings,SMB,Partner Referral,REP-02,new_business,2024-07-17,2024-08-16,1800.0,Closed Won,closed_won
OPP-00355,CUST-1408,Beacon Partners,SMB,Outbound Sales,REP-04,new_business,2024-06-21,2024-08-13,4200.0,Closed Won,closed_won
OPP-00356,CUST-1409,Lattice Dynamics,SMB,Outbound Sales,REP-12,new_business,2024-07-09,2024-08-17,3600.0,Closed Won,closed_won
OPP-00357,CUST-1411,Tessera Holdings,SMB,Event/Conference,REP-03,new_business,2024-07-07,2024-08-02,10080.0,Closed Won,closed_won
OPP-00358,CUST-1412,Plinth Labs,Enterprise,Inbound Marketing,REP-04,new_business,2024-05-23,2024-08-12,434880.0,Closed Won,closed_won
OPP-00359,CUST-1413,Plinth Co,Mid-Market,Inbound Marketing,REP-06,new_business,2024-04-11,2024-08-24,93600.0,Closed Won,closed_won
OPP-00360,CUST-1414,North Works,Mid-Market,Event/Conference,REP-06,new_business,2024-06-29,2024-08-02,156000.0,Closed Won,closed_won
OPP-00361,CUST-1415,North Systems,SMB,Event/Conference,REP-07,new_business,2024-06-10,2024-08-12,5400.0,Closed Won,closed_won
OPP-00362,CUST-1416,Glide Industries,Mid-Market,Outbound Sales,REP-01,new_business,2024-06-13,2024-08-14,21000.0,Closed Won,closed_won
OPP-00363,CUST-1417,Plinth Co,SMB,Outbound Sales,REP-02,new_business,2024-07-10,2024-08-20,7200.0,Closed Won,closed_won
OPP-00364,CUST-1418,North Cloud,SMB,Outbound Sales,REP-11,new_business,2024-07-12,2024-08-17,8640.0,Closed Won,closed_won
OPP-00365,CUST-1439,Helix Partners,Mid-Market,Partner Referral,REP-11,new_business,2024-06-27,2024-09-12,135000.0,Closed Won,closed_won
OPP-00366,CUST-1440,Apex Network,SMB,Outbound Sales,REP-11,new_business,2024-08-10,2024-09-04,5400.0,Closed Won,closed_won
OPP-00367,CUST-1441,Quantum Cloud,SMB,Outbound Sales,REP-05,new_business,2024-07-26,2024-09-03,18720.0,Closed Won,closed_won
OPP-00368,CUST-1442,Halcyon Labs,SMB,Partner Referral,REP-04,new_business,2024-07-14,2024-09-08,7200.0,Closed Won,closed_won
OPP-00369,CUST-1443,Helix Digital,Mid-Market,Inbound Marketing,REP-03,new_business,2024-06-18,2024-09-19,102240.0,Closed Won,closed_won
OPP-00370,CUST-1444,Reverb Holdings,SMB,Inbound Marketing,REP-05,new_business,2024-08-17,2024-09-11,14400.0,Closed Won,closed_won
OPP-00371,CUST-1445,Apex Labs,SMB,Inbound Marketing,REP-10,new_business,2024-08-15,2024-09-16,7800.0,Closed Won,closed_won
OPP-00372,CUST-1446,Tessera Systems,SMB,Inbound Marketing,REP-05,new_business,2024-08-24,2024-09-17,4800.0,Closed Won,closed_won
OPP-00373,CUST-1447,Halcyon Works,Mid-Market,Partner Referral,REP-12,new_business,2024-06-06,2024-09-17,23040.0,Closed Won,closed_won
OPP-00374,CUST-1448,Apex Dynamics,SMB,Event/Conference,REP-07,new_business,2024-08-16,2024-09-09,3600.0,Closed Won,closed_won
OPP-00375,CUST-1450,Citron Logic,SMB,Event/Conference,REP-10,new_business,2024-07-27,2024-09-10,10080.0,Closed Won,closed_won
OPP-00376,CUST-1451,Anvil Digital,SMB,Outbound Sales,REP-09,new_business,2024-08-06,2024-09-11,3000.0,Closed Won,closed_won
OPP-00377,CUST-1452,Mosaic Network,SMB,Outbound Sales,REP-06,new_business,2024-08-01,2024-09-02,5400.0,Closed Won,closed_won
OPP-00378,CUST-1453,Anvil Digital,Mid-Market,Event/Conference,REP-06,new_business,2024-07-13,2024-09-17,42600.0,Closed Won,closed_won
OPP-00379,CUST-1454,Citron Digital,SMB,Event/Conference,REP-12,new_business,2024-08-10,2024-09-18,11520.0,Closed Won,closed_won
OPP-00380,CUST-1455,Marlin Industries,SMB,Event/Conference,REP-08,new_business,2024-07-11,2024-09-01,3000.0,Closed Won,closed_won
OPP-00381,CUST-1456,Anvil Industries,Mid-Market,Outbound Sales,REP-12,new_business,2024-06-21,2024-09-17,43200.0,Closed Won,closed_won
OPP-00382,CUST-1457,Glide Works,SMB,Partner Referral,REP-03,new_business,2024-07-10,2024-09-12,6600.0,Closed Won,closed_won
OPP-00383,CUST-1458,Vector Cloud,SMB,Event/Conference,REP-09,new_business,2024-08-05,2024-09-01,2400.0,Closed Won,closed_won
OPP-00384,CUST-1479,Citron Co,SMB,Outbound Sales,REP-04,new_business,2024-09-28,2024-10-24,7800.0,Closed Won,closed_won
OPP-00385,CUST-1480,Mosaic Dynamics,SMB,Inbound Marketing,REP-03,new_business,2024-09-05,2024-10-07,5400.0,Closed Won,closed_won
OPP-00386,CUST-1483,Anvil Cloud,SMB,Event/Conference,REP-07,new_business,2024-08-09,2024-10-13,4320.0,Closed Won,closed_won
OPP-00387,CUST-1484,Glide Industries,SMB,Outbound Sales,REP-06,new_business,2024-08-21,2024-10-09,4800.0,Closed Won,closed_won
OPP-00388,CUST-1485,Stratus Cloud,SMB,Outbound Sales,REP-08,new_business,2024-09-23,2024-10-22,6000.0,Closed Won,closed_won
OPP-00389,CUST-1486,Cobalt Logic,SMB,Inbound Marketing,REP-01,new_business,2024-08-07,2024-10-16,1800.0,Closed Won,closed_won
OPP-00390,CUST-1487,Mosaic Network,SMB,Inbound Marketing,REP-07,new_business,2024-09-08,2024-10-13,2400.0,Closed Won,closed_won
OPP-00391,CUST-1488,Quantum Works,SMB,Event/Conference,REP-07,new_business,2024-09-02,2024-10-08,17280.0,Closed Won,closed_won
OPP-00392,CUST-1490,Reverb Holdings,Mid-Market,Inbound Marketing,REP-01,new_business,2024-08-16,2024-10-07,138000.0,Closed Won,closed_won
OPP-00393,CUST-1491,Anvil Cloud,SMB,Event/Conference,REP-01,new_business,2024-09-17,2024-10-11,9000.0,Closed Won,closed_won
OPP-00394,CUST-1492,Tessera Labs,SMB,Inbound Marketing,REP-04,new_business,2024-08-18,2024-10-16,15840.0,Closed Won,closed_won
OPP-00395,CUST-1493,Mosaic Digital,Mid-Market,Outbound Sales,REP-06,new_business,2024-06-11,2024-10-18,29400.0,Closed Won,closed_won
OPP-00396,CUST-1494,Vector Group,SMB,Outbound Sales,REP-05,new_business,2024-08-13,2024-10-26,8640.0,Closed Won,closed_won
OPP-00397,CUST-1495,Anvil Network,Enterprise,Outbound Sales,REP-04,new_business,2024-06-14,2024-10-14,729000.0,Closed Won,closed_won
OPP-00398,CUST-1496,Mosaic Group,SMB,Outbound Sales,REP-05,new_business,2024-09-17,2024-10-23,10080.0,Closed Won,closed_won
OPP-00399,CUST-1497,Helix Partners,SMB,Event/Conference,REP-05,new_business,2024-08-29,2024-10-09,7200.0,Closed Won,closed_won
OPP-00400,CUST-1498,Citron Logic,SMB,Inbound Marketing,REP-06,new_business,2024-09-09,2024-10-02,4200.0,Closed Won,closed_won
OPP-00401,CUST-1499,Helix Solutions,SMB,Outbound Sales,REP-01,new_business,2024-08-28,2024-10-05,12960.0,Closed Won,closed_won
OPP-00402,CUST-1500,Cobalt Digital,Mid-Market,Outbound Sales,REP-07,new_business,2024-08-01,2024-10-21,21600.0,Closed Won,closed_won
OPP-00403,CUST-1502,Citron Holdings,Mid-Market,Partner Referral,REP-09,new_business,2024-05-25,2024-11-16,90720.0,Closed Won,closed_won
OPP-00404,CUST-1503,Plinth Digital,Mid-Market,Outbound Sales,REP-03,new_business,2024-08-09,2024-11-02,23040.0,Closed Won,closed_won
OPP-00405,CUST-1504,Quantum Group,SMB,Event/Conference,REP-05,new_business,2024-09-30,2024-11-08,24000.0,Closed Won,closed_won
OPP-00406,CUST-1505,Marlin Industries,Mid-Market,Outbound Sales,REP-08,new_business,2024-08-01,2024-11-10,73440.0,Closed Won,closed_won
OPP-00407,CUST-1506,Apex Works,SMB,Outbound Sales,REP-03,new_business,2024-11-03,2024-11-22,5400.0,Closed Won,closed_won
OPP-00408,CUST-1507,Tessera Partners,SMB,Outbound Sales,REP-06,new_business,2024-09-29,2024-11-19,3600.0,Closed Won,closed_won
OPP-00409,CUST-1508,Halcyon Logic,SMB,Event/Conference,REP-03,new_business,2024-10-07,2024-11-13,9000.0,Closed Won,closed_won
OPP-00410,CUST-1509,Citron Industries,Mid-Market,Inbound Marketing,REP-12,new_business,2024-09-02,2024-11-10,95040.0,Closed Won,closed_won
OPP-00411,CUST-1510,Plinth Co,Enterprise,Inbound Marketing,REP-06,new_business,2024-08-17,2024-11-13,469440.0,Closed Won,closed_won
OPP-00412,CUST-1511,Anvil Systems,SMB,Inbound Marketing,REP-01,new_business,2024-10-02,2024-11-05,18720.0,Closed Won,closed_won
OPP-00413,CUST-1512,North Holdings,Mid-Market,Partner Referral,REP-01,new_business,2024-07-11,2024-11-12,10200.0,Closed Won,closed_won
OPP-00414,CUST-1513,Halcyon Group,SMB,Inbound Marketing,REP-02,new_business,2024-10-08,2024-11-25,2400.0,Closed Won,closed_won
OPP-00415,CUST-1514,Halcyon Labs,SMB,Event/Conference,REP-05,new_business,2024-10-10,2024-11-26,33000.0,Closed Won,closed_won
OPP-00416,CUST-1515,Glide Holdings,SMB,Event/Conference,REP-11,new_business,2024-09-19,2024-11-06,5760.0,Closed Won,closed_won
OPP-00417,CUST-1516,Marlin Holdings,Mid-Market,Partner Referral,REP-01,new_business,2024-07-28,2024-11-26,61920.0,Closed Won,closed_won
OPP-00418,CUST-1517,Citron Holdings,SMB,Outbound Sales,REP-04,new_business,2024-10-15,2024-11-12,10080.0,Closed Won,closed_won
OPP-00419,CUST-1518,Apex Works,SMB,Inbound Marketing,REP-09,new_business,2024-10-22,2024-11-16,3600.0,Closed Won,closed_won
OPP-00420,CUST-1519,Stratus Group,SMB,Inbound Marketing,REP-06,new_business,2024-10-29,2024-11-23,4200.0,Closed Won,closed_won
OPP-00421,CUST-1520,Halcyon Labs,Mid-Market,Partner Referral,REP-09,new_business,2024-08-09,2024-11-06,87840.0,Closed Won,closed_won
OPP-00422,CUST-1521,Stratus Dynamics,SMB,Inbound Marketing,REP-01,new_business,2024-10-08,2024-11-03,5400.0,Closed Won,closed_won
OPP-00423,CUST-1522,North Solutions,SMB,Inbound Marketing,REP-07,new_business,2024-09-30,2024-11-07,5760.0,Closed Won,closed_won
OPP-00424,CUST-1523,Glide Logic,SMB,Outbound Sales,REP-12,new_business,2024-08-13,2024-11-04,8400.0,Closed Won,closed_won
OPP-00425,CUST-1524,Quantum Systems,SMB,Inbound Marketing,REP-11,new_business,2024-09-19,2024-11-04,3600.0,Closed Won,closed_won
OPP-00426,CUST-1525,Stratus Labs,SMB,Inbound Marketing,REP-04,new_business,2024-11-10,2024-12-06,4200.0,Closed Won,closed_won
OPP-00427,CUST-1526,Reverb Partners,SMB,Outbound Sales,REP-06,new_business,2024-11-27,2024-12-24,9000.0,Closed Won,closed_won
OPP-00428,CUST-1527,Stratus Systems,SMB,Event/Conference,REP-03,new_business,2024-11-19,2024-12-27,4800.0,Closed Won,closed_won
OPP-00429,CUST-1528,Quantum Dynamics,SMB,Inbound Marketing,REP-02,new_business,2024-10-05,2024-12-09,15840.0,Closed Won,closed_won
OPP-00430,CUST-1529,Stratus Cloud,SMB,Partner Referral,REP-05,new_business,2024-10-25,2024-12-02,14400.0,Closed Won,closed_won
OPP-00431,CUST-1530,Tessera Works,Mid-Market,Outbound Sales,REP-02,new_business,2024-10-03,2024-12-05,70560.0,Closed Won,closed_won
OPP-00432,CUST-1531,Lattice Industries,SMB,Outbound Sales,REP-03,new_business,2024-10-16,2024-12-01,20160.0,Closed Won,closed_won
OPP-00433,CUST-1532,Apex Systems,SMB,Outbound Sales,REP-01,new_business,2024-11-09,2024-12-17,9000.0,Closed Won,closed_won
OPP-00434,CUST-1533,Citron Co,SMB,Inbound Marketing,REP-07,new_business,2024-11-25,2024-12-19,4200.0,Closed Won,closed_won
OPP-00435,CUST-1534,Cobalt Solutions,SMB,Event/Conference,REP-05,new_business,2024-12-05,2024-12-22,3000.0,Closed Won,closed_won
OPP-00436,CUST-1535,Glide Logic,SMB,Outbound Sales,REP-01,new_business,2024-11-27,2024-12-27,3000.0,Closed Won,closed_won
OPP-00437,CUST-1536,Lattice Partners,SMB,Outbound Sales,REP-04,new_business,2024-11-15,2024-12-04,7800.0,Closed Won,closed_won
OPP-00438,CUST-1537,Helix Systems,Enterprise,Event/Conference,REP-08,new_business,2024-08-31,2024-12-21,151200.0,Closed Won,closed_won
OPP-00439,CUST-1538,North Group,SMB,Inbound Marketing,REP-09,new_business,2024-11-03,2024-12-15,8400.0,Closed Won,closed_won
OPP-00440,CUST-1540,Plinth Digital,SMB,Inbound Marketing,REP-03,new_business,2024-11-11,2024-12-05,3600.0,Closed Won,closed_won
OPP-00441,CUST-1541,Anvil Partners,SMB,Partner Referral,REP-03,new_business,2024-11-12,2024-12-26,3600.0,Closed Won,closed_won
OPP-00442,CUST-1543,Halcyon Logic,SMB,Outbound Sales,REP-08,new_business,2024-10-07,2024-12-02,3000.0,Closed Won,closed_won
OPP-00443,CUST-1544,Mosaic Cloud,SMB,Outbound Sales,REP-06,new_business,2024-11-27,2024-12-17,1800.0,Closed Won,closed_won
OPP-00444,CUST-1545,Mosaic Industries,SMB,Inbound Marketing,REP-04,new_business,2024-11-13,2025-01-13,1800.0,Closed Won,closed_won
OPP-00445,CUST-1546,Plinth Holdings,Enterprise,Outbound Sales,REP-07,new_business,2024-07-06,2025-01-18,429000.0,Closed Won,closed_won
OPP-00446,CUST-1547,Citron Works,Mid-Market,Outbound Sales,REP-07,new_business,2024-12-14,2025-01-16,79200.0,Closed Won,closed_won
OPP-00447,CUST-1548,Halcyon Holdings,Mid-Market,Outbound Sales,REP-02,new_business,2024-10-20,2025-01-14,57000.0,Closed Won,closed_won
OPP-00448,CUST-1551,Marlin Dynamics,SMB,Outbound Sales,REP-12,new_business,2024-12-02,2025-01-17,4320.0,Closed Won,closed_won
OPP-00449,CUST-1552,Reverb Works,SMB,Outbound Sales,REP-05,new_business,2024-12-07,2025-01-05,7800.0,Closed Won,closed_won
OPP-00450,CUST-1553,Anvil Dynamics,SMB,Outbound Sales,REP-04,new_business,2024-12-04,2025-01-18,6000.0,Closed Won,closed_won
OPP-00451,CUST-1554,Reverb Systems,Mid-Market,Inbound Marketing,REP-05,new_business,2024-10-20,2025-01-06,102240.0,Closed Won,closed_won
OPP-00452,CUST-1555,Cobalt Works,SMB,Event/Conference,REP-09,new_business,2024-12-06,2025-01-24,3000.0,Closed Won,closed_won
OPP-00453,CUST-1556,Marlin Systems,Mid-Market,Partner Referral,REP-01,new_business,2024-10-09,2025-01-13,77760.0,Closed Won,closed_won
OPP-00454,CUST-1557,Quantum Logic,SMB,Outbound Sales,REP-08,new_business,2024-11-29,2025-01-12,7800.0,Closed Won,closed_won
OPP-00455,CUST-1558,Helix Systems,SMB,Inbound Marketing,REP-05,new_business,2024-10-29,2025-01-18,8400.0,Closed Won,closed_won
OPP-00456,CUST-1559,Citron Solutions,SMB,Outbound Sales,REP-01,new_business,2024-12-17,2025-01-23,4320.0,Closed Won,closed_won
OPP-00457,CUST-1560,Plinth Solutions,Mid-Market,Inbound Marketing,REP-06,new_business,2024-10-12,2025-01-03,97920.0,Closed Won,closed_won
OPP-00458,CUST-1561,Mosaic Solutions,SMB,Outbound Sales,REP-12,new_business,2024-10-30,2025-01-22,3600.0,Closed Won,closed_won
OPP-00459,CUST-1562,Anvil Dynamics,SMB,Inbound Marketing,REP-05,new_business,2024-12-06,2025-01-22,4200.0,Closed Won,closed_won
OPP-00460,CUST-1563,Anvil Labs,Mid-Market,Event/Conference,REP-02,new_business,2024-11-19,2025-02-13,66000.0,Closed Won,closed_won
OPP-00461,CUST-1564,Reverb Logic,SMB,Outbound Sales,REP-04,new_business,2025-01-13,2025-02-26,2400.0,Closed Won,closed_won
OPP-00462,CUST-1566,Vector Dynamics,SMB,Event/Conference,REP-01,new_business,2024-12-20,2025-02-19,6600.0,Closed Won,closed_won
OPP-00463,CUST-1567,Halcyon Industries,SMB,Inbound Marketing,REP-07,new_business,2024-12-08,2025-02-05,2400.0,Closed Won,closed_won
OPP-00464,CUST-1568,Lattice Network,SMB,Outbound Sales,REP-10,new_business,2025-01-31,2025-02-22,3600.0,Closed Won,closed_won
OPP-00465,CUST-1569,Marlin Industries,SMB,Outbound Sales,REP-11,new_business,2024-12-12,2025-02-04,3600.0,Closed Won,closed_won
OPP-00466,CUST-1570,North Logic,SMB,Event/Conference,REP-04,new_business,2024-12-09,2025-02-19,9000.0,Closed Won,closed_won
OPP-00467,CUST-1571,North Dynamics,Mid-Market,Event/Conference,REP-07,new_business,2024-12-31,2025-02-21,11400.0,Closed Won,closed_won
OPP-00468,CUST-1572,Mosaic Dynamics,SMB,Event/Conference,REP-02,new_business,2024-12-08,2025-02-08,3600.0,Closed Won,closed_won
OPP-00469,CUST-1574,Lattice Labs,SMB,Outbound Sales,REP-09,new_business,2025-01-14,2025-02-14,6000.0,Closed Won,closed_won
OPP-00470,CUST-1575,Quantum Digital,SMB,Event/Conference,REP-09,new_business,2025-01-07,2025-02-27,7800.0,Closed Won,closed_won
OPP-00471,CUST-1576,Apex Labs,Mid-Market,Partner Referral,REP-05,new_business,2024-11-13,2025-02-07,33120.0,Closed Won,closed_won
OPP-00472,CUST-1577,Helix Industries,SMB,Partner Referral,REP-07,new_business,2025-02-09,2025-02-19,33000.0,Closed Won,closed_won
OPP-00473,CUST-1578,Beacon Industries,SMB,Outbound Sales,REP-09,new_business,2025-01-19,2025-02-20,21600.0,Closed Won,closed_won
OPP-00474,CUST-1579,Mosaic Systems,SMB,Event/Conference,REP-12,new_business,2025-01-08,2025-02-14,7800.0,Closed Won,closed_won
OPP-00475,CUST-1581,Helix Industries,SMB,Outbound Sales,REP-11,new_business,2025-02-14,2025-03-19,5400.0,Closed Won,closed_won
OPP-00476,CUST-1582,Anvil Partners,SMB,Outbound Sales,REP-08,new_business,2025-02-18,2025-03-16,4800.0,Closed Won,closed_won
OPP-00477,CUST-1583,Glide Dynamics,Mid-Market,Event/Conference,REP-01,new_business,2025-01-15,2025-03-26,67680.0,Closed Won,closed_won
OPP-00478,CUST-1584,Beacon Systems,SMB,Outbound Sales,REP-05,new_business,2025-02-19,2025-03-17,1800.0,Closed Won,closed_won
OPP-00479,CUST-1585,Vector Group,Mid-Market,Inbound Marketing,REP-01,new_business,2025-02-09,2025-03-21,39600.0,Closed Won,closed_won
OPP-00480,CUST-1586,Mosaic Labs,SMB,Inbound Marketing,REP-04,new_business,2025-01-30,2025-03-15,1800.0,Closed Won,closed_won
OPP-00481,CUST-1587,Cobalt Systems,SMB,Outbound Sales,REP-02,new_business,2025-02-08,2025-03-19,21600.0,Closed Won,closed_won
OPP-00482,CUST-1588,Citron Dynamics,SMB,Inbound Marketing,REP-05,new_business,2025-02-05,2025-03-04,6600.0,Closed Won,closed_won
OPP-00483,CUST-1589,Vector Group,SMB,Outbound Sales,REP-06,new_business,2025-01-30,2025-03-08,8640.0,Closed Won,closed_won
OPP-00484,CUST-1590,Lattice Works,Mid-Market,Inbound Marketing,REP-07,new_business,2025-01-07,2025-03-22,102000.0,Closed Won,closed_won
OPP-00485,CUST-1591,Lattice Holdings,SMB,Inbound Marketing,REP-01,new_business,2025-02-08,2025-03-24,14400.0,Closed Won,closed_won
OPP-00486,CUST-1592,North Logic,SMB,Outbound Sales,REP-03,new_business,2025-02-03,2025-03-19,9000.0,Closed Won,closed_won
OPP-00487,CUST-1593,North Works,SMB,Inbound Marketing,REP-05,new_business,2025-01-31,2025-03-02,3000.0,Closed Won,closed_won
OPP-00488,CUST-1594,Vector Holdings,SMB,Inbound Marketing,REP-07,new_business,2025-01-07,2025-03-02,7200.0,Closed Won,closed_won
OPP-00489,CUST-1595,Lattice Co,Mid-Market,Event/Conference,REP-04,new_business,2025-01-13,2025-03-26,43200.0,Closed Won,closed_won
OPP-00490,CUST-1597,North Logic,SMB,Outbound Sales,REP-02,new_business,2024-12-28,2025-03-01,5400.0,Closed Won,closed_won
OPP-00491,CUST-1598,Stratus Labs,SMB,Partner Referral,REP-03,new_business,2024-12-29,2025-03-04,2400.0,Closed Won,closed_won
OPP-00492,CUST-1599,Citron Holdings,SMB,Inbound Marketing,REP-01,new_business,2025-02-01,2025-03-16,17280.0,Closed Won,closed_won
OPP-00493,CUST-1601,Apex Solutions,Mid-Market,Inbound Marketing,REP-06,new_business,2025-01-26,2025-04-27,97920.0,Closed Won,closed_won
OPP-00494,CUST-1602,Apex Works,SMB,Outbound Sales,REP-06,new_business,2025-01-06,2025-04-09,1800.0,Closed Won,closed_won
OPP-00495,CUST-1603,Cobalt Labs,Mid-Market,Inbound Marketing,REP-05,new_business,2025-01-01,2025-04-08,59040.0,Closed Won,closed_won
OPP-00496,CUST-1604,North Digital,SMB,Outbound Sales,REP-06,new_business,2025-03-18,2025-04-09,7200.0,Closed Won,closed_won
OPP-00497,CUST-1605,Anvil Dynamics,Mid-Market,Event/Conference,REP-05,new_business,2025-02-01,2025-04-23,38880.0,Closed Won,closed_won
OPP-00498,CUST-1606,Vector Industries,SMB,Outbound Sales,REP-12,new_business,2025-03-09,2025-04-14,20160.0,Closed Won,closed_won
OPP-00499,CUST-1607,Plinth Cloud,SMB,Inbound Marketing,REP-02,new_business,2025-03-09,2025-04-15,4200.0,Closed Won,closed_won
OPP-00500,CUST-1608,Quantum Systems,SMB,Inbound Marketing,REP-06,new_business,2025-03-08,2025-04-11,8640.0,Closed Won,closed_won
OPP-00501,CUST-1609,Glide Solutions,SMB,Partner Referral,REP-03,new_business,2025-03-14,2025-04-16,5760.0,Closed Won,closed_won
OPP-00502,CUST-1610,Lattice Systems,SMB,Outbound Sales,REP-01,new_business,2025-02-20,2025-04-01,4800.0,Closed Won,closed_won
OPP-00503,CUST-1611,Helix Industries,SMB,Inbound Marketing,REP-02,new_business,2025-02-06,2025-04-19,6000.0,Closed Won,closed_won
OPP-00504,CUST-1612,Lattice Industries,SMB,Inbound Marketing,REP-08,new_business,2025-02-08,2025-04-04,4200.0,Closed Won,closed_won
OPP-00505,CUST-1613,North Cloud,SMB,Partner Referral,REP-07,new_business,2025-03-11,2025-04-12,4200.0,Closed Won,closed_won
OPP-00506,CUST-1614,Stratus Co,Mid-Market,Outbound Sales,REP-01,new_business,2025-02-21,2025-04-20,24480.0,Closed Won,closed_won
OPP-00507,CUST-1615,Quantum Cloud,Mid-Market,Inbound Marketing,REP-08,new_business,2025-01-08,2025-04-08,51000.0,Closed Won,closed_won
OPP-00508,CUST-1616,Citron Digital,SMB,Outbound Sales,REP-06,new_business,2025-02-16,2025-04-27,8400.0,Closed Won,closed_won
OPP-00509,CUST-1617,Vector Digital,SMB,Outbound Sales,REP-07,new_business,2025-03-13,2025-04-19,4800.0,Closed Won,closed_won
OPP-00510,CUST-1618,Apex Works,Mid-Market,Event/Conference,REP-03,new_business,2025-01-03,2025-04-20,9600.0,Closed Won,closed_won
OPP-00511,CUST-1619,Cobalt Cloud,SMB,Outbound Sales,REP-09,new_business,2025-02-19,2025-04-15,11520.0,Closed Won,closed_won
OPP-00512,CUST-1620,Citron Solutions,Mid-Market,Inbound Marketing,REP-12,new_business,2025-02-13,2025-04-24,97920.0,Closed Won,closed_won
OPP-00513,CUST-1621,Cobalt Group,SMB,Outbound Sales,REP-05,new_business,2025-03-16,2025-05-02,5400.0,Closed Won,closed_won
OPP-00514,CUST-1623,Beacon Partners,SMB,Partner Referral,REP-06,new_business,2025-04-05,2025-05-05,4200.0,Closed Won,closed_won
OPP-00515,CUST-1624,Plinth Systems,Mid-Market,Event/Conference,REP-12,new_business,2025-02-22,2025-05-20,28800.0,Closed Won,closed_won
OPP-00516,CUST-1625,Reverb Group,Enterprise,Outbound Sales,REP-02,new_business,2025-02-15,2025-05-16,178560.0,Closed Won,closed_won
OPP-00517,CUST-1626,Helix Labs,SMB,Inbound Marketing,REP-08,new_business,2025-03-26,2025-05-21,4200.0,Closed Won,closed_won
OPP-00518,CUST-1627,Tessera Solutions,SMB,Event/Conference,REP-03,new_business,2025-04-14,2025-05-19,1800.0,Closed Won,closed_won
OPP-00519,CUST-1628,North Labs,Mid-Market,Partner Referral,REP-07,new_business,2025-03-05,2025-05-18,50400.0,Closed Won,closed_won
OPP-00520,CUST-1631,Mosaic Digital,Mid-Market,Partner Referral,REP-03,new_business,2025-03-22,2025-05-09,63360.0,Closed Won,closed_won
OPP-00521,CUST-1632,Citron Industries,SMB,Inbound Marketing,REP-07,new_business,2025-04-14,2025-05-11,4800.0,Closed Won,closed_won
OPP-00522,CUST-1633,Lattice Holdings,Mid-Market,Event/Conference,REP-01,new_business,2025-02-05,2025-05-16,96000.0,Closed Won,closed_won
OPP-00523,CUST-1634,Halcyon Logic,Mid-Market,Inbound Marketing,REP-03,new_business,2024-11-19,2025-05-06,83520.0,Closed Won,closed_won
OPP-00524,CUST-1635,Reverb Labs,Mid-Market,Outbound Sales,REP-05,new_business,2025-01-04,2025-05-16,46080.0,Closed Won,closed_won
OPP-00525,CUST-1636,Tessera Solutions,SMB,Outbound Sales,REP-06,new_business,2025-03-18,2025-05-07,20160.0,Closed Won,closed_won
OPP-00526,CUST-1637,Beacon Labs,SMB,Event/Conference,REP-08,new_business,2025-04-16,2025-05-16,9000.0,Closed Won,closed_won
OPP-00527,CUST-1638,Mosaic Co,Mid-Market,Inbound Marketing,REP-03,new_business,2025-02-13,2025-05-12,77760.0,Closed Won,closed_won
OPP-00528,CUST-1639,Vector Digital,SMB,Event/Conference,REP-07,new_business,2025-04-24,2025-05-27,5760.0,Closed Won,closed_won
OPP-00529,CUST-1640,Citron Network,Mid-Market,Partner Referral,REP-08,new_business,2024-12-27,2025-05-02,42600.0,Closed Won,closed_won
OPP-00530,CUST-1641,Mosaic Partners,SMB,Event/Conference,REP-03,new_business,2025-05-13,2025-06-11,6000.0,Closed Won,closed_won
OPP-00531,CUST-1642,Cobalt Holdings,SMB,Outbound Sales,REP-10,new_business,2025-05-03,2025-06-27,11520.0,Closed Won,closed_won
OPP-00532,CUST-1643,Lattice Network,SMB,Inbound Marketing,REP-01,new_business,2025-04-26,2025-06-20,6600.0,Closed Won,closed_won
OPP-00533,CUST-1644,Glide Solutions,SMB,Outbound Sales,REP-06,new_business,2025-05-08,2025-06-10,3000.0,Closed Won,closed_won
OPP-00534,CUST-1645,Stratus Holdings,Mid-Market,Outbound Sales,REP-01,new_business,2025-04-14,2025-06-13,77760.0,Closed Won,closed_won
OPP-00535,CUST-1646,Citron Logic,SMB,Event/Conference,REP-07,new_business,2025-05-14,2025-06-18,21600.0,Closed Won,closed_won
OPP-00536,CUST-1647,Citron Cloud,SMB,Outbound Sales,REP-06,new_business,2025-05-11,2025-06-14,21600.0,Closed Won,closed_won
OPP-00537,CUST-1649,Plinth Network,Enterprise,Event/Conference,REP-07,new_business,2025-02-03,2025-06-14,240000.0,Closed Won,closed_won
OPP-00538,CUST-1650,Cobalt Logic,Mid-Market,Outbound Sales,REP-06,new_business,2025-04-29,2025-06-25,47520.0,Closed Won,closed_won
OPP-00539,CUST-1651,Quantum Works,SMB,Event/Conference,REP-07,new_business,2025-05-20,2025-06-21,7200.0,Closed Won,closed_won
OPP-00540,CUST-1652,Anvil Cloud,Mid-Market,Inbound Marketing,REP-02,new_business,2025-03-22,2025-06-11,87840.0,Closed Won,closed_won
OPP-00541,CUST-1653,Cobalt Network,SMB,Inbound Marketing,REP-11,new_business,2025-05-03,2025-06-08,11520.0,Closed Won,closed_won
OPP-00542,CUST-1654,Reverb Partners,Mid-Market,Outbound Sales,REP-11,new_business,2025-03-27,2025-06-13,21000.0,Closed Won,closed_won
OPP-00543,CUST-1655,Vector Works,Mid-Market,Event/Conference,REP-02,new_business,2025-03-22,2025-06-08,80640.0,Closed Won,closed_won
OPP-00544,CUST-1656,Quantum Logic,SMB,Event/Conference,REP-01,new_business,2025-05-24,2025-06-14,5400.0,Closed Won,closed_won
OPP-00545,CUST-1657,Citron Co,SMB,Outbound Sales,REP-06,new_business,2025-05-08,2025-06-09,4800.0,Closed Won,closed_won
OPP-00546,CUST-1658,Quantum Network,SMB,Partner Referral,REP-01,new_business,2025-04-29,2025-06-10,8400.0,Closed Won,closed_won
OPP-00547,CUST-1659,Quantum Network,Enterprise,Partner Referral,REP-04,new_business,2025-03-01,2025-06-13,449280.0,Closed Won,closed_won
OPP-00548,CUST-1660,Marlin Systems,SMB,Event/Conference,REP-12,new_business,2025-06-05,2025-06-25,6600.0,Closed Won,closed_won
OPP-00549,CUST-1661,Cobalt Co,SMB,Event/Conference,REP-01,new_business,2025-05-28,2025-07-12,7800.0,Closed Won,closed_won
OPP-00550,CUST-1662,Citron Industries,Mid-Market,Outbound Sales,REP-04,new_business,2025-03-02,2025-07-14,25920.0,Closed Won,closed_won
OPP-00551,CUST-1663,Tessera Solutions,SMB,Event/Conference,REP-06,new_business,2025-05-19,2025-07-02,4800.0,Closed Won,closed_won
OPP-00552,CUST-1664,Lattice Digital,SMB,Outbound Sales,REP-04,new_business,2025-06-14,2025-07-21,10080.0,Closed Won,closed_won
OPP-00553,CUST-1665,Citron Systems,SMB,Outbound Sales,REP-08,new_business,2025-05-30,2025-07-03,8400.0,Closed Won,closed_won
OPP-00554,CUST-1666,Anvil Holdings,Mid-Market,Outbound Sales,REP-04,new_business,2025-05-18,2025-07-25,57600.0,Closed Won,closed_won
OPP-00555,CUST-1667,Beacon Works,SMB,Outbound Sales,REP-07,new_business,2025-05-24,2025-07-06,4200.0,Closed Won,closed_won
OPP-00556,CUST-1668,Lattice Labs,SMB,Inbound Marketing,REP-02,new_business,2025-06-22,2025-07-20,4200.0,Closed Won,closed_won
OPP-00557,CUST-1669,Lattice Logic,Mid-Market,Event/Conference,REP-07,new_business,2025-04-18,2025-07-16,102240.0,Closed Won,closed_won
OPP-00558,CUST-1670,Cobalt Works,Mid-Market,Outbound Sales,REP-04,new_business,2025-05-29,2025-07-20,25920.0,Closed Won,closed_won
OPP-00559,CUST-1671,Beacon Dynamics,SMB,Inbound Marketing,REP-08,new_business,2025-05-31,2025-07-17,14400.0,Closed Won,closed_won
OPP-00560,CUST-1672,Halcyon Digital,SMB,Outbound Sales,REP-05,new_business,2025-06-14,2025-07-07,1800.0,Closed Won,closed_won
OPP-00561,CUST-1673,Halcyon Cloud,SMB,Outbound Sales,REP-06,new_business,2025-06-09,2025-07-12,1800.0,Closed Won,closed_won
OPP-00562,CUST-1674,Quantum Industries,SMB,Partner Referral,REP-07,new_business,2025-05-30,2025-07-03,3600.0,Closed Won,closed_won
OPP-00563,CUST-1675,Helix Solutions,SMB,Inbound Marketing,REP-09,new_business,2025-06-22,2025-07-24,17280.0,Closed Won,closed_won
OPP-00564,CUST-1676,Halcyon Dynamics,Mid-Market,Event/Conference,REP-08,new_business,2025-05-30,2025-07-11,108000.0,Closed Won,closed_won
OPP-00565,CUST-1677,Tessera Network,Mid-Market,Inbound Marketing,REP-08,new_business,2025-05-11,2025-07-14,70560.0,Closed Won,closed_won
OPP-00566,CUST-1679,Marlin Co,Mid-Market,Event/Conference,REP-06,new_business,2025-06-20,2025-07-16,126000.0,Closed Won,closed_won
OPP-00567,CUST-1680,Mosaic Network,Enterprise,Outbound Sales,REP-09,new_business,2025-03-19,2025-07-26,387000.0,Closed Won,closed_won
OPP-00568,CUST-1681,North Works,SMB,Outbound Sales,REP-11,new_business,2025-07-10,2025-08-14,18720.0,Closed Won,closed_won
OPP-00569,CUST-1682,Helix Cloud,SMB,Event/Conference,REP-12,new_business,2025-06-23,2025-08-16,7200.0,Closed Won,closed_won
OPP-00570,CUST-1683,Beacon Group,SMB,Inbound Marketing,REP-05,new_business,2025-06-18,2025-08-13,15840.0,Closed Won,closed_won
OPP-00571,CUST-1684,Reverb Holdings,SMB,Event/Conference,REP-05,new_business,2025-07-07,2025-08-05,3600.0,Closed Won,closed_won
OPP-00572,CUST-1685,Glide Partners,SMB,Outbound Sales,REP-01,new_business,2025-07-01,2025-08-22,4800.0,Closed Won,closed_won
OPP-00573,CUST-1686,Reverb Dynamics,SMB,Partner Referral,REP-05,new_business,2025-06-10,2025-08-10,10080.0,Closed Won,closed_won
OPP-00574,CUST-1688,Anvil Dynamics,Enterprise,Outbound Sales,REP-05,new_business,2025-05-29,2025-08-08,966000.0,Closed Won,closed_won
OPP-00575,CUST-1689,Anvil Group,SMB,Event/Conference,REP-04,new_business,2025-07-06,2025-08-04,12960.0,Closed Won,closed_won
OPP-00576,CUST-1690,Quantum Works,SMB,Inbound Marketing,REP-01,new_business,2025-07-24,2025-08-23,7200.0,Closed Won,closed_won
OPP-00577,CUST-1691,North Logic,SMB,Partner Referral,REP-10,new_business,2025-08-02,2025-08-12,15840.0,Closed Won,closed_won
OPP-00578,CUST-1692,North Labs,SMB,Inbound Marketing,REP-12,new_business,2025-07-14,2025-08-08,1800.0,Closed Won,closed_won
OPP-00579,CUST-1693,Anvil Partners,SMB,Partner Referral,REP-04,new_business,2025-07-22,2025-08-22,8640.0,Closed Won,closed_won
OPP-00580,CUST-1694,Stratus Digital,SMB,Outbound Sales,REP-08,new_business,2025-07-17,2025-08-09,2400.0,Closed Won,closed_won
OPP-00581,CUST-1695,Stratus Co,SMB,Partner Referral,REP-10,new_business,2025-07-31,2025-08-21,15840.0,Closed Won,closed_won
OPP-00582,CUST-1697,Mosaic Dynamics,Mid-Market,Partner Referral,REP-12,new_business,2025-06-15,2025-08-17,57600.0,Closed Won,closed_won
OPP-00583,CUST-1698,North Solutions,SMB,Inbound Marketing,REP-01,new_business,2025-07-05,2025-08-27,5400.0,Closed Won,closed_won
OPP-00584,CUST-1699,Apex Co,SMB,Partner Referral,REP-12,new_business,2025-07-04,2025-08-18,5400.0,Closed Won,closed_won
OPP-00585,CUST-1701,Stratus Co,SMB,Outbound Sales,REP-08,new_business,2025-08-16,2025-09-11,8400.0,Closed Won,closed_won
OPP-00586,CUST-1702,Apex Labs,Mid-Market,Inbound Marketing,REP-09,new_business,2025-06-30,2025-09-12,40320.0,Closed Won,closed_won
OPP-00587,CUST-1703,Citron Group,SMB,Partner Referral,REP-04,new_business,2025-08-14,2025-09-26,3000.0,Closed Won,closed_won
OPP-00588,CUST-1704,Beacon Network,SMB,Partner Referral,REP-05,new_business,2025-07-22,2025-09-04,6000.0,Closed Won,closed_won
OPP-00589,CUST-1705,Helix Labs,SMB,Outbound Sales,REP-12,new_business,2025-07-16,2025-09-12,33000.0,Closed Won,closed_won
OPP-00590,CUST-1706,Anvil Holdings,SMB,Inbound Marketing,REP-01,new_business,2025-08-19,2025-09-15,21600.0,Closed Won,closed_won
OPP-00591,CUST-1707,Apex Network,SMB,Event/Conference,REP-02,new_business,2025-08-05,2025-09-27,6000.0,Closed Won,closed_won
OPP-00592,CUST-1708,Citron Industries,SMB,Outbound Sales,REP-10,new_business,2025-08-07,2025-09-14,9000.0,Closed Won,closed_won
OPP-00593,CUST-1709,Glide Works,Mid-Market,Partner Referral,REP-11,new_business,2025-04-25,2025-09-11,24480.0,Closed Won,closed_won
OPP-00594,CUST-1710,Citron Works,SMB,Event/Conference,REP-12,new_business,2025-07-14,2025-09-07,7200.0,Closed Won,closed_won
OPP-00595,CUST-1711,Tessera Network,SMB,Event/Conference,REP-07,new_business,2025-08-07,2025-09-15,12960.0,Closed Won,closed_won
OPP-00596,CUST-1712,Stratus Systems,SMB,Event/Conference,REP-05,new_business,2025-08-13,2025-09-15,5400.0,Closed Won,closed_won
OPP-00597,CUST-1713,Cobalt Logic,SMB,Inbound Marketing,REP-09,new_business,2025-08-30,2025-09-12,7800.0,Closed Won,closed_won
OPP-00598,CUST-1714,Plinth Logic,SMB,Event/Conference,REP-11,new_business,2025-07-24,2025-09-09,8400.0,Closed Won,closed_won
OPP-00599,CUST-1715,Mosaic Co,Mid-Market,Outbound Sales,REP-09,new_business,2025-03-23,2025-09-15,162000.0,Closed Won,closed_won
OPP-00600,CUST-1716,Beacon Group,SMB,Inbound Marketing,REP-05,new_business,2025-07-26,2025-09-13,5400.0,Closed Won,closed_won
OPP-00601,CUST-1717,Mosaic Systems,SMB,Outbound Sales,REP-07,new_business,2025-07-23,2025-09-06,9000.0,Closed Won,closed_won
OPP-00602,CUST-1718,Apex Cloud,SMB,Event/Conference,REP-03,new_business,2025-08-09,2025-09-21,6000.0,Closed Won,closed_won
OPP-00603,CUST-1719,Halcyon Solutions,SMB,Inbound Marketing,REP-05,new_business,2025-07-24,2025-09-26,15840.0,Closed Won,closed_won
OPP-00604,CUST-1720,Apex Labs,SMB,Event/Conference,REP-03,new_business,2025-08-26,2025-09-19,4320.0,Closed Won,closed_won
OPP-00605,CUST-1721,Anvil Group,SMB,Outbound Sales,REP-02,new_business,2025-08-10,2025-10-08,9000.0,Closed Won,closed_won
OPP-00606,CUST-1722,Quantum Co,SMB,Outbound Sales,REP-08,new_business,2025-08-12,2025-10-02,2400.0,Closed Won,closed_won
OPP-00607,CUST-1723,Marlin Systems,SMB,Inbound Marketing,REP-12,new_business,2025-08-29,2025-10-03,6000.0,Closed Won,closed_won
OPP-00608,CUST-1724,Apex Co,SMB,Inbound Marketing,REP-04,new_business,2025-07-24,2025-10-11,1800.0,Closed Won,closed_won
OPP-00609,CUST-1725,Stratus Logic,SMB,Outbound Sales,REP-10,new_business,2025-08-26,2025-10-02,3000.0,Closed Won,closed_won
OPP-00610,CUST-1726,Stratus Solutions,Enterprise,Event/Conference,REP-12,new_business,2025-05-19,2025-10-15,681000.0,Closed Won,closed_won
OPP-00611,CUST-1727,Glide Holdings,SMB,Outbound Sales,REP-11,new_business,2025-08-21,2025-10-03,6600.0,Closed Won,closed_won
OPP-00612,CUST-1729,Stratus Systems,SMB,Outbound Sales,REP-07,new_business,2025-09-24,2025-10-05,7800.0,Closed Won,closed_won
OPP-00613,CUST-1730,North Dynamics,SMB,Outbound Sales,REP-01,new_business,2025-08-28,2025-10-15,14400.0,Closed Won,closed_won
OPP-00614,CUST-1731,Lattice Solutions,SMB,Outbound Sales,REP-10,new_business,2025-09-07,2025-10-03,9000.0,Closed Won,closed_won
OPP-00615,CUST-1732,Mosaic Logic,SMB,Inbound Marketing,REP-08,new_business,2025-09-02,2025-10-20,7200.0,Closed Won,closed_won
OPP-00616,CUST-1733,Stratus Partners,SMB,Partner Referral,REP-02,new_business,2025-08-15,2025-10-25,6600.0,Closed Won,closed_won
OPP-00617,CUST-1734,Stratus Industries,SMB,Inbound Marketing,REP-01,new_business,2025-08-14,2025-10-02,4200.0,Closed Won,closed_won
OPP-00618,CUST-1735,Citron Solutions,Mid-Market,Inbound Marketing,REP-02,new_business,2025-08-16,2025-10-12,99360.0,Closed Won,closed_won
OPP-00619,CUST-1736,Vector Group,Mid-Market,Inbound Marketing,REP-11,new_business,2025-07-13,2025-10-18,33120.0,Closed Won,closed_won
OPP-00620,CUST-1738,Reverb Works,Mid-Market,Event/Conference,REP-08,new_business,2025-07-17,2025-10-09,60480.0,Closed Won,closed_won
OPP-00621,CUST-1739,Cobalt Co,Mid-Market,Event/Conference,REP-06,new_business,2025-06-08,2025-10-05,86400.0,Closed Won,closed_won
OPP-00622,CUST-1740,Anvil Cloud,Mid-Market,Outbound Sales,REP-02,new_business,2025-07-31,2025-10-23,31680.0,Closed Won,closed_won
OPP-00623,CUST-1741,Apex Labs,SMB,Partner Referral,REP-04,new_business,2025-07-08,2025-10-05,9000.0,Closed Won,closed_won
OPP-00624,CUST-1742,Cobalt Systems,SMB,Inbound Marketing,REP-04,new_business,2025-10-11,2025-10-26,4800.0,Closed Won,closed_won
OPP-00625,CUST-1744,Apex Solutions,SMB,Outbound Sales,REP-01,new_business,2025-09-06,2025-11-13,6000.0,Closed Won,closed_won
OPP-00626,CUST-1745,Helix Co,Mid-Market,Outbound Sales,REP-02,new_business,2025-08-06,2025-11-09,38880.0,Closed Won,closed_won
OPP-00627,CUST-1746,Marlin Holdings,SMB,Event/Conference,REP-07,new_business,2025-10-05,2025-11-16,6600.0,Closed Won,closed_won
OPP-00628,CUST-1747,North Solutions,SMB,Event/Conference,REP-02,new_business,2025-09-09,2025-11-20,9000.0,Closed Won,closed_won
OPP-00629,CUST-1748,Halcyon Co,SMB,Inbound Marketing,REP-03,new_business,2025-10-07,2025-11-25,20160.0,Closed Won,closed_won
OPP-00630,CUST-1749,Reverb Group,Mid-Market,Outbound Sales,REP-09,new_business,2025-09-05,2025-11-24,51840.0,Closed Won,closed_won
OPP-00631,CUST-1751,Citron Cloud,SMB,Inbound Marketing,REP-04,new_business,2025-09-29,2025-11-22,6000.0,Closed Won,closed_won
OPP-00632,CUST-1752,Citron Group,SMB,Inbound Marketing,REP-08,new_business,2025-10-02,2025-11-04,7200.0,Closed Won,closed_won
OPP-00633,CUST-1753,Marlin Dynamics,SMB,Event/Conference,REP-12,new_business,2025-10-13,2025-11-22,7200.0,Closed Won,closed_won
OPP-00634,CUST-1754,Vector Labs,SMB,Inbound Marketing,REP-08,new_business,2025-09-11,2025-11-12,5400.0,Closed Won,closed_won
OPP-00635,CUST-1755,Cobalt Partners,SMB,Inbound Marketing,REP-07,new_business,2025-10-17,2025-11-07,9000.0,Closed Won,closed_won
OPP-00636,CUST-1756,Anvil Labs,SMB,Inbound Marketing,REP-07,new_business,2025-09-30,2025-11-12,4800.0,Closed Won,closed_won
OPP-00637,CUST-1757,Citron Cloud,SMB,Outbound Sales,REP-04,new_business,2025-10-23,2025-11-08,6600.0,Closed Won,closed_won
OPP-00638,CUST-1758,Stratus Dynamics,SMB,Outbound Sales,REP-04,new_business,2025-10-07,2025-11-27,4800.0,Closed Won,closed_won
OPP-00639,CUST-1759,Vector Group,SMB,Event/Conference,REP-09,new_business,2025-10-19,2025-11-27,8640.0,Closed Won,closed_won
OPP-00640,CUST-1760,Marlin Industries,SMB,Partner Referral,REP-12,new_business,2025-11-08,2025-11-26,39000.0,Closed Won,closed_won
OPP-00641,CUST-1761,Cobalt Cloud,Mid-Market,Outbound Sales,REP-12,new_business,2025-08-18,2025-11-14,51840.0,Closed Won,closed_won
OPP-00642,CUST-1762,Cobalt Logic,SMB,Outbound Sales,REP-06,new_business,2025-09-19,2025-11-26,7800.0,Closed Won,closed_won
OPP-00643,CUST-1763,Reverb Partners,Mid-Market,Inbound Marketing,REP-12,new_business,2025-09-20,2025-11-08,100800.0,Closed Won,closed_won
OPP-00644,CUST-1764,Helix Labs,Mid-Market,Outbound Sales,REP-03,new_business,2025-08-19,2025-11-19,13200.0,Closed Won,closed_won
OPP-00645,CUST-1765,Vector Systems,SMB,Partner Referral,REP-02,new_business,2025-10-11,2025-11-21,20160.0,Closed Won,closed_won
OPP-00646,CUST-1766,Beacon Labs,SMB,Outbound Sales,REP-05,new_business,2025-09-03,2025-11-07,1800.0,Closed Won,closed_won
OPP-00647,CUST-1767,Beacon Labs,SMB,Inbound Marketing,REP-11,new_business,2025-11-07,2025-12-19,2400.0,Closed Won,closed_won
OPP-00648,CUST-1768,Beacon Holdings,SMB,Outbound Sales,REP-10,new_business,2025-10-20,2025-12-21,9000.0,Closed Won,closed_won
OPP-00649,CUST-1769,Reverb Partners,SMB,Event/Conference,REP-07,new_business,2025-10-18,2025-12-05,8400.0,Closed Won,closed_won
OPP-00650,CUST-1770,Halcyon Industries,Enterprise,Outbound Sales,REP-05,new_business,2025-10-15,2025-12-11,474000.0,Closed Won,closed_won
OPP-00651,CUST-1771,Marlin Industries,SMB,Inbound Marketing,REP-04,new_business,2025-11-13,2025-12-15,11520.0,Closed Won,closed_won
OPP-00652,CUST-1772,Tessera Dynamics,Mid-Market,Inbound Marketing,REP-01,new_business,2025-10-28,2025-12-15,89280.0,Closed Won,closed_won
OPP-00653,CUST-1773,Vector Group,Mid-Market,Outbound Sales,REP-12,new_business,2025-09-11,2025-12-22,30600.0,Closed Won,closed_won
OPP-00654,CUST-1774,Apex Network,SMB,Inbound Marketing,REP-09,new_business,2025-10-27,2025-12-19,5760.0,Closed Won,closed_won
OPP-00655,CUST-1775,Halcyon Cloud,SMB,Event/Conference,REP-02,new_business,2025-11-27,2025-12-26,6000.0,Closed Won,closed_won
OPP-00656,CUST-1776,Stratus Holdings,Mid-Market,Partner Referral,REP-07,new_business,2025-10-03,2025-12-09,46080.0,Closed Won,closed_won
OPP-00657,CUST-1778,Glide Cloud,SMB,Outbound Sales,REP-03,new_business,2025-10-27,2025-12-26,8400.0,Closed Won,closed_won
OPP-00658,CUST-1779,Mosaic Works,Mid-Market,Outbound Sales,REP-08,new_business,2025-10-31,2025-12-17,31680.0,Closed Won,closed_won
OPP-00659,CUST-1780,Reverb Cloud,SMB,Event/Conference,REP-08,new_business,2025-10-26,2025-12-16,8400.0,Closed Won,closed_won
OPP-00660,CUST-1781,Citron Network,SMB,Outbound Sales,REP-03,new_business,2025-11-10,2025-12-16,7200.0,Closed Won,closed_won
OPP-00661,CUST-1782,Tessera Network,SMB,Inbound Marketing,REP-11,new_business,2025-11-06,2025-12-09,4800.0,Closed Won,closed_won
OPP-00662,CUST-1783,Helix Works,Mid-Market,Event/Conference,REP-01,new_business,2025-08-24,2025-12-01,84960.0,Closed Won,closed_won
OPP-00663,CUST-1784,Citron Cloud,SMB,Event/Conference,REP-12,new_business,2025-10-12,2025-12-01,6000.0,Closed Won,closed_won
OPP-00664,CUST-1785,Stratus Digital,SMB,Event/Conference,REP-06,new_business,2025-10-29,2025-12-17,4800.0,Closed Won,closed_won
OPP-00665,CUST-1786,Citron Labs,Mid-Market,Inbound Marketing,REP-12,new_business,2025-09-15,2025-12-25,90720.0,Closed Won,closed_won
OPP-00666,,Beacon Systems,Mid-Market,Inbound Marketing,REP-11,new_business,2025-01-03,2025-12-19,82215.0,Negotiation,open
OPP-00667,,Tessera Systems,SMB,Inbound Marketing,REP-12,new_business,2025-05-28,2025-12-11,101461.0,Negotiation,open
OPP-00668,,Tessera Dynamics,SMB,Event/Conference,REP-01,new_business,2025-09-10,2025-12-11,77404.0,Negotiation,open
OPP-00669,,Vector Dynamics,SMB,Inbound Marketing,REP-11,new_business,2025-10-04,2025-12-11,92517.0,Negotiation,open
OPP-00670,,Stratus Network,SMB,Inbound Marketing,REP-08,new_business,2025-05-12,2025-12-11,70191.0,Negotiation,open
OPP-00671,,Marlin Network,SMB,Outbound Sales,REP-06,new_business,2025-03-21,2025-12-11,201910.0,Negotiation,open
OPP-00672,,Cobalt Holdings,SMB,Event/Conference,REP-05,new_business,2024-12-22,2025-12-11,25949.0,Negotiation,open
OPP-00673,,Cobalt Partners,SMB,Partner Referral,REP-12,new_business,2024-12-16,2025-12-11,177577.0,Negotiation,open
OPP-00674,,Helix Cloud,Mid-Market,Event/Conference,REP-08,new_business,2025-01-14,2025-12-19,193751.0,Negotiation,open
OPP-00675,,Helix Cloud,SMB,Inbound Marketing,REP-06,new_business,2025-08-18,2025-12-11,89144.0,Negotiation,open
OPP-00676,,Quantum Network,Enterprise,Outbound Sales,REP-05,new_business,2025-08-07,2025-12-26,24284.0,Negotiation,open
OPP-00677,,Reverb Logic,SMB,Outbound Sales,REP-04,new_business,2025-02-10,2025-12-11,32624.0,Negotiation,open
OPP-00678,,North Holdings,SMB,Outbound Sales,REP-07,new_business,2025-06-09,2025-12-11,41727.0,Negotiation,open
OPP-00679,,Stratus Holdings,Mid-Market,Event/Conference,REP-07,new_business,2025-01-24,2025-12-19,118336.0,Negotiation,open
OPP-00680,,Beacon Industries,SMB,Partner Referral,REP-05,new_business,2025-07-20,2025-12-11,7177.0,Negotiation,open
OPP-00681,,Mosaic Group,SMB,Partner Referral,REP-07,new_business,2025-07-03,2025-12-11,112928.0,Negotiation,open
OPP-00682,,Lattice Network,SMB,Inbound Marketing,REP-07,new_business,2025-03-14,2025-12-11,192206.0,Negotiation,open
OPP-00683,,Mosaic Partners,SMB,Inbound Marketing,REP-02,new_business,2025-11-03,2025-12-11,28552.0,Negotiation,open
OPP-00684,,Stratus Group,SMB,Outbound Sales,REP-09,new_business,2025-09-05,2025-12-11,233926.0,Negotiation,open
OPP-00685,,Anvil Co,SMB,Event/Conference,REP-03,new_business,2024-12-23,2025-12-11,184641.0,Negotiation,open
OPP-00686,,Reverb Industries,SMB,Event/Conference,REP-04,new_business,2025-11-11,2026-01-05,96116.0,Qualification,open
OPP-00687,,Vector Partners,SMB,Outbound Sales,REP-12,new_business,2025-05-26,2025-12-11,56701.0,Negotiation,open
OPP-00688,,Halcyon Dynamics,Mid-Market,Partner Referral,REP-03,new_business,2025-08-11,2026-02-02,222323.0,Proof of Concept,open
OPP-00689,,Beacon Solutions,Mid-Market,Inbound Marketing,REP-03,new_business,2025-04-28,2025-12-19,221265.0,Negotiation,open
OPP-00690,,Mosaic Dynamics,SMB,Outbound Sales,REP-12,new_business,2025-09-10,2025-12-11,33417.0,Negotiation,open
OPP-00691,,Tessera Dynamics,Mid-Market,Event/Conference,REP-11,new_business,2025-05-19,2025-12-19,6151.0,Negotiation,open
OPP-00692,,Reverb Systems,SMB,Event/Conference,REP-03,new_business,2025-06-10,2025-12-11,153487.0,Negotiation,open
OPP-00693,,Helix Cloud,Mid-Market,Event/Conference,REP-08,new_business,2025-02-18,2025-12-19,83987.0,Negotiation,open
OPP-00694,,Glide Dynamics,SMB,Event/Conference,REP-09,new_business,2025-06-15,2025-12-11,178769.0,Negotiation,open
OPP-00695,,Apex Dynamics,SMB,Partner Referral,REP-01,new_business,2025-04-10,2025-12-11,90437.0,Negotiation,open
OPP-00696,,Plinth Logic,SMB,Inbound Marketing,REP-01,new_business,2025-02-23,2025-12-11,43110.0,Negotiation,open
OPP-00697,,Helix Co,Mid-Market,Outbound Sales,REP-11,new_business,2025-09-03,2025-12-19,27039.0,Negotiation,open
OPP-00698,,Stratus Industries,SMB,Partner Referral,REP-06,new_business,2025-07-31,2025-12-11,144741.0,Negotiation,open
OPP-00699,,Marlin Group,SMB,Inbound Marketing,REP-07,new_business,2025-04-03,2025-12-11,56824.0,Negotiation,open
OPP-00700,,Quantum Group,SMB,Inbound Marketing,REP-11,new_business,2025-05-14,2025-12-11,61123.0,Negotiation,open
OPP-00701,,Marlin Network,Mid-Market,Partner Referral,REP-03,new_business,2025-11-03,2026-02-02,61367.0,Proof of Concept,open
OPP-00702,,Cobalt Industries,SMB,Outbound Sales,REP-12,new_business,2025-08-11,2025-12-11,106234.0,Negotiation,open
OPP-00703,,Halcyon Digital,SMB,Inbound Marketing,REP-06,new_business,2025-08-30,2025-12-11,53725.0,Negotiation,open
OPP-00704,,Reverb Works,SMB,Inbound Marketing,REP-01,new_business,2025-04-20,2025-12-11,72838.0,Negotiation,open
OPP-00705,,Lattice Logic,SMB,Partner Referral,REP-01,new_business,2025-03-19,2025-12-11,37907.0,Negotiation,open
OPP-00706,,Plinth Solutions,Mid-Market,Outbound Sales,REP-10,new_business,2024-12-17,2025-12-19,166692.0,Negotiation,open
OPP-00707,,Beacon Labs,Mid-Market,Inbound Marketing,REP-08,new_business,2025-10-17,2026-02-02,12564.0,Proof of Concept,open
OPP-00708,,Marlin Labs,SMB,Partner Referral,REP-06,new_business,2024-12-13,2025-12-11,81137.0,Negotiation,open
OPP-00709,,Vector Group,SMB,Outbound Sales,REP-01,new_business,2025-05-03,2025-12-11,75452.0,Negotiation,open
OPP-00710,,Lattice Systems,SMB,Event/Conference,REP-04,new_business,2025-09-17,2025-12-11,243422.0,Negotiation,open
OPP-00711,,Vector Dynamics,SMB,Outbound Sales,REP-01,new_business,2025-04-25,2025-12-11,180650.0,Negotiation,open
OPP-00712,,Glide Network,SMB,Inbound Marketing,REP-09,new_business,2025-04-25,2025-12-11,212524.0,Negotiation,open
OPP-00713,,Helix Industries,SMB,Inbound Marketing,REP-04,new_business,2025-08-15,2025-12-11,116777.0,Negotiation,open
OPP-00714,,Anvil Labs,SMB,Outbound Sales,REP-05,new_business,2025-03-11,2025-12-11,238736.0,Negotiation,open
OPP-00715,,Mosaic Works,SMB,Outbound Sales,REP-07,new_business,2025-09-14,2025-12-11,166348.0,Negotiation,open
OPP-00716,,Beacon Co,SMB,Event/Conference,REP-08,new_business,2025-10-11,2025-12-11,219006.0,Negotiation,open
OPP-00717,,North Group,Mid-Market,Partner Referral,REP-10,new_business,2025-09-04,2026-02-02,214344.0,Proof of Concept,open
OPP-00718,,North Logic,SMB,Event/Conference,REP-01,new_business,2025-05-29,2025-12-11,243466.0,Negotiation,open
OPP-00719,,Citron Labs,SMB,Event/Conference,REP-02,new_business,2025-07-30,2025-12-11,181348.0,Negotiation,open
OPP-00720,,Anvil Holdings,SMB,Partner Referral,REP-09,new_business,2025-04-25,2025-12-11,32613.0,Negotiation,open
OPP-00721,,Marlin Labs,SMB,Outbound Sales,REP-01,new_business,2025-10-09,2025-12-11,131538.0,Negotiation,open
OPP-00722,,North Network,Mid-Market,Partner Referral,REP-06,new_business,2025-07-14,2025-12-19,188774.0,Negotiation,open
OPP-00723,,Apex Network,Mid-Market,Outbound Sales,REP-12,new_business,2025-11-07,2026-02-16,76810.0,Qualification,open
OPP-00724,,Citron Works,Mid-Market,Event/Conference,REP-06,new_business,2024-12-24,2025-12-19,201103.0,Negotiation,open
OPP-00725,,Beacon Digital,SMB,Inbound Marketing,REP-01,new_business,2024-12-02,2025-12-11,236735.0,Negotiation,open
OPP-00726,,North Partners,Mid-Market,Partner Referral,REP-10,new_business,2025-04-14,2025-12-19,98818.0,Negotiation,open
OPP-00727,,Anvil Dynamics,Enterprise,Event/Conference,REP-07,new_business,2025-10-18,2025-12-26,44318.0,Negotiation,open
OPP-00728,,Lattice Partners,Mid-Market,Outbound Sales,REP-11,new_business,2025-06-29,2025-12-19,216088.0,Negotiation,open
OPP-00729,,Glide Dynamics,SMB,Partner Referral,REP-03,new_business,2025-11-06,2025-12-11,80816.0,Negotiation,open
OPP-00730,,Tessera Industries,SMB,Partner Referral,REP-02,new_business,2025-07-31,2025-12-11,248362.0,Negotiation,open
OPP-00731,,Reverb Partners,Mid-Market,Inbound Marketing,REP-04,new_business,2025-08-12,2025-12-19,51355.0,Negotiation,open
OPP-00732,,Quantum Labs,Enterprise,Outbound Sales,REP-10,new_business,2025-08-17,2025-12-26,8656.0,Negotiation,open
OPP-00733,,Helix Industries,SMB,Outbound Sales,REP-09,new_business,2025-10-22,2025-12-11,187996.0,Negotiation,open
OPP-00734,,Helix Industries,SMB,Partner Referral,REP-08,new_business,2025-08-18,2025-12-11,44000.0,Negotiation,open
OPP-00735,,Cobalt Solutions,SMB,Inbound Marketing,REP-08,new_business,2025-03-05,2025-12-11,241534.0,Negotiation,open
OPP-00736,,Quantum Digital,SMB,Inbound Marketing,REP-07,new_business,2025-11-14,2026-01-05,61766.0,Qualification,open
OPP-00737,,Stratus Digital,SMB,Outbound Sales,REP-09,new_business,2025-09-11,2025-12-11,236192.0,Negotiation,open
OPP-00738,,Lattice Solutions,SMB,Event/Conference,REP-02,new_business,2025-09-23,2025-12-11,87797.0,Negotiation,open
OPP-00739,,Reverb Logic,Enterprise,Event/Conference,REP-06,new_business,2025-05-23,2025-12-26,75542.0,Negotiation,open
OPP-00740,,Marlin Dynamics,SMB,Outbound Sales,REP-12,new_business,2025-11-01,2025-12-11,138241.0,Negotiation,open
OPP-00741,,Halcyon Group,SMB,Outbound Sales,REP-07,new_business,2025-06-05,2025-12-11,229408.0,Negotiation,open
OPP-00742,,Plinth Systems,SMB,Inbound Marketing,REP-04,new_business,2025-06-04,2025-12-11,8396.0,Negotiation,open
OPP-00743,,Beacon Logic,Mid-Market,Partner Referral,REP-07,new_business,2025-04-04,2025-12-19,143925.0,Negotiation,open
OPP-00744,,Anvil Cloud,SMB,Event/Conference,REP-02,new_business,2025-02-08,2025-12-11,133127.0,Negotiation,open
OPP-00745,,Lattice Holdings,SMB,Inbound Marketing,REP-02,new_business,2024-12-12,2025-12-11,14449.0,Negotiation,open
OPP-00746,,Stratus Logic,SMB,Event/Conference,REP-01,new_business,2025-09-06,2025-12-11,187349.0,Negotiation,open
OPP-00747,,Apex Partners,Mid-Market,Inbound Marketing,REP-10,new_business,2025-08-17,2025-12-19,244217.0,Negotiation,open
OPP-00748,,Tessera Network,SMB,Event/Conference,REP-08,new_business,2025-06-28,2025-12-11,70842.0,Negotiation,open
OPP-00749,,Citron Network,Mid-Market,Inbound Marketing,REP-11,new_business,2025-11-22,2026-02-26,86233.0,Discovery,open
OPP-00750,,Tessera Dynamics,Enterprise,Inbound Marketing,REP-01,new_business,2025-03-29,2025-12-26,86337.0,Negotiation,open
OPP-00751,,Beacon Works,SMB,Inbound Marketing,REP-08,new_business,2025-09-12,2025-12-11,80031.0,Negotiation,open
OPP-00752,,Cobalt Co,SMB,Partner Referral,REP-09,new_business,2025-09-22,2025-12-11,233956.0,Negotiation,open
OPP-00753,,Glide Partners,SMB,Inbound Marketing,REP-09,new_business,2025-09-17,2025-12-11,55996.0,Negotiation,open
OPP-00754,,Glide Holdings,Mid-Market,Event/Conference,REP-11,new_business,2025-05-18,2025-12-19,135485.0,Negotiation,open
OPP-00755,,Reverb Systems,SMB,Partner Referral,REP-11,new_business,2025-04-03,2025-12-11,195965.0,Negotiation,open
OPP-00756,,Reverb Works,SMB,Inbound Marketing,REP-11,new_business,2025-05-27,2025-12-11,249496.0,Negotiation,open
OPP-00757,,Lattice Digital,Mid-Market,Outbound Sales,REP-01,new_business,2025-01-15,2025-12-19,232672.0,Negotiation,open
OPP-00758,,Anvil Digital,SMB,Event/Conference,REP-07,new_business,2025-02-03,2025-12-11,192455.0,Negotiation,open
OPP-00759,,Stratus Labs,Mid-Market,Inbound Marketing,REP-06,new_business,2024-12-18,2025-12-19,241631.0,Negotiation,open
OPP-00760,,Helix Group,SMB,Outbound Sales,REP-10,new_business,2025-05-16,2025-12-11,239464.0,Negotiation,open
OPP-00761,,Beacon Labs,Mid-Market,Outbound Sales,REP-11,new_business,2025-08-24,2025-12-19,145083.0,Negotiation,open
OPP-00762,,Reverb Cloud,SMB,Partner Referral,REP-09,new_business,2025-10-27,2025-12-26,77588.0,Proof of Concept,open
OPP-00763,,North Labs,SMB,Outbound Sales,REP-11,new_business,2025-10-28,2025-12-26,142863.0,Proof of Concept,open
OPP-00764,,Beacon Works,Mid-Market,Partner Referral,REP-07,new_business,2025-06-06,2025-12-19,247320.0,Negotiation,open
OPP-00765,,Reverb Systems,Mid-Market,Event/Conference,REP-11,new_business,2025-01-15,2025-12-19,195132.0,Negotiation,open
OPP-00766,,Beacon Dynamics,Mid-Market,Outbound Sales,REP-02,new_business,2025-06-19,2025-12-19,35049.0,Negotiation,open
OPP-00767,,Citron Systems,SMB,Event/Conference,REP-07,new_business,2025-10-27,2025-12-11,239861.0,Negotiation,open
OPP-00768,,Vector Systems,Mid-Market,Event/Conference,REP-03,new_business,2025-08-23,2025-12-19,128401.0,Negotiation,open
OPP-00769,,North Labs,SMB,Outbound Sales,REP-02,new_business,2025-11-26,2026-01-12,64195.0,Discovery,open
OPP-00770,,Anvil Systems,Mid-Market,Partner Referral,REP-04,new_business,2025-09-08,2025-12-19,213022.0,Negotiation,open
OPP-00771,,Marlin Works,SMB,Event/Conference,REP-04,new_business,2025-06-24,2025-12-11,202723.0,Negotiation,open
OPP-00772,,Plinth Dynamics,SMB,Outbound Sales,REP-01,new_business,2025-11-14,2026-01-05,83051.0,Qualification,open
OPP-00773,,Helix Labs,SMB,Inbound Marketing,REP-12,new_business,2025-01-01,2025-12-11,101440.0,Negotiation,open
OPP-00774,,Cobalt Solutions,SMB,Partner Referral,REP-08,new_business,2025-01-20,2025-12-11,242994.0,Negotiation,open
OPP-00775,,Apex Dynamics,SMB,Outbound Sales,REP-04,new_business,2025-04-30,2025-12-11,117376.0,Negotiation,open
OPP-00776,,Vector Partners,SMB,Partner Referral,REP-01,new_business,2024-12-17,2025-12-11,117347.0,Negotiation,open
OPP-00777,,North Systems,Mid-Market,Inbound Marketing,REP-06,new_business,2025-07-30,2025-12-19,160514.0,Negotiation,open
OPP-00778,,Citron Group,SMB,Partner Referral,REP-06,new_business,2025-06-10,2025-12-11,200838.0,Negotiation,open
OPP-00779,,Stratus Works,SMB,Inbound Marketing,REP-07,new_business,2025-04-11,2025-12-11,179758.0,Negotiation,open
OPP-00780,,Plinth Systems,Mid-Market,Inbound Marketing,REP-11,new_business,2025-02-10,2025-12-19,23164.0,Negotiation,open
OPP-00781,,Vector Holdings,Mid-Market,Partner Referral,REP-05,new_business,2025-10-01,2026-02-02,222512.0,Proof of Concept,open
OPP-00782,,Halcyon Industries,Mid-Market,Partner Referral,REP-08,new_business,2025-07-15,2025-12-19,41586.0,Negotiation,open
OPP-00783,,Vector Systems,SMB,Inbound Marketing,REP-08,new_business,2025-03-06,2025-12-11,82084.0,Negotiation,open
OPP-00784,,Plinth Dynamics,SMB,Event/Conference,REP-03,new_business,2025-04-07,2025-12-11,58257.0,Negotiation,open
OPP-00785,,Plinth Dynamics,SMB,Partner Referral,REP-02,new_business,2025-10-21,2025-12-11,126215.0,Negotiation,open
OPP-00786,,Apex Holdings,SMB,Inbound Marketing,REP-01,new_business,2025-10-17,2025-12-11,191353.0,Negotiation,open
OPP-00787,,Lattice Solutions,SMB,Event/Conference,REP-08,new_business,2025-11-27,2026-01-12,188386.0,Discovery,open
OPP-00788,,Plinth Dynamics,SMB,Outbound Sales,REP-03,new_business,2025-04-05,2025-12-11,50118.0,Negotiation,open
OPP-00789,,Cobalt Network,Enterprise,Event/Conference,REP-05,new_business,2025-03-26,2025-12-26,121786.0,Negotiation,open
OPP-00790,,Citron Group,SMB,Event/Conference,REP-04,new_business,2025-01-23,2025-12-11,158479.0,Negotiation,open
OPP-00791,,Tessera Solutions,SMB,Partner Referral,REP-10,new_business,2025-01-17,2025-12-11,62861.0,Negotiation,open
OPP-00792,,Stratus Cloud,SMB,Outbound Sales,REP-03,new_business,2025-11-19,2026-01-12,162298.0,Discovery,open
OPP-00793,,North Logic,Mid-Market,Outbound Sales,REP-06,new_business,2025-01-25,2025-12-19,53998.0,Negotiation,open
OPP-00794,,Glide Systems,SMB,Inbound Marketing,REP-02,new_business,2025-10-20,2025-12-11,9506.0,Negotiation,open
OPP-00795,,Tessera Holdings,SMB,Outbound Sales,REP-12,new_business,2025-04-29,2025-12-11,82291.0,Negotiation,open
OPP-00796,,Apex Logic,SMB,Inbound Marketing,REP-04,new_business,2025-03-12,2025-12-11,40592.0,Negotiation,open
OPP-00797,,Tessera Solutions,SMB,Event/Conference,REP-12,new_business,2025-08-04,2025-12-11,152280.0,Negotiation,open
OPP-00798,,Cobalt Holdings,SMB,Outbound Sales,REP-05,new_business,2025-11-21,2026-01-05,85427.0,Qualification,open
OPP-00799,,Vector Industries,SMB,Event/Conference,REP-02,new_business,2025-05-27,2025-12-11,93417.0,Negotiation,open
OPP-00800,,Quantum Dynamics,Mid-Market,Inbound Marketing,REP-10,new_business,2025-10-02,2026-02-02,50604.0,Proof of Concept,open
OPP-00801,,Mosaic Partners,SMB,Partner Referral,REP-04,new_business,2025-03-08,2025-12-11,210223.0,Negotiation,open
OPP-00802,,Marlin Labs,Mid-Market,Outbound Sales,REP-03,new_business,2025-08-19,2025-12-19,152727.0,Negotiation,open
OPP-00803,,Beacon Group,SMB,Partner Referral,REP-12,new_business,2025-01-20,2025-12-11,23889.0,Negotiation,open
OPP-00804,,Tessera Holdings,SMB,Outbound Sales,REP-03,new_business,2025-05-15,2025-12-11,124908.0,Negotiation,open
OPP-00805,,Lattice Systems,SMB,Outbound Sales,REP-10,new_business,2025-08-10,2025-12-11,82435.0,Negotiation,open
OPP-00806,,Stratus Dynamics,SMB,Outbound Sales,REP-02,new_business,2025-01-12,2025-12-11,179715.0,Negotiation,open
OPP-00807,,Quantum Co,SMB,Inbound Marketing,REP-02,new_business,2025-08-15,2025-12-11,28687.0,Negotiation,open
OPP-00808,,Glide Dynamics,SMB,Event/Conference,REP-03,new_business,2025-05-01,2025-12-11,123503.0,Negotiation,open
OPP-00809,,Citron Logic,Mid-Market,Inbound Marketing,REP-09,new_business,2025-07-13,2025-12-19,129178.0,Negotiation,open
OPP-00810,,Reverb Digital,SMB,Event/Conference,REP-10,new_business,2025-09-22,2025-12-11,124918.0,Negotiation,open
OPP-00811,,Plinth Labs,SMB,Event/Conference,REP-03,new_business,2025-08-16,2025-12-11,65493.0,Negotiation,open
OPP-00812,,Citron Solutions,SMB,Outbound Sales,REP-03,new_business,2025-08-27,2025-12-11,175195.0,Negotiation,open
OPP-00813,,Plinth Group,SMB,Partner Referral,REP-01,new_business,2025-02-26,2025-12-11,186533.0,Negotiation,open
OPP-00814,,Stratus Works,SMB,Partner Referral,REP-11,new_business,2025-06-17,2025-12-11,181837.0,Negotiation,open
OPP-00815,,Tessera Systems,Enterprise,Inbound Marketing,REP-03,new_business,2025-05-16,2025-12-26,56979.0,Negotiation,open
OPP-00816,,Marlin Industries,SMB,Event/Conference,REP-11,new_business,2024-08-02,2024-08-16,115529.0,Closed Lost,closed_lost
OPP-00817,,Vector Industries,SMB,Inbound Marketing,REP-07,new_business,2024-10-21,2024-11-06,114481.0,Closed Lost,closed_lost
OPP-00818,,Citron Labs,SMB,Inbound Marketing,REP-10,new_business,2024-10-19,2024-11-03,71272.0,Closed Lost,closed_lost
OPP-00819,,Glide Holdings,SMB,Partner Referral,REP-08,new_business,2025-11-07,2025-11-15,248111.0,Closed Lost,closed_lost
OPP-00820,,Marlin Labs,Mid-Market,Outbound Sales,REP-12,new_business,2025-08-10,2025-10-25,141436.0,Closed Lost,closed_lost
OPP-00821,,Apex Co,SMB,Event/Conference,REP-02,new_business,2024-11-27,2025-01-23,118835.0,Closed Lost,closed_lost
OPP-00822,,Tessera Digital,SMB,Event/Conference,REP-11,new_business,2024-12-15,2024-12-30,119275.0,Closed Lost,closed_lost
OPP-00823,,Mosaic Cloud,SMB,Outbound Sales,REP-02,new_business,2025-09-14,2025-09-21,86308.0,Closed Lost,closed_lost
OPP-00824,,Beacon Network,SMB,Partner Referral,REP-01,new_business,2024-07-14,2024-07-31,218681.0,Closed Lost,closed_lost
OPP-00825,,Anvil Labs,SMB,Outbound Sales,REP-12,new_business,2025-07-14,2025-07-20,226346.0,Closed Lost,closed_lost
OPP-00826,,Citron Cloud,SMB,Partner Referral,REP-08,new_business,2024-04-13,2024-04-29,61258.0,Closed Lost,closed_lost
OPP-00827,,Citron Dynamics,Mid-Market,Inbound Marketing,REP-08,new_business,2023-11-10,2024-01-22,11147.0,Closed Lost,closed_lost
OPP-00828,,Lattice Co,SMB,Event/Conference,REP-02,new_business,2025-01-09,2025-01-22,58318.0,Closed Lost,closed_lost
OPP-00829,,Vector Holdings,SMB,Inbound Marketing,REP-04,new_business,2025-07-20,2025-07-26,141583.0,Closed Lost,closed_lost
OPP-00830,,Quantum Works,SMB,Partner Referral,REP-07,new_business,2025-06-27,2025-07-30,78240.0,Closed Lost,closed_lost
OPP-00831,,Halcyon Co,SMB,Event/Conference,REP-01,new_business,2025-10-22,2025-11-09,44758.0,Closed Lost,closed_lost
OPP-00832,,Plinth Solutions,SMB,Inbound Marketing,REP-05,new_business,2024-02-02,2024-02-19,150628.0,Closed Lost,closed_lost
OPP-00833,,Plinth Digital,SMB,Event/Conference,REP-11,new_business,2025-07-31,2025-08-05,66734.0,Closed Lost,closed_lost
OPP-00834,,Helix Group,SMB,Outbound Sales,REP-10,new_business,2025-01-28,2025-03-08,115056.0,Closed Lost,closed_lost
OPP-00835,,Tessera Industries,Mid-Market,Partner Referral,REP-03,new_business,2025-01-21,2025-05-01,22635.0,Closed Lost,closed_lost
OPP-00836,,Reverb Cloud,SMB,Inbound Marketing,REP-10,new_business,2024-12-11,2024-12-31,235678.0,Closed Lost,closed_lost
OPP-00837,,Mosaic Labs,SMB,Partner Referral,REP-04,new_business,2025-07-04,2025-09-01,237301.0,Closed Lost,closed_lost
OPP-00838,,Citron Works,SMB,Partner Referral,REP-01,new_business,2025-11-14,2025-11-27,7675.0,Closed Lost,closed_lost
OPP-00839,,Halcyon Industries,Mid-Market,Outbound Sales,REP-11,new_business,2024-09-08,2024-12-03,35589.0,Closed Lost,closed_lost
OPP-00840,,Mosaic Co,SMB,Partner Referral,REP-04,new_business,2024-11-01,2024-11-09,154740.0,Closed Lost,closed_lost
OPP-00841,,Reverb Group,SMB,Inbound Marketing,REP-09,new_business,2024-08-06,2024-08-14,66752.0,Closed Lost,closed_lost
OPP-00842,,Lattice Group,Enterprise,Inbound Marketing,REP-08,new_business,2024-11-06,2024-12-08,36853.0,Closed Lost,closed_lost
OPP-00843,,Mosaic Group,SMB,Partner Referral,REP-05,new_business,2025-09-28,2025-10-23,241134.0,Closed Lost,closed_lost
OPP-00844,,Anvil Network,SMB,Partner Referral,REP-05,new_business,2024-12-23,2024-12-30,214860.0,Closed Lost,closed_lost
OPP-00845,,Tessera Group,SMB,Outbound Sales,REP-02,new_business,2025-09-04,2025-10-15,168939.0,Closed Lost,closed_lost
OPP-00846,,Plinth Holdings,SMB,Partner Referral,REP-03,new_business,2025-03-13,2025-03-17,32589.0,Closed Lost,closed_lost
OPP-00847,,Quantum Dynamics,Mid-Market,Partner Referral,REP-09,new_business,2024-08-29,2025-01-03,225857.0,Closed Lost,closed_lost
OPP-00848,,North Labs,SMB,Event/Conference,REP-08,new_business,2024-04-02,2024-05-05,7403.0,Closed Lost,closed_lost
OPP-00849,,Vector Systems,Mid-Market,Partner Referral,REP-01,new_business,2025-05-06,2025-06-04,119054.0,Closed Lost,closed_lost
OPP-00850,,Halcyon Digital,SMB,Event/Conference,REP-01,new_business,2025-05-21,2025-06-18,131924.0,Closed Lost,closed_lost
OPP-00851,,Stratus Solutions,Enterprise,Event/Conference,REP-08,new_business,2024-02-07,2024-03-28,132519.0,Closed Lost,closed_lost
OPP-00852,,Beacon Logic,Mid-Market,Event/Conference,REP-06,new_business,2025-04-04,2025-04-24,19823.0,Closed Lost,closed_lost
OPP-00853,,Lattice Labs,Mid-Market,Partner Referral,REP-06,new_business,2025-01-01,2025-01-29,231009.0,Closed Lost,closed_lost
OPP-00854,,Plinth Holdings,Mid-Market,Event/Conference,REP-06,new_business,2024-04-23,2024-05-30,173181.0,Closed Lost,closed_lost
OPP-00855,,Tessera Partners,SMB,Event/Conference,REP-12,new_business,2024-01-27,2024-02-18,106107.0,Closed Lost,closed_lost
OPP-00856,,Beacon Works,SMB,Event/Conference,REP-12,new_business,2025-05-16,2025-06-01,99342.0,Closed Lost,closed_lost
OPP-00857,,Apex Industries,SMB,Partner Referral,REP-01,new_business,2023-12-27,2024-01-28,134453.0,Closed Lost,closed_lost
OPP-00858,,Plinth Partners,SMB,Outbound Sales,REP-12,new_business,2024-04-25,2024-05-07,112998.0,Closed Lost,closed_lost
OPP-00859,,Stratus Works,SMB,Event/Conference,REP-02,new_business,2025-01-01,2025-02-10,88031.0,Closed Lost,closed_lost
OPP-00860,,Anvil Labs,SMB,Partner Referral,REP-02,new_business,2025-10-12,2025-10-31,33546.0,Closed Lost,closed_lost
OPP-00861,,Citron Labs,SMB,Partner Referral,REP-04,new_business,2025-10-10,2025-10-21,119859.0,Closed Lost,closed_lost
OPP-00862,,Apex Partners,SMB,Inbound Marketing,REP-10,new_business,2024-03-15,2024-04-24,197398.0,Closed Lost,closed_lost
OPP-00863,,Apex Logic,SMB,Inbound Marketing,REP-01,new_business,2024-11-05,2024-12-31,136090.0,Closed Lost,closed_lost
OPP-00864,,Glide Logic,SMB,Event/Conference,REP-09,new_business,2025-02-03,2025-03-23,74472.0,Closed Lost,closed_lost
OPP-00865,,Citron Network,SMB,Partner Referral,REP-10,new_business,2025-03-13,2025-03-25,47839.0,Closed Lost,closed_lost
OPP-00866,,Beacon Solutions,SMB,Outbound Sales,REP-06,new_business,2025-12-02,2025-12-23,180595.0,Closed Lost,closed_lost
OPP-00867,,Beacon Labs,Mid-Market,Inbound Marketing,REP-04,new_business,2024-05-21,2024-06-01,15850.0,Closed Lost,closed_lost
OPP-00868,,Citron Cloud,SMB,Outbound Sales,REP-04,new_business,2024-08-03,2024-09-02,176747.0,Closed Lost,closed_lost
OPP-00869,,Plinth Cloud,Mid-Market,Partner Referral,REP-03,new_business,2025-09-05,2025-09-11,58056.0,Closed Lost,closed_lost
OPP-00870,,Quantum Logic,SMB,Partner Referral,REP-06,new_business,2025-05-01,2025-05-08,104979.0,Closed Lost,closed_lost
OPP-00871,,Tessera Partners,SMB,Outbound Sales,REP-02,new_business,2024-03-28,2024-04-07,105500.0,Closed Lost,closed_lost
OPP-00872,,Beacon Digital,SMB,Event/Conference,REP-01,new_business,2025-10-19,2025-12-07,184187.0,Closed Lost,closed_lost
OPP-00873,,North Systems,SMB,Partner Referral,REP-01,new_business,2025-04-28,2025-05-17,94770.0,Closed Lost,closed_lost
OPP-00874,,Mosaic Co,SMB,Inbound Marketing,REP-12,new_business,2024-08-07,2024-08-25,6484.0,Closed Lost,closed_lost
OPP-00875,,Glide Labs,Mid-Market,Outbound Sales,REP-07,new_business,2024-08-20,2024-08-23,92306.0,Closed Lost,closed_lost
OPP-00876,,Cobalt Partners,SMB,Outbound Sales,REP-02,new_business,2025-12-17,2025-12-28,101193.0,Closed Lost,closed_lost
OPP-00877,,Helix Holdings,Mid-Market,Inbound Marketing,REP-06,new_business,2025-05-12,2025-07-22,234130.0,Closed Lost,closed_lost
OPP-00878,,Tessera Digital,SMB,Inbound Marketing,REP-01,new_business,2025-01-09,2025-02-28,128343.0,Closed Lost,closed_lost
OPP-00879,,North Partners,Mid-Market,Outbound Sales,REP-02,new_business,2025-09-14,2025-11-30,33655.0,Closed Lost,closed_lost
OPP-00880,,Vector Systems,Mid-Market,Event/Conference,REP-03,new_business,2024-07-17,2024-08-02,83916.0,Closed Lost,closed_lost
OPP-00881,,Beacon Works,SMB,Event/Conference,REP-08,new_business,2024-10-16,2024-11-11,70349.0,Closed Lost,closed_lost
OPP-00882,,Apex Works,SMB,Partner Referral,REP-08,new_business,2024-09-13,2024-10-10,201466.0,Closed Lost,closed_lost
OPP-00883,,Halcyon Systems,SMB,Outbound Sales,REP-11,new_business,2024-12-10,2024-12-11,245753.0,Closed Lost,closed_lost
OPP-00884,,Quantum Labs,SMB,Inbound Marketing,REP-03,new_business,2025-07-29,2025-08-11,243198.0,Closed Lost,closed_lost
OPP-00885,,Lattice Systems,SMB,Inbound Marketing,REP-08,new_business,2024-03-01,2024-04-11,161409.0,Closed Lost,closed_lost
OPP-00886,,Anvil Dynamics,Mid-Market,Partner Referral,REP-11,new_business,2025-06-05,2025-06-11,80481.0,Closed Lost,closed_lost
OPP-00887,,Vector Works,SMB,Inbound Marketing,REP-05,new_business,2025-10-10,2025-11-14,26525.0,Closed Lost,closed_lost
OPP-00888,,Cobalt Co,SMB,Event/Conference,REP-02,new_business,2025-11-30,2025-12-16,101836.0,Closed Lost,closed_lost
OPP-00889,,Quantum Network,SMB,Inbound Marketing,REP-01,new_business,2024-12-30,2025-01-11,229877.0,Closed Lost,closed_lost
OPP-00890,,Plinth Dynamics,SMB,Outbound Sales,REP-03,new_business,2025-07-25,2025-08-27,60706.0,Closed Lost,closed_lost
OPP-00891,,Citron Partners,SMB,Event/Conference,REP-03,new_business,2025-01-03,2025-02-07,247159.0,Closed Lost,closed_lost
OPP-00892,,Mosaic Dynamics,SMB,Event/Conference,REP-01,new_business,2025-07-27,2025-08-17,36830.0,Closed Lost,closed_lost
OPP-00893,,Citron Dynamics,SMB,Inbound Marketing,REP-01,new_business,2025-09-15,2025-10-30,88104.0,Closed Lost,closed_lost
OPP-00894,,Apex Digital,SMB,Partner Referral,REP-07,new_business,2025-09-08,2025-10-24,156198.0,Closed Lost,closed_lost
OPP-00895,,Marlin Solutions,SMB,Inbound Marketing,REP-10,new_business,2025-02-11,2025-02-20,146976.0,Closed Lost,closed_lost
OPP-00896,,Vector Holdings,SMB,Inbound Marketing,REP-06,new_business,2024-09-01,2024-09-07,67015.0,Closed Lost,closed_lost
OPP-00897,,Marlin Cloud,SMB,Outbound Sales,REP-02,new_business,2025-03-30,2025-06-10,213965.0,Closed Lost,closed_lost
OPP-00898,,Halcyon Digital,Mid-Market,Outbound Sales,REP-11,new_business,2025-05-10,2025-06-20,169598.0,Closed Lost,closed_lost
OPP-00899,,Citron Partners,SMB,Event/Conference,REP-09,new_business,2025-05-28,2025-07-08,67078.0,Closed Lost,closed_lost
OPP-00900,,Vector Solutions,SMB,Event/Conference,REP-11,new_business,2025-05-13,2025-05-19,221365.0,Closed Lost,closed_lost
OPP-00901,,Reverb Group,Mid-Market,Inbound Marketing,REP-03,new_business,2024-06-27,2024-10-06,118110.0,Closed Lost,closed_lost
OPP-00902,,Halcyon Logic,SMB,Inbound Marketing,REP-09,new_business,2024-05-01,2024-05-24,129816.0,Closed Lost,closed_lost
OPP-00903,,Halcyon Cloud,SMB,Inbound Marketing,REP-11,new_business,2025-11-16,2025-12-09,155078.0,Closed Lost,closed_lost
OPP-00904,,Citron Network,SMB,Inbound Marketing,REP-10,new_business,2024-10-14,2024-11-05,9414.0,Closed Lost,closed_lost
OPP-00905,,Quantum Logic,SMB,Partner Referral,REP-11,new_business,2025-11-03,2025-11-09,183344.0,Closed Lost,closed_lost
OPP-00906,,Helix Systems,SMB,Outbound Sales,REP-06,new_business,2025-09-01,2025-09-21,78158.0,Closed Lost,closed_lost
OPP-00907,,Plinth Industries,SMB,Event/Conference,REP-10,new_business,2024-09-13,2024-10-17,30753.0,Closed Lost,closed_lost
OPP-00908,,Beacon Works,SMB,Outbound Sales,REP-09,new_business,2025-06-19,2025-08-16,68619.0,Closed Lost,closed_lost
OPP-00909,,Plinth Group,SMB,Outbound Sales,REP-09,new_business,2024-05-27,2024-06-26,180743.0,Closed Lost,closed_lost
OPP-00910,,Reverb Logic,SMB,Partner Referral,REP-03,new_business,2025-04-22,2025-05-10,20498.0,Closed Lost,closed_lost
OPP-00911,,Mosaic Digital,SMB,Inbound Marketing,REP-03,new_business,2024-10-28,2024-11-16,219360.0,Closed Lost,closed_lost
OPP-00912,,Stratus Group,SMB,Inbound Marketing,REP-07,new_business,2025-01-19,2025-02-16,127258.0,Closed Lost,closed_lost
OPP-00913,,Reverb Logic,Mid-Market,Outbound Sales,REP-01,new_business,2024-08-13,2024-10-01,113028.0,Closed Lost,closed_lost
OPP-00914,,Citron Holdings,SMB,Inbound Marketing,REP-08,new_business,2024-02-13,2024-03-18,51214.0,Closed Lost,closed_lost
OPP-00915,,Beacon Dynamics,SMB,Partner Referral,REP-02,new_business,2025-06-11,2025-06-13,24682.0,Closed Lost,closed_lost
OPP-00916,,Halcyon Systems,SMB,Outbound Sales,REP-08,new_business,2024-04-27,2024-05-31,45370.0,Closed Lost,closed_lost
OPP-00917,,North Solutions,SMB,Inbound Marketing,REP-09,new_business,2025-11-16,2025-11-27,72163.0,Closed Lost,closed_lost
OPP-00918,,Plinth Network,SMB,Outbound Sales,REP-02,new_business,2024-02-28,2024-03-01,242027.0,Closed Lost,closed_lost
OPP-00919,,North Network,SMB,Event/Conference,REP-12,new_business,2024-10-11,2024-11-27,94311.0,Closed Lost,closed_lost
OPP-00920,,Reverb Labs,Mid-Market,Outbound Sales,REP-09,new_business,2023-12-24,2024-03-03,190012.0,Closed Lost,closed_lost
OPP-00921,,Stratus Industries,SMB,Inbound Marketing,REP-03,new_business,2024-05-08,2024-06-02,126247.0,Closed Lost,closed_lost
OPP-00922,,Citron Digital,Mid-Market,Inbound Marketing,REP-11,new_business,2025-12-23,2025-12-29,103114.0,Closed Lost,closed_lost
OPP-00923,,Glide Logic,SMB,Inbound Marketing,REP-10,new_business,2024-04-30,2024-06-05,199214.0,Closed Lost,closed_lost
OPP-00924,,Glide Systems,SMB,Event/Conference,REP-09,new_business,2025-02-18,2025-03-04,201180.0,Closed Lost,closed_lost
OPP-00925,,Tessera Logic,SMB,Event/Conference,REP-09,new_business,2024-12-27,2025-01-07,125023.0,Closed Lost,closed_lost
OPP-00926,,Anvil Systems,SMB,Outbound Sales,REP-10,new_business,2023-12-23,2024-02-03,31064.0,Closed Lost,closed_lost
OPP-00927,,Cobalt Solutions,SMB,Inbound Marketing,REP-11,new_business,2024-10-30,2024-11-05,185835.0,Closed Lost,closed_lost
OPP-00928,,Mosaic Co,SMB,Partner Referral,REP-08,new_business,2023-12-30,2024-01-23,145651.0,Closed Lost,closed_lost
OPP-00929,,Lattice Industries,SMB,Partner Referral,REP-10,new_business,2024-09-09,2024-10-21,142996.0,Closed Lost,closed_lost
OPP-00930,,Anvil Dynamics,Mid-Market,Outbound Sales,REP-09,new_business,2023-11-05,2024-01-01,212569.0,Closed Lost,closed_lost
OPP-00931,,Quantum Co,Mid-Market,Event/Conference,REP-04,new_business,2024-06-30,2024-07-13,161747.0,Closed Lost,closed_lost
OPP-00932,,Cobalt Holdings,Mid-Market,Inbound Marketing,REP-06,new_business,2024-05-04,2024-05-20,124719.0,Closed Lost,closed_lost
OPP-00933,,Apex Dynamics,Mid-Market,Partner Referral,REP-08,new_business,2024-05-29,2024-06-04,125870.0,Closed Lost,closed_lost
OPP-00934,,Anvil Works,SMB,Outbound Sales,REP-09,new_business,2024-10-07,2024-11-09,156000.0,Closed Lost,closed_lost
OPP-00935,,Helix Partners,Mid-Market,Outbound Sales,REP-04,new_business,2024-12-28,2025-01-16,80157.0,Closed Lost,closed_lost
OPP-00936,,Anvil Industries,SMB,Inbound Marketing,REP-12,new_business,2023-11-27,2024-01-15,197118.0,Closed Lost,closed_lost
OPP-00937,,Cobalt Group,SMB,Partner Referral,REP-05,new_business,2025-08-03,2025-09-11,100954.0,Closed Lost,closed_lost
OPP-00938,,Apex Co,Mid-Market,Partner Referral,REP-06,new_business,2024-05-23,2024-05-24,113458.0,Closed Lost,closed_lost
OPP-00939,,Cobalt Industries,SMB,Event/Conference,REP-11,new_business,2024-12-15,2025-01-16,185771.0,Closed Lost,closed_lost
OPP-00940,,Vector Holdings,Mid-Market,Partner Referral,REP-10,new_business,2025-08-23,2025-08-31,211215.0,Closed Lost,closed_lost
OPP-00941,,Stratus Cloud,Mid-Market,Inbound Marketing,REP-04,new_business,2025-06-28,2025-08-18,186251.0,Closed Lost,closed_lost
OPP-00942,,Mosaic Dynamics,Mid-Market,Event/Conference,REP-01,new_business,2024-10-21,2024-12-19,191136.0,Closed Lost,closed_lost
OPP-00943,,Glide Works,SMB,Event/Conference,REP-03,new_business,2024-04-27,2024-05-18,28416.0,Closed Lost,closed_lost
OPP-00944,,Anvil Dynamics,SMB,Outbound Sales,REP-06,new_business,2024-08-05,2024-08-11,53685.0,Closed Lost,closed_lost
OPP-00945,,Halcyon Co,SMB,Inbound Marketing,REP-03,new_business,2024-01-29,2024-03-13,96475.0,Closed Lost,closed_lost
OPP-00946,,Halcyon Solutions,SMB,Outbound Sales,REP-02,new_business,2024-09-25,2024-11-09,15449.0,Closed Lost,closed_lost
OPP-00947,,Helix Digital,SMB,Partner Referral,REP-03,new_business,2025-04-09,2025-05-02,95016.0,Closed Lost,closed_lost
OPP-00948,,Citron Systems,SMB,Outbound Sales,REP-01,new_business,2025-07-17,2025-08-10,83160.0,Closed Lost,closed_lost
OPP-00949,,Plinth Network,Mid-Market,Partner Referral,REP-09,new_business,2025-06-09,2025-06-23,107248.0,Closed Lost,closed_lost
OPP-00950,,Mosaic Partners,SMB,Outbound Sales,REP-05,new_business,2024-04-12,2024-06-09,95686.0,Closed Lost,closed_lost
OPP-00951,,Lattice Dynamics,SMB,Event/Conference,REP-04,new_business,2024-05-22,2024-05-27,25572.0,Closed Lost,closed_lost
OPP-00952,,Beacon Logic,SMB,Event/Conference,REP-08,new_business,2024-02-11,2024-02-26,189727.0,Closed Lost,closed_lost
OPP-00953,,Reverb Dynamics,Mid-Market,Outbound Sales,REP-04,new_business,2025-03-20,2025-07-21,236437.0,Closed Lost,closed_lost
OPP-00954,,Reverb Partners,Mid-Market,Outbound Sales,REP-01,new_business,2025-05-19,2025-06-19,49607.0,Closed Lost,closed_lost
OPP-00955,,Plinth Solutions,Mid-Market,Partner Referral,REP-03,new_business,2025-08-31,2025-09-09,181693.0,Closed Lost,closed_lost
OPP-00956,,Apex Systems,SMB,Event/Conference,REP-09,new_business,2024-02-16,2024-03-07,247487.0,Closed Lost,closed_lost
OPP-00957,,Citron Holdings,Enterprise,Event/Conference,REP-12,new_business,2024-10-14,2024-10-26,237085.0,Closed Lost,closed_lost
OPP-00958,,Halcyon Industries,SMB,Outbound Sales,REP-08,new_business,2024-11-10,2024-11-25,188302.0,Closed Lost,closed_lost
OPP-00959,,Citron Works,Mid-Market,Partner Referral,REP-08,new_business,2023-10-03,2024-01-07,183398.0,Closed Lost,closed_lost
OPP-00960,,Cobalt Logic,SMB,Event/Conference,REP-02,new_business,2024-01-25,2024-02-13,82843.0,Closed Lost,closed_lost
OPP-00961,,Stratus Group,SMB,Partner Referral,REP-10,new_business,2025-01-26,2025-02-01,221725.0,Closed Lost,closed_lost
OPP-00962,,Tessera Network,Mid-Market,Outbound Sales,REP-12,new_business,2025-08-26,2025-10-11,204617.0,Closed Lost,closed_lost
OPP-00963,,Glide Digital,Mid-Market,Event/Conference,REP-11,new_business,2024-05-15,2024-05-22,191192.0,Closed Lost,closed_lost
OPP-00964,,Mosaic Labs,SMB,Inbound Marketing,REP-04,new_business,2024-03-25,2024-05-02,70164.0,Closed Lost,closed_lost
OPP-00965,,Stratus Group,SMB,Inbound Marketing,REP-10,new_business,2024-10-29,2024-11-07,99305.0,Closed Lost,closed_lost
OPP-00966,,Lattice Industries,SMB,Inbound Marketing,REP-10,new_business,2024-07-11,2024-07-31,89478.0,Closed Lost,closed_lost
OPP-00967,,Beacon Dynamics,SMB,Inbound Marketing,REP-11,new_business,2024-12-29,2025-01-07,27790.0,Closed Lost,closed_lost
OPP-00968,,Helix Co,SMB,Outbound Sales,REP-11,new_business,2024-11-02,2024-11-08,41243.0,Closed Lost,closed_lost
OPP-00969,,Apex Industries,SMB,Outbound Sales,REP-07,new_business,2025-07-20,2025-08-18,48936.0,Closed Lost,closed_lost
OPP-00970,,Vector Works,Mid-Market,Outbound Sales,REP-12,new_business,2025-02-16,2025-05-11,74747.0,Closed Lost,closed_lost
OPP-00971,,Halcyon Co,Mid-Market,Event/Conference,REP-11,new_business,2024-07-05,2024-10-08,176448.0,Closed Lost,closed_lost
OPP-00972,,Quantum Digital,Mid-Market,Outbound Sales,REP-10,new_business,2025-09-17,2025-10-26,249576.0,Closed Lost,closed_lost
OPP-00973,,Plinth Industries,SMB,Inbound Marketing,REP-07,new_business,2023-12-29,2024-02-01,61489.0,Closed Lost,closed_lost
OPP-00974,,Quantum Systems,SMB,Event/Conference,REP-06,new_business,2024-07-15,2024-07-23,36149.0,Closed Lost,closed_lost
OPP-00975,,Plinth Industries,SMB,Event/Conference,REP-01,new_business,2024-11-10,2024-11-27,182473.0,Closed Lost,closed_lost
OPP-00976,,Beacon Network,SMB,Inbound Marketing,REP-10,new_business,2025-05-01,2025-05-30,117224.0,Closed Lost,closed_lost
OPP-00977,,North Digital,SMB,Partner Referral,REP-05,new_business,2024-07-15,2024-08-15,147874.0,Closed Lost,closed_lost
OPP-00978,,Beacon Digital,SMB,Partner Referral,REP-02,new_business,2025-05-18,2025-06-24,152530.0,Closed Lost,closed_lost
OPP-00979,,Marlin Works,SMB,Partner Referral,REP-01,new_business,2025-02-25,2025-03-12,213413.0,Closed Lost,closed_lost
OPP-00980,,Quantum Partners,SMB,Event/Conference,REP-07,new_business,2025-12-09,2025-12-21,23114.0,Closed Lost,closed_lost
OPP-00981,,Helix Works,SMB,Outbound Sales,REP-12,new_business,2024-01-14,2024-02-19,141310.0,Closed Lost,closed_lost
OPP-00982,,Tessera Cloud,SMB,Inbound Marketing,REP-04,new_business,2024-05-03,2024-05-08,89851.0,Closed Lost,closed_lost
OPP-00983,,Quantum Partners,Mid-Market,Partner Referral,REP-11,new_business,2024-05-22,2024-05-25,153302.0,Closed Lost,closed_lost
OPP-00984,,Beacon Dynamics,SMB,Event/Conference,REP-10,new_business,2025-03-05,2025-04-02,125761.0,Closed Lost,closed_lost
OPP-00985,,Quantum Network,SMB,Outbound Sales,REP-10,new_business,2024-06-21,2024-06-25,169536.0,Closed Lost,closed_lost
OPP-00986,,Anvil Digital,SMB,Outbound Sales,REP-12,new_business,2024-06-16,2024-08-11,10954.0,Closed Lost,closed_lost
OPP-00987,,Glide Group,SMB,Event/Conference,REP-10,new_business,2024-11-03,2024-12-11,193140.0,Closed Lost,closed_lost
OPP-00988,,Halcyon Group,SMB,Event/Conference,REP-03,new_business,2024-01-06,2024-02-09,16886.0,Closed Lost,closed_lost
OPP-00989,,Cobalt Labs,SMB,Inbound Marketing,REP-09,new_business,2024-01-03,2024-01-04,100675.0,Closed Lost,closed_lost
OPP-00990,,Stratus Digital,Mid-Market,Partner Referral,REP-10,new_business,2025-04-09,2025-08-25,74371.0,Closed Lost,closed_lost
OPP-00991,,Halcyon Network,Mid-Market,Outbound Sales,REP-11,new_business,2024-11-03,2024-11-09,87075.0,Closed Lost,closed_lost
OPP-00992,,Halcyon Holdings,SMB,Partner Referral,REP-10,new_business,2024-06-24,2024-07-22,26484.0,Closed Lost,closed_lost
OPP-00993,,Anvil Holdings,SMB,Outbound Sales,REP-05,new_business,2024-04-01,2024-04-12,25492.0,Closed Lost,closed_lost
OPP-00994,,Helix Logic,SMB,Event/Conference,REP-02,new_business,2025-07-14,2025-07-17,140805.0,Closed Lost,closed_lost
OPP-00995,,Glide Digital,Mid-Market,Partner Referral,REP-01,new_business,2025-02-01,2025-05-08,197483.0,Closed Lost,closed_lost
OPP-00996,,Quantum Logic,SMB,Outbound Sales,REP-10,new_business,2024-08-25,2024-09-12,14558.0,Closed Lost,closed_lost
OPP-00997,,Helix Logic,SMB,Outbound Sales,REP-06,new_business,2024-08-09,2024-09-27,20066.0,Closed Lost,closed_lost
OPP-00998,,Anvil Partners,SMB,Outbound Sales,REP-02,new_business,2025-12-03,2025-12-20,11957.0,Closed Lost,closed_lost
OPP-00999,,Halcyon Co,SMB,Event/Conference,REP-01,new_business,2024-04-16,2024-05-22,53939.0,Closed Lost,closed_lost
OPP-01000,,Marlin Dynamics,Mid-Market,Inbound Marketing,REP-02,new_business,2024-06-01,2024-08-02,166476.0,Closed Lost,closed_lost
OPP-01001,,Marlin Systems,SMB,Partner Referral,REP-10,new_business,2024-06-08,2024-07-02,192138.0,Closed Lost,closed_lost
OPP-01002,,Helix Co,SMB,Event/Conference,REP-10,new_business,2024-12-07,2024-12-20,138853.0,Closed Lost,closed_lost
OPP-01003,,Beacon Cloud,SMB,Inbound Marketing,REP-03,new_business,2024-08-11,2024-08-31,212831.0,Closed Lost,closed_lost
OPP-01004,,Halcyon Network,SMB,Outbound Sales,REP-08,new_business,2025-10-26,2025-11-11,184836.0,Closed Lost,closed_lost
OPP-01005,,Stratus Co,SMB,Inbound Marketing,REP-05,new_business,2024-01-04,2024-01-23,37620.0,Closed Lost,closed_lost
OPP-01006,,Vector Dynamics,SMB,Outbound Sales,REP-01,new_business,2023-12-03,2024-02-10,127749.0,Closed Lost,closed_lost
OPP-01007,,Marlin Works,SMB,Inbound Marketing,REP-12,new_business,2025-04-13,2025-04-24,227738.0,Closed Lost,closed_lost
OPP-01008,,Cobalt Cloud,Mid-Market,Inbound Marketing,REP-10,new_business,2024-06-03,2024-07-21,153002.0,Closed Lost,closed_lost
OPP-01009,,Marlin Network,SMB,Inbound Marketing,REP-05,new_business,2024-05-25,2024-06-15,204507.0,Closed Lost,closed_lost
OPP-01010,,North Solutions,SMB,Partner Referral,REP-07,new_business,2024-05-09,2024-05-28,80549.0,Closed Lost,closed_lost
OPP-01011,,Citron Dynamics,Mid-Market,Inbound Marketing,REP-04,new_business,2024-05-29,2024-06-14,182048.0,Closed Lost,closed_lost
OPP-01012,,Mosaic Co,SMB,Outbound Sales,REP-11,new_business,2024-08-17,2024-09-30,9412.0,Closed Lost,closed_lost
OPP-01013,,Mosaic Systems,SMB,Partner Referral,REP-06,new_business,2024-01-06,2024-01-26,59852.0,Closed Lost,closed_lost
OPP-01014,,Plinth Co,SMB,Inbound Marketing,REP-03,new_business,2024-06-13,2024-08-12,164828.0,Closed Lost,closed_lost
OPP-01015,,Citron Network,Mid-Market,Outbound Sales,REP-01,new_business,2024-11-23,2025-01-08,86653.0,Closed Lost,closed_lost
OPP-01016,,Plinth Group,SMB,Outbound Sales,REP-07,new_business,2024-03-19,2024-04-09,23117.0,Closed Lost,closed_lost
OPP-01017,,Cobalt Dynamics,SMB,Event/Conference,REP-12,new_business,2024-03-28,2024-04-24,214216.0,Closed Lost,closed_lost
OPP-01018,,Apex Cloud,SMB,Inbound Marketing,REP-10,new_business,2025-05-27,2025-06-30,69116.0,Closed Lost,closed_lost
OPP-01019,,Mosaic Cloud,SMB,Event/Conference,REP-05,new_business,2024-11-17,2024-12-03,84117.0,Closed Lost,closed_lost
OPP-01020,,Plinth Industries,Mid-Market,Inbound Marketing,REP-02,new_business,2025-01-09,2025-01-14,61605.0,Closed Lost,closed_lost
OPP-01021,,Lattice Labs,Mid-Market,Outbound Sales,REP-12,new_business,2024-05-22,2024-06-13,37384.0,Closed Lost,closed_lost
OPP-01022,,Tessera Group,SMB,Outbound Sales,REP-11,new_business,2024-12-29,2025-01-02,110429.0,Closed Lost,closed_lost
OPP-01023,,North Solutions,SMB,Outbound Sales,REP-07,new_business,2025-12-12,2025-12-30,30440.0,Closed Lost,closed_lost
OPP-01024,,Beacon Co,Enterprise,Partner Referral,REP-04,new_business,2025-06-10,2025-08-10,25935.0,Closed Lost,closed_lost
OPP-01025,,Apex Holdings,SMB,Outbound Sales,REP-09,new_business,2025-04-20,2025-05-22,11085.0,Closed Lost,closed_lost
OPP-01026,,Plinth Industries,Mid-Market,Partner Referral,REP-01,new_business,2025-11-01,2025-12-19,194270.0,Closed Lost,closed_lost
OPP-01027,,Plinth Group,SMB,Outbound Sales,REP-05,new_business,2024-04-27,2024-06-03,7855.0,Closed Lost,closed_lost
OPP-01028,,Beacon Industries,Mid-Market,Partner Referral,REP-06,new_business,2025-05-02,2025-05-22,100840.0,Closed Lost,closed_lost
OPP-01029,,Marlin Network,SMB,Event/Conference,REP-04,new_business,2025-01-23,2025-02-18,113854.0,Closed Lost,closed_lost
OPP-01030,,Plinth Systems,Mid-Market,Inbound Marketing,REP-11,new_business,2025-04-27,2025-06-04,221563.0,Closed Lost,closed_lost
OPP-01031,,Glide Partners,SMB,Outbound Sales,REP-03,new_business,2024-07-04,2024-08-02,121694.0,Closed Lost,closed_lost
OPP-01032,,Helix Co,SMB,Inbound Marketing,REP-12,new_business,2025-10-30,2025-12-13,128186.0,Closed Lost,closed_lost
OPP-01033,,Quantum Systems,Mid-Market,Outbound Sales,REP-06,new_business,2024-03-21,2024-05-19,147158.0,Closed Lost,closed_lost
OPP-01034,,Tessera Solutions,SMB,Partner Referral,REP-01,new_business,2025-08-14,2025-08-20,195514.0,Closed Lost,closed_lost
OPP-01035,,Glide Dynamics,Mid-Market,Partner Referral,REP-01,new_business,2024-10-06,2024-12-11,59857.0,Closed Lost,closed_lost
OPP-01036,,Halcyon Solutions,SMB,Inbound Marketing,REP-06,new_business,2023-12-19,2024-01-17,106728.0,Closed Lost,closed_lost
OPP-01037,,Apex Holdings,SMB,Outbound Sales,REP-04,new_business,2024-05-15,2024-06-23,127978.0,Closed Lost,closed_lost
OPP-01038,,Quantum Digital,Mid-Market,Event/Conference,REP-01,new_business,2024-01-08,2024-06-02,185668.0,Closed Lost,closed_lost
OPP-01039,,Marlin Holdings,Mid-Market,Partner Referral,REP-03,new_business,2025-05-22,2025-07-12,172415.0,Closed Lost,closed_lost
OPP-01040,,Lattice Industries,Mid-Market,Outbound Sales,REP-01,new_business,2025-09-10,2025-10-24,232539.0,Closed Lost,closed_lost
OPP-01041,,Lattice Co,Mid-Market,Partner Referral,REP-07,new_business,2024-02-16,2024-02-29,97475.0,Closed Lost,closed_lost
OPP-01042,,Stratus Dynamics,SMB,Inbound Marketing,REP-09,new_business,2024-07-10,2024-07-22,77577.0,Closed Lost,closed_lost
OPP-01043,,Plinth Co,Mid-Market,Partner Referral,REP-08,new_business,2025-03-29,2025-04-30,151818.0,Closed Lost,closed_lost
OPP-01044,,Cobalt Works,Mid-Market,Outbound Sales,REP-11,new_business,2025-02-19,2025-02-25,58820.0,Closed Lost,closed_lost
OPP-01045,,Apex Systems,SMB,Partner Referral,REP-03,new_business,2024-03-11,2024-03-29,128601.0,Closed Lost,closed_lost
OPP-01046,,Reverb Network,Mid-Market,Inbound Marketing,REP-07,new_business,2023-12-02,2024-01-10,42069.0,Closed Lost,closed_lost
OPP-01047,,Marlin Co,SMB,Event/Conference,REP-07,new_business,2025-08-17,2025-09-10,227859.0,Closed Lost,closed_lost
OPP-01048,,Beacon Digital,SMB,Event/Conference,REP-09,new_business,2025-05-15,2025-06-13,26149.0,Closed Lost,closed_lost
OPP-01049,,North Partners,SMB,Outbound Sales,REP-04,new_business,2025-05-23,2025-06-09,21702.0,Closed Lost,closed_lost
OPP-01050,,Beacon Group,SMB,Event/Conference,REP-07,new_business,2024-04-21,2024-04-28,27341.0,Closed Lost,closed_lost
OPP-01051,,Cobalt Logic,SMB,Event/Conference,REP-07,new_business,2025-07-02,2025-07-23,134827.0,Closed Lost,closed_lost
OPP-01052,,Beacon Solutions,Mid-Market,Outbound Sales,REP-11,new_business,2025-03-23,2025-04-13,29438.0,Closed Lost,closed_lost
OPP-01053,,Beacon Labs,SMB,Outbound Sales,REP-09,new_business,2025-07-28,2025-08-16,44707.0,Closed Lost,closed_lost
OPP-01054,,Beacon Industries,SMB,Partner Referral,REP-03,new_business,2025-04-19,2025-04-24,33708.0,Closed Lost,closed_lost
OPP-01055,,Vector Solutions,SMB,Inbound Marketing,REP-05,new_business,2025-04-05,2025-05-24,122410.0,Closed Lost,closed_lost
OPP-01056,,Halcyon Digital,SMB,Outbound Sales,REP-04,new_business,2023-12-19,2024-01-21,64963.0,Closed Lost,closed_lost
OPP-01057,,Plinth Network,SMB,Event/Conference,REP-09,new_business,2024-05-03,2024-05-19,70913.0,Closed Lost,closed_lost
OPP-01058,,Stratus Labs,SMB,Inbound Marketing,REP-07,new_business,2024-06-09,2024-07-03,68480.0,Closed Lost,closed_lost
OPP-01059,,Beacon Co,SMB,Outbound Sales,REP-04,new_business,2024-03-01,2024-05-14,30657.0,Closed Lost,closed_lost
OPP-01060,,Plinth Solutions,SMB,Outbound Sales,REP-05,new_business,2025-02-06,2025-02-21,62128.0,Closed Lost,closed_lost
OPP-01061,,Halcyon Logic,SMB,Outbound Sales,REP-12,new_business,2024-10-15,2024-10-24,136344.0,Closed Lost,closed_lost
OPP-01062,,Anvil Partners,SMB,Outbound Sales,REP-11,new_business,2025-04-13,2025-05-16,166724.0,Closed Lost,closed_lost
OPP-01063,,Marlin Industries,SMB,Event/Conference,REP-11,new_business,2025-06-28,2025-08-13,10054.0,Closed Lost,closed_lost
OPP-01064,,Vector Cloud,SMB,Inbound Marketing,REP-07,new_business,2024-01-24,2024-03-02,224239.0,Closed Lost,closed_lost
OPP-01065,,Lattice Industries,SMB,Outbound Sales,REP-09,new_business,2024-07-12,2024-08-26,209138.0,Closed Lost,closed_lost
OPP-01066,,Cobalt Logic,Mid-Market,Event/Conference,REP-04,new_business,2025-05-31,2025-09-08,69023.0,Closed Lost,closed_lost
OPP-01067,,Tessera Holdings,SMB,Inbound Marketing,REP-08,new_business,2025-05-05,2025-05-12,130389.0,Closed Lost,closed_lost
OPP-01068,,Citron Cloud,SMB,Partner Referral,REP-07,new_business,2024-01-24,2024-02-23,159825.0,Closed Lost,closed_lost
OPP-01069,,Stratus Group,SMB,Event/Conference,REP-06,new_business,2025-05-28,2025-06-30,113196.0,Closed Lost,closed_lost
OPP-01070,,Helix Dynamics,Enterprise,Outbound Sales,REP-03,new_business,2025-07-09,2025-09-20,78846.0,Closed Lost,closed_lost
OPP-01071,,Mosaic Holdings,SMB,Partner Referral,REP-02,new_business,2024-09-05,2024-11-01,217993.0,Closed Lost,closed_lost
OPP-01072,,Reverb Group,SMB,Partner Referral,REP-04,new_business,2024-11-27,2024-12-02,127676.0,Closed Lost,closed_lost
OPP-01073,,Mosaic Group,SMB,Inbound Marketing,REP-07,new_business,2025-06-22,2025-07-28,36187.0,Closed Lost,closed_lost
OPP-01074,,Mosaic Network,SMB,Inbound Marketing,REP-11,new_business,2025-10-17,2025-12-02,227276.0,Closed Lost,closed_lost
OPP-01075,,Halcyon Dynamics,SMB,Partner Referral,REP-05,new_business,2025-03-09,2025-03-23,228382.0,Closed Lost,closed_lost
OPP-01076,,Citron Dynamics,SMB,Event/Conference,REP-03,new_business,2025-09-24,2025-10-06,64879.0,Closed Lost,closed_lost
OPP-01077,,Lattice Logic,Mid-Market,Inbound Marketing,REP-07,new_business,2025-04-01,2025-04-06,213281.0,Closed Lost,closed_lost
OPP-01078,,North Logic,SMB,Inbound Marketing,REP-05,new_business,2025-08-04,2025-09-09,86492.0,Closed Lost,closed_lost
OPP-01079,,Apex Dynamics,Mid-Market,Inbound Marketing,REP-07,new_business,2024-05-20,2024-06-07,15988.0,Closed Lost,closed_lost
OPP-01080,,Reverb Works,Mid-Market,Outbound Sales,REP-02,new_business,2024-09-14,2024-10-02,92218.0,Closed Lost,closed_lost
OPP-01081,,Apex Network,SMB,Event/Conference,REP-05,new_business,2024-10-07,2024-10-25,201298.0,Closed Lost,closed_lost
OPP-01082,,Tessera Labs,SMB,Inbound Marketing,REP-09,new_business,2024-08-14,2024-09-04,166184.0,Closed Lost,closed_lost
OPP-01083,,Vector Systems,Mid-Market,Event/Conference,REP-07,new_business,2024-05-17,2024-06-19,160045.0,Closed Lost,closed_lost
OPP-01084,,Reverb Labs,Mid-Market,Partner Referral,REP-05,new_business,2025-06-29,2025-07-21,70642.0,Closed Lost,closed_lost
OPP-01085,,Mosaic Digital,Mid-Market,Outbound Sales,REP-09,new_business,2024-12-17,2025-02-04,77482.0,Closed Lost,closed_lost
OPP-01086,,Mosaic Partners,SMB,Partner Referral,REP-02,new_business,2025-03-11,2025-03-24,91488.0,Closed Lost,closed_lost
OPP-01087,,Glide Cloud,Mid-Market,Outbound Sales,REP-07,new_business,2024-03-04,2024-04-09,186856.0,Closed Lost,closed_lost
OPP-01088,,Halcyon Digital,SMB,Outbound Sales,REP-09,new_business,2025-04-14,2025-04-15,210102.0,Closed Lost,closed_lost
OPP-01089,,North Partners,Mid-Market,Outbound Sales,REP-03,new_business,2024-01-10,2024-01-17,86668.0,Closed Lost,closed_lost
OPP-01090,,Apex Group,SMB,Inbound Marketing,REP-03,new_business,2024-06-13,2024-08-24,65263.0,Closed Lost,closed_lost
OPP-01091,,Lattice Labs,Mid-Market,Outbound Sales,REP-04,new_business,2025-05-21,2025-06-16,46167.0,Closed Lost,closed_lost
OPP-01092,,Quantum Network,SMB,Partner Referral,REP-09,new_business,2025-04-10,2025-05-03,33890.0,Closed Lost,closed_lost
OPP-01093,,Reverb Solutions,SMB,Outbound Sales,REP-05,new_business,2025-04-05,2025-05-07,125945.0,Closed Lost,closed_lost
OPP-01094,,Apex Partners,SMB,Outbound Sales,REP-09,new_business,2024-01-09,2024-01-16,130354.0,Closed Lost,closed_lost
OPP-01095,,Marlin Network,SMB,Partner Referral,REP-07,new_business,2025-04-19,2025-04-28,131061.0,Closed Lost,closed_lost
OPP-01096,,Beacon Logic,SMB,Inbound Marketing,REP-10,new_business,2024-10-19,2024-10-21,103056.0,Closed Lost,closed_lost
OPP-01097,,Marlin Industries,SMB,Event/Conference,REP-07,new_business,2024-06-28,2024-07-15,58842.0,Closed Lost,closed_lost
OPP-01098,,Plinth Group,SMB,Inbound Marketing,REP-05,new_business,2024-12-14,2025-01-12,26953.0,Closed Lost,closed_lost
OPP-01099,,Plinth Works,SMB,Inbound Marketing,REP-01,new_business,2025-05-08,2025-06-24,188564.0,Closed Lost,closed_lost
OPP-01100,,Halcyon Solutions,SMB,Partner Referral,REP-12,new_business,2024-10-11,2024-10-28,21946.0,Closed Lost,closed_lost
OPP-01101,,North Network,SMB,Inbound Marketing,REP-03,new_business,2024-04-20,2024-04-25,235320.0,Closed Lost,closed_lost
OPP-01102,,Tessera Network,SMB,Event/Conference,REP-12,new_business,2025-07-26,2025-09-10,215072.0,Closed Lost,closed_lost
OPP-01103,,Lattice Labs,SMB,Partner Referral,REP-03,new_business,2025-07-17,2025-08-28,88512.0,Closed Lost,closed_lost
OPP-01104,,Citron Industries,Mid-Market,Event/Conference,REP-11,new_business,2025-07-19,2025-08-21,44585.0,Closed Lost,closed_lost
OPP-01105,,Reverb Digital,Mid-Market,Event/Conference,REP-03,new_business,2025-11-16,2025-12-05,191747.0,Closed Lost,closed_lost
OPP-01106,,Plinth Holdings,Enterprise,Partner Referral,REP-07,new_business,2024-05-01,2024-07-01,45978.0,Closed Lost,closed_lost
OPP-01107,,Lattice Systems,Mid-Market,Event/Conference,REP-11,new_business,2024-07-04,2024-07-14,145283.0,Closed Lost,closed_lost
OPP-01108,,Apex Partners,SMB,Inbound Marketing,REP-12,new_business,2025-01-14,2025-01-15,187480.0,Closed Lost,closed_lost
OPP-01109,,Helix Digital,SMB,Partner Referral,REP-08,new_business,2024-03-21,2024-04-08,94084.0,Closed Lost,closed_lost
OPP-01110,,Lattice Digital,SMB,Inbound Marketing,REP-01,new_business,2024-03-05,2024-03-14,45814.0,Closed Lost,closed_lost
OPP-01111,,Quantum Co,Mid-Market,Event/Conference,REP-09,new_business,2024-06-13,2025-01-15,108511.0,Closed Lost,closed_lost
OPP-01112,,Stratus Cloud,Mid-Market,Event/Conference,REP-10,new_business,2024-06-15,2024-08-22,153503.0,Closed Lost,closed_lost
OPP-01113,,Tessera Partners,SMB,Partner Referral,REP-12,new_business,2024-12-17,2025-01-02,154868.0,Closed Lost,closed_lost
OPP-01114,,North Partners,SMB,Inbound Marketing,REP-03,new_business,2024-07-09,2024-08-13,198243.0,Closed Lost,closed_lost
OPP-01115,,Anvil Partners,SMB,Partner Referral,REP-06,new_business,2025-08-25,2025-09-01,192292.0,Closed Lost,closed_lost
OPP-01116,,Cobalt Logic,SMB,Inbound Marketing,REP-01,new_business,2025-10-28,2025-11-09,210822.0,Closed Lost,closed_lost
OPP-01117,,Beacon Cloud,SMB,Outbound Sales,REP-01,new_business,2025-11-30,2025-12-21,80326.0,Closed Lost,closed_lost
OPP-01118,,Glide Industries,Mid-Market,Outbound Sales,REP-08,new_business,2025-08-30,2025-09-16,235238.0,Closed Lost,closed_lost
OPP-01119,,Plinth Industries,Mid-Market,Event/Conference,REP-04,new_business,2025-04-15,2025-07-12,161404.0,Closed Lost,closed_lost
OPP-01120,,Cobalt Cloud,Mid-Market,Inbound Marketing,REP-05,new_business,2024-02-03,2024-04-27,200276.0,Closed Lost,closed_lost
OPP-01121,,Marlin Network,Mid-Market,Inbound Marketing,REP-08,new_business,2024-08-09,2024-10-14,229661.0,Closed Lost,closed_lost
OPP-01122,,Lattice Co,SMB,Event/Conference,REP-09,new_business,2024-04-10,2024-04-30,32524.0,Closed Lost,closed_lost
OPP-01123,,Quantum Digital,SMB,Event/Conference,REP-11,new_business,2024-09-11,2024-10-22,178616.0,Closed Lost,closed_lost
OPP-01124,,North Digital,SMB,Outbound Sales,REP-07,new_business,2025-08-27,2025-09-02,174325.0,Closed Lost,closed_lost
OPP-01125,,Tessera Industries,Mid-Market,Partner Referral,REP-09,new_business,2024-09-29,2024-10-02,28812.0,Closed Lost,closed_lost
OPP-01126,,Vector Dynamics,SMB,Outbound Sales,REP-09,new_business,2024-09-02,2024-09-20,150133.0,Closed Lost,closed_lost
OPP-01127,,Mosaic Dynamics,Mid-Market,Event/Conference,REP-02,new_business,2025-06-16,2025-07-10,191239.0,Closed Lost,closed_lost
OPP-01128,,Glide Partners,Enterprise,Partner Referral,REP-01,new_business,2024-08-24,2024-09-16,93575.0,Closed Lost,closed_lost
OPP-01129,,North Partners,Mid-Market,Event/Conference,REP-09,new_business,2024-08-28,2024-10-03,201031.0,Closed Lost,closed_lost
OPP-01130,,Beacon Holdings,Mid-Market,Inbound Marketing,REP-01,new_business,2025-04-29,2025-05-05,80805.0,Closed Lost,closed_lost
OPP-01131,,Vector Group,SMB,Outbound Sales,REP-06,new_business,2025-07-17,2025-07-24,158021.0,Closed Lost,closed_lost
OPP-01132,,Stratus Labs,SMB,Event/Conference,REP-08,new_business,2025-07-21,2025-07-25,171735.0,Closed Lost,closed_lost
OPP-01133,,Lattice Labs,SMB,Outbound Sales,REP-03,new_business,2024-03-17,2024-04-23,241466.0,Closed Lost,closed_lost
OPP-01134,,Anvil Dynamics,SMB,Partner Referral,REP-06,new_business,2025-12-16,2025-12-26,167340.0,Closed Lost,closed_lost
OPP-01135,,Lattice Digital,SMB,Event/Conference,REP-08,new_business,2024-08-16,2024-08-23,95411.0,Closed Lost,closed_lost
OPP-01136,,Cobalt Dynamics,Mid-Market,Outbound Sales,REP-10,new_business,2025-07-11,2025-08-20,155155.0,Closed Lost,closed_lost
OPP-01137,,Helix Dynamics,SMB,Inbound Marketing,REP-05,new_business,2025-01-18,2025-02-13,86026.0,Closed Lost,closed_lost
OPP-01138,,Helix Holdings,Mid-Market,Inbound Marketing,REP-08,new_business,2025-01-10,2025-04-18,199899.0,Closed Lost,closed_lost
OPP-01139,,Halcyon Solutions,SMB,Partner Referral,REP-12,new_business,2024-12-06,2024-12-15,186757.0,Closed Lost,closed_lost
OPP-01140,,Citron Co,SMB,Outbound Sales,REP-01,new_business,2024-10-27,2024-11-10,145782.0,Closed Lost,closed_lost
OPP-01141,,Helix Labs,SMB,Inbound Marketing,REP-12,new_business,2024-06-12,2024-07-04,240720.0,Closed Lost,closed_lost
OPP-01142,,Apex Partners,SMB,Event/Conference,REP-11,new_business,2024-11-24,2024-12-15,59098.0,Closed Lost,closed_lost
OPP-01143,,Citron Dynamics,SMB,Partner Referral,REP-08,new_business,2024-10-06,2024-10-09,38221.0,Closed Lost,closed_lost
OPP-01144,,Helix Digital,Mid-Market,Partner Referral,REP-10,new_business,2025-01-27,2025-05-17,150677.0,Closed Lost,closed_lost
OPP-01145,,Reverb Dynamics,SMB,Event/Conference,REP-12,new_business,2024-08-14,2024-09-29,127167.0,Closed Lost,closed_lost
OPP-01146,,Stratus Works,Mid-Market,Partner Referral,REP-11,new_business,2025-03-20,2025-04-15,139427.0,Closed Lost,closed_lost
OPP-01147,,Lattice Dynamics,SMB,Event/Conference,REP-04,new_business,2024-11-26,2024-12-03,194460.0,Closed Lost,closed_lost
OPP-01148,,Lattice Industries,SMB,Partner Referral,REP-02,new_business,2025-02-01,2025-03-04,47428.0,Closed Lost,closed_lost
OPP-01149,,Quantum Cloud,SMB,Event/Conference,REP-05,new_business,2025-05-17,2025-06-08,178803.0,Closed Lost,closed_lost
OPP-01150,,Lattice Dynamics,SMB,Outbound Sales,REP-05,new_business,2024-06-11,2024-08-06,136797.0,Closed Lost,closed_lost
OPP-01151,,Glide Systems,SMB,Outbound Sales,REP-12,new_business,2024-02-19,2024-03-04,202692.0,Closed Lost,closed_lost
OPP-01152,,Glide Cloud,SMB,Event/Conference,REP-04,new_business,2024-12-07,2025-01-28,146384.0,Closed Lost,closed_lost
OPP-01153,,Marlin Co,Mid-Market,Inbound Marketing,REP-11,new_business,2024-04-03,2024-04-30,11536.0,Closed Lost,closed_lost
OPP-01154,,Apex Labs,SMB,Outbound Sales,REP-11,new_business,2024-05-22,2024-06-23,174041.0,Closed Lost,closed_lost
OPP-01155,,Beacon Co,Mid-Market,Partner Referral,REP-05,new_business,2024-02-07,2024-02-14,158192.0,Closed Lost,closed_lost
OPP-01156,,Vector Co,Mid-Market,Outbound Sales,REP-08,new_business,2024-07-25,2024-08-31,12166.0,Closed Lost,closed_lost
OPP-01157,,Halcyon Partners,SMB,Outbound Sales,REP-12,new_business,2025-06-19,2025-07-19,213616.0,Closed Lost,closed_lost
OPP-01158,,Vector Works,SMB,Inbound Marketing,REP-07,new_business,2024-03-17,2024-04-10,207460.0,Closed Lost,closed_lost
OPP-01159,,Stratus Dynamics,SMB,Event/Conference,REP-09,new_business,2025-01-02,2025-02-19,233654.0,Closed Lost,closed_lost
OPP-01160,,Citron Dynamics,Mid-Market,Partner Referral,REP-09,new_business,2023-12-07,2024-04-23,53862.0,Closed Lost,closed_lost
OPP-01161,,North Holdings,SMB,Partner Referral,REP-12,new_business,2024-09-05,2024-09-19,175146.0,Closed Lost,closed_lost
OPP-01162,,Quantum Holdings,Mid-Market,Event/Conference,REP-01,new_business,2024-06-19,2024-08-19,239540.0,Closed Lost,closed_lost
OPP-01163,,Plinth Works,Enterprise,Outbound Sales,REP-01,new_business,2025-06-20,2025-08-22,96316.0,Closed Lost,closed_lost
OPP-01164,,Tessera Digital,SMB,Outbound Sales,REP-06,new_business,2025-05-05,2025-06-28,198422.0,Closed Lost,closed_lost
OPP-01165,,Mosaic Partners,SMB,Outbound Sales,REP-01,new_business,2025-08-31,2025-09-24,66706.0,Closed Lost,closed_lost
OPP-01166,,North Group,SMB,Outbound Sales,REP-11,new_business,2024-05-17,2024-06-25,21132.0,Closed Lost,closed_lost
OPP-01167,,Glide Systems,SMB,Partner Referral,REP-11,new_business,2025-10-14,2025-11-23,180241.0,Closed Lost,closed_lost
OPP-01168,,Lattice Digital,SMB,Event/Conference,REP-09,new_business,2024-09-04,2024-09-30,90165.0,Closed Lost,closed_lost
OPP-01169,,Beacon Industries,SMB,Outbound Sales,REP-06,new_business,2024-04-04,2024-05-06,39521.0,Closed Lost,closed_lost
OPP-01170,,Reverb Solutions,SMB,Partner Referral,REP-07,new_business,2024-04-10,2024-04-14,224167.0,Closed Lost,closed_lost
OPP-01171,,Anvil Labs,Mid-Market,Partner Referral,REP-12,new_business,2025-09-29,2025-10-10,73046.0,Closed Lost,closed_lost
OPP-01172,,Beacon Cloud,SMB,Inbound Marketing,REP-12,new_business,2025-03-28,2025-05-08,222330.0,Closed Lost,closed_lost
OPP-01173,,Reverb Works,SMB,Outbound Sales,REP-08,new_business,2025-10-08,2025-10-12,212594.0,Closed Lost,closed_lost
OPP-01174,,Stratus Industries,Mid-Market,Inbound Marketing,REP-09,new_business,2024-09-25,2024-10-18,92562.0,Closed Lost,closed_lost
OPP-01175,,Tessera Cloud,SMB,Partner Referral,REP-06,new_business,2024-11-04,2024-12-13,192686.0,Closed Lost,closed_lost
OPP-01176,,Vector Digital,SMB,Event/Conference,REP-08,new_business,2025-02-15,2025-04-10,248905.0,Closed Lost,closed_lost
OPP-01177,,Stratus Dynamics,SMB,Outbound Sales,REP-12,new_business,2024-03-05,2024-03-21,129355.0,Closed Lost,closed_lost
OPP-01178,,North Partners,SMB,Outbound Sales,REP-01,new_business,2025-10-14,2025-11-04,137158.0,Closed Lost,closed_lost
OPP-01179,,Cobalt Solutions,SMB,Inbound Marketing,REP-04,new_business,2025-08-01,2025-08-03,8848.0,Closed Lost,closed_lost
OPP-01180,,Lattice Digital,SMB,Partner Referral,REP-05,new_business,2024-04-16,2024-04-30,234864.0,Closed Lost,closed_lost
OPP-01181,,Tessera Digital,Mid-Market,Outbound Sales,REP-09,new_business,2025-11-30,2025-12-14,31553.0,Closed Lost,closed_lost
OPP-01182,,Citron Holdings,SMB,Partner Referral,REP-11,new_business,2025-10-07,2025-11-02,62529.0,Closed Lost,closed_lost
OPP-01183,,Lattice Network,SMB,Outbound Sales,REP-04,new_business,2024-04-08,2024-07-13,224944.0,Closed Lost,closed_lost
OPP-01184,,Tessera Labs,SMB,Outbound Sales,REP-09,new_business,2025-10-26,2025-11-08,57705.0,Closed Lost,closed_lost
OPP-01185,,Stratus Partners,SMB,Inbound Marketing,REP-10,new_business,2024-01-09,2024-01-31,188784.0,Closed Lost,closed_lost
OPP-01186,,Quantum Co,Mid-Market,Outbound Sales,REP-02,new_business,2025-04-22,2025-07-20,48541.0,Closed Lost,closed_lost
OPP-01187,,Anvil Dynamics,SMB,Outbound Sales,REP-03,new_business,2024-11-23,2024-12-23,24019.0,Closed Lost,closed_lost
OPP-01188,,Vector Works,SMB,Partner Referral,REP-11,new_business,2024-07-08,2024-08-01,80917.0,Closed Lost,closed_lost
OPP-01189,,Anvil Holdings,Mid-Market,Partner Referral,REP-06,new_business,2024-08-04,2024-09-30,79920.0,Closed Lost,closed_lost
OPP-01190,,Mosaic Cloud,Mid-Market,Inbound Marketing,REP-10,new_business,2025-05-15,2025-09-22,229092.0,Closed Lost,closed_lost
OPP-01191,,Helix Industries,SMB,Partner Referral,REP-09,new_business,2025-07-28,2025-08-07,246542.0,Closed Lost,closed_lost
OPP-01192,,Stratus Partners,Mid-Market,Event/Conference,REP-11,new_business,2024-02-02,2024-02-08,221522.0,Closed Lost,closed_lost
OPP-01193,,Plinth Solutions,Mid-Market,Event/Conference,REP-07,new_business,2024-11-24,2025-02-15,47859.0,Closed Lost,closed_lost
OPP-01194,,Glide Solutions,SMB,Event/Conference,REP-12,new_business,2025-02-18,2025-03-11,17662.0,Closed Lost,closed_lost
OPP-01195,,Apex Industries,SMB,Inbound Marketing,REP-10,new_business,2025-02-24,2025-03-16,41250.0,Closed Lost,closed_lost
OPP-01196,,Quantum Solutions,SMB,Event/Conference,REP-07,new_business,2024-03-27,2024-04-14,109281.0,Closed Lost,closed_lost
OPP-01197,,Helix Solutions,SMB,Partner Referral,REP-08,new_business,2024-03-05,2024-05-03,214300.0,Closed Lost,closed_lost
OPP-01198,,Halcyon Co,SMB,Event/Conference,REP-01,new_business,2024-01-08,2024-02-18,42548.0,Closed Lost,closed_lost
OPP-01199,,Halcyon Logic,SMB,Inbound Marketing,REP-09,new_business,2024-08-31,2024-09-07,146219.0,Closed Lost,closed_lost
OPP-01200,,Plinth Co,Mid-Market,Partner Referral,REP-04,new_business,2025-05-31,2025-06-02,86471.0,Closed Lost,closed_lost
OPP-01201,,Tessera Digital,Mid-Market,Partner Referral,REP-04,new_business,2024-08-16,2024-10-18,136578.0,Closed Lost,closed_lost
OPP-01202,,Tessera Network,Mid-Market,Partner Referral,REP-09,new_business,2025-07-01,2025-08-11,91518.0,Closed Lost,closed_lost
OPP-01203,,Apex Network,SMB,Partner Referral,REP-12,new_business,2025-05-28,2025-06-26,164509.0,Closed Lost,closed_lost
OPP-01204,,Halcyon Works,Mid-Market,Inbound Marketing,REP-02,new_business,2024-04-08,2024-04-12,174866.0,Closed Lost,closed_lost
OPP-01205,,Anvil Network,Enterprise,Outbound Sales,REP-08,new_business,2024-03-16,2024-04-11,53581.0,Closed Lost,closed_lost
OPP-01206,,Tessera Partners,Mid-Market,Inbound Marketing,REP-04,new_business,2025-11-14,2025-11-24,243538.0,Closed Lost,closed_lost
OPP-01207,,Citron Network,SMB,Outbound Sales,REP-05,new_business,2025-06-25,2025-08-04,132831.0,Closed Lost,closed_lost
OPP-01208,,Citron Works,SMB,Partner Referral,REP-04,new_business,2024-05-10,2024-06-04,32639.0,Closed Lost,closed_lost
OPP-01209,,Apex Digital,SMB,Partner Referral,REP-07,new_business,2024-04-03,2024-06-03,146809.0,Closed Lost,closed_lost
OPP-01210,,Halcyon Solutions,Mid-Market,Event/Conference,REP-01,new_business,2025-01-09,2025-01-27,168168.0,Closed Lost,closed_lost
OPP-01211,,North Digital,Mid-Market,Event/Conference,REP-12,new_business,2024-10-11,2024-11-08,203398.0,Closed Lost,closed_lost
OPP-01212,,Marlin Labs,Mid-Market,Outbound Sales,REP-04,new_business,2024-11-29,2024-12-10,121727.0,Closed Lost,closed_lost
OPP-01213,,North Works,Mid-Market,Inbound Marketing,REP-04,new_business,2024-11-02,2025-01-14,53315.0,Closed Lost,closed_lost
OPP-01214,,Tessera Group,SMB,Event/Conference,REP-04,new_business,2024-09-07,2024-10-21,71872.0,Closed Lost,closed_lost
OPP-01215,,Stratus Group,Mid-Market,Partner Referral,REP-12,new_business,2024-12-12,2025-04-19,49047.0,Closed Lost,closed_lost
OPP-01216,,North Cloud,SMB,Inbound Marketing,REP-10,new_business,2024-07-16,2024-08-06,215927.0,Closed Lost,closed_lost
OPP-01217,,Halcyon Partners,SMB,Partner Referral,REP-06,new_business,2024-02-02,2024-02-08,116109.0,Closed Lost,closed_lost
OPP-01218,,Halcyon Works,Mid-Market,Event/Conference,REP-01,new_business,2025-04-20,2025-04-28,228081.0,Closed Lost,closed_lost
OPP-01219,,Vector Labs,SMB,Outbound Sales,REP-08,new_business,2024-06-15,2024-06-26,115890.0,Closed Lost,closed_lost
OPP-01220,,Lattice Group,SMB,Partner Referral,REP-06,new_business,2024-06-19,2024-06-26,57308.0,Closed Lost,closed_lost
OPP-01221,,Halcyon Co,Enterprise,Inbound Marketing,REP-10,new_business,2025-08-14,2025-10-19,92020.0,Closed Lost,closed_lost
OPP-01222,,Citron Solutions,SMB,Outbound Sales,REP-06,new_business,2024-10-07,2024-10-09,41958.0,Closed Lost,closed_lost
OPP-01223,,Apex Group,SMB,Outbound Sales,REP-05,new_business,2025-04-20,2025-05-31,119046.0,Closed Lost,closed_lost
OPP-01224,,Tessera Solutions,Enterprise,Event/Conference,REP-08,new_business,2025-09-15,2025-12-18,166715.0,Closed Lost,closed_lost
OPP-01225,,Plinth Network,Mid-Market,Event/Conference,REP-04,new_business,2025-08-12,2025-08-23,19072.0,Closed Lost,closed_lost
OPP-01226,,Lattice Partners,Enterprise,Partner Referral,REP-10,new_business,2025-09-14,2025-10-25,73168.0,Closed Lost,closed_lost
OPP-01227,,Marlin Labs,SMB,Outbound Sales,REP-05,new_business,2024-12-05,2024-12-13,222715.0,Closed Lost,closed_lost
OPP-01228,,Mosaic Digital,SMB,Event/Conference,REP-10,new_business,2024-11-11,2024-12-23,218054.0,Closed Lost,closed_lost
OPP-01229,,Anvil Solutions,SMB,Partner Referral,REP-07,new_business,2024-12-18,2024-12-20,113887.0,Closed Lost,closed_lost
OPP-01230,,North Labs,SMB,Partner Referral,REP-02,new_business,2024-11-18,2024-11-26,222698.0,Closed Lost,closed_lost
OPP-01231,,Tessera Logic,SMB,Partner Referral,REP-03,new_business,2024-01-12,2024-01-27,28256.0,Closed Lost,closed_lost
OPP-01232,,Tessera Partners,SMB,Inbound Marketing,REP-11,new_business,2025-05-08,2025-06-06,142337.0,Closed Lost,closed_lost
OPP-01233,,Halcyon Digital,SMB,Partner Referral,REP-12,new_business,2025-10-17,2025-10-18,58515.0,Closed Lost,closed_lost
OPP-01234,,Apex Holdings,SMB,Inbound Marketing,REP-05,new_business,2024-07-24,2024-08-18,45761.0,Closed Lost,closed_lost
OPP-01235,,North Cloud,Mid-Market,Partner Referral,REP-07,new_business,2025-11-26,2025-12-01,248120.0,Closed Lost,closed_lost
OPP-01236,,Helix Partners,SMB,Inbound Marketing,REP-10,new_business,2024-10-29,2024-11-18,24172.0,Closed Lost,closed_lost
OPP-01237,,Plinth Solutions,Mid-Market,Event/Conference,REP-02,new_business,2025-03-05,2025-03-30,200195.0,Closed Lost,closed_lost
OPP-01238,,Vector Labs,SMB,Event/Conference,REP-11,new_business,2024-03-14,2024-03-31,140215.0,Closed Lost,closed_lost
OPP-01239,,North Industries,SMB,Event/Conference,REP-10,new_business,2024-06-04,2024-06-26,141402.0,Closed Lost,closed_lost
OPP-01240,,Beacon Solutions,SMB,Partner Referral,REP-04,new_business,2025-10-01,2025-10-27,111416.0,Closed Lost,closed_lost
OPP-01241,,Mosaic Partners,Mid-Market,Inbound Marketing,REP-03,new_business,2025-05-20,2025-06-13,121811.0,Closed Lost,closed_lost
OPP-01242,,Glide Logic,SMB,Event/Conference,REP-04,new_business,2025-04-07,2025-05-09,103878.0,Closed Lost,closed_lost
OPP-01243,,Citron Labs,SMB,Inbound Marketing,REP-05,new_business,2025-03-05,2025-05-08,229160.0,Closed Lost,closed_lost
OPP-01244,,Mosaic Digital,Mid-Market,Outbound Sales,REP-12,new_business,2024-12-05,2025-01-28,173325.0,Closed Lost,closed_lost
OPP-01245,,Apex Digital,SMB,Event/Conference,REP-03,new_business,2025-06-20,2025-08-03,28080.0,Closed Lost,closed_lost
OPP-01246,,Beacon Industries,SMB,Inbound Marketing,REP-11,new_business,2025-04-09,2025-05-09,217908.0,Closed Lost,closed_lost
OPP-01247,,Plinth Holdings,SMB,Outbound Sales,REP-08,new_business,2024-02-19,2024-03-08,107671.0,Closed Lost,closed_lost
OPP-01248,,Apex Holdings,SMB,Event/Conference,REP-12,new_business,2024-10-26,2024-11-08,72370.0,Closed Lost,closed_lost
OPP-01249,,Quantum Systems,SMB,Partner Referral,REP-07,new_business,2024-04-04,2024-04-27,63478.0,Closed Lost,closed_lost
OPP-01250,,Tessera Group,SMB,Event/Conference,REP-01,new_business,2025-01-14,2025-02-20,104264.0,Closed Lost,closed_lost
OPP-01251,,Halcyon Group,SMB,Inbound Marketing,REP-10,new_business,2025-06-11,2025-06-26,216118.0,Closed Lost,closed_lost
OPP-01252,,North Group,Enterprise,Event/Conference,REP-11,new_business,2024-07-13,2024-09-10,123695.0,Closed Lost,closed_lost
OPP-01253,,Marlin Industries,SMB,Inbound Marketing,REP-03,new_business,2024-03-26,2024-03-28,7755.0,Closed Lost,closed_lost
OPP-01254,,Quantum Network,SMB,Partner Referral,REP-01,new_business,2025-04-02,2025-05-04,124561.0,Closed Lost,closed_lost
OPP-01255,,Helix Industries,Mid-Market,Partner Referral,REP-06,new_business,2025-06-09,2025-09-07,129920.0,Closed Lost,closed_lost
OPP-01256,,Stratus Holdings,SMB,Outbound Sales,REP-10,new_business,2024-01-19,2024-02-15,56150.0,Closed Lost,closed_lost
OPP-01257,,Cobalt Dynamics,Mid-Market,Outbound Sales,REP-03,new_business,2023-08-15,2024-01-13,201691.0,Closed Lost,closed_lost
OPP-01258,,Anvil Co,SMB,Outbound Sales,REP-12,new_business,2024-03-11,2024-03-16,54245.0,Closed Lost,closed_lost
OPP-01259,,Citron Cloud,SMB,Event/Conference,REP-06,new_business,2025-10-15,2025-11-13,222436.0,Closed Lost,closed_lost
OPP-01260,,Mosaic Holdings,Mid-Market,Partner Referral,REP-05,new_business,2024-11-18,2025-02-17,140815.0,Closed Lost,closed_lost
OPP-01261,,Quantum Co,SMB,Partner Referral,REP-11,new_business,2024-05-07,2024-06-11,220992.0,Closed Lost,closed_lost
OPP-01262,,Cobalt Solutions,SMB,Inbound Marketing,REP-12,new_business,2025-02-08,2025-02-20,105905.0,Closed Lost,closed_lost
OPP-01263,,Glide Works,SMB,Outbound Sales,REP-05,new_business,2024-01-26,2024-02-22,247446.0,Closed Lost,closed_lost
OPP-01264,,Cobalt Labs,SMB,Inbound Marketing,REP-05,new_business,2025-09-07,2025-10-30,147632.0,Closed Lost,closed_lost
OPP-01265,,Stratus Cloud,Mid-Market,Outbound Sales,REP-02,new_business,2024-09-02,2024-09-11,233151.0,Closed Lost,closed_lost
OPP-01266,,Halcyon Industries,Mid-Market,Partner Referral,REP-07,new_business,2025-05-19,2025-06-01,54798.0,Closed Lost,closed_lost
OPP-01267,,Helix Solutions,Enterprise,Event/Conference,REP-05,new_business,2025-08-16,2025-08-27,56427.0,Closed Lost,closed_lost
OPP-01268,,Lattice Systems,Mid-Market,Event/Conference,REP-08,new_business,2025-12-24,2025-12-27,212690.0,Closed Lost,closed_lost
OPP-01269,,Plinth Labs,SMB,Event/Conference,REP-07,new_business,2023-12-14,2024-01-01,137186.0,Closed Lost,closed_lost
OPP-01270,,Citron Co,SMB,Inbound Marketing,REP-01,new_business,2025-08-05,2025-09-29,248261.0,Closed Lost,closed_lost
OPP-01271,,Tessera Systems,SMB,Event/Conference,REP-08,new_business,2024-08-15,2024-08-18,81875.0,Closed Lost,closed_lost
OPP-01272,,Citron Cloud,SMB,Event/Conference,REP-02,new_business,2024-09-16,2024-09-19,64754.0,Closed Lost,closed_lost
OPP-01273,,Helix Works,SMB,Event/Conference,REP-01,new_business,2024-04-13,2024-05-25,246224.0,Closed Lost,closed_lost
OPP-01274,,Stratus Network,Enterprise,Partner Referral,REP-07,new_business,2025-04-27,2025-06-17,9825.0,Closed Lost,closed_lost
OPP-01275,,Beacon Digital,Mid-Market,Partner Referral,REP-10,new_business,2024-05-08,2024-08-06,248802.0,Closed Lost,closed_lost
OPP-01276,,Beacon Cloud,SMB,Inbound Marketing,REP-02,new_business,2024-07-30,2024-08-26,190399.0,Closed Lost,closed_lost
OPP-01277,,Halcyon Holdings,SMB,Outbound Sales,REP-05,new_business,2024-02-13,2024-03-06,103107.0,Closed Lost,closed_lost
OPP-01278,,Helix Holdings,Mid-Market,Partner Referral,REP-07,new_business,2025-06-25,2025-07-07,194867.0,Closed Lost,closed_lost
OPP-01279,,Stratus Network,SMB,Inbound Marketing,REP-03,new_business,2024-05-05,2024-06-12,8468.0,Closed Lost,closed_lost
OPP-01280,,Reverb Cloud,Mid-Market,Inbound Marketing,REP-07,new_business,2024-01-03,2024-02-12,162787.0,Closed Lost,closed_lost
OPP-01281,,Plinth Cloud,SMB,Partner Referral,REP-05,new_business,2024-12-12,2025-01-04,172157.0,Closed Lost,closed_lost
OPP-01282,,Halcyon Holdings,Mid-Market,Event/Conference,REP-02,new_business,2025-09-29,2025-12-30,197435.0,Closed Lost,closed_lost
OPP-01283,,Quantum Solutions,SMB,Partner Referral,REP-02,new_business,2024-09-22,2024-10-10,111045.0,Closed Lost,closed_lost
OPP-01284,,Cobalt Logic,Mid-Market,Partner Referral,REP-11,new_business,2024-03-15,2024-03-31,222322.0,Closed Lost,closed_lost
OPP-01285,,Cobalt Partners,SMB,Event/Conference,REP-12,new_business,2025-05-18,2025-06-11,160118.0,Closed Lost,closed_lost
OPP-01286,,Cobalt Solutions,SMB,Partner Referral,REP-10,new_business,2025-07-28,2025-08-14,26658.0,Closed Lost,closed_lost
OPP-01287,,Lattice Industries,Mid-Market,Partner Referral,REP-01,new_business,2025-05-05,2025-06-01,67936.0,Closed Lost,closed_lost
OPP-01288,,North Group,Enterprise,Inbound Marketing,REP-02,new_business,2025-07-11,2025-08-27,163822.0,Closed Lost,closed_lost
OPP-01289,,Citron Logic,SMB,Event/Conference,REP-06,new_business,2025-02-16,2025-03-16,163256.0,Closed Lost,closed_lost
OPP-01290,,Marlin Co,SMB,Outbound Sales,REP-06,new_business,2024-03-10,2024-04-10,144959.0,Closed Lost,closed_lost
OPP-01291,,Plinth Co,SMB,Partner Referral,REP-02,new_business,2024-12-22,2025-01-24,179582.0,Closed Lost,closed_lost
OPP-01292,,Tessera Holdings,SMB,Event/Conference,REP-12,new_business,2023-12-26,2024-01-01,59927.0,Closed Lost,closed_lost
OPP-01293,,Helix Works,Enterprise,Partner Referral,REP-01,new_business,2024-08-25,2024-09-10,179540.0,Closed Lost,closed_lost
OPP-01294,,Reverb Solutions,SMB,Partner Referral,REP-10,new_business,2025-11-10,2025-11-19,140920.0,Closed Lost,closed_lost
OPP-01295,,Helix Network,SMB,Inbound Marketing,REP-07,new_business,2025-11-04,2025-11-20,241627.0,Closed Lost,closed_lost
OPP-01296,,Stratus Industries,SMB,Event/Conference,REP-07,new_business,2024-06-26,2024-07-01,59755.0,Closed Lost,closed_lost
OPP-01297,,Vector Systems,Mid-Market,Outbound Sales,REP-06,new_business,2024-04-19,2024-07-18,149426.0,Closed Lost,closed_lost
OPP-01298,,Reverb Labs,Mid-Market,Event/Conference,REP-10,new_business,2024-02-06,2024-04-04,148736.0,Closed Lost,closed_lost
OPP-01299,,Mosaic Cloud,SMB,Partner Referral,REP-07,new_business,2024-11-23,2024-12-06,25060.0,Closed Lost,closed_lost
OPP-01300,,Plinth Dynamics,Mid-Market,Outbound Sales,REP-01,new_business,2025-03-27,2025-04-06,207700.0,Closed Lost,closed_lost
OPP-01301,,Citron Holdings,Mid-Market,Outbound Sales,REP-03,new_business,2025-04-15,2025-04-27,116748.0,Closed Lost,closed_lost
OPP-01302,,North Digital,SMB,Outbound Sales,REP-09,new_business,2025-12-15,2025-12-23,173821.0,Closed Lost,closed_lost
OPP-01303,,Marlin Systems,SMB,Event/Conference,REP-08,new_business,2025-02-04,2025-02-06,212176.0,Closed Lost,closed_lost
OPP-01304,,Vector Group,SMB,Partner Referral,REP-02,new_business,2024-03-14,2024-03-28,177430.0,Closed Lost,closed_lost
OPP-01305,,Stratus Cloud,Enterprise,Partner Referral,REP-01,new_business,2025-03-06,2025-05-12,140961.0,Closed Lost,closed_lost
OPP-01306,,Beacon Dynamics,SMB,Outbound Sales,REP-08,new_business,2024-08-02,2024-08-06,138962.0,Closed Lost,closed_lost
OPP-01307,,Anvil Solutions,Mid-Market,Partner Referral,REP-09,new_business,2025-02-03,2025-02-15,173551.0,Closed Lost,closed_lost
OPP-01308,,Glide Solutions,SMB,Partner Referral,REP-09,new_business,2024-09-24,2024-10-07,229216.0,Closed Lost,closed_lost
OPP-01309,,Beacon Digital,SMB,Outbound Sales,REP-09,new_business,2024-11-25,2024-11-26,138307.0,Closed Lost,closed_lost
OPP-01310,,Quantum Dynamics,SMB,Partner Referral,REP-11,new_business,2025-03-28,2025-04-16,228295.0,Closed Lost,closed_lost
OPP-01311,,North Systems,SMB,Outbound Sales,REP-07,new_business,2025-08-27,2025-09-30,90143.0,Closed Lost,closed_lost
OPP-01312,,Citron Partners,Mid-Market,Outbound Sales,REP-06,new_business,2024-10-28,2024-11-26,241949.0,Closed Lost,closed_lost
OPP-01313,,Halcyon Digital,SMB,Outbound Sales,REP-05,new_business,2024-01-28,2024-02-16,115652.0,Closed Lost,closed_lost
OPP-01314,,Apex Network,SMB,Partner Referral,REP-09,new_business,2025-04-30,2025-05-17,202105.0,Closed Lost,closed_lost
OPP-01315,,Marlin Logic,SMB,Outbound Sales,REP-08,new_business,2025-03-03,2025-03-12,80521.0,Closed Lost,closed_lost
OPP-01316,,Marlin Digital,SMB,Outbound Sales,REP-06,new_business,2025-06-29,2025-07-14,136246.0,Closed Lost,closed_lost
OPP-01317,,Quantum Works,SMB,Event/Conference,REP-03,new_business,2025-05-02,2025-06-28,73887.0,Closed Lost,closed_lost
OPP-01318,,Beacon Partners,SMB,Event/Conference,REP-05,new_business,2024-01-05,2024-02-25,192823.0,Closed Lost,closed_lost
OPP-01319,,Anvil Logic,SMB,Inbound Marketing,REP-04,new_business,2024-06-08,2024-06-24,140950.0,Closed Lost,closed_lost
OPP-01320,,Stratus Digital,SMB,Outbound Sales,REP-06,new_business,2024-12-25,2025-01-05,233231.0,Closed Lost,closed_lost
OPP-01321,,Apex Industries,Enterprise,Partner Referral,REP-06,new_business,2025-07-29,2025-08-10,11275.0,Closed Lost,closed_lost
OPP-01322,,Anvil Co,SMB,Partner Referral,REP-09,new_business,2025-07-22,2025-09-22,222283.0,Closed Lost,closed_lost
OPP-01323,,Plinth Logic,Mid-Market,Event/Conference,REP-12,new_business,2024-12-25,2025-01-04,53505.0,Closed Lost,closed_lost
OPP-01324,,Vector Solutions,SMB,Inbound Marketing,REP-11,new_business,2024-12-24,2025-01-12,159091.0,Closed Lost,closed_lost
OPP-01325,,North Digital,Mid-Market,Event/Conference,REP-04,new_business,2024-07-28,2024-09-14,44563.0,Closed Lost,closed_lost
OPP-01326,,Reverb Industries,Mid-Market,Outbound Sales,REP-01,new_business,2024-07-24,2024-08-04,129648.0,Closed Lost,closed_lost
OPP-01327,,Anvil Holdings,SMB,Inbound Marketing,REP-02,new_business,2025-08-30,2025-10-24,143635.0,Closed Lost,closed_lost
OPP-01328,,Vector Co,Mid-Market,Event/Conference,REP-10,new_business,2024-09-23,2024-10-24,212801.0,Closed Lost,closed_lost
OPP-01329,,Quantum Labs,SMB,Outbound Sales,REP-06,new_business,2025-09-21,2025-10-13,101997.0,Closed Lost,closed_lost
OPP-01330,,Quantum Co,SMB,Partner Referral,REP-09,new_business,2024-09-28,2024-09-30,123047.0,Closed Lost,closed_lost
OPP-01331,,North Co,Enterprise,Outbound Sales,REP-11,new_business,2025-11-13,2025-11-27,158467.0,Closed Lost,closed_lost
OPP-01332,,Helix Co,Mid-Market,Outbound Sales,REP-08,new_business,2024-12-19,2025-03-17,150265.0,Closed Lost,closed_lost
OPP-01333,,Lattice Group,SMB,Inbound Marketing,REP-11,new_business,2025-01-19,2025-01-29,240694.0,Closed Lost,closed_lost
OPP-01334,,Stratus Works,SMB,Partner Referral,REP-02,new_business,2024-12-01,2024-12-04,229090.0,Closed Lost,closed_lost
OPP-01335,,Stratus Labs,SMB,Inbound Marketing,REP-05,new_business,2025-06-13,2025-07-11,120592.0,Closed Lost,closed_lost
OPP-01336,,North Industries,SMB,Outbound Sales,REP-04,new_business,2025-05-18,2025-06-08,208994.0,Closed Lost,closed_lost
OPP-01337,,Helix Group,Enterprise,Inbound Marketing,REP-11,new_business,2025-09-25,2025-11-04,143627.0,Closed Lost,closed_lost
OPP-01338,,Beacon Co,SMB,Partner Referral,REP-09,new_business,2025-10-27,2025-12-02,23040.0,Closed Lost,closed_lost
OPP-01339,,Anvil Logic,SMB,Event/Conference,REP-04,new_business,2024-07-11,2024-08-07,217257.0,Closed Lost,closed_lost
OPP-01340,,Vector Works,SMB,Inbound Marketing,REP-12,new_business,2025-05-29,2025-07-02,234303.0,Closed Lost,closed_lost
OPP-01341,,Helix Logic,Mid-Market,Outbound Sales,REP-01,new_business,2025-02-14,2025-02-19,114262.0,Closed Lost,closed_lost
OPP-01342,,Cobalt Digital,SMB,Inbound Marketing,REP-10,new_business,2024-06-10,2024-07-21,121560.0,Closed Lost,closed_lost
OPP-01343,,Glide Dynamics,SMB,Inbound Marketing,REP-07,new_business,2025-08-15,2025-08-19,110259.0,Closed Lost,closed_lost
OPP-01344,,Apex Labs,SMB,Partner Referral,REP-04,new_business,2024-12-23,2025-01-01,200251.0,Closed Lost,closed_lost
OPP-01345,,Stratus Dynamics,SMB,Event/Conference,REP-11,new_business,2024-01-23,2024-02-17,103079.0,Closed Lost,closed_lost
OPP-01346,,Mosaic Labs,SMB,Partner Referral,REP-09,new_business,2025-09-06,2025-09-20,179156.0,Closed Lost,closed_lost
OPP-01347,,Tessera Cloud,SMB,Inbound Marketing,REP-06,new_business,2024-07-30,2024-09-30,173576.0,Closed Lost,closed_lost
OPP-01348,,Marlin Labs,SMB,Outbound Sales,REP-11,new_business,2024-12-23,2025-01-06,211274.0,Closed Lost,closed_lost
OPP-01349,,Quantum Logic,SMB,Inbound Marketing,REP-09,new_business,2024-06-20,2024-07-22,238807.0,Closed Lost,closed_lost
OPP-01350,,Plinth Group,Mid-Market,Inbound Marketing,REP-01,new_business,2025-04-13,2025-04-25,16122.0,Closed Lost,closed_lost
OPP-01351,,Mosaic Co,Enterprise,Inbound Marketing,REP-02,new_business,2024-10-11,2024-11-25,235637.0,Closed Lost,closed_lost
OPP-01352,,Apex Group,SMB,Inbound Marketing,REP-12,new_business,2023-12-20,2024-01-15,68664.0,Closed Lost,closed_lost
OPP-01353,,Citron Cloud,SMB,Outbound Sales,REP-07,new_business,2025-06-03,2025-07-05,208868.0,Closed Lost,closed_lost
OPP-01354,,Glide Systems,Mid-Market,Inbound Marketing,REP-09,new_business,2025-01-26,2025-02-09,180746.0,Closed Lost,closed_lost
OPP-01355,,Quantum Network,SMB,Event/Conference,REP-05,new_business,2025-01-14,2025-02-23,131260.0,Closed Lost,closed_lost
OPP-01356,,Anvil Holdings,SMB,Inbound Marketing,REP-01,new_business,2025-09-02,2025-09-04,104005.0,Closed Lost,closed_lost
OPP-01357,,Plinth Dynamics,SMB,Outbound Sales,REP-01,new_business,2024-12-29,2025-01-03,104706.0,Closed Lost,closed_lost
OPP-01358,,Vector Group,Mid-Market,Partner Referral,REP-07,new_business,2024-06-15,2024-09-12,139022.0,Closed Lost,closed_lost
OPP-01359,,Citron Holdings,SMB,Inbound Marketing,REP-06,new_business,2025-01-12,2025-01-28,11159.0,Closed Lost,closed_lost
OPP-01360,,Lattice Works,SMB,Partner Referral,REP-09,new_business,2024-12-02,2025-01-10,138456.0,Closed Lost,closed_lost
OPP-01361,,Lattice Group,SMB,Partner Referral,REP-08,new_business,2024-10-18,2024-10-30,83191.0,Closed Lost,closed_lost
OPP-01362,,Apex Systems,SMB,Inbound Marketing,REP-05,new_business,2025-05-26,2025-06-07,79437.0,Closed Lost,closed_lost
OPP-01363,,Lattice Co,SMB,Event/Conference,REP-03,new_business,2024-11-05,2024-12-04,112263.0,Closed Lost,closed_lost
OPP-01364,,Apex Labs,SMB,Outbound Sales,REP-12,new_business,2024-04-17,2024-05-10,180475.0,Closed Lost,closed_lost
OPP-01365,,Quantum Industries,Mid-Market,Inbound Marketing,REP-12,new_business,2024-08-20,2024-09-17,26332.0,Closed Lost,closed_lost
OPP-01366,,Tessera Industries,SMB,Event/Conference,REP-10,new_business,2025-09-18,2025-10-30,154143.0,Closed Lost,closed_lost
OPP-01367,,Tessera Holdings,Mid-Market,Event/Conference,REP-10,new_business,2024-07-14,2024-07-23,44642.0,Closed Lost,closed_lost
OPP-01368,,Apex Systems,SMB,Partner Referral,REP-08,new_business,2024-07-06,2024-08-09,73405.0,Closed Lost,closed_lost
OPP-01369,,Plinth Holdings,SMB,Inbound Marketing,REP-02,new_business,2025-11-07,2025-12-16,156276.0,Closed Lost,closed_lost
OPP-01370,,Lattice Group,Mid-Market,Event/Conference,REP-09,new_business,2024-10-16,2024-11-21,64027.0,Closed Lost,closed_lost
OPP-01371,,Halcyon Co,Mid-Market,Event/Conference,REP-10,new_business,2023-12-29,2024-02-13,100114.0,Closed Lost,closed_lost
OPP-01372,,North Solutions,Mid-Market,Event/Conference,REP-03,new_business,2024-03-28,2024-04-12,236611.0,Closed Lost,closed_lost
OPP-01373,,Apex Group,SMB,Outbound Sales,REP-12,new_business,2025-01-10,2025-01-16,158346.0,Closed Lost,closed_lost
OPP-01374,,Reverb Industries,SMB,Event/Conference,REP-10,new_business,2024-06-20,2024-07-11,161497.0,Closed Lost,closed_lost
OPP-01375,,Stratus Group,SMB,Inbound Marketing,REP-12,new_business,2024-01-16,2024-01-20,27854.0,Closed Lost,closed_lost
OPP-01376,,Halcyon Group,SMB,Event/Conference,REP-05,new_business,2025-03-28,2025-04-25,130142.0,Closed Lost,closed_lost
OPP-01377,,Marlin Systems,SMB,Event/Conference,REP-11,new_business,2025-11-05,2025-11-26,211110.0,Closed Lost,closed_lost
OPP-01378,,Helix Partners,Mid-Market,Inbound Marketing,REP-11,new_business,2024-02-16,2024-02-24,195352.0,Closed Lost,closed_lost
OPP-01379,,North Dynamics,SMB,Inbound Marketing,REP-12,new_business,2024-11-13,2024-12-09,31231.0,Closed Lost,closed_lost
OPP-01380,,Helix Cloud,SMB,Partner Referral,REP-12,new_business,2025-01-07,2025-02-01,28965.0,Closed Lost,closed_lost
OPP-01381,,Helix Works,Mid-Market,Inbound Marketing,REP-09,new_business,2025-04-06,2025-08-21,159637.0,Closed Lost,closed_lost
OPP-01382,,Tessera Co,Mid-Market,Event/Conference,REP-07,new_business,2024-08-20,2024-09-22,173066.0,Closed Lost,closed_lost
OPP-01383,,Apex Co,Mid-Market,Outbound Sales,REP-06,new_business,2024-04-18,2024-05-30,40030.0,Closed Lost,closed_lost
OPP-01384,,Anvil Cloud,SMB,Event/Conference,REP-07,new_business,2024-02-08,2024-02-18,166951.0,Closed Lost,closed_lost
OPP-01385,,Helix Industries,SMB,Outbound Sales,REP-06,new_business,2024-04-06,2024-05-12,29858.0,Closed Lost,closed_lost
OPP-01386,,Plinth Industries,SMB,Outbound Sales,REP-03,new_business,2024-02-02,2024-02-22,40305.0,Closed Lost,closed_lost
OPP-01387,,Beacon Digital,Mid-Market,Inbound Marketing,REP-11,new_business,2025-09-08,2025-09-14,22665.0,Closed Lost,closed_lost
OPP-01388,,Citron Partners,SMB,Partner Referral,REP-08,new_business,2024-08-10,2024-09-11,115151.0,Closed Lost,closed_lost
OPP-01389,,Plinth Systems,SMB,Inbound Marketing,REP-07,new_business,2024-10-05,2024-10-19,14933.0,Closed Lost,closed_lost
OPP-01390,,North Systems,SMB,Partner Referral,REP-03,new_business,2024-08-11,2024-08-14,95058.0,Closed Lost,closed_lost
OPP-01391,,Plinth Industries,SMB,Inbound Marketing,REP-01,new_business,2025-03-24,2025-03-31,153936.0,Closed Lost,closed_lost
OPP-01392,,Helix Cloud,Mid-Market,Event/Conference,REP-09,new_business,2024-02-18,2024-03-19,103602.0,Closed Lost,closed_lost
OPP-01393,,Citron Solutions,SMB,Partner Referral,REP-09,new_business,2024-06-20,2024-07-15,148342.0,Closed Lost,closed_lost
OPP-01394,,Citron Industries,SMB,Event/Conference,REP-12,new_business,2025-01-20,2025-02-17,154831.0,Closed Lost,closed_lost
OPP-01395,,Mosaic Industries,SMB,Outbound Sales,REP-06,new_business,2024-11-17,2024-12-06,104516.0,Closed Lost,closed_lost
OPP-01396,,Citron Systems,SMB,Partner Referral,REP-10,new_business,2024-05-28,2024-06-29,201419.0,Closed Lost,closed_lost
OPP-01397,,Reverb Industries,SMB,Outbound Sales,REP-07,new_business,2025-04-10,2025-04-14,97167.0,Closed Lost,closed_lost
OPP-01398,,Cobalt Solutions,SMB,Outbound Sales,REP-06,new_business,2025-01-16,2025-03-01,37705.0,Closed Lost,closed_lost
OPP-01399,,Anvil Digital,SMB,Inbound Marketing,REP-12,new_business,2024-07-28,2024-08-26,49078.0,Closed Lost,closed_lost
OPP-01400,,Helix Partners,SMB,Inbound Marketing,REP-12,new_business,2024-11-20,2024-11-22,77196.0,Closed Lost,closed_lost
OPP-01401,,Halcyon Cloud,SMB,Partner Referral,REP-09,new_business,2024-12-18,2025-01-17,77907.0,Closed Lost,closed_lost
OPP-01402,,Beacon Holdings,SMB,Event/Conference,REP-02,new_business,2024-05-06,2024-05-22,19719.0,Closed Lost,closed_lost
OPP-01403,,Quantum Co,SMB,Partner Referral,REP-10,new_business,2025-02-12,2025-03-02,161901.0,Closed Lost,closed_lost
OPP-01404,,Cobalt Digital,SMB,Event/Conference,REP-06,new_business,2024-10-27,2024-11-03,162483.0,Closed Lost,closed_lost
OPP-01405,,Tessera Partners,SMB,Partner Referral,REP-03,new_business,2025-09-25,2025-09-28,33185.0,Closed Lost,closed_lost
OPP-01406,,Citron Systems,Mid-Market,Inbound Marketing,REP-02,new_business,2025-03-16,2025-05-31,204089.0,Closed Lost,closed_lost
OPP-01407,,Apex Group,SMB,Event/Conference,REP-06,new_business,2025-12-03,2025-12-04,27327.0,Closed Lost,closed_lost
OPP-01408,,Beacon Co,SMB,Partner Referral,REP-04,new_business,2024-03-17,2024-04-01,145199.0,Closed Lost,closed_lost
OPP-01409,,Citron Industries,Mid-Market,Event/Conference,REP-09,new_business,2025-12-09,2025-12-10,84494.0,Closed Lost,closed_lost
OPP-01410,,Mosaic Holdings,SMB,Inbound Marketing,REP-07,new_business,2025-03-13,2025-04-03,146282.0,Closed Lost,closed_lost
OPP-01411,,Mosaic Cloud,SMB,Partner Referral,REP-12,new_business,2024-04-19,2024-05-27,135945.0,Closed Lost,closed_lost
OPP-01412,,Stratus Industries,Mid-Market,Event/Conference,REP-10,new_business,2025-11-29,2025-12-09,75718.0,Closed Lost,closed_lost
OPP-01413,,Apex Works,SMB,Outbound Sales,REP-12,new_business,2024-10-05,2024-10-27,175853.0,Closed Lost,closed_lost
OPP-01414,,Vector Labs,SMB,Event/Conference,REP-01,new_business,2024-03-28,2024-03-30,127165.0,Closed Lost,closed_lost
OPP-01415,,Glide Systems,SMB,Inbound Marketing,REP-02,new_business,2025-11-07,2025-11-20,58314.0,Closed Lost,closed_lost
OPP-01416,,Citron Network,SMB,Outbound Sales,REP-11,new_business,2024-07-07,2024-07-21,42226.0,Closed Lost,closed_lost
OPP-01417,,Glide Holdings,Mid-Market,Partner Referral,REP-04,new_business,2024-11-01,2025-01-23,232923.0,Closed Lost,closed_lost
OPP-01418,,Vector Logic,SMB,Event/Conference,REP-01,new_business,2024-01-18,2024-01-21,21563.0,Closed Lost,closed_lost
OPP-01419,,Anvil Solutions,Mid-Market,Outbound Sales,REP-10,new_business,2024-12-22,2025-01-08,157291.0,Closed Lost,closed_lost
OPP-01420,,Stratus Holdings,SMB,Event/Conference,REP-06,new_business,2024-11-12,2024-11-16,45342.0,Closed Lost,closed_lost
OPP-01421,,Anvil Systems,SMB,Event/Conference,REP-10,new_business,2025-10-27,2025-11-18,52685.0,Closed Lost,closed_lost
OPP-01422,,Marlin Logic,SMB,Event/Conference,REP-08,new_business,2025-03-24,2025-04-07,6714.0,Closed Lost,closed_lost
OPP-01423,,Tessera Digital,SMB,Event/Conference,REP-05,new_business,2025-05-26,2025-06-08,217744.0,Closed Lost,closed_lost
OPP-01424,,Vector Works,SMB,Outbound Sales,REP-10,new_business,2024-10-26,2024-11-08,18552.0,Closed Lost,closed_lost
OPP-01425,,Quantum Dynamics,SMB,Event/Conference,REP-04,new_business,2025-02-07,2025-02-11,155875.0,Closed Lost,closed_lost
OPP-01426,,Reverb Dynamics,SMB,Event/Conference,REP-10,new_business,2025-02-20,2025-03-11,11796.0,Closed Lost,closed_lost
OPP-01427,,Stratus Co,SMB,Outbound Sales,REP-04,new_business,2024-04-02,2024-04-18,61060.0,Closed Lost,closed_lost
OPP-01428,,Beacon Solutions,SMB,Inbound Marketing,REP-10,new_business,2024-10-11,2024-10-19,154279.0,Closed Lost,closed_lost
OPP-01429,,Halcyon Systems,SMB,Event/Conference,REP-06,new_business,2025-10-13,2025-11-08,62805.0,Closed Lost,closed_lost
OPP-01430,,Cobalt Solutions,Mid-Market,Event/Conference,REP-04,new_business,2024-11-25,2024-12-19,226457.0,Closed Lost,closed_lost
OPP-01431,,Mosaic Systems,SMB,Inbound Marketing,REP-04,new_business,2025-02-07,2025-02-19,64209.0,Closed Lost,closed_lost
OPP-01432,,Reverb Cloud,SMB,Event/Conference,REP-12,new_business,2024-11-17,2024-12-08,186587.0,Closed Lost,closed_lost
OPP-01433,,Halcyon Dynamics,SMB,Outbound Sales,REP-01,new_business,2024-04-21,2024-05-05,62345.0,Closed Lost,closed_lost
OPP-01434,,Reverb Group,SMB,Inbound Marketing,REP-06,new_business,2024-12-24,2024-12-29,205467.0,Closed Lost,closed_lost
OPP-01435,,Quantum Holdings,Mid-Market,Partner Referral,REP-12,new_business,2024-01-23,2024-04-16,37539.0,Closed Lost,closed_lost
OPP-01436,,Mosaic Systems,SMB,Event/Conference,REP-05,new_business,2025-10-22,2025-11-15,72047.0,Closed Lost,closed_lost
OPP-01437,,Helix Industries,SMB,Partner Referral,REP-04,new_business,2024-10-10,2024-11-06,39746.0,Closed Lost,closed_lost
OPP-01438,,Stratus Systems,SMB,Event/Conference,REP-01,new_business,2025-05-14,2025-06-14,5217.0,Closed Lost,closed_lost
OPP-01439,,Quantum Logic,SMB,Inbound Marketing,REP-12,new_business,2025-03-15,2025-04-16,223837.0,Closed Lost,closed_lost
OPP-01440,,Lattice Logic,Mid-Market,Outbound Sales,REP-12,new_business,2024-05-13,2024-06-18,27806.0,Closed Lost,closed_lost
OPP-01441,,Stratus Dynamics,SMB,Inbound Marketing,REP-07,new_business,2025-10-21,2025-10-22,190695.0,Closed Lost,closed_lost
OPP-01442,,Marlin Holdings,SMB,Partner Referral,REP-11,new_business,2024-10-28,2024-11-21,126123.0,Closed Lost,closed_lost
OPP-01443,,Apex Logic,Mid-Market,Event/Conference,REP-08,new_business,2024-10-19,2024-10-21,84332.0,Closed Lost,closed_lost
OPP-01444,,Helix Works,Mid-Market,Event/Conference,REP-12,new_business,2024-08-23,2024-10-11,78807.0,Closed Lost,closed_lost
OPP-01445,,Mosaic Network,SMB,Partner Referral,REP-06,new_business,2025-02-13,2025-03-18,245225.0,Closed Lost,closed_lost
OPP-01446,,Helix Dynamics,SMB,Partner Referral,REP-08,new_business,2025-01-01,2025-01-14,50824.0,Closed Lost,closed_lost
OPP-01447,,Plinth Co,Mid-Market,Partner Referral,REP-12,new_business,2025-10-29,2025-11-15,200902.0,Closed Lost,closed_lost
OPP-01448,,Citron Co,SMB,Event/Conference,REP-12,new_business,2024-01-25,2024-02-26,113299.0,Closed Lost,closed_lost
OPP-01449,,Halcyon Works,SMB,Partner Referral,REP-12,new_business,2024-07-15,2024-07-20,225967.0,Closed Lost,closed_lost
OPP-01450,,Lattice Co,SMB,Inbound Marketing,REP-09,new_business,2025-09-29,2025-10-27,110724.0,Closed Lost,closed_lost
OPP-01451,,North Dynamics,SMB,Inbound Marketing,REP-01,new_business,2025-10-09,2025-11-03,154817.0,Closed Lost,closed_lost
OPP-01452,,Tessera Network,SMB,Outbound Sales,REP-09,new_business,2024-09-20,2024-10-06,134012.0,Closed Lost,closed_lost
OPP-01453,,Anvil Partners,SMB,Event/Conference,REP-05,new_business,2024-10-22,2024-10-31,100566.0,Closed Lost,closed_lost
OPP-01454,,Apex Cloud,SMB,Outbound Sales,REP-02,new_business,2025-03-30,2025-04-06,237477.0,Closed Lost,closed_lost
OPP-01455,,North Network,SMB,Partner Referral,REP-12,new_business,2024-03-05,2024-03-24,213705.0,Closed Lost,closed_lost
OPP-01456,,North Co,SMB,Partner Referral,REP-07,new_business,2024-01-20,2024-02-11,173439.0,Closed Lost,closed_lost
OPP-01457,,Mosaic Digital,SMB,Partner Referral,REP-03,new_business,2025-07-07,2025-07-18,114457.0,Closed Lost,closed_lost
OPP-01458,,Quantum Partners,SMB,Inbound Marketing,REP-08,new_business,2024-09-28,2024-10-09,99292.0,Closed Lost,closed_lost
OPP-01459,,Apex Partners,SMB,Outbound Sales,REP-06,new_business,2024-01-19,2024-02-06,203671.0,Closed Lost,closed_lost
OPP-01460,,Reverb Holdings,Mid-Market,Outbound Sales,REP-08,new_business,2023-12-20,2024-03-16,80136.0,Closed Lost,closed_lost
OPP-01461,,Citron Holdings,SMB,Outbound Sales,REP-10,new_business,2024-03-03,2024-04-02,9955.0,Closed Lost,closed_lost
OPP-01462,,Tessera Industries,SMB,Outbound Sales,REP-11,new_business,2025-04-25,2025-04-30,33034.0,Closed Lost,closed_lost
OPP-01463,,Vector Systems,SMB,Inbound Marketing,REP-08,new_business,2024-09-20,2024-09-24,178757.0,Closed Lost,closed_lost
OPP-01464,,Quantum Industries,Mid-Market,Event/Conference,REP-09,new_business,2025-08-20,2025-12-24,215065.0,Closed Lost,closed_lost
OPP-01465,,Vector Group,SMB,Inbound Marketing,REP-12,new_business,2025-07-28,2025-08-04,41131.0,Closed Lost,closed_lost
OPP-01466,,Plinth Industries,Enterprise,Inbound Marketing,REP-06,new_business,2025-10-09,2025-10-24,105754.0,Closed Lost,closed_lost
OPP-01467,,Lattice Network,Mid-Market,Partner Referral,REP-06,new_business,2025-01-21,2025-03-24,30347.0,Closed Lost,closed_lost
OPP-01468,,Tessera Holdings,SMB,Event/Conference,REP-03,new_business,2024-10-07,2024-10-21,41721.0,Closed Lost,closed_lost
OPP-01469,,Cobalt Partners,Mid-Market,Outbound Sales,REP-08,new_business,2025-05-14,2025-05-18,161766.0,Closed Lost,closed_lost
OPP-01470,,Marlin Dynamics,SMB,Inbound Marketing,REP-10,new_business,2024-08-13,2024-09-05,100645.0,Closed Lost,closed_lost
OPP-01471,,Lattice Solutions,SMB,Outbound Sales,REP-02,new_business,2024-05-07,2024-05-13,192735.0,Closed Lost,closed_lost
OPP-01472,,Vector Solutions,Mid-Market,Partner Referral,REP-08,new_business,2025-03-13,2025-06-02,119342.0,Closed Lost,closed_lost
OPP-01473,,Vector Works,SMB,Outbound Sales,REP-06,new_business,2025-11-03,2025-12-23,206564.0,Closed Lost,closed_lost
OPP-01474,,Cobalt Cloud,SMB,Event/Conference,REP-08,new_business,2024-04-19,2024-04-22,143085.0,Closed Lost,closed_lost
OPP-01475,,Glide Industries,Enterprise,Outbound Sales,REP-03,new_business,2025-06-13,2025-07-18,56347.0,Closed Lost,closed_lost
OPP-01476,,Lattice Labs,SMB,Outbound Sales,REP-04,new_business,2025-06-22,2025-08-15,17749.0,Closed Lost,closed_lost
OPP-01477,,Lattice Co,SMB,Inbound Marketing,REP-10,new_business,2024-12-12,2025-01-07,82592.0,Closed Lost,closed_lost
OPP-01478,,Reverb Works,SMB,Inbound Marketing,REP-08,new_business,2025-06-07,2025-06-18,77801.0,Closed Lost,closed_lost
OPP-01479,,Mosaic Systems,SMB,Inbound Marketing,REP-06,new_business,2024-08-31,2024-10-20,162233.0,Closed Lost,closed_lost
OPP-01480,,North Holdings,Mid-Market,Outbound Sales,REP-04,new_business,2025-01-20,2025-01-21,149700.0,Closed Lost,closed_lost
OPP-01481,,Glide Solutions,SMB,Partner Referral,REP-05,new_business,2025-07-28,2025-08-14,248477.0,Closed Lost,closed_lost
OPP-01482,,Reverb Network,SMB,Inbound Marketing,REP-04,new_business,2025-05-29,2025-06-18,226004.0,Closed Lost,closed_lost
OPP-01483,,Stratus Works,Mid-Market,Partner Referral,REP-03,new_business,2024-09-19,2024-10-20,79960.0,Closed Lost,closed_lost
OPP-01484,,Mosaic Industries,Mid-Market,Partner Referral,REP-10,new_business,2024-06-09,2024-06-26,180843.0,Closed Lost,closed_lost
OPP-01485,,Mosaic Labs,SMB,Partner Referral,REP-07,new_business,2025-06-06,2025-06-19,163456.0,Closed Lost,closed_lost
OPP-01486,,Plinth Co,SMB,Outbound Sales,REP-01,new_business,2025-12-11,2025-12-25,65039.0,Closed Lost,closed_lost
OPP-01487,,Beacon Group,SMB,Partner Referral,REP-02,new_business,2024-05-09,2024-06-17,48802.0,Closed Lost,closed_lost
OPP-01488,,North Cloud,SMB,Outbound Sales,REP-02,new_business,2025-07-05,2025-08-09,61727.0,Closed Lost,closed_lost
OPP-01489,,Helix Group,Mid-Market,Inbound Marketing,REP-05,new_business,2024-08-02,2024-10-23,137296.0,Closed Lost,closed_lost
OPP-01490,,Reverb Solutions,Mid-Market,Event/Conference,REP-12,new_business,2024-03-16,2024-06-19,130792.0,Closed Lost,closed_lost
OPP-01491,,Tessera Logic,Mid-Market,Partner Referral,REP-11,new_business,2025-01-16,2025-03-26,205251.0,Closed Lost,closed_lost
OPP-01492,,Glide Group,SMB,Partner Referral,REP-08,new_business,2024-07-15,2024-08-11,116100.0,Closed Lost,closed_lost
OPP-01493,,Marlin Partners,Enterprise,Event/Conference,REP-03,new_business,2025-04-03,2025-05-14,241821.0,Closed Lost,closed_lost
OPP-01494,,Quantum Labs,Mid-Market,Event/Conference,REP-07,new_business,2024-12-15,2025-06-08,235531.0,Closed Lost,closed_lost
OPP-01495,,Quantum Labs,SMB,Partner Referral,REP-07,new_business,2024-01-05,2024-01-29,115755.0,Closed Lost,closed_lost
OPP-01496,,Beacon Logic,SMB,Inbound Marketing,REP-12,new_business,2024-09-17,2024-09-30,73640.0,Closed Lost,closed_lost
OPP-01497,,Cobalt Systems,Mid-Market,Event/Conference,REP-05,new_business,2024-06-29,2024-09-29,220353.0,Closed Lost,closed_lost
OPP-01498,,Mosaic Systems,SMB,Inbound Marketing,REP-04,new_business,2023-12-26,2024-02-11,66786.0,Closed Lost,closed_lost
OPP-01499,,Helix Holdings,SMB,Outbound Sales,REP-02,new_business,2023-12-19,2024-01-20,146840.0,Closed Lost,closed_lost
OPP-01500,,Citron Logic,SMB,Partner Referral,REP-06,new_business,2024-05-11,2024-06-11,204891.0,Closed Lost,closed_lost
OPP-01501,,North Logic,SMB,Event/Conference,REP-12,new_business,2024-06-05,2024-07-28,68483.0,Closed Lost,closed_lost
OPP-01502,,Citron Cloud,Mid-Market,Outbound Sales,REP-05,new_business,2024-09-02,2024-09-11,122698.0,Closed Lost,closed_lost
OPP-01503,,Mosaic Partners,Mid-Market,Inbound Marketing,REP-01,new_business,2025-07-13,2025-07-24,154565.0,Closed Lost,closed_lost
OPP-01504,,Cobalt Cloud,Enterprise,Partner Referral,REP-12,new_business,2024-05-02,2024-05-17,60440.0,Closed Lost,closed_lost
OPP-01505,,Stratus Holdings,Mid-Market,Event/Conference,REP-10,new_business,2024-12-06,2025-02-28,202013.0,Closed Lost,closed_lost
OPP-01506,,Mosaic Network,SMB,Partner Referral,REP-07,new_business,2024-02-09,2024-03-13,228143.0,Closed Lost,closed_lost
OPP-01507,,Halcyon Works,SMB,Inbound Marketing,REP-08,new_business,2025-10-01,2025-10-24,92880.0,Closed Lost,closed_lost
OPP-01508,,North Holdings,SMB,Inbound Marketing,REP-08,new_business,2024-09-11,2024-10-02,24858.0,Closed Lost,closed_lost
OPP-01509,,Tessera Cloud,Mid-Market,Partner Referral,REP-03,new_business,2025-06-29,2025-08-01,101423.0,Closed Lost,closed_lost
OPP-01510,,Reverb Digital,SMB,Inbound Marketing,REP-03,new_business,2024-03-22,2024-05-16,249538.0,Closed Lost,closed_lost
OPP-01511,,Lattice Solutions,SMB,Event/Conference,REP-09,new_business,2024-08-29,2024-09-15,205385.0,Closed Lost,closed_lost
OPP-01512,,Apex Logic,SMB,Outbound Sales,REP-09,new_business,2024-03-25,2024-04-10,229768.0,Closed Lost,closed_lost
OPP-01513,,Marlin Systems,Mid-Market,Outbound Sales,REP-11,new_business,2025-05-31,2025-08-22,28358.0,Closed Lost,closed_lost
OPP-01514,,Quantum Cloud,SMB,Partner Referral,REP-03,new_business,2025-07-15,2025-07-20,170968.0,Closed Lost,closed_lost
OPP-01515,,Anvil Logic,SMB,Event/Conference,REP-12,new_business,2025-01-17,2025-01-27,110895.0,Closed Lost,closed_lost
OPP-01516,,Vector Works,SMB,Outbound Sales,REP-02,new_business,2025-11-19,2025-12-13,92840.0,Closed Lost,closed_lost
OPP-01517,,Mosaic Labs,SMB,Outbound Sales,REP-09,new_business,2025-06-06,2025-07-13,26706.0,Closed Lost,closed_lost
OPP-01518,,Lattice Dynamics,SMB,Event/Conference,REP-09,new_business,2024-06-07,2024-07-14,153294.0,Closed Lost,closed_lost
OPP-01519,,Helix Network,SMB,Outbound Sales,REP-07,new_business,2024-05-22,2024-06-09,145482.0,Closed Lost,closed_lost
OPP-01520,,Stratus Dynamics,Mid-Market,Inbound Marketing,REP-10,new_business,2025-08-23,2025-10-19,97342.0,Closed Lost,closed_lost
OPP-01521,,Glide Group,SMB,Outbound Sales,REP-08,new_business,2025-06-14,2025-07-21,190732.0,Closed Lost,closed_lost
OPP-01522,,Anvil Network,SMB,Outbound Sales,REP-12,new_business,2024-06-14,2024-07-23,193784.0,Closed Lost,closed_lost
OPP-01523,,Anvil Network,SMB,Outbound Sales,REP-03,new_business,2023-11-30,2024-01-01,232194.0,Closed Lost,closed_lost
OPP-01524,,Marlin Holdings,SMB,Outbound Sales,REP-05,new_business,2024-05-16,2024-06-05,80762.0,Closed Lost,closed_lost
OPP-01525,,Glide Works,Mid-Market,Outbound Sales,REP-03,new_business,2023-11-04,2024-01-08,77942.0,Closed Lost,closed_lost
OPP-01526,,Mosaic Digital,Enterprise,Inbound Marketing,REP-11,new_business,2024-10-19,2024-11-15,164865.0,Closed Lost,closed_lost
OPP-01527,,Lattice Network,SMB,Partner Referral,REP-03,new_business,2024-05-09,2024-05-28,54471.0,Closed Lost,closed_lost
OPP-01528,,Vector Co,SMB,Event/Conference,REP-09,new_business,2024-11-12,2024-12-03,139470.0,Closed Lost,closed_lost
OPP-01529,,Tessera Labs,SMB,Outbound Sales,REP-10,new_business,2025-07-31,2025-09-30,96608.0,Closed Lost,closed_lost
OPP-01530,,Lattice Holdings,SMB,Event/Conference,REP-10,new_business,2025-03-15,2025-04-06,199865.0,Closed Lost,closed_lost
OPP-01531,,Beacon Group,SMB,Event/Conference,REP-03,new_business,2025-11-11,2025-11-16,8769.0,Closed Lost,closed_lost
OPP-01532,,Lattice Holdings,SMB,Event/Conference,REP-04,new_business,2025-06-22,2025-07-12,171944.0,Closed Lost,closed_lost
OPP-01533,,Vector Group,Mid-Market,Inbound Marketing,REP-12,new_business,2025-09-20,2025-11-24,140573.0,Closed Lost,closed_lost
OPP-01534,,Apex Digital,Mid-Market,Inbound Marketing,REP-08,new_business,2025-06-23,2025-09-19,169936.0,Closed Lost,closed_lost
OPP-01535,,Reverb Partners,Mid-Market,Inbound Marketing,REP-06,new_business,2024-09-05,2024-09-08,192820.0,Closed Lost,closed_lost
OPP-01536,,Glide Dynamics,Mid-Market,Partner Referral,REP-08,new_business,2024-07-22,2024-10-10,213494.0,Closed Lost,closed_lost
OPP-01537,,Mosaic Works,SMB,Partner Referral,REP-12,new_business,2024-11-23,2024-12-05,137537.0,Closed Lost,closed_lost
OPP-01538,,Helix Digital,Mid-Market,Event/Conference,REP-01,new_business,2024-01-29,2024-02-09,134461.0,Closed Lost,closed_lost
OPP-01539,,Marlin Logic,SMB,Partner Referral,REP-10,new_business,2024-05-15,2024-06-26,248117.0,Closed Lost,closed_lost
OPP-01540,,Citron Network,Mid-Market,Event/Conference,REP-10,new_business,2025-07-07,2025-10-25,44430.0,Closed Lost,closed_lost
OPP-01541,,Vector Holdings,SMB,Event/Conference,REP-11,new_business,2025-03-24,2025-06-14,7787.0,Closed Lost,closed_lost
OPP-01542,,Citron Works,SMB,Event/Conference,REP-03,new_business,2023-12-29,2024-02-05,231442.0,Closed Lost,closed_lost
OPP-01543,,Plinth Co,SMB,Inbound Marketing,REP-08,new_business,2025-01-03,2025-02-26,80186.0,Closed Lost,closed_lost
OPP-01544,,North Dynamics,SMB,Event/Conference,REP-03,new_business,2024-09-01,2024-09-12,27108.0,Closed Lost,closed_lost
OPP-01545,,North Digital,Enterprise,Outbound Sales,REP-07,new_business,2024-09-27,2024-12-02,194182.0,Closed Lost,closed_lost
OPP-01546,,Tessera Co,SMB,Partner Referral,REP-09,new_business,2024-12-26,2024-12-29,114029.0,Closed Lost,closed_lost
OPP-01547,,Mosaic Solutions,Mid-Market,Outbound Sales,REP-12,new_business,2024-10-24,2025-02-02,23989.0,Closed Lost,closed_lost
OPP-01548,,Reverb Group,SMB,Partner Referral,REP-06,new_business,2025-05-31,2025-08-03,42244.0,Closed Lost,closed_lost
OPP-01549,,Tessera Logic,SMB,Partner Referral,REP-09,new_business,2024-06-09,2024-06-21,172974.0,Closed Lost,closed_lost
OPP-01550,,Tessera Industries,Mid-Market,Partner Referral,REP-01,new_business,2025-08-18,2025-08-28,166831.0,Closed Lost,closed_lost
OPP-01551,,Stratus Works,Mid-Market,Event/Conference,REP-12,new_business,2025-09-29,2025-10-04,178027.0,Closed Lost,closed_lost
OPP-01552,,Helix Network,SMB,Partner Referral,REP-12,new_business,2024-03-08,2024-03-09,26474.0,Closed Lost,closed_lost
OPP-01553,,Tessera Dynamics,SMB,Outbound Sales,REP-02,new_business,2024-07-25,2024-07-31,56826.0,Closed Lost,closed_lost
OPP-01554,,Marlin Partners,SMB,Event/Conference,REP-04,new_business,2024-05-11,2024-05-19,212691.0,Closed Lost,closed_lost
OPP-01555,,Tessera Group,SMB,Inbound Marketing,REP-04,new_business,2025-07-14,2025-07-17,62437.0,Closed Lost,closed_lost
OPP-01556,,Vector Group,Mid-Market,Outbound Sales,REP-09,new_business,2024-06-19,2024-08-31,95700.0,Closed Lost,closed_lost
OPP-01557,,Tessera Partners,SMB,Inbound Marketing,REP-11,new_business,2025-02-21,2025-03-05,6550.0,Closed Lost,closed_lost
OPP-01558,,Beacon Co,SMB,Event/Conference,REP-07,new_business,2025-07-10,2025-08-09,156706.0,Closed Lost,closed_lost
OPP-01559,,Lattice Logic,SMB,Event/Conference,REP-12,new_business,2024-10-11,2024-10-26,27428.0,Closed Lost,closed_lost
OPP-01560,,Tessera Partners,SMB,Event/Conference,REP-10,new_business,2025-06-06,2025-06-23,136224.0,Closed Lost,closed_lost
OPP-01561,,Quantum Labs,Mid-Market,Event/Conference,REP-09,new_business,2025-08-31,2025-12-08,43794.0,Closed Lost,closed_lost
OPP-01562,,Plinth Dynamics,Enterprise,Outbound Sales,REP-07,new_business,2025-03-04,2025-04-29,7121.0,Closed Lost,closed_lost
OPP-01563,,Halcyon Cloud,SMB,Event/Conference,REP-01,new_business,2025-03-13,2025-03-28,186612.0,Closed Lost,closed_lost
OPP-01564,,Lattice Group,Mid-Market,Partner Referral,REP-03,new_business,2024-11-16,2025-01-22,247179.0,Closed Lost,closed_lost
OPP-01565,,Helix Digital,SMB,Outbound Sales,REP-04,new_business,2024-11-21,2024-11-28,131716.0,Closed Lost,closed_lost
OPP-01566,,Lattice Works,SMB,Event/Conference,REP-11,new_business,2024-01-16,2024-01-21,203833.0,Closed Lost,closed_lost
OPP-01567,,Mosaic Dynamics,SMB,Event/Conference,REP-05,new_business,2025-08-21,2025-09-17,88029.0,Closed Lost,closed_lost
OPP-01568,,Plinth Dynamics,SMB,Inbound Marketing,REP-12,new_business,2025-03-29,2025-05-09,229622.0,Closed Lost,closed_lost
OPP-01569,,Anvil Co,SMB,Outbound Sales,REP-07,new_business,2025-02-17,2025-03-16,63514.0,Closed Lost,closed_lost
OPP-01570,,Cobalt Dynamics,Enterprise,Outbound Sales,REP-05,new_business,2024-12-16,2025-01-16,7803.0,Closed Lost,closed_lost
OPP-01571,,Mosaic Cloud,SMB,Inbound Marketing,REP-07,new_business,2024-11-24,2024-12-26,49258.0,Closed Lost,closed_lost
OPP-01572,,Mosaic Group,Enterprise,Partner Referral,REP-11,new_business,2024-12-06,2025-02-18,62251.0,Closed Lost,closed_lost
OPP-01573,,Quantum Systems,Mid-Market,Inbound Marketing,REP-11,new_business,2025-02-12,2025-02-20,102918.0,Closed Lost,closed_lost
OPP-01574,,Helix Dynamics,SMB,Event/Conference,REP-06,new_business,2025-01-30,2025-03-12,13932.0,Closed Lost,closed_lost
OPP-01575,,Vector Cloud,SMB,Partner Referral,REP-01,new_business,2024-11-16,2024-12-13,216153.0,Closed Lost,closed_lost
OPP-01576,,Reverb Digital,Mid-Market,Event/Conference,REP-12,new_business,2024-10-03,2024-10-08,63614.0,Closed Lost,closed_lost
OPP-01577,,Lattice Dynamics,SMB,Outbound Sales,REP-01,new_business,2024-12-24,2024-12-27,186148.0,Closed Lost,closed_lost
OPP-01578,,Anvil Solutions,SMB,Partner Referral,REP-05,new_business,2024-10-22,2024-11-09,242053.0,Closed Lost,closed_lost
OPP-01579,,Citron Systems,SMB,Outbound Sales,REP-10,new_business,2025-05-06,2025-06-30,166558.0,Closed Lost,closed_lost
OPP-01580,,Anvil Logic,SMB,Inbound Marketing,REP-07,new_business,2025-02-27,2025-03-16,242739.0,Closed Lost,closed_lost
OPP-01581,,Anvil Labs,SMB,Partner Referral,REP-04,new_business,2025-08-15,2025-08-25,215025.0,Closed Lost,closed_lost
OPP-01582,,Apex Group,SMB,Partner Referral,REP-03,new_business,2025-02-08,2025-04-09,238921.0,Closed Lost,closed_lost
OPP-01583,,Apex Digital,Enterprise,Inbound Marketing,REP-06,new_business,2025-01-04,2025-02-21,242792.0,Closed Lost,closed_lost
OPP-01584,,Helix Dynamics,SMB,Inbound Marketing,REP-02,new_business,2025-01-13,2025-02-12,157782.0,Closed Lost,closed_lost
OPP-01585,,Stratus Solutions,Mid-Market,Event/Conference,REP-11,new_business,2024-07-05,2024-09-29,202881.0,Closed Lost,closed_lost
OPP-01586,,Halcyon Group,Mid-Market,Outbound Sales,REP-04,new_business,2025-08-07,2025-08-24,38798.0,Closed Lost,closed_lost
OPP-01587,,Halcyon Labs,SMB,Inbound Marketing,REP-09,new_business,2025-03-05,2025-04-06,66724.0,Closed Lost,closed_lost
OPP-01588,,Halcyon Digital,Mid-Market,Inbound Marketing,REP-02,new_business,2025-09-19,2025-09-30,57761.0,Closed Lost,closed_lost
OPP-01589,,Halcyon Logic,SMB,Event/Conference,REP-06,new_business,2025-03-22,2025-04-15,124639.0,Closed Lost,closed_lost
OPP-01590,,Lattice Systems,SMB,Outbound Sales,REP-12,new_business,2024-03-08,2024-03-16,223385.0,Closed Lost,closed_lost
OPP-01591,,Cobalt Systems,SMB,Outbound Sales,REP-04,new_business,2024-08-26,2024-10-09,121213.0,Closed Lost,closed_lost
OPP-01592,,Marlin Digital,Mid-Market,Event/Conference,REP-08,new_business,2025-06-20,2025-07-31,46485.0,Closed Lost,closed_lost
OPP-01593,,Halcyon Group,SMB,Event/Conference,REP-11,new_business,2025-03-14,2025-04-04,73648.0,Closed Lost,closed_lost
OPP-01594,,Beacon Labs,SMB,Partner Referral,REP-10,new_business,2024-10-25,2024-12-07,10351.0,Closed Lost,closed_lost
OPP-01595,,Plinth Partners,SMB,Outbound Sales,REP-08,new_business,2023-12-18,2024-01-27,244093.0,Closed Lost,closed_lost
OPP-01596,,Halcyon Systems,Mid-Market,Outbound Sales,REP-07,new_business,2025-02-07,2025-02-25,144121.0,Closed Lost,closed_lost
OPP-01597,,Halcyon Systems,SMB,Event/Conference,REP-05,new_business,2024-01-09,2024-02-03,22220.0,Closed Lost,closed_lost
OPP-01598,,Vector Partners,SMB,Partner Referral,REP-03,new_business,2025-04-12,2025-06-07,206478.0,Closed Lost,closed_lost
OPP-01599,,Glide Partners,SMB,Partner Referral,REP-09,new_business,2024-01-23,2024-02-17,57128.0,Closed Lost,closed_lost
OPP-01600,,Glide Logic,SMB,Partner Referral,REP-12,new_business,2025-08-24,2025-08-27,242580.0,Closed Lost,closed_lost
OPP-01601,,Beacon Systems,SMB,Partner Referral,REP-12,new_business,2024-02-18,2024-03-25,160408.0,Closed Lost,closed_lost
OPP-01602,,Anvil Digital,SMB,Event/Conference,REP-09,new_business,2025-03-04,2025-04-13,197496.0,Closed Lost,closed_lost
OPP-01603,,Marlin Systems,SMB,Outbound Sales,REP-11,new_business,2024-11-28,2024-12-13,196120.0,Closed Lost,closed_lost
OPP-01604,,Mosaic Systems,SMB,Event/Conference,REP-12,new_business,2025-04-30,2025-05-21,85086.0,Closed Lost,closed_lost
OPP-01605,,Helix Partners,SMB,Inbound Marketing,REP-07,new_business,2024-02-20,2024-03-04,128887.0,Closed Lost,closed_lost
OPP-01606,,Glide Group,Mid-Market,Partner Referral,REP-05,new_business,2024-02-09,2024-04-29,89327.0,Closed Lost,closed_lost
OPP-01607,,Beacon Holdings,Mid-Market,Event/Conference,REP-11,new_business,2024-07-07,2024-10-20,120455.0,Closed Lost,closed_lost
OPP-01608,,Tessera Partners,SMB,Partner Referral,REP-04,new_business,2024-06-11,2024-06-13,48152.0,Closed Lost,closed_lost
OPP-01609,,Cobalt Co,SMB,Outbound Sales,REP-09,new_business,2024-07-21,2024-07-29,48203.0,Closed Lost,closed_lost
OPP-01610,,Lattice Network,SMB,Partner Referral,REP-05,new_business,2025-07-03,2025-08-27,28943.0,Closed Lost,closed_lost
OPP-01611,,Glide Group,SMB,Inbound Marketing,REP-10,new_business,2025-06-19,2025-07-10,93257.0,Closed Lost,closed_lost
OPP-01612,,Beacon Group,Mid-Market,Outbound Sales,REP-01,new_business,2025-01-28,2025-04-29,60094.0,Closed Lost,closed_lost
OPP-01613,,Marlin Cloud,SMB,Event/Conference,REP-05,new_business,2025-02-12,2025-03-11,140626.0,Closed Lost,closed_lost
OPP-01614,,Glide Systems,SMB,Event/Conference,REP-02,new_business,2025-10-08,2025-10-24,103218.0,Closed Lost,closed_lost
OPP-01615,,Stratus Systems,Mid-Market,Inbound Marketing,REP-02,new_business,2024-03-13,2024-07-23,218514.0,Closed Lost,closed_lost
OPP-01616,,Lattice Labs,SMB,Outbound Sales,REP-03,new_business,2025-02-16,2025-03-05,42222.0,Closed Lost,closed_lost
OPP-01617,,Quantum Network,SMB,Partner Referral,REP-11,new_business,2023-12-09,2024-01-09,96729.0,Closed Lost,closed_lost
OPP-01618,,Vector Industries,SMB,Inbound Marketing,REP-04,new_business,2024-09-30,2024-11-23,121772.0,Closed Lost,closed_lost
OPP-01619,,Tessera Industries,SMB,Outbound Sales,REP-10,new_business,2024-11-29,2024-12-16,32295.0,Closed Lost,closed_lost
OPP-01620,,Glide Dynamics,SMB,Partner Referral,REP-02,new_business,2024-08-26,2024-09-09,79244.0,Closed Lost,closed_lost
OPP-01621,,Anvil Solutions,SMB,Inbound Marketing,REP-06,new_business,2025-09-14,2025-09-20,199830.0,Closed Lost,closed_lost
OPP-01622,,Helix Systems,Mid-Market,Partner Referral,REP-07,new_business,2025-11-28,2025-12-18,168010.0,Closed Lost,closed_lost
OPP-01623,,Plinth Industries,Mid-Market,Event/Conference,REP-08,new_business,2024-07-18,2024-07-28,120201.0,Closed Lost,closed_lost
OPP-01624,,Halcyon Group,SMB,Partner Referral,REP-04,new_business,2024-12-08,2025-01-11,96685.0,Closed Lost,closed_lost
OPP-01625,,Anvil Dynamics,Mid-Market,Outbound Sales,REP-11,new_business,2024-11-10,2024-11-14,133007.0,Closed Lost,closed_lost
OPP-01626,,Anvil Partners,SMB,Partner Referral,REP-07,new_business,2025-02-26,2025-03-25,136561.0,Closed Lost,closed_lost
OPP-01627,,Anvil Systems,SMB,Event/Conference,REP-02,new_business,2025-07-09,2025-07-31,6929.0,Closed Lost,closed_lost
OPP-01628,,North Labs,SMB,Event/Conference,REP-09,new_business,2025-03-23,2025-04-21,160071.0,Closed Lost,closed_lost
OPP-01629,,Halcyon Labs,SMB,Outbound Sales,REP-09,new_business,2025-04-24,2025-05-30,92896.0,Closed Lost,closed_lost
OPP-01630,,Glide Logic,Enterprise,Partner Referral,REP-06,new_business,2025-04-15,2025-06-01,187593.0,Closed Lost,closed_lost
OPP-01631,,Cobalt Industries,SMB,Partner Referral,REP-09,new_business,2024-07-31,2024-08-22,40789.0,Closed Lost,closed_lost
OPP-01632,,Halcyon Systems,Mid-Market,Event/Conference,REP-04,new_business,2024-02-01,2024-03-12,42532.0,Closed Lost,closed_lost
OPP-01633,,Marlin Digital,SMB,Outbound Sales,REP-08,new_business,2025-08-27,2025-10-06,76564.0,Closed Lost,closed_lost
OPP-01634,,Apex Digital,Mid-Market,Partner Referral,REP-02,new_business,2025-07-22,2025-10-21,192366.0,Closed Lost,closed_lost
OPP-01635,,Vector Labs,Mid-Market,Partner Referral,REP-12,new_business,2025-10-14,2025-11-11,120386.0,Closed Lost,closed_lost
OPP-01636,,Tessera Industries,Mid-Market,Inbound Marketing,REP-02,new_business,2024-08-12,2024-09-05,38976.0,Closed Lost,closed_lost
OPP-01637,,Plinth Solutions,SMB,Partner Referral,REP-05,new_business,2024-10-22,2024-11-28,219559.0,Closed Lost,closed_lost
OPP-01638,,Apex Digital,SMB,Inbound Marketing,REP-09,new_business,2024-03-12,2024-04-18,232015.0,Closed Lost,closed_lost
OPP-01639,,Plinth Logic,Mid-Market,Partner Referral,REP-04,new_business,2024-02-10,2024-04-02,127306.0,Closed Lost,closed_lost
OPP-01640,,Cobalt Holdings,SMB,Inbound Marketing,REP-02,new_business,2024-08-26,2024-09-08,153210.0,Closed Lost,closed_lost
OPP-01641,,Citron Dynamics,Mid-Market,Event/Conference,REP-01,new_business,2024-10-05,2024-10-17,201317.0,Closed Lost,closed_lost
OPP-01642,,Lattice Holdings,SMB,Event/Conference,REP-06,new_business,2025-09-19,2025-09-25,116632.0,Closed Lost,closed_lost
OPP-01643,,Mosaic Solutions,SMB,Inbound Marketing,REP-06,new_business,2024-11-05,2024-11-14,199244.0,Closed Lost,closed_lost
OPP-01644,,Beacon Works,SMB,Partner Referral,REP-10,new_business,2024-09-16,2024-10-17,74463.0,Closed Lost,closed_lost
OPP-01645,,Halcyon Logic,SMB,Event/Conference,REP-09,new_business,2024-06-08,2024-07-07,43629.0,Closed Lost,closed_lost
OPP-01646,,Stratus Dynamics,SMB,Inbound Marketing,REP-10,new_business,2025-06-23,2025-06-25,226803.0,Closed Lost,closed_lost
OPP-01647,,North Holdings,Mid-Market,Inbound Marketing,REP-04,new_business,2025-09-08,2025-09-19,202477.0,Closed Lost,closed_lost
OPP-01648,,Glide Logic,Mid-Market,Outbound Sales,REP-06,new_business,2024-02-20,2024-03-31,114638.0,Closed Lost,closed_lost
OPP-01649,,Cobalt Group,SMB,Inbound Marketing,REP-03,new_business,2024-03-18,2024-03-31,120606.0,Closed Lost,closed_lost
OPP-01650,,Plinth Solutions,Mid-Market,Inbound Marketing,REP-06,new_business,2024-05-29,2024-06-23,35638.0,Closed Lost,closed_lost
OPP-01651,,Citron Cloud,SMB,Partner Referral,REP-02,new_business,2025-04-13,2025-04-29,202369.0,Closed Lost,closed_lost
OPP-01652,,Glide Partners,SMB,Inbound Marketing,REP-07,new_business,2024-05-07,2024-05-13,58369.0,Closed Lost,closed_lost
OPP-01653,,North Co,SMB,Inbound Marketing,REP-03,new_business,2025-04-24,2025-05-04,81869.0,Closed Lost,closed_lost
OPP-01654,,Plinth Co,SMB,Partner Referral,REP-10,new_business,2024-07-03,2024-07-14,151438.0,Closed Lost,closed_lost
OPP-01655,,Lattice Dynamics,SMB,Partner Referral,REP-04,new_business,2024-02-09,2024-02-27,231889.0,Closed Lost,closed_lost
OPP-01656,,Anvil Dynamics,SMB,Inbound Marketing,REP-11,new_business,2025-10-31,2025-11-02,151456.0,Closed Lost,closed_lost
OPP-01657,,Tessera Dynamics,SMB,Outbound Sales,REP-07,new_business,2024-09-19,2024-09-30,11105.0,Closed Lost,closed_lost
OPP-01658,,Lattice Industries,Mid-Market,Partner Referral,REP-10,new_business,2024-01-22,2024-04-09,189786.0,Closed Lost,closed_lost
OPP-01659,,Glide Partners,Mid-Market,Partner Referral,REP-12,new_business,2025-04-04,2025-04-20,66048.0,Closed Lost,closed_lost
OPP-01660,,Mosaic Industries,SMB,Partner Referral,REP-01,new_business,2023-12-22,2024-01-03,44459.0,Closed Lost,closed_lost
OPP-01661,,Helix Partners,SMB,Event/Conference,REP-08,new_business,2024-11-01,2024-11-07,24182.0,Closed Lost,closed_lost
OPP-01662,,Helix Co,SMB,Partner Referral,REP-07,new_business,2024-05-16,2024-05-19,42766.0,Closed Lost,closed_lost
OPP-01663,,Quantum Labs,Mid-Market,Outbound Sales,REP-04,new_business,2024-12-02,2025-02-21,125553.0,Closed Lost,closed_lost
OPP-01664,,Citron Solutions,SMB,Outbound Sales,REP-05,new_business,2025-06-17,2025-06-19,215521.0,Closed Lost,closed_lost
OPP-01665,,Marlin Dynamics,SMB,Partner Referral,REP-09,new_business,2024-10-10,2024-11-10,212003.0,Closed Lost,closed_lost
OPP-01666,,Lattice Digital,SMB,Event/Conference,REP-09,new_business,2025-05-25,2025-06-21,108488.0,Closed Lost,closed_lost
OPP-01667,,Lattice Logic,SMB,Inbound Marketing,REP-10,new_business,2025-05-03,2025-05-08,46415.0,Closed Lost,closed_lost
OPP-01668,,Anvil Solutions,SMB,Inbound Marketing,REP-01,new_business,2025-11-05,2025-11-08,239883.0,Closed Lost,closed_lost
OPP-01669,,Vector Group,SMB,Outbound Sales,REP-06,new_business,2025-04-24,2025-06-09,166577.0,Closed Lost,closed_lost
OPP-01670,,North Digital,SMB,Partner Referral,REP-03,new_business,2024-06-15,2024-06-24,115391.0,Closed Lost,closed_lost
OPP-01671,,North Co,Mid-Market,Event/Conference,REP-12,new_business,2024-08-08,2024-09-01,201953.0,Closed Lost,closed_lost
OPP-01672,,Glide Industries,SMB,Outbound Sales,REP-05,new_business,2024-06-14,2024-06-16,191927.0,Closed Lost,closed_lost
OPP-01673,,Vector Dynamics,Enterprise,Event/Conference,REP-08,new_business,2025-04-29,2025-05-30,55127.0,Closed Lost,closed_lost
OPP-01674,,Vector Digital,SMB,Inbound Marketing,REP-11,new_business,2025-04-03,2025-04-26,64979.0,Closed Lost,closed_lost
OPP-01675,,Vector Solutions,Mid-Market,Event/Conference,REP-12,new_business,2024-10-18,2024-12-18,75124.0,Closed Lost,closed_lost
OPP-01676,,Stratus Group,Mid-Market,Event/Conference,REP-01,new_business,2024-03-28,2024-04-28,129786.0,Closed Lost,closed_lost
OPP-01677,,Cobalt Co,SMB,Event/Conference,REP-05,new_business,2024-10-29,2024-11-01,159775.0,Closed Lost,closed_lost
OPP-01678,,Vector Cloud,SMB,Inbound Marketing,REP-07,new_business,2024-08-24,2024-09-02,77931.0,Closed Lost,closed_lost
OPP-01679,,Anvil Network,SMB,Inbound Marketing,REP-09,new_business,2024-11-26,2025-02-13,246476.0,Closed Lost,closed_lost
OPP-01680,,Citron Cloud,SMB,Partner Referral,REP-10,new_business,2025-08-18,2025-10-27,150464.0,Closed Lost,closed_lost
OPP-01681,,Tessera Systems,SMB,Event/Conference,REP-09,new_business,2024-05-27,2024-05-29,202789.0,Closed Lost,closed_lost
OPP-01682,,Halcyon Holdings,SMB,Partner Referral,REP-03,new_business,2025-07-23,2025-08-01,52902.0,Closed Lost,closed_lost
OPP-01683,,Cobalt Works,SMB,Inbound Marketing,REP-01,new_business,2025-01-24,2025-02-06,145017.0,Closed Lost,closed_lost
OPP-01684,,Citron Labs,Mid-Market,Inbound Marketing,REP-10,new_business,2024-03-13,2024-05-12,239821.0,Closed Lost,closed_lost
OPP-01685,,Tessera Network,SMB,Event/Conference,REP-04,new_business,2024-04-24,2024-05-09,198889.0,Closed Lost,closed_lost
OPP-01686,,North Industries,SMB,Partner Referral,REP-01,new_business,2024-09-18,2024-09-24,244700.0,Closed Lost,closed_lost
OPP-01687,,Cobalt Logic,Mid-Market,Inbound Marketing,REP-08,new_business,2025-05-16,2025-10-04,84457.0,Closed Lost,closed_lost
OPP-01688,,Reverb Logic,Mid-Market,Inbound Marketing,REP-12,new_business,2025-10-07,2025-11-15,165149.0,Closed Lost,closed_lost
OPP-01689,,Tessera Cloud,SMB,Partner Referral,REP-10,new_business,2024-07-21,2024-08-05,11707.0,Closed Lost,closed_lost
OPP-01690,,Reverb Works,SMB,Outbound Sales,REP-04,new_business,2024-02-08,2024-03-03,167165.0,Closed Lost,closed_lost
OPP-01691,,Plinth Network,SMB,Event/Conference,REP-07,new_business,2024-03-27,2024-04-23,28784.0,Closed Lost,closed_lost
OPP-01692,,Quantum Labs,SMB,Outbound Sales,REP-06,new_business,2024-07-28,2024-09-10,130462.0,Closed Lost,closed_lost
OPP-01693,,Plinth Co,SMB,Partner Referral,REP-06,new_business,2024-08-31,2024-10-04,100233.0,Closed Lost,closed_lost
OPP-01694,,Cobalt Partners,Enterprise,Event/Conference,REP-08,new_business,2024-10-01,2024-11-11,223820.0,Closed Lost,closed_lost
OPP-01695,,Helix Dynamics,SMB,Inbound Marketing,REP-10,new_business,2025-02-27,2025-03-06,144085.0,Closed Lost,closed_lost
OPP-01696,,Vector Solutions,SMB,Outbound Sales,REP-09,new_business,2024-01-31,2024-02-17,102610.0,Closed Lost,closed_lost
OPP-01697,,North Holdings,SMB,Inbound Marketing,REP-08,new_business,2024-07-18,2024-08-20,11847.0,Closed Lost,closed_lost
OPP-01698,,Citron Solutions,SMB,Partner Referral,REP-09,new_business,2024-05-17,2024-05-26,101377.0,Closed Lost,closed_lost
OPP-01699,,Marlin Works,SMB,Event/Conference,REP-02,new_business,2024-01-31,2024-02-05,12039.0,Closed Lost,closed_lost
OPP-01700,,Marlin Cloud,SMB,Outbound Sales,REP-04,new_business,2025-10-02,2025-10-26,187370.0,Closed Lost,closed_lost
OPP-01701,,Vector Systems,Mid-Market,Partner Referral,REP-02,new_business,2024-08-24,2024-10-29,160459.0,Closed Lost,closed_lost
OPP-01702,,Beacon Co,SMB,Inbound Marketing,REP-06,new_business,2024-10-04,2024-11-22,215431.0,Closed Lost,closed_lost
OPP-01703,,Halcyon Solutions,SMB,Outbound Sales,REP-01,new_business,2023-12-09,2024-01-03,175052.0,Closed Lost,closed_lost
OPP-01704,,Anvil Systems,SMB,Event/Conference,REP-06,new_business,2025-01-14,2025-02-07,88583.0,Closed Lost,closed_lost
OPP-01705,,Citron Labs,SMB,Outbound Sales,REP-11,new_business,2024-05-28,2024-07-14,215031.0,Closed Lost,closed_lost
OPP-01706,,Mosaic Works,Mid-Market,Partner Referral,REP-03,new_business,2024-12-24,2025-03-14,170827.0,Closed Lost,closed_lost
OPP-01707,,Beacon Digital,SMB,Event/Conference,REP-09,new_business,2025-05-21,2025-05-26,170312.0,Closed Lost,closed_lost
OPP-01708,,Helix Co,Mid-Market,Inbound Marketing,REP-06,new_business,2025-09-16,2025-11-29,110116.0,Closed Lost,closed_lost
OPP-01709,,Mosaic Logic,SMB,Inbound Marketing,REP-10,new_business,2024-09-09,2024-09-20,156324.0,Closed Lost,closed_lost
OPP-01710,,Halcyon Network,SMB,Event/Conference,REP-08,new_business,2025-04-12,2025-05-19,162960.0,Closed Lost,closed_lost
OPP-01711,,Mosaic Logic,SMB,Outbound Sales,REP-06,new_business,2025-05-22,2025-05-24,241156.0,Closed Lost,closed_lost
OPP-01712,,North Holdings,SMB,Partner Referral,REP-11,new_business,2025-06-01,2025-06-13,201423.0,Closed Lost,closed_lost
OPP-01713,,Quantum Co,Enterprise,Event/Conference,REP-10,new_business,2025-09-07,2025-09-20,106360.0,Closed Lost,closed_lost
OPP-01714,,Marlin Industries,SMB,Outbound Sales,REP-08,new_business,2024-08-20,2024-09-06,70445.0,Closed Lost,closed_lost
OPP-01715,,Halcyon Labs,SMB,Partner Referral,REP-09,new_business,2024-01-03,2024-02-09,63598.0,Closed Lost,closed_lost
OPP-01716,,Halcyon Logic,SMB,Outbound Sales,REP-11,new_business,2025-09-14,2025-09-16,214107.0,Closed Lost,closed_lost
OPP-01717,,North Industries,SMB,Partner Referral,REP-05,new_business,2024-08-14,2024-08-25,49020.0,Closed Lost,closed_lost
OPP-01718,,Vector Co,SMB,Outbound Sales,REP-08,new_business,2024-05-17,2024-06-02,87815.0,Closed Lost,closed_lost
OPP-01719,,Anvil Group,Mid-Market,Inbound Marketing,REP-06,new_business,2023-12-08,2024-01-16,7218.0,Closed Lost,closed_lost
OPP-01720,,Vector Partners,Enterprise,Outbound Sales,REP-12,new_business,2024-09-20,2025-03-03,76109.0,Closed Lost,closed_lost
OPP-01721,,Vector Dynamics,SMB,Outbound Sales,REP-06,new_business,2024-01-19,2024-02-12,100736.0,Closed Lost,closed_lost
OPP-01722,,Citron Co,SMB,Event/Conference,REP-05,new_business,2023-12-12,2024-01-16,64163.0,Closed Lost,closed_lost
OPP-01723,,North Works,Mid-Market,Partner Referral,REP-07,new_business,2024-04-04,2024-06-18,64229.0,Closed Lost,closed_lost
OPP-01724,,Citron Logic,SMB,Outbound Sales,REP-05,new_business,2025-01-24,2025-03-02,82284.0,Closed Lost,closed_lost
OPP-01725,,Citron Group,Mid-Market,Event/Conference,REP-05,new_business,2024-03-25,2024-04-05,108515.0,Closed Lost,closed_lost
OPP-01726,,Beacon Systems,Mid-Market,Partner Referral,REP-05,new_business,2025-02-05,2025-03-27,137176.0,Closed Lost,closed_lost
OPP-01727,,Citron Partners,Enterprise,Outbound Sales,REP-05,new_business,2025-02-16,2025-05-08,7030.0,Closed Lost,closed_lost
OPP-01728,,Vector Holdings,SMB,Outbound Sales,REP-05,new_business,2024-05-13,2024-07-19,148836.0,Closed Lost,closed_lost
OPP-01729,,Vector Cloud,SMB,Partner Referral,REP-05,new_business,2024-05-27,2024-06-12,247758.0,Closed Lost,closed_lost
OPP-01730,,Halcyon Digital,Mid-Market,Inbound Marketing,REP-10,new_business,2024-11-23,2025-01-03,143970.0,Closed Lost,closed_lost
OPP-01731,,Citron Systems,SMB,Outbound Sales,REP-02,new_business,2025-02-10,2025-03-14,160653.0,Closed Lost,closed_lost
OPP-01732,,Anvil Systems,SMB,Outbound Sales,REP-09,new_business,2024-09-20,2024-10-01,31358.0,Closed Lost,closed_lost
OPP-01733,,North Dynamics,SMB,Outbound Sales,REP-01,new_business,2024-10-30,2024-11-11,232984.0,Closed Lost,closed_lost
OPP-01734,,North Cloud,SMB,Partner Referral,REP-02,new_business,2025-06-03,2025-06-14,49284.0,Closed Lost,closed_lost
OPP-01735,,Cobalt Group,SMB,Event/Conference,REP-03,new_business,2024-03-08,2024-03-20,127757.0,Closed Lost,closed_lost
OPP-01736,,Marlin Solutions,Mid-Market,Outbound Sales,REP-02,new_business,2025-12-09,2025-12-20,208280.0,Closed Lost,closed_lost
OPP-01737,,Quantum Holdings,Mid-Market,Event/Conference,REP-01,new_business,2025-01-17,2025-01-24,78557.0,Closed Lost,closed_lost
OPP-01738,,Glide Cloud,SMB,Partner Referral,REP-09,new_business,2025-03-11,2025-03-15,237048.0,Closed Lost,closed_lost
OPP-01739,,Halcyon Holdings,Mid-Market,Outbound Sales,REP-03,new_business,2024-04-07,2024-04-17,32103.0,Closed Lost,closed_lost
OPP-01740,,Beacon Systems,SMB,Partner Referral,REP-12,new_business,2025-03-14,2025-03-17,87949.0,Closed Lost,closed_lost
OPP-01741,,Reverb Labs,SMB,Partner Referral,REP-11,new_business,2025-11-24,2025-12-12,132832.0,Closed Lost,closed_lost
OPP-01742,,Halcyon Systems,SMB,Outbound Sales,REP-06,new_business,2024-01-10,2024-02-13,36559.0,Closed Lost,closed_lost
OPP-01743,,Quantum Solutions,SMB,Event/Conference,REP-12,new_business,2025-08-17,2025-09-17,162861.0,Closed Lost,closed_lost
OPP-01744,,Stratus Group,Mid-Market,Inbound Marketing,REP-08,new_business,2025-01-31,2025-03-17,240766.0,Closed Lost,closed_lost
OPP-01745,,Mosaic Cloud,SMB,Event/Conference,REP-10,new_business,2024-07-31,2024-09-02,107408.0,Closed Lost,closed_lost
OPP-01746,,Quantum Solutions,Mid-Market,Inbound Marketing,REP-12,new_business,2024-04-07,2024-07-25,107043.0,Closed Lost,closed_lost
OPP-01747,,Plinth Logic,SMB,Partner Referral,REP-11,new_business,2025-03-16,2025-03-24,155678.0,Closed Lost,closed_lost
OPP-01748,,Quantum Network,SMB,Inbound Marketing,REP-01,new_business,2024-07-05,2024-07-09,20703.0,Closed Lost,closed_lost
OPP-01749,,Reverb Network,SMB,Inbound Marketing,REP-12,new_business,2024-04-16,2024-05-11,132254.0,Closed Lost,closed_lost
OPP-01750,,Quantum Works,SMB,Partner Referral,REP-04,new_business,2024-04-13,2024-05-12,195987.0,Closed Lost,closed_lost
OPP-01751,,Lattice Group,Mid-Market,Event/Conference,REP-08,new_business,2024-03-22,2024-04-08,89710.0,Closed Lost,closed_lost
OPP-01752,,Beacon Labs,SMB,Partner Referral,REP-12,new_business,2024-03-08,2024-06-11,204362.0,Closed Lost,closed_lost
OPP-01753,,Vector Works,SMB,Inbound Marketing,REP-01,new_business,2025-08-21,2025-10-02,39832.0,Closed Lost,closed_lost
OPP-01754,,Halcyon Partners,SMB,Inbound Marketing,REP-02,new_business,2024-08-13,2024-08-19,121324.0,Closed Lost,closed_lost
OPP-01755,,Apex Network,SMB,Outbound Sales,REP-09,new_business,2025-06-12,2025-06-27,44472.0,Closed Lost,closed_lost
OPP-01756,,Reverb Systems,Enterprise,Inbound Marketing,REP-04,new_business,2025-10-20,2025-12-05,56972.0,Closed Lost,closed_lost
OPP-01757,,Citron Systems,SMB,Event/Conference,REP-09,new_business,2025-01-20,2025-02-26,209665.0,Closed Lost,closed_lost
OPP-01758,,Marlin Group,Mid-Market,Outbound Sales,REP-08,new_business,2025-11-28,2025-12-04,208679.0,Closed Lost,closed_lost
OPP-01759,,Glide Works,SMB,Inbound Marketing,REP-04,new_business,2024-04-11,2024-05-22,96064.0,Closed Lost,closed_lost
OPP-01760,,Halcyon Labs,SMB,Outbound Sales,REP-03,new_business,2025-11-06,2025-11-21,111756.0,Closed Lost,closed_lost
OPP-01761,,Citron Dynamics,SMB,Inbound Marketing,REP-02,new_business,2024-07-29,2024-07-31,246396.0,Closed Lost,closed_lost
OPP-01762,,Tessera Works,Enterprise,Outbound Sales,REP-12,new_business,2025-05-13,2025-06-07,45834.0,Closed Lost,closed_lost
OPP-01763,,Apex Cloud,Mid-Market,Outbound Sales,REP-09,new_business,2024-12-29,2025-01-02,105318.0,Closed Lost,closed_lost
OPP-01764,,Mosaic Co,SMB,Inbound Marketing,REP-02,new_business,2025-05-15,2025-05-30,29741.0,Closed Lost,closed_lost
OPP-01765,,Halcyon Partners,SMB,Event/Conference,REP-03,new_business,2025-02-26,2025-03-28,60861.0,Closed Lost,closed_lost
OPP-01766,,Quantum Industries,SMB,Outbound Sales,REP-08,new_business,2024-06-23,2024-07-28,207864.0,Closed Lost,closed_lost
OPP-01767,,Plinth Partners,SMB,Inbound Marketing,REP-06,new_business,2024-08-23,2024-09-19,154102.0,Closed Lost,closed_lost
OPP-01768,,Halcyon Digital,SMB,Outbound Sales,REP-06,new_business,2024-01-01,2024-01-14,109730.0,Closed Lost,closed_lost
OPP-01769,,Halcyon Digital,SMB,Inbound Marketing,REP-09,new_business,2024-08-05,2024-08-08,29927.0,Closed Lost,closed_lost
OPP-01770,,Plinth Works,SMB,Partner Referral,REP-09,new_business,2024-03-29,2024-04-12,8103.0,Closed Lost,closed_lost
OPP-01771,,Beacon Network,Mid-Market,Event/Conference,REP-12,new_business,2024-07-04,2024-10-15,43608.0,Closed Lost,closed_lost
OPP-01772,,Plinth Group,Mid-Market,Outbound Sales,REP-01,new_business,2024-03-07,2024-04-19,190180.0,Closed Lost,closed_lost
OPP-01773,,Stratus Co,SMB,Inbound Marketing,REP-02,new_business,2024-06-07,2024-07-26,79824.0,Closed Lost,closed_lost
OPP-01774,,Plinth Works,SMB,Inbound Marketing,REP-10,new_business,2024-09-07,2024-09-11,181613.0,Closed Lost,closed_lost
OPP-01775,,Beacon Group,SMB,Inbound Marketing,REP-11,new_business,2024-11-12,2024-11-17,234558.0,Closed Lost,closed_lost
OPP-01776,,Vector Digital,SMB,Partner Referral,REP-05,new_business,2023-12-14,2024-01-28,175728.0,Closed Lost,closed_lost
OPP-01777,,Quantum Solutions,Mid-Market,Outbound Sales,REP-04,new_business,2024-12-02,2024-12-24,219524.0,Closed Lost,closed_lost
OPP-01778,,Cobalt Solutions,SMB,Partner Referral,REP-06,new_business,2024-07-04,2024-07-17,18502.0,Closed Lost,closed_lost
OPP-01779,,Marlin Labs,SMB,Partner Referral,REP-04,new_business,2024-06-16,2024-06-21,15806.0,Closed Lost,closed_lost
OPP-01780,,Halcyon Network,Mid-Market,Inbound Marketing,REP-05,new_business,2024-03-27,2024-04-03,78462.0,Closed Lost,closed_lost
OPP-01781,,Halcyon Systems,Mid-Market,Outbound Sales,REP-11,new_business,2025-05-15,2025-10-13,42214.0,Closed Lost,closed_lost
OPP-01782,,Anvil Labs,Mid-Market,Outbound Sales,REP-05,new_business,2025-01-01,2025-01-13,240121.0,Closed Lost,closed_lost
OPP-01783,,Stratus Labs,SMB,Event/Conference,REP-09,new_business,2024-07-27,2024-09-05,45533.0,Closed Lost,closed_lost
OPP-01784,,Cobalt Partners,SMB,Event/Conference,REP-11,new_business,2025-03-08,2025-03-12,9946.0,Closed Lost,closed_lost
OPP-01785,,Reverb Works,SMB,Event/Conference,REP-10,new_business,2023-12-06,2024-01-01,19584.0,Closed Lost,closed_lost
OPP-01786,,Reverb Systems,SMB,Event/Conference,REP-11,new_business,2025-03-15,2025-05-10,239752.0,Closed Lost,closed_lost
OPP-01787,,Vector Logic,Mid-Market,Partner Referral,REP-12,new_business,2024-09-16,2024-11-15,40776.0,Closed Lost,closed_lost
OPP-01788,,Marlin Industries,SMB,Inbound Marketing,REP-09,new_business,2025-08-10,2025-08-25,106913.0,Closed Lost,closed_lost
OPP-01789,,Halcyon Digital,SMB,Outbound Sales,REP-01,new_business,2024-08-12,2024-10-24,47911.0,Closed Lost,closed_lost
OPP-01790,,Quantum Co,SMB,Event/Conference,REP-06,new_business,2025-02-19,2025-05-03,202851.0,Closed Lost,closed_lost
OPP-01791,,Marlin Network,SMB,Partner Referral,REP-07,new_business,2025-07-19,2025-08-04,163499.0,Closed Lost,closed_lost
OPP-01792,,Lattice Group,SMB,Partner Referral,REP-12,new_business,2025-11-12,2025-11-29,107520.0,Closed Lost,closed_lost
OPP-01793,,Vector Digital,SMB,Inbound Marketing,REP-08,new_business,2024-11-22,2024-12-06,64190.0,Closed Lost,closed_lost
OPP-01794,,Cobalt Solutions,SMB,Event/Conference,REP-08,new_business,2025-05-04,2025-06-22,216628.0,Closed Lost,closed_lost
OPP-01795,,Beacon Cloud,SMB,Inbound Marketing,REP-11,new_business,2024-04-22,2024-05-10,194323.0,Closed Lost,closed_lost
OPP-01796,,Cobalt Group,Mid-Market,Inbound Marketing,REP-12,new_business,2024-09-27,2024-10-29,58892.0,Closed Lost,closed_lost
OPP-01797,,Marlin Works,SMB,Event/Conference,REP-03,new_business,2025-09-12,2025-09-20,143264.0,Closed Lost,closed_lost
OPP-01798,,Reverb Holdings,Mid-Market,Partner Referral,REP-01,new_business,2025-06-03,2025-11-07,110486.0,Closed Lost,closed_lost
OPP-01799,,Citron Solutions,SMB,Outbound Sales,REP-01,new_business,2024-10-14,2024-11-15,195624.0,Closed Lost,closed_lost
OPP-01800,,Apex Solutions,SMB,Inbound Marketing,REP-09,new_business,2025-08-19,2025-08-29,32183.0,Closed Lost,closed_lost
OPP-01801,,Mosaic Labs,Mid-Market,Outbound Sales,REP-09,new_business,2025-06-29,2025-07-09,60964.0,Closed Lost,closed_lost
OPP-01802,,Plinth Industries,SMB,Partner Referral,REP-05,new_business,2024-05-08,2024-05-13,49102.0,Closed Lost,closed_lost
OPP-01803,,Mosaic Co,Mid-Market,Outbound Sales,REP-05,new_business,2025-06-28,2025-07-26,57607.0,Closed Lost,closed_lost
OPP-01804,,Anvil Co,SMB,Outbound Sales,REP-04,new_business,2025-06-11,2025-06-24,150384.0,Closed Lost,closed_lost
OPP-01805,,Stratus Holdings,SMB,Partner Referral,REP-08,new_business,2025-03-06,2025-03-08,129204.0,Closed Lost,closed_lost
OPP-01806,,Cobalt Works,Enterprise,Outbound Sales,REP-01,new_business,2025-04-27,2025-05-11,213508.0,Closed Lost,closed_lost
OPP-01807,,Mosaic Holdings,Mid-Market,Outbound Sales,REP-06,new_business,2025-01-13,2025-03-21,7411.0,Closed Lost,closed_lost
OPP-01808,,North Logic,Mid-Market,Inbound Marketing,REP-12,new_business,2025-08-03,2025-10-08,189618.0,Closed Lost,closed_lost
OPP-01809,,Helix Dynamics,Mid-Market,Inbound Marketing,REP-11,new_business,2024-10-12,2024-12-21,96285.0,Closed Lost,closed_lost
OPP-01810,,Stratus Partners,SMB,Partner Referral,REP-03,new_business,2024-04-07,2024-04-10,49245.0,Closed Lost,closed_lost
OPP-01811,,Cobalt Dynamics,SMB,Inbound Marketing,REP-01,new_business,2025-02-24,2025-03-05,41657.0,Closed Lost,closed_lost
OPP-01812,,Marlin Cloud,SMB,Partner Referral,REP-08,new_business,2024-10-12,2024-12-05,40231.0,Closed Lost,closed_lost
OPP-01813,,Tessera Group,Mid-Market,Inbound Marketing,REP-06,new_business,2024-02-08,2024-02-23,105137.0,Closed Lost,closed_lost
OPP-01814,,Mosaic Industries,SMB,Partner Referral,REP-04,new_business,2024-03-24,2024-04-14,161459.0,Closed Lost,closed_lost
OPP-01815,,Apex Logic,SMB,Inbound Marketing,REP-11,new_business,2025-08-12,2025-09-18,185540.0,Closed Lost,closed_lost
OPP-01816,,Citron Logic,SMB,Inbound Marketing,REP-11,new_business,2024-09-08,2024-10-15,39554.0,Closed Lost,closed_lost
OPP-01817,,Glide Partners,SMB,Partner Referral,REP-04,new_business,2025-10-09,2025-11-20,71799.0,Closed Lost,closed_lost
OPP-01818,,Glide Digital,Mid-Market,Inbound Marketing,REP-12,new_business,2024-05-25,2024-05-29,35782.0,Closed Lost,closed_lost
OPP-01819,,Vector Works,SMB,Partner Referral,REP-12,new_business,2025-02-19,2025-02-27,120839.0,Closed Lost,closed_lost
OPP-01820,,Quantum Network,Mid-Market,Event/Conference,REP-12,new_business,2024-09-21,2024-10-01,202313.0,Closed Lost,closed_lost
OPP-01821,,Marlin Industries,SMB,Partner Referral,REP-02,new_business,2025-08-04,2025-08-27,91500.0,Closed Lost,closed_lost
OPP-01822,,Citron Digital,SMB,Outbound Sales,REP-12,new_business,2025-12-14,2025-12-27,138715.0,Closed Lost,closed_lost
OPP-01823,,Cobalt Solutions,Mid-Market,Outbound Sales,REP-09,new_business,2025-02-15,2025-04-08,225413.0,Closed Lost,closed_lost
OPP-01824,,Stratus Industries,Enterprise,Outbound Sales,REP-05,new_business,2024-04-05,2024-04-15,113935.0,Closed Lost,closed_lost
OPP-01825,,Marlin Cloud,Mid-Market,Partner Referral,REP-01,new_business,2025-09-23,2025-10-04,33218.0,Closed Lost,closed_lost
OPP-01826,,Mosaic Digital,SMB,Outbound Sales,REP-09,new_business,2024-03-20,2024-04-20,111133.0,Closed Lost,closed_lost
OPP-01827,,Vector Cloud,SMB,Inbound Marketing,REP-11,new_business,2024-03-11,2024-03-26,94564.0,Closed Lost,closed_lost
OPP-01828,,Quantum Labs,SMB,Event/Conference,REP-10,new_business,2025-03-02,2025-03-18,182321.0,Closed Lost,closed_lost
OPP-01829,,Quantum Systems,SMB,Inbound Marketing,REP-06,new_business,2024-06-05,2024-06-13,83720.0,Closed Lost,closed_lost
OPP-01830,,Stratus Holdings,SMB,Event/Conference,REP-08,new_business,2025-05-03,2025-05-25,237828.0,Closed Lost,closed_lost
OPP-01831,,Cobalt Partners,Mid-Market,Event/Conference,REP-05,new_business,2024-01-03,2024-02-21,92278.0,Closed Lost,closed_lost
OPP-01832,,Citron Industries,SMB,Partner Referral,REP-11,new_business,2024-04-26,2024-05-03,228211.0,Closed Lost,closed_lost
OPP-01833,,Tessera Logic,Enterprise,Event/Conference,REP-11,new_business,2024-01-29,2024-02-10,243519.0,Closed Lost,closed_lost
OPP-01834,,North Industries,Mid-Market,Inbound Marketing,REP-07,new_business,2024-09-22,2024-11-28,61698.0,Closed Lost,closed_lost
OPP-01835,,Beacon Co,SMB,Event/Conference,REP-10,new_business,2024-02-03,2024-02-05,208847.0,Closed Lost,closed_lost
OPP-01836,,Plinth Labs,Mid-Market,Outbound Sales,REP-04,new_business,2023-11-08,2024-01-01,142463.0,Closed Lost,closed_lost
OPP-01837,,Helix Cloud,Mid-Market,Inbound Marketing,REP-10,new_business,2024-08-01,2024-10-15,97391.0,Closed Lost,closed_lost
OPP-01838,,Glide Partners,SMB,Inbound Marketing,REP-07,new_business,2024-05-09,2024-05-16,207864.0,Closed Lost,closed_lost
OPP-01839,,Quantum Partners,Mid-Market,Outbound Sales,REP-06,new_business,2024-01-18,2024-02-04,31739.0,Closed Lost,closed_lost
OPP-01840,,Plinth Systems,Mid-Market,Partner Referral,REP-02,new_business,2024-10-12,2024-12-25,31765.0,Closed Lost,closed_lost
OPP-01841,,Citron Group,SMB,Outbound Sales,REP-07,new_business,2025-10-27,2025-11-02,68043.0,Closed Lost,closed_lost
OPP-01842,,Beacon Network,SMB,Event/Conference,REP-11,new_business,2025-07-19,2025-07-27,213114.0,Closed Lost,closed_lost
OPP-01843,,Plinth Dynamics,Mid-Market,Inbound Marketing,REP-12,new_business,2025-01-03,2025-03-10,136014.0,Closed Lost,closed_lost
OPP-01844,,Beacon Network,SMB,Inbound Marketing,REP-05,new_business,2025-07-26,2025-08-05,73328.0,Closed Lost,closed_lost
OPP-01845,,Beacon Network,Mid-Market,Partner Referral,REP-05,new_business,2024-04-03,2024-06-15,57175.0,Closed Lost,closed_lost
OPP-01846,,Stratus Dynamics,SMB,Partner Referral,REP-07,new_business,2025-04-06,2025-06-02,178981.0,Closed Lost,closed_lost
OPP-01847,,Glide Works,SMB,Outbound Sales,REP-06,new_business,2024-07-14,2024-08-15,65072.0,Closed Lost,closed_lost
OPP-01848,,Glide Systems,Enterprise,Event/Conference,REP-02,new_business,2025-05-14,2025-05-17,18643.0,Closed Lost,closed_lost
OPP-01849,,North Industries,SMB,Inbound Marketing,REP-10,new_business,2025-10-18,2025-10-23,240230.0,Closed Lost,closed_lost
OPP-01850,,Citron Labs,SMB,Event/Conference,REP-03,new_business,2025-10-10,2025-11-01,155739.0,Closed Lost,closed_lost
OPP-01851,,Tessera Co,Mid-Market,Partner Referral,REP-11,new_business,2024-08-26,2024-10-12,152563.0,Closed Lost,closed_lost
OPP-01852,,Plinth Solutions,SMB,Event/Conference,REP-09,new_business,2024-05-22,2024-05-26,131848.0,Closed Lost,closed_lost
OPP-01853,,Citron Labs,Mid-Market,Inbound Marketing,REP-06,new_business,2024-03-27,2024-05-22,112607.0,Closed Lost,closed_lost
OPP-01854,,North Holdings,SMB,Inbound Marketing,REP-06,new_business,2024-12-08,2024-12-20,44046.0,Closed Lost,closed_lost
OPP-01855,,Halcyon Partners,SMB,Partner Referral,REP-12,new_business,2025-10-03,2025-12-29,142723.0,Closed Lost,closed_lost
OPP-01856,,Apex Labs,SMB,Partner Referral,REP-07,new_business,2024-11-30,2025-01-10,239658.0,Closed Lost,closed_lost
OPP-01857,,Tessera Group,SMB,Inbound Marketing,REP-09,new_business,2025-08-02,2025-10-02,177005.0,Closed Lost,closed_lost
OPP-01858,,Anvil Co,SMB,Outbound Sales,REP-06,new_business,2025-11-04,2025-11-10,194372.0,Closed Lost,closed_lost
OPP-01859,,Marlin Co,SMB,Partner Referral,REP-02,new_business,2024-04-26,2024-05-06,183405.0,Closed Lost,closed_lost
OPP-01860,,Apex Systems,SMB,Event/Conference,REP-03,new_business,2025-06-23,2025-07-09,50521.0,Closed Lost,closed_lost
OPP-01861,,Vector Cloud,Mid-Market,Inbound Marketing,REP-09,new_business,2025-02-03,2025-04-03,150673.0,Closed Lost,closed_lost
OPP-01862,,Plinth Holdings,SMB,Event/Conference,REP-11,new_business,2024-03-02,2024-03-16,198385.0,Closed Lost,closed_lost
OPP-01863,,Plinth Co,Mid-Market,Partner Referral,REP-06,new_business,2025-04-21,2025-07-11,76672.0,Closed Lost,closed_lost
OPP-01864,,Marlin Group,Mid-Market,Inbound Marketing,REP-06,new_business,2024-12-06,2025-03-15,194415.0,Closed Lost,closed_lost
OPP-01865,,Stratus Systems,SMB,Inbound Marketing,REP-10,new_business,2025-04-11,2025-04-15,189980.0,Closed Lost,closed_lost
OPP-01866,,Vector Systems,SMB,Partner Referral,REP-12,new_business,2024-06-15,2024-07-02,204874.0,Closed Lost,closed_lost
OPP-01867,,Lattice Dynamics,SMB,Outbound Sales,REP-04,new_business,2025-10-26,2025-12-03,91662.0,Closed Lost,closed_lost
OPP-01868,,Helix Dynamics,SMB,Partner Referral,REP-10,new_business,2025-01-26,2025-02-07,144312.0,Closed Lost,closed_lost
OPP-01869,,Marlin Partners,SMB,Event/Conference,REP-03,new_business,2025-05-14,2025-06-19,148249.0,Closed Lost,closed_lost
OPP-01870,,Cobalt Industries,SMB,Inbound Marketing,REP-09,new_business,2024-04-09,2024-05-12,121619.0,Closed Lost,closed_lost
OPP-01871,,Reverb Co,SMB,Inbound Marketing,REP-07,new_business,2024-03-06,2024-03-08,226002.0,Closed Lost,closed_lost
OPP-01872,,Stratus Digital,SMB,Event/Conference,REP-06,new_business,2025-10-15,2025-10-25,184108.0,Closed Lost,closed_lost
OPP-01873,,Lattice Solutions,SMB,Event/Conference,REP-01,new_business,2025-11-08,2025-11-12,230542.0,Closed Lost,closed_lost
OPP-01874,,Marlin Labs,SMB,Inbound Marketing,REP-06,new_business,2024-02-23,2024-02-25,245996.0,Closed Lost,closed_lost
OPP-01875,,Vector Cloud,SMB,Partner Referral,REP-04,new_business,2025-02-07,2025-02-23,164837.0,Closed Lost,closed_lost
OPP-01876,,Tessera Holdings,Mid-Market,Inbound Marketing,REP-10,new_business,2025-02-02,2025-02-13,10649.0,Closed Lost,closed_lost
OPP-01877,,Mosaic Solutions,SMB,Outbound Sales,REP-10,new_business,2024-09-17,2024-10-08,79770.0,Closed Lost,closed_lost
OPP-01878,,Apex Dynamics,SMB,Event/Conference,REP-08,new_business,2024-10-06,2024-10-26,188001.0,Closed Lost,closed_lost
OPP-01879,,Reverb Network,Mid-Market,Inbound Marketing,REP-07,new_business,2024-09-24,2024-12-08,77122.0,Closed Lost,closed_lost
OPP-01880,,Stratus Dynamics,SMB,Outbound Sales,REP-08,new_business,2024-04-20,2024-05-07,107160.0,Closed Lost,closed_lost
OPP-01881,,Vector Cloud,SMB,Partner Referral,REP-06,new_business,2025-07-31,2025-08-03,189584.0,Closed Lost,closed_lost
OPP-01882,,Beacon Logic,SMB,Event/Conference,REP-11,new_business,2023-12-06,2024-01-02,151267.0,Closed Lost,closed_lost
OPP-01883,,Reverb Dynamics,SMB,Inbound Marketing,REP-09,new_business,2024-10-04,2024-10-07,248899.0,Closed Lost,closed_lost
OPP-01884,,Plinth Industries,SMB,Outbound Sales,REP-12,new_business,2024-07-02,2024-07-19,18868.0,Closed Lost,closed_lost
OPP-01885,,Citron Holdings,SMB,Event/Conference,REP-11,new_business,2024-09-29,2024-10-23,9973.0,Closed Lost,closed_lost
OPP-01886,,Anvil Holdings,Mid-Market,Inbound Marketing,REP-09,new_business,2024-05-28,2024-09-28,127707.0,Closed Lost,closed_lost
OPP-01887,,Cobalt Group,SMB,Outbound Sales,REP-05,new_business,2025-11-14,2025-11-30,246600.0,Closed Lost,closed_lost
OPP-01888,,Plinth Industries,Mid-Market,Event/Conference,REP-07,new_business,2024-01-09,2024-03-12,75042.0,Closed Lost,closed_lost
OPP-01889,,Vector Dynamics,Mid-Market,Partner Referral,REP-04,new_business,2024-02-17,2024-02-25,243960.0,Closed Lost,closed_lost
OPP-01890,,Helix Network,Mid-Market,Partner Referral,REP-07,new_business,2025-09-03,2025-11-07,172513.0,Closed Lost,closed_lost
OPP-01891,,Reverb Logic,SMB,Inbound Marketing,REP-03,new_business,2025-05-04,2025-05-23,67469.0,Closed Lost,closed_lost
OPP-01892,,Anvil Partners,SMB,Inbound Marketing,REP-04,new_business,2025-04-05,2025-04-27,161163.0,Closed Lost,closed_lost
OPP-01893,,Beacon Works,SMB,Inbound Marketing,REP-05,new_business,2024-10-18,2024-11-25,189666.0,Closed Lost,closed_lost
OPP-01894,,Glide Industries,SMB,Partner Referral,REP-08,new_business,2025-05-26,2025-06-20,165642.0,Closed Lost,closed_lost
OPP-01895,,Vector Co,SMB,Outbound Sales,REP-06,new_business,2025-05-09,2025-06-08,200290.0,Closed Lost,closed_lost
OPP-01896,,Marlin Solutions,SMB,Event/Conference,REP-02,new_business,2025-11-16,2025-11-17,40876.0,Closed Lost,closed_lost
OPP-01897,,Lattice Solutions,Mid-Market,Outbound Sales,REP-08,new_business,2025-05-05,2025-05-14,234737.0,Closed Lost,closed_lost
OPP-01898,,Anvil Group,SMB,Outbound Sales,REP-06,new_business,2024-02-22,2024-03-07,233918.0,Closed Lost,closed_lost
OPP-01899,,Helix Holdings,SMB,Inbound Marketing,REP-10,new_business,2025-02-15,2025-03-01,72338.0,Closed Lost,closed_lost
OPP-01900,,North Network,SMB,Event/Conference,REP-08,new_business,2025-12-02,2025-12-25,244659.0,Closed Lost,closed_lost
OPP-01901,,North Partners,Mid-Market,Outbound Sales,REP-09,new_business,2025-11-17,2025-12-08,25331.0,Closed Lost,closed_lost
OPP-01902,,Apex Dynamics,SMB,Partner Referral,REP-12,new_business,2024-02-28,2024-03-23,51389.0,Closed Lost,closed_lost
OPP-01903,,Glide Holdings,Mid-Market,Event/Conference,REP-07,new_business,2024-04-22,2024-06-08,40749.0,Closed Lost,closed_lost
OPP-01904,,Lattice Solutions,Mid-Market,Event/Conference,REP-12,new_business,2024-12-17,2024-12-26,151663.0,Closed Lost,closed_lost
OPP-01905,,Cobalt Group,Mid-Market,Event/Conference,REP-12,new_business,2024-09-02,2024-09-25,68185.0,Closed Lost,closed_lost
OPP-01906,,Anvil Works,SMB,Partner Referral,REP-01,new_business,2025-04-14,2025-05-06,163618.0,Closed Lost,closed_lost
OPP-01907,,Vector Co,SMB,Partner Referral,REP-11,new_business,2024-09-13,2024-10-07,163240.0,Closed Lost,closed_lost
OPP-01908,,Glide Logic,SMB,Event/Conference,REP-12,new_business,2024-07-22,2024-09-05,123649.0,Closed Lost,closed_lost
OPP-01909,,Apex Dynamics,SMB,Event/Conference,REP-09,new_business,2025-07-11,2025-08-15,119455.0,Closed Lost,closed_lost
OPP-01910,,Apex Dynamics,SMB,Inbound Marketing,REP-10,new_business,2024-04-24,2024-04-28,165294.0,Closed Lost,closed_lost
OPP-01911,,Plinth Cloud,Mid-Market,Outbound Sales,REP-02,new_business,2024-08-07,2024-08-30,127303.0,Closed Lost,closed_lost
OPP-01912,,Quantum Partners,SMB,Outbound Sales,REP-04,new_business,2024-03-25,2024-03-31,107204.0,Closed Lost,closed_lost
OPP-01913,,Helix Labs,SMB,Event/Conference,REP-11,new_business,2024-05-07,2024-05-16,27591.0,Closed Lost,closed_lost
OPP-01914,,Citron Co,Mid-Market,Event/Conference,REP-08,new_business,2025-10-22,2025-12-12,63859.0,Closed Lost,closed_lost
OPP-01915,,Lattice Labs,SMB,Inbound Marketing,REP-07,new_business,2024-01-21,2024-02-13,173488.0,Closed Lost,closed_lost
OPP-01916,,North Network,SMB,Partner Referral,REP-04,new_business,2025-07-20,2025-07-27,114092.0,Closed Lost,closed_lost
OPP-01917,,Reverb Holdings,SMB,Event/Conference,REP-06,new_business,2024-12-13,2025-01-04,239963.0,Closed Lost,closed_lost
OPP-01918,,Apex Works,SMB,Event/Conference,REP-04,new_business,2025-10-12,2025-10-30,70265.0,Closed Lost,closed_lost
OPP-01919,,Lattice Labs,Mid-Market,Outbound Sales,REP-01,new_business,2025-02-23,2025-04-04,25835.0,Closed Lost,closed_lost
OPP-01920,,Lattice Dynamics,Mid-Market,Partner Referral,REP-12,new_business,2024-06-09,2024-06-30,138514.0,Closed Lost,closed_lost
OPP-01921,,Lattice Holdings,SMB,Partner Referral,REP-10,new_business,2025-06-20,2025-07-29,149676.0,Closed Lost,closed_lost
OPP-01922,,Cobalt Industries,Mid-Market,Outbound Sales,REP-10,new_business,2025-08-07,2025-10-18,69830.0,Closed Lost,closed_lost
OPP-01923,,Reverb Cloud,SMB,Outbound Sales,REP-07,new_business,2024-11-04,2024-11-15,24625.0,Closed Lost,closed_lost
OPP-01924,,North Systems,Mid-Market,Partner Referral,REP-12,new_business,2025-03-27,2025-04-29,135598.0,Closed Lost,closed_lost
OPP-01925,,Anvil Cloud,Mid-Market,Event/Conference,REP-04,new_business,2025-03-19,2025-04-11,127813.0,Closed Lost,closed_lost
OPP-01926,,Plinth Partners,SMB,Outbound Sales,REP-03,new_business,2024-02-20,2024-03-03,128193.0,Closed Lost,closed_lost
OPP-01927,,Glide Industries,SMB,Inbound Marketing,REP-06,new_business,2024-12-14,2025-01-15,64198.0,Closed Lost,closed_lost
OPP-01928,,Anvil Co,SMB,Outbound Sales,REP-02,new_business,2025-04-04,2025-04-05,138780.0,Closed Lost,closed_lost
OPP-01929,,Glide Digital,SMB,Partner Referral,REP-07,new_business,2025-11-11,2025-12-10,24382.0,Closed Lost,closed_lost
OPP-01930,,Beacon Partners,Mid-Market,Inbound Marketing,REP-02,new_business,2024-02-07,2024-02-13,225646.0,Closed Lost,closed_lost
OPP-01931,,Anvil Dynamics,SMB,Outbound Sales,REP-11,new_business,2024-10-13,2024-10-29,163990.0,Closed Lost,closed_lost
OPP-01932,,Glide Holdings,SMB,Inbound Marketing,REP-11,new_business,2025-11-22,2025-12-27,215598.0,Closed Lost,closed_lost
OPP-01933,,Mosaic Dynamics,SMB,Inbound Marketing,REP-04,new_business,2025-10-11,2025-10-30,232186.0,Closed Lost,closed_lost
OPP-01934,,Plinth Industries,SMB,Partner Referral,REP-09,new_business,2024-11-08,2024-11-10,63309.0,Closed Lost,closed_lost
OPP-01935,,Cobalt Co,SMB,Partner Referral,REP-12,new_business,2023-12-08,2024-01-19,126477.0,Closed Lost,closed_lost
OPP-01936,,Mosaic Network,Mid-Market,Inbound Marketing,REP-11,new_business,2025-02-12,2025-04-24,113692.0,Closed Lost,closed_lost
OPP-01937,,Lattice Holdings,Enterprise,Outbound Sales,REP-12,new_business,2024-03-31,2024-05-02,193401.0,Closed Lost,closed_lost
OPP-01938,,Plinth Co,SMB,Partner Referral,REP-04,new_business,2024-08-26,2024-10-12,192802.0,Closed Lost,closed_lost
OPP-01939,,Cobalt Dynamics,Mid-Market,Event/Conference,REP-07,new_business,2024-05-22,2024-05-30,196539.0,Closed Lost,closed_lost
OPP-01940,,Tessera Co,SMB,Outbound Sales,REP-04,new_business,2025-05-25,2025-06-29,142484.0,Closed Lost,closed_lost
OPP-01941,,North Co,SMB,Partner Referral,REP-08,new_business,2023-12-24,2024-01-26,205241.0,Closed Lost,closed_lost
OPP-01942,,Tessera Solutions,SMB,Event/Conference,REP-08,new_business,2025-04-28,2025-07-12,145968.0,Closed Lost,closed_lost
OPP-01943,,Quantum Solutions,SMB,Outbound Sales,REP-07,new_business,2024-06-17,2024-07-15,176560.0,Closed Lost,closed_lost
OPP-01944,,Plinth Holdings,SMB,Outbound Sales,REP-10,new_business,2024-08-11,2024-09-16,52094.0,Closed Lost,closed_lost
OPP-01945,,Cobalt Labs,SMB,Outbound Sales,REP-05,new_business,2025-01-11,2025-03-16,38476.0,Closed Lost,closed_lost
OPP-01946,,Reverb Industries,Mid-Market,Event/Conference,REP-08,new_business,2024-07-25,2024-08-09,51401.0,Closed Lost,closed_lost
OPP-01947,,Anvil Network,Mid-Market,Outbound Sales,REP-04,new_business,2025-03-20,2025-03-26,215200.0,Closed Lost,closed_lost
OPP-01948,,Quantum Systems,SMB,Inbound Marketing,REP-04,new_business,2025-10-25,2025-10-29,133221.0,Closed Lost,closed_lost
OPP-01949,,Stratus Logic,Mid-Market,Outbound Sales,REP-03,new_business,2025-02-01,2025-04-01,131752.0,Closed Lost,closed_lost
OPP-01950,,Quantum Partners,Mid-Market,Event/Conference,REP-11,new_business,2025-06-23,2025-09-01,175286.0,Closed Lost,closed_lost
OPP-01951,,Helix Co,SMB,Event/Conference,REP-08,new_business,2025-07-14,2025-07-15,20942.0,Closed Lost,closed_lost
OPP-01952,,Marlin Logic,SMB,Inbound Marketing,REP-08,new_business,2025-11-02,2025-12-19,203193.0,Closed Lost,closed_lost
OPP-01953,,Lattice Works,SMB,Outbound Sales,REP-10,new_business,2025-12-19,2025-12-26,25665.0,Closed Lost,closed_lost
OPP-01954,,Beacon Digital,SMB,Outbound Sales,REP-05,new_business,2024-03-25,2024-05-01,106206.0,Closed Lost,closed_lost
OPP-01955,,Plinth Logic,SMB,Partner Referral,REP-05,new_business,2025-09-24,2025-10-28,71389.0,Closed Lost,closed_lost
OPP-01956,,Apex Labs,Mid-Market,Event/Conference,REP-07,new_business,2025-01-07,2025-01-18,220500.0,Closed Lost,closed_lost
OPP-01957,,Halcyon Labs,SMB,Event/Conference,REP-09,new_business,2025-05-29,2025-06-04,233305.0,Closed Lost,closed_lost
OPP-01958,,Apex Logic,SMB,Outbound Sales,REP-02,new_business,2025-05-15,2025-06-05,150469.0,Closed Lost,closed_lost
OPP-01959,,Lattice Dynamics,Enterprise,Outbound Sales,REP-05,new_business,2025-03-25,2025-04-19,22027.0,Closed Lost,closed_lost
OPP-01960,,Tessera Group,SMB,Event/Conference,REP-09,new_business,2024-10-07,2024-10-27,180423.0,Closed Lost,closed_lost
OPP-01961,,Halcyon Co,SMB,Partner Referral,REP-02,new_business,2024-11-15,2024-12-10,135747.0,Closed Lost,closed_lost
OPP-01962,,Lattice Dynamics,SMB,Inbound Marketing,REP-09,new_business,2025-03-03,2025-03-29,121039.0,Closed Lost,closed_lost
OPP-01963,,Quantum Systems,SMB,Event/Conference,REP-02,new_business,2024-12-16,2024-12-19,187369.0,Closed Lost,closed_lost
OPP-01964,,Quantum Systems,Mid-Market,Partner Referral,REP-02,new_business,2024-12-27,2025-03-19,13976.0,Closed Lost,closed_lost
OPP-01965,,Vector Partners,Mid-Market,Outbound Sales,REP-03,new_business,2024-02-26,2024-05-22,233126.0,Closed Lost,closed_lost
OPP-01966,,Reverb Labs,SMB,Inbound Marketing,REP-11,new_business,2024-10-25,2024-11-22,194594.0,Closed Lost,closed_lost
OPP-01967,,Beacon Cloud,SMB,Outbound Sales,REP-03,new_business,2024-06-22,2024-07-07,157403.0,Closed Lost,closed_lost
OPP-01968,,Helix Logic,SMB,Inbound Marketing,REP-03,new_business,2025-12-09,2025-12-19,53355.0,Closed Lost,closed_lost
OPP-01969,,North Industries,Mid-Market,Partner Referral,REP-02,new_business,2024-11-10,2024-12-26,118746.0,Closed Lost,closed_lost
OPP-01970,,Lattice Works,Mid-Market,Event/Conference,REP-09,new_business,2025-08-08,2025-08-19,166769.0,Closed Lost,closed_lost
OPP-01971,,Tessera Industries,SMB,Inbound Marketing,REP-05,new_business,2024-05-14,2024-06-17,239743.0,Closed Lost,closed_lost
OPP-01972,,Vector Digital,Mid-Market,Partner Referral,REP-01,new_business,2024-06-01,2024-06-23,48615.0,Closed Lost,closed_lost
OPP-01973,,Stratus Digital,Mid-Market,Partner Referral,REP-04,new_business,2025-05-16,2025-11-17,244314.0,Closed Lost,closed_lost
OPP-01974,,Halcyon Dynamics,Mid-Market,Partner Referral,REP-08,new_business,2024-03-03,2024-03-15,151079.0,Closed Lost,closed_lost
OPP-01975,,Tessera Dynamics,Enterprise,Partner Referral,REP-09,new_business,2025-03-03,2025-04-18,67644.0,Closed Lost,closed_lost
OPP-01976,,Helix Holdings,Mid-Market,Outbound Sales,REP-07,new_business,2023-12-27,2024-01-07,190291.0,Closed Lost,closed_lost
OPP-01977,,Plinth Holdings,Mid-Market,Event/Conference,REP-02,new_business,2024-03-20,2024-08-29,212988.0,Closed Lost,closed_lost
OPP-01978,,Glide Systems,Mid-Market,Partner Referral,REP-06,new_business,2024-08-30,2024-09-10,86229.0,Closed Lost,closed_lost
OPP-01979,,Marlin Dynamics,Mid-Market,Outbound Sales,REP-08,new_business,2023-12-28,2024-01-07,178587.0,Closed Lost,closed_lost
OPP-01980,,Apex Labs,Mid-Market,Partner Referral,REP-04,new_business,2024-08-12,2024-09-17,239913.0,Closed Lost,closed_lost
OPP-01981,,Reverb Industries,SMB,Partner Referral,REP-01,new_business,2025-07-01,2025-07-10,163629.0,Closed Lost,closed_lost
OPP-01982,,Quantum Holdings,SMB,Event/Conference,REP-08,new_business,2024-07-04,2024-07-07,110051.0,Closed Lost,closed_lost
OPP-01983,,Stratus Systems,SMB,Event/Conference,REP-11,new_business,2024-07-04,2024-07-20,67627.0,Closed Lost,closed_lost
OPP-01984,,Beacon Holdings,SMB,Partner Referral,REP-07,new_business,2024-11-03,2024-11-10,226721.0,Closed Lost,closed_lost
OPP-01985,,Vector Logic,SMB,Partner Referral,REP-06,new_business,2025-11-09,2025-12-12,85338.0,Closed Lost,closed_lost
OPP-01986,,Plinth Group,SMB,Inbound Marketing,REP-01,new_business,2025-10-28,2025-11-13,117083.0,Closed Lost,closed_lost
OPP-01987,,Cobalt Co,Mid-Market,Partner Referral,REP-12,new_business,2024-05-04,2024-05-23,220582.0,Closed Lost,closed_lost
OPP-01988,,Beacon Cloud,SMB,Outbound Sales,REP-06,new_business,2025-09-17,2025-09-29,56735.0,Closed Lost,closed_lost
OPP-01989,,Lattice Network,Mid-Market,Partner Referral,REP-02,new_business,2024-06-20,2024-07-01,119802.0,Closed Lost,closed_lost
OPP-01990,,Glide Cloud,SMB,Inbound Marketing,REP-01,new_business,2024-05-19,2024-06-12,19714.0,Closed Lost,closed_lost
OPP-01991,,Helix Works,SMB,Partner Referral,REP-07,new_business,2024-04-04,2024-04-21,76560.0,Closed Lost,closed_lost
OPP-01992,,Tessera Co,Mid-Market,Event/Conference,REP-05,new_business,2025-06-07,2025-07-06,54679.0,Closed Lost,closed_lost
OPP-01993,,Lattice Cloud,Enterprise,Outbound Sales,REP-01,new_business,2025-05-29,2025-06-13,216133.0,Closed Lost,closed_lost
OPP-01994,,Vector Holdings,SMB,Partner Referral,REP-07,new_business,2025-05-22,2025-05-25,123521.0,Closed Lost,closed_lost
OPP-01995,,Citron Cloud,Enterprise,Inbound Marketing,REP-01,new_business,2025-06-18,2025-06-27,138611.0,Closed Lost,closed_lost
OPP-01996,,Lattice Co,Mid-Market,Outbound Sales,REP-01,new_business,2024-09-16,2024-11-20,229359.0,Closed Lost,closed_lost
OPP-01997,,Cobalt Logic,Mid-Market,Partner Referral,REP-06,new_business,2024-02-06,2024-07-10,81740.0,Closed Lost,closed_lost
OPP-01998,,Marlin Industries,SMB,Inbound Marketing,REP-06,new_business,2025-10-10,2025-12-03,163233.0,Closed Lost,closed_lost
OPP-01999,,Tessera Group,Mid-Market,Event/Conference,REP-01,new_business,2024-10-27,2025-02-03,149360.0,Closed Lost,closed_lost
OPP-02000,,Lattice Solutions,SMB,Inbound Marketing,REP-11,new_business,2025-02-06,2025-03-01,192719.0,Closed Lost,closed_lost
OPP-02001,,Marlin Systems,SMB,Outbound Sales,REP-04,new_business,2024-04-22,2024-05-06,215231.0,Closed Lost,closed_lost
OPP-02002,,Apex Labs,SMB,Inbound Marketing,REP-05,new_business,2024-01-28,2024-02-09,116563.0,Closed Lost,closed_lost
OPP-02003,,Apex Labs,SMB,Inbound Marketing,REP-09,new_business,2024-09-11,2024-10-14,123951.0,Closed Lost,closed_lost
OPP-02004,,Glide Group,Mid-Market,Outbound Sales,REP-03,new_business,2025-07-21,2025-09-13,237680.0,Closed Lost,closed_lost
OPP-02005,,Helix Co,Mid-Market,Event/Conference,REP-02,new_business,2024-06-07,2024-06-23,223013.0,Closed Lost,closed_lost
OPP-02006,,Vector Labs,SMB,Inbound Marketing,REP-07,new_business,2024-02-15,2024-03-12,150787.0,Closed Lost,closed_lost
OPP-02007,,Quantum Holdings,SMB,Outbound Sales,REP-09,new_business,2024-02-25,2024-03-02,71125.0,Closed Lost,closed_lost
OPP-02008,,Apex Labs,Mid-Market,Partner Referral,REP-08,new_business,2024-02-11,2024-07-03,192651.0,Closed Lost,closed_lost
OPP-02009,,Beacon Network,SMB,Outbound Sales,REP-01,new_business,2025-08-02,2025-08-17,135907.0,Closed Lost,closed_lost
OPP-02010,,Stratus Partners,SMB,Event/Conference,REP-06,new_business,2024-01-31,2024-02-19,18934.0,Closed Lost,closed_lost
OPP-02011,,Vector Dynamics,SMB,Outbound Sales,REP-01,new_business,2024-09-08,2024-10-05,62492.0,Closed Lost,closed_lost
OPP-02012,,Helix Logic,SMB,Event/Conference,REP-08,new_business,2023-12-26,2024-01-03,203677.0,Closed Lost,closed_lost
OPP-02013,,Lattice Digital,SMB,Event/Conference,REP-10,new_business,2023-12-26,2024-01-02,172381.0,Closed Lost,closed_lost
OPP-02014,,Marlin Network,SMB,Outbound Sales,REP-05,new_business,2025-10-28,2025-12-01,88634.0,Closed Lost,closed_lost
OPP-02015,,Stratus Digital,SMB,Event/Conference,REP-12,new_business,2025-04-11,2025-05-21,54174.0,Closed Lost,closed_lost
OPP-02016,,Helix Logic,Mid-Market,Event/Conference,REP-11,new_business,2024-11-28,2025-01-16,119585.0,Closed Lost,closed_lost
OPP-02017,,Marlin Solutions,Mid-Market,Inbound Marketing,REP-06,new_business,2023-11-06,2024-01-30,96150.0,Closed Lost,closed_lost
OPP-02018,,Mosaic Cloud,SMB,Inbound Marketing,REP-06,new_business,2025-10-25,2025-11-13,200121.0,Closed Lost,closed_lost
OPP-02019,,Halcyon Cloud,SMB,Event/Conference,REP-07,new_business,2025-02-26,2025-05-18,79208.0,Closed Lost,closed_lost
OPP-02020,,Glide Works,SMB,Outbound Sales,REP-08,new_business,2024-01-24,2024-02-24,155239.0,Closed Lost,closed_lost
OPP-02021,,Vector Cloud,SMB,Inbound Marketing,REP-12,new_business,2025-04-04,2025-04-24,216362.0,Closed Lost,closed_lost
OPP-02022,,Apex Systems,SMB,Event/Conference,REP-05,new_business,2025-08-25,2025-08-30,70763.0,Closed Lost,closed_lost
OPP-02023,,Quantum Network,SMB,Outbound Sales,REP-05,new_business,2024-08-09,2024-09-02,228764.0,Closed Lost,closed_lost
OPP-02024,,Tessera Labs,SMB,Event/Conference,REP-08,new_business,2024-04-23,2024-05-24,118646.0,Closed Lost,closed_lost
OPP-02025,,Halcyon Co,SMB,Event/Conference,REP-04,new_business,2025-02-02,2025-03-04,44396.0,Closed Lost,closed_lost
OPP-02026,,Beacon Works,SMB,Outbound Sales,REP-08,new_business,2025-05-23,2025-06-18,237507.0,Closed Lost,closed_lost
OPP-02027,,Quantum Holdings,Mid-Market,Inbound Marketing,REP-06,new_business,2025-08-31,2025-09-17,111661.0,Closed Lost,closed_lost
OPP-02028,,Citron Co,Mid-Market,Partner Referral,REP-12,new_business,2024-05-19,2024-07-07,76870.0,Closed Lost,closed_lost
OPP-02029,,Marlin Labs,Mid-Market,Partner Referral,REP-07,new_business,2024-11-09,2025-02-13,186056.0,Closed Lost,closed_lost
OPP-02030,,Reverb Logic,SMB,Inbound Marketing,REP-05,new_business,2024-05-05,2024-05-24,217400.0,Closed Lost,closed_lost
OPP-02031,,Quantum Labs,SMB,Outbound Sales,REP-08,new_business,2024-02-04,2024-02-25,216264.0,Closed Lost,closed_lost
OPP-02032,,Lattice Logic,SMB,Event/Conference,REP-08,new_business,2024-04-03,2024-04-09,22711.0,Closed Lost,closed_lost
OPP-02033,,Citron Group,SMB,Event/Conference,REP-07,new_business,2024-12-01,2024-12-30,99008.0,Closed Lost,closed_lost
OPP-02034,,Anvil Holdings,Mid-Market,Event/Conference,REP-05,new_business,2024-10-20,2024-11-27,204511.0,Closed Lost,closed_lost
OPP-02035,,Plinth Dynamics,Mid-Market,Partner Referral,REP-08,new_business,2024-01-17,2024-04-17,79972.0,Closed Lost,closed_lost
OPP-02036,,Halcyon Industries,Enterprise,Inbound Marketing,REP-07,new_business,2025-08-19,2025-10-21,130262.0,Closed Lost,closed_lost
OPP-02037,,North Dynamics,SMB,Outbound Sales,REP-09,new_business,2024-11-15,2024-12-10,152975.0,Closed Lost,closed_lost
OPP-02038,,Apex Group,Mid-Market,Outbound Sales,REP-02,new_business,2024-02-09,2024-03-12,78776.0,Closed Lost,closed_lost
OPP-02039,,Anvil Partners,SMB,Outbound Sales,REP-09,new_business,2025-05-13,2025-05-21,177294.0,Closed Lost,closed_lost
OPP-02040,,Glide Cloud,SMB,Inbound Marketing,REP-12,new_business,2025-03-19,2025-03-23,209031.0,Closed Lost,closed_lost
OPP-02041,,Glide Solutions,SMB,Inbound Marketing,REP-12,new_business,2024-09-23,2024-10-08,156216.0,Closed Lost,closed_lost
OPP-02042,,Halcyon Co,SMB,Outbound Sales,REP-06,new_business,2023-12-16,2024-01-28,137032.0,Closed Lost,closed_lost
OPP-02043,,North Industries,SMB,Inbound Marketing,REP-04,new_business,2024-03-22,2024-04-24,123461.0,Closed Lost,closed_lost
OPP-02044,,Halcyon Systems,Enterprise,Outbound Sales,REP-12,new_business,2025-03-26,2025-06-11,149832.0,Closed Lost,closed_lost
OPP-02045,,Anvil Works,SMB,Event/Conference,REP-10,new_business,2025-03-06,2025-03-14,109522.0,Closed Lost,closed_lost
OPP-02046,,Helix Solutions,SMB,Inbound Marketing,REP-06,new_business,2024-02-13,2024-03-18,114782.0,Closed Lost,closed_lost
OPP-02047,,Marlin Industries,SMB,Outbound Sales,REP-08,new_business,2025-04-20,2025-05-09,227391.0,Closed Lost,closed_lost
OPP-02048,,Helix Dynamics,Mid-Market,Partner Referral,REP-05,new_business,2025-06-15,2025-07-30,174284.0,Closed Lost,closed_lost
OPP-02049,,Mosaic Labs,SMB,Outbound Sales,REP-12,new_business,2024-05-23,2024-06-08,201874.0,Closed Lost,closed_lost
OPP-02050,,Citron Network,SMB,Event/Conference,REP-12,new_business,2025-11-11,2025-12-10,63147.0,Closed Lost,closed_lost
OPP-02051,,Lattice Systems,Mid-Market,Inbound Marketing,REP-03,new_business,2025-08-18,2025-12-21,185146.0,Closed Lost,closed_lost
OPP-02052,,Marlin Partners,SMB,Outbound Sales,REP-01,new_business,2024-02-01,2024-03-11,80578.0,Closed Lost,closed_lost
OPP-02053,,Reverb Logic,Mid-Market,Partner Referral,REP-02,new_business,2024-03-19,2024-03-30,92185.0,Closed Lost,closed_lost
OPP-02054,,Cobalt Holdings,SMB,Inbound Marketing,REP-01,new_business,2024-12-25,2025-01-20,34015.0,Closed Lost,closed_lost
OPP-02055,,North Labs,SMB,Event/Conference,REP-04,new_business,2025-08-25,2025-08-31,184569.0,Closed Lost,closed_lost
OPP-02056,,Helix Partners,SMB,Inbound Marketing,REP-02,new_business,2025-12-10,2025-12-14,221579.0,Closed Lost,closed_lost
OPP-02057,,Citron Partners,SMB,Partner Referral,REP-10,new_business,2025-06-26,2025-07-01,20007.0,Closed Lost,closed_lost
OPP-02058,,Marlin Digital,SMB,Event/Conference,REP-07,new_business,2025-05-30,2025-06-30,184811.0,Closed Lost,closed_lost
OPP-02059,,Lattice Systems,Mid-Market,Partner Referral,REP-06,new_business,2024-09-21,2024-10-06,200124.0,Closed Lost,closed_lost
OPP-02060,,Quantum Co,SMB,Partner Referral,REP-05,new_business,2024-09-05,2024-09-16,65695.0,Closed Lost,closed_lost
OPP-02061,,Apex Logic,SMB,Inbound Marketing,REP-10,new_business,2024-01-06,2024-01-24,212186.0,Closed Lost,closed_lost
OPP-02062,,Glide Works,Mid-Market,Partner Referral,REP-06,new_business,2024-11-26,2025-01-08,209215.0,Closed Lost,closed_lost
OPP-02063,,Vector Logic,Mid-Market,Event/Conference,REP-08,new_business,2024-10-19,2024-11-10,103161.0,Closed Lost,closed_lost
OPP-02064,,Plinth Digital,Mid-Market,Inbound Marketing,REP-07,new_business,2025-07-18,2025-10-07,146181.0,Closed Lost,closed_lost
OPP-02065,,Lattice Systems,SMB,Outbound Sales,REP-06,new_business,2024-09-04,2024-10-08,136971.0,Closed Lost,closed_lost
OPP-02066,,Quantum Industries,Mid-Market,Partner Referral,REP-10,new_business,2024-12-26,2025-02-19,84364.0,Closed Lost,closed_lost
OPP-02067,,Mosaic Holdings,SMB,Inbound Marketing,REP-10,new_business,2024-01-22,2024-03-08,73391.0,Closed Lost,closed_lost
OPP-02068,,Plinth Network,SMB,Inbound Marketing,REP-10,new_business,2025-05-30,2025-07-16,185424.0,Closed Lost,closed_lost
OPP-02069,,North Logic,SMB,Inbound Marketing,REP-01,new_business,2025-09-21,2025-10-07,146582.0,Closed Lost,closed_lost
OPP-02070,,Citron Systems,Mid-Market,Event/Conference,REP-11,new_business,2025-07-17,2025-08-17,105109.0,Closed Lost,closed_lost
OPP-02071,,Stratus Works,SMB,Inbound Marketing,REP-11,new_business,2024-03-05,2024-03-10,236046.0,Closed Lost,closed_lost
OPP-02072,,Stratus Labs,SMB,Event/Conference,REP-06,new_business,2025-05-28,2025-06-04,224037.0,Closed Lost,closed_lost
OPP-02073,,Quantum Systems,SMB,Partner Referral,REP-08,new_business,2025-04-09,2025-04-16,200445.0,Closed Lost,closed_lost
OPP-02074,,Vector Industries,SMB,Partner Referral,REP-08,new_business,2024-06-25,2024-07-14,233841.0,Closed Lost,closed_lost
OPP-02075,,Apex Holdings,SMB,Inbound Marketing,REP-01,new_business,2024-11-26,2024-12-22,87642.0,Closed Lost,closed_lost
OPP-02076,,Beacon Co,SMB,Partner Referral,REP-12,new_business,2024-05-05,2024-05-13,35923.0,Closed Lost,closed_lost
OPP-02077,,Helix Dynamics,Enterprise,Event/Conference,REP-12,new_business,2025-11-03,2025-12-12,218186.0,Closed Lost,closed_lost
OPP-02078,,Halcyon Network,SMB,Inbound Marketing,REP-05,new_business,2025-08-05,2025-08-30,225774.0,Closed Lost,closed_lost
OPP-02079,,Plinth Co,SMB,Inbound Marketing,REP-07,new_business,2024-07-01,2024-07-12,193345.0,Closed Lost,closed_lost
OPP-02080,,Citron Works,SMB,Event/Conference,REP-11,new_business,2024-03-01,2024-03-11,234371.0,Closed Lost,closed_lost
OPP-02081,,Tessera Partners,Mid-Market,Partner Referral,REP-05,new_business,2024-10-03,2024-10-07,166614.0,Closed Lost,closed_lost
OPP-02082,,Plinth Industries,Mid-Market,Event/Conference,REP-06,new_business,2025-05-22,2025-06-02,68221.0,Closed Lost,closed_lost
OPP-02083,,Lattice Works,Mid-Market,Partner Referral,REP-10,new_business,2024-06-18,2024-08-22,123608.0,Closed Lost,closed_lost
OPP-02084,,Anvil Logic,SMB,Outbound Sales,REP-02,new_business,2025-06-01,2025-06-22,36537.0,Closed Lost,closed_lost
OPP-02085,,North Logic,SMB,Event/Conference,REP-11,new_business,2024-11-25,2024-12-29,200007.0,Closed Lost,closed_lost
OPP-02086,,Lattice Dynamics,Mid-Market,Event/Conference,REP-08,new_business,2024-01-20,2024-05-11,108678.0,Closed Lost,closed_lost
OPP-02087,,Halcyon Dynamics,SMB,Partner Referral,REP-02,new_business,2024-01-01,2024-01-15,181686.0,Closed Lost,closed_lost
OPP-02088,,Marlin Dynamics,SMB,Partner Referral,REP-07,new_business,2024-12-23,2025-01-23,169093.0,Closed Lost,closed_lost
OPP-02089,,Quantum Systems,SMB,Outbound Sales,REP-08,new_business,2025-10-03,2025-10-13,101645.0,Closed Lost,closed_lost
OPP-02090,,Helix Cloud,Mid-Market,Outbound Sales,REP-12,new_business,2025-06-19,2025-08-20,154466.0,Closed Lost,closed_lost
OPP-02091,,Cobalt Digital,SMB,Partner Referral,REP-06,new_business,2024-12-10,2024-12-27,146145.0,Closed Lost,closed_lost
OPP-02092,,Marlin Group,SMB,Inbound Marketing,REP-11,new_business,2025-06-12,2025-07-30,214655.0,Closed Lost,closed_lost
OPP-02093,,Marlin Logic,SMB,Inbound Marketing,REP-11,new_business,2025-08-15,2025-09-12,21046.0,Closed Lost,closed_lost
OPP-02094,,Quantum Logic,SMB,Event/Conference,REP-02,new_business,2025-06-11,2025-06-30,185792.0,Closed Lost,closed_lost
OPP-02095,,Anvil Partners,Enterprise,Partner Referral,REP-06,new_business,2024-08-20,2024-09-19,103953.0,Closed Lost,closed_lost
OPP-02096,,North Solutions,SMB,Inbound Marketing,REP-03,new_business,2024-01-10,2024-01-30,219286.0,Closed Lost,closed_lost
OPP-02097,,Lattice Group,SMB,Event/Conference,REP-09,new_business,2023-12-15,2024-01-17,217599.0,Closed Lost,closed_lost
OPP-02098,,Marlin Network,SMB,Outbound Sales,REP-03,new_business,2025-10-19,2025-10-22,127064.0,Closed Lost,closed_lost
OPP-02099,,Anvil Network,SMB,Event/Conference,REP-10,new_business,2025-01-28,2025-02-16,40831.0,Closed Lost,closed_lost
OPP-02100,,Cobalt Works,SMB,Outbound Sales,REP-01,new_business,2024-02-27,2024-03-01,110315.0,Closed Lost,closed_lost
OPP-02101,,Helix Industries,SMB,Event/Conference,REP-09,new_business,2024-11-05,2024-11-24,230813.0,Closed Lost,closed_lost
OPP-02102,,Vector Dynamics,Mid-Market,Inbound Marketing,REP-05,new_business,2025-07-17,2025-08-19,139983.0,Closed Lost,closed_lost
OPP-02103,,Halcyon Solutions,SMB,Inbound Marketing,REP-05,new_business,2024-11-14,2024-11-17,192525.0,Closed Lost,closed_lost
OPP-02104,,Stratus Partners,SMB,Event/Conference,REP-07,new_business,2025-04-03,2025-05-13,7830.0,Closed Lost,closed_lost
OPP-02105,,North Group,SMB,Outbound Sales,REP-04,new_business,2025-04-02,2025-05-09,58047.0,Closed Lost,closed_lost
OPP-02106,,Beacon Systems,Mid-Market,Outbound Sales,REP-04,new_business,2025-11-16,2025-11-18,182864.0,Closed Lost,closed_lost
OPP-02107,,Vector Cloud,SMB,Outbound Sales,REP-08,new_business,2024-07-13,2024-07-31,215912.0,Closed Lost,closed_lost
OPP-02108,,Vector Co,Mid-Market,Inbound Marketing,REP-04,new_business,2024-06-03,2024-09-20,146208.0,Closed Lost,closed_lost
OPP-02109,,North Dynamics,SMB,Event/Conference,REP-06,new_business,2024-06-08,2024-07-07,230237.0,Closed Lost,closed_lost
OPP-02110,,Lattice Cloud,SMB,Inbound Marketing,REP-01,new_business,2024-03-31,2024-04-14,204381.0,Closed Lost,closed_lost
OPP-02111,,Quantum Group,SMB,Inbound Marketing,REP-12,new_business,2024-10-24,2024-10-28,90056.0,Closed Lost,closed_lost
OPP-02112,,Stratus Solutions,SMB,Event/Conference,REP-09,new_business,2025-09-19,2025-11-26,105070.0,Closed Lost,closed_lost
OPP-02113,,Tessera Dynamics,SMB,Event/Conference,REP-12,new_business,2025-07-02,2025-07-17,26129.0,Closed Lost,closed_lost
OPP-02114,,Reverb Group,SMB,Partner Referral,REP-09,new_business,2024-05-12,2024-06-18,105836.0,Closed Lost,closed_lost
OPP-02115,,Marlin Holdings,SMB,Partner Referral,REP-07,new_business,2024-04-06,2024-04-28,73073.0,Closed Lost,closed_lost
OPP-02116,,North Labs,SMB,Partner Referral,REP-10,new_business,2024-10-06,2024-10-21,211283.0,Closed Lost,closed_lost
OPP-02117,,Glide Co,Mid-Market,Outbound Sales,REP-08,new_business,2024-12-08,2025-03-27,11315.0,Closed Lost,closed_lost
OPP-02118,,Marlin Industries,Mid-Market,Event/Conference,REP-06,new_business,2024-06-14,2024-07-31,25477.0,Closed Lost,closed_lost
OPP-02119,,Stratus Logic,SMB,Outbound Sales,REP-08,new_business,2025-05-29,2025-07-08,178742.0,Closed Lost,closed_lost
OPP-02120,,Citron Logic,Mid-Market,Outbound Sales,REP-05,new_business,2025-06-19,2025-07-02,16824.0,Closed Lost,closed_lost
OPP-02121,,Apex Solutions,SMB,Event/Conference,REP-07,new_business,2024-07-05,2024-07-17,217525.0,Closed Lost,closed_lost
OPP-02122,,Plinth Logic,Mid-Market,Inbound Marketing,REP-09,new_business,2024-05-14,2024-07-18,11841.0,Closed Lost,closed_lost
OPP-02123,,Plinth Co,SMB,Event/Conference,REP-09,new_business,2024-10-21,2024-11-03,76294.0,Closed Lost,closed_lost
OPP-02124,,Stratus Co,SMB,Partner Referral,REP-05,new_business,2024-07-14,2024-08-02,87252.0,Closed Lost,closed_lost
OPP-02125,,Stratus Dynamics,SMB,Event/Conference,REP-01,new_business,2025-07-02,2025-07-07,194741.0,Closed Lost,closed_lost
OPP-02126,,North Cloud,SMB,Event/Conference,REP-08,new_business,2025-06-22,2025-07-23,74331.0,Closed Lost,closed_lost
OPP-02127,,Glide Partners,SMB,Event/Conference,REP-04,new_business,2024-03-19,2024-04-23,124774.0,Closed Lost,closed_lost
OPP-02128,,Tessera Co,SMB,Event/Conference,REP-08,new_business,2024-09-20,2024-09-30,223785.0,Closed Lost,closed_lost
OPP-02129,,Glide Co,SMB,Inbound Marketing,REP-09,new_business,2025-03-04,2025-03-25,33419.0,Closed Lost,closed_lost
OPP-02130,,Anvil Network,Mid-Market,Outbound Sales,REP-07,new_business,2025-11-24,2025-11-29,188869.0,Closed Lost,closed_lost
OPP-02131,,Mosaic Logic,SMB,Inbound Marketing,REP-05,new_business,2025-05-18,2025-06-25,194521.0,Closed Lost,closed_lost
OPP-02132,,Quantum Dynamics,SMB,Event/Conference,REP-02,new_business,2025-08-01,2025-08-20,193485.0,Closed Lost,closed_lost
OPP-02133,,Halcyon Digital,SMB,Outbound Sales,REP-07,new_business,2024-05-10,2024-05-28,197408.0,Closed Lost,closed_lost
OPP-02134,,North Cloud,SMB,Partner Referral,REP-10,new_business,2024-11-22,2024-12-05,56847.0,Closed Lost,closed_lost
OPP-02135,,Glide Logic,Mid-Market,Outbound Sales,REP-01,new_business,2024-05-18,2024-06-12,177728.0,Closed Lost,closed_lost
OPP-02136,,Mosaic Labs,SMB,Outbound Sales,REP-11,new_business,2025-04-05,2025-04-18,185214.0,Closed Lost,closed_lost
OPP-02137,,Apex Solutions,SMB,Inbound Marketing,REP-03,new_business,2025-03-10,2025-04-21,120143.0,Closed Lost,closed_lost
OPP-02138,,Citron Holdings,SMB,Outbound Sales,REP-01,new_business,2025-10-27,2025-11-11,111809.0,Closed Lost,closed_lost
OPP-02139,,Lattice Industries,SMB,Partner Referral,REP-08,new_business,2024-03-01,2024-03-17,218498.0,Closed Lost,closed_lost
OPP-02140,,Plinth Industries,SMB,Event/Conference,REP-11,new_business,2024-03-09,2024-04-13,216010.0,Closed Lost,closed_lost
OPP-02141,,Mosaic Dynamics,SMB,Partner Referral,REP-06,new_business,2025-03-16,2025-03-31,213620.0,Closed Lost,closed_lost
OPP-02142,,Cobalt Works,Enterprise,Partner Referral,REP-04,new_business,2024-11-24,2025-01-14,200136.0,Closed Lost,closed_lost
OPP-02143,,Apex Solutions,SMB,Outbound Sales,REP-06,new_business,2024-04-21,2024-06-02,220793.0,Closed Lost,closed_lost
OPP-02144,,North Partners,SMB,Event/Conference,REP-01,new_business,2024-04-22,2024-06-06,35312.0,Closed Lost,closed_lost
OPP-02145,,Halcyon Works,SMB,Outbound Sales,REP-04,new_business,2024-07-17,2024-07-22,205958.0,Closed Lost,closed_lost
OPP-02146,,North Partners,SMB,Partner Referral,REP-03,new_business,2025-01-20,2025-01-23,35191.0,Closed Lost,closed_lost
OPP-02147,,Stratus Network,SMB,Event/Conference,REP-12,new_business,2025-05-31,2025-06-05,228066.0,Closed Lost,closed_lost
OPP-02148,,Cobalt Industries,SMB,Inbound Marketing,REP-07,new_business,2024-12-01,2024-12-17,143215.0,Closed Lost,closed_lost
OPP-02149,,Marlin Partners,SMB,Partner Referral,REP-01,new_business,2024-05-27,2024-06-05,101864.0,Closed Lost,closed_lost
OPP-02150,,Apex Holdings,SMB,Inbound Marketing,REP-07,new_business,2023-12-03,2024-01-02,169253.0,Closed Lost,closed_lost
OPP-02151,,Mosaic Digital,Mid-Market,Event/Conference,REP-03,new_business,2025-01-31,2025-02-12,172499.0,Closed Lost,closed_lost
OPP-02152,,Cobalt Partners,Enterprise,Event/Conference,REP-01,new_business,2024-04-18,2024-06-28,225398.0,Closed Lost,closed_lost
OPP-02153,,Cobalt Solutions,SMB,Event/Conference,REP-02,new_business,2024-05-01,2024-05-11,236477.0,Closed Lost,closed_lost
OPP-02154,,North Network,SMB,Partner Referral,REP-10,new_business,2024-07-28,2024-09-16,5891.0,Closed Lost,closed_lost
OPP-02155,,North Labs,SMB,Event/Conference,REP-05,new_business,2024-02-13,2024-04-18,101263.0,Closed Lost,closed_lost
OPP-02156,,Mosaic Cloud,SMB,Inbound Marketing,REP-09,new_business,2025-04-15,2025-05-20,160340.0,Closed Lost,closed_lost
OPP-02157,,Reverb Logic,Mid-Market,Event/Conference,REP-09,new_business,2024-03-18,2024-05-09,119251.0,Closed Lost,closed_lost
OPP-02158,,Stratus Dynamics,SMB,Outbound Sales,REP-01,new_business,2025-05-15,2025-05-24,35736.0,Closed Lost,closed_lost
OPP-02159,,Anvil Dynamics,Mid-Market,Inbound Marketing,REP-02,new_business,2025-08-02,2025-08-03,36277.0,Closed Lost,closed_lost
OPP-02160,,Halcyon Works,SMB,Event/Conference,REP-10,new_business,2024-10-09,2024-10-22,106048.0,Closed Lost,closed_lost
OPP-02161,,Vector Holdings,Mid-Market,Inbound Marketing,REP-12,new_business,2024-02-21,2024-02-23,88130.0,Closed Lost,closed_lost
OPP-02162,,Reverb Network,SMB,Inbound Marketing,REP-02,new_business,2024-07-11,2024-09-01,121331.0,Closed Lost,closed_lost
OPP-02163,,Anvil Logic,SMB,Outbound Sales,REP-08,new_business,2025-04-16,2025-06-11,108402.0,Closed Lost,closed_lost
OPP-02164,,Vector Labs,SMB,Outbound Sales,REP-01,new_business,2024-01-13,2024-01-21,95004.0,Closed Lost,closed_lost
OPP-02165,,Vector Partners,SMB,Outbound Sales,REP-10,new_business,2025-03-19,2025-04-18,70263.0,Closed Lost,closed_lost
OPP-02166,,Stratus Systems,SMB,Outbound Sales,REP-09,new_business,2025-05-29,2025-06-15,153622.0,Closed Lost,closed_lost
OPP-02167,,Reverb Works,SMB,Event/Conference,REP-04,new_business,2024-12-30,2025-01-27,94946.0,Closed Lost,closed_lost
OPP-02168,,Glide Dynamics,SMB,Event/Conference,REP-11,new_business,2025-09-07,2025-09-22,185147.0,Closed Lost,closed_lost
OPP-02169,,Glide Network,SMB,Partner Referral,REP-09,new_business,2025-10-02,2025-10-30,29673.0,Closed Lost,closed_lost
OPP-02170,,Vector Solutions,SMB,Partner Referral,REP-01,new_business,2024-04-14,2024-05-21,163601.0,Closed Lost,closed_lost
OPP-02171,,Vector Cloud,Mid-Market,Event/Conference,REP-11,new_business,2024-09-07,2024-09-22,246863.0,Closed Lost,closed_lost
OPP-02172,,Beacon Cloud,SMB,Partner Referral,REP-12,new_business,2024-06-17,2024-08-02,56605.0,Closed Lost,closed_lost
OPP-02173,,Marlin Dynamics,Enterprise,Outbound Sales,REP-07,new_business,2024-01-25,2024-03-18,117586.0,Closed Lost,closed_lost
OPP-02174,,Halcyon Dynamics,SMB,Event/Conference,REP-05,new_business,2025-04-23,2025-05-01,131921.0,Closed Lost,closed_lost
OPP-02175,,Quantum Logic,SMB,Inbound Marketing,REP-05,new_business,2024-07-26,2024-08-16,10843.0,Closed Lost,closed_lost
OPP-02176,,Tessera Logic,SMB,Inbound Marketing,REP-04,new_business,2025-05-04,2025-05-31,139061.0,Closed Lost,closed_lost
OPP-02177,,Citron Digital,Mid-Market,Partner Referral,REP-12,new_business,2024-07-26,2024-08-05,231750.0,Closed Lost,closed_lost
OPP-02178,,Lattice Network,Enterprise,Inbound Marketing,REP-04,new_business,2025-09-01,2025-10-10,164700.0,Closed Lost,closed_lost
OPP-02179,,Marlin Group,SMB,Event/Conference,REP-11,new_business,2025-03-23,2025-04-11,100844.0,Closed Lost,closed_lost
OPP-02180,,Stratus Systems,Enterprise,Event/Conference,REP-07,new_business,2024-07-12,2024-07-21,143215.0,Closed Lost,closed_lost
OPP-02181,,Plinth Systems,SMB,Partner Referral,REP-09,new_business,2024-10-03,2024-10-11,195580.0,Closed Lost,closed_lost
OPP-02182,,Halcyon Works,SMB,Event/Conference,REP-09,new_business,2024-12-14,2024-12-19,104207.0,Closed Lost,closed_lost
OPP-02183,,Helix Partners,Mid-Market,Inbound Marketing,REP-12,new_business,2024-03-03,2024-03-29,41539.0,Closed Lost,closed_lost
OPP-02184,,North Digital,SMB,Partner Referral,REP-09,new_business,2025-07-13,2025-07-22,13737.0,Closed Lost,closed_lost
OPP-02185,,North Solutions,SMB,Partner Referral,REP-12,new_business,2024-06-06,2024-07-12,92252.0,Closed Lost,closed_lost
OPP-02186,,Apex Systems,SMB,Event/Conference,REP-09,new_business,2024-04-08,2024-06-07,83070.0,Closed Lost,closed_lost
OPP-02187,,Vector Group,Mid-Market,Partner Referral,REP-01,new_business,2025-03-26,2025-05-29,194033.0,Closed Lost,closed_lost
OPP-02188,,Tessera Group,SMB,Event/Conference,REP-08,new_business,2024-03-10,2024-04-15,167306.0,Closed Lost,closed_lost
OPP-02189,,Cobalt Logic,Mid-Market,Inbound Marketing,REP-11,new_business,2024-08-20,2024-09-16,157700.0,Closed Lost,closed_lost
OPP-02190,,North Co,Mid-Market,Inbound Marketing,REP-04,new_business,2025-04-21,2025-04-30,112065.0,Closed Lost,closed_lost
OPP-02191,,Tessera Dynamics,SMB,Inbound Marketing,REP-01,new_business,2024-02-28,2024-03-13,134325.0,Closed Lost,closed_lost
OPP-02192,,Mosaic Digital,SMB,Event/Conference,REP-11,new_business,2025-10-06,2025-10-30,5764.0,Closed Lost,closed_lost
OPP-02193,,Plinth Partners,SMB,Event/Conference,REP-11,new_business,2025-03-02,2025-03-23,198957.0,Closed Lost,closed_lost
OPP-02194,,Cobalt Works,Mid-Market,Outbound Sales,REP-08,new_business,2025-03-25,2025-04-06,109831.0,Closed Lost,closed_lost
OPP-02195,,Mosaic Labs,SMB,Partner Referral,REP-07,new_business,2025-10-19,2025-11-09,192612.0,Closed Lost,closed_lost
OPP-02196,,Anvil Systems,SMB,Outbound Sales,REP-01,new_business,2025-07-05,2025-07-26,89062.0,Closed Lost,closed_lost
OPP-02197,,Marlin Group,SMB,Partner Referral,REP-04,new_business,2025-07-14,2025-08-29,10579.0,Closed Lost,closed_lost
OPP-02198,,Reverb Co,SMB,Event/Conference,REP-09,new_business,2024-12-22,2025-01-13,35941.0,Closed Lost,closed_lost
OPP-02199,,North Industries,SMB,Inbound Marketing,REP-03,new_business,2024-01-30,2024-03-17,48447.0,Closed Lost,closed_lost
OPP-02200,,Quantum Industries,SMB,Partner Referral,REP-08,new_business,2025-10-26,2025-11-06,172205.0,Closed Lost,closed_lost
OPP-02201,,Quantum Digital,SMB,Outbound Sales,REP-02,new_business,2024-08-29,2024-09-13,131007.0,Closed Lost,closed_lost
OPP-02202,,Plinth Works,SMB,Outbound Sales,REP-08,new_business,2025-02-23,2025-03-24,55354.0,Closed Lost,closed_lost
OPP-02203,,Lattice Labs,SMB,Inbound Marketing,REP-09,new_business,2024-07-28,2024-08-18,69307.0,Closed Lost,closed_lost
OPP-02204,,Lattice Systems,SMB,Inbound Marketing,REP-03,new_business,2025-10-16,2025-10-21,146739.0,Closed Lost,closed_lost
OPP-02205,,Helix Partners,SMB,Outbound Sales,REP-04,new_business,2025-08-20,2025-08-27,196593.0,Closed Lost,closed_lost
OPP-02206,,Glide Co,SMB,Inbound Marketing,REP-06,new_business,2024-03-14,2024-04-19,190035.0,Closed Lost,closed_lost
OPP-02207,,Mosaic Industries,SMB,Outbound Sales,REP-10,new_business,2025-01-09,2025-02-07,44975.0,Closed Lost,closed_lost
OPP-02208,,Tessera Holdings,SMB,Outbound Sales,REP-12,new_business,2024-09-20,2024-10-12,174079.0,Closed Lost,closed_lost
OPP-02209,,Cobalt Systems,SMB,Partner Referral,REP-09,new_business,2025-07-15,2025-07-24,120861.0,Closed Lost,closed_lost
OPP-02210,,Lattice Group,SMB,Inbound Marketing,REP-01,new_business,2024-08-10,2024-09-08,198714.0,Closed Lost,closed_lost
OPP-02211,,Marlin Co,SMB,Outbound Sales,REP-06,new_business,2024-09-17,2024-10-08,186134.0,Closed Lost,closed_lost
OPP-02212,,Lattice Solutions,Mid-Market,Partner Referral,REP-01,new_business,2024-10-21,2024-11-03,124517.0,Closed Lost,closed_lost
OPP-02213,,Cobalt Co,SMB,Event/Conference,REP-05,new_business,2024-10-16,2024-12-01,108228.0,Closed Lost,closed_lost
OPP-02214,,Glide Industries,Mid-Market,Event/Conference,REP-11,new_business,2024-08-04,2024-08-11,135363.0,Closed Lost,closed_lost
OPP-02215,,Citron Digital,SMB,Outbound Sales,REP-02,new_business,2024-09-13,2024-10-13,204252.0,Closed Lost,closed_lost
OPP-02216,,North Network,SMB,Inbound Marketing,REP-05,new_business,2024-03-09,2024-04-04,135593.0,Closed Lost,closed_lost
OPP-02217,,Lattice Solutions,SMB,Event/Conference,REP-04,new_business,2024-10-07,2024-11-22,108397.0,Closed Lost,closed_lost
OPP-02218,,Tessera Solutions,SMB,Event/Conference,REP-11,new_business,2024-04-26,2024-05-19,154688.0,Closed Lost,closed_lost
OPP-02219,,Helix Systems,SMB,Outbound Sales,REP-03,new_business,2024-04-14,2024-04-27,249595.0,Closed Lost,closed_lost
OPP-02220,,Helix Works,SMB,Event/Conference,REP-05,new_business,2025-01-17,2025-03-05,182200.0,Closed Lost,closed_lost
OPP-02221,,Beacon Co,SMB,Partner Referral,REP-06,new_business,2025-04-07,2025-06-27,125223.0,Closed Lost,closed_lost
OPP-02222,,Citron Dynamics,SMB,Outbound Sales,REP-07,new_business,2024-02-13,2024-02-20,103093.0,Closed Lost,closed_lost
OPP-02223,,Reverb Labs,Mid-Market,Inbound Marketing,REP-08,new_business,2025-07-26,2025-08-27,235641.0,Closed Lost,closed_lost
OPP-02224,,Cobalt Works,SMB,Event/Conference,REP-03,new_business,2025-01-28,2025-02-16,60040.0,Closed Lost,closed_lost
OPP-02225,,Plinth Labs,SMB,Outbound Sales,REP-06,new_business,2024-04-07,2024-04-30,207639.0,Closed Lost,closed_lost
OPP-02226,,Citron Industries,SMB,Event/Conference,REP-05,new_business,2024-12-06,2024-12-20,229556.0,Closed Lost,closed_lost
OPP-02227,,Quantum Industries,SMB,Inbound Marketing,REP-08,new_business,2025-09-20,2025-10-12,162537.0,Closed Lost,closed_lost
OPP-02228,,Beacon Partners,SMB,Event/Conference,REP-12,new_business,2025-05-12,2025-05-18,165393.0,Closed Lost,closed_lost
OPP-02229,,Stratus Partners,SMB,Event/Conference,REP-06,new_business,2025-08-14,2025-08-26,158556.0,Closed Lost,closed_lost
OPP-02230,,Quantum Labs,SMB,Event/Conference,REP-08,new_business,2024-01-30,2024-02-07,239372.0,Closed Lost,closed_lost
OPP-02231,,North Partners,SMB,Partner Referral,REP-01,new_business,2024-04-27,2024-05-01,5376.0,Closed Lost,closed_lost
OPP-02232,,Beacon Network,SMB,Inbound Marketing,REP-01,new_business,2025-05-29,2025-06-29,34086.0,Closed Lost,closed_lost
OPP-02233,,Vector Industries,SMB,Partner Referral,REP-05,new_business,2024-03-23,2024-04-21,11424.0,Closed Lost,closed_lost
OPP-02234,,Cobalt Partners,SMB,Partner Referral,REP-12,new_business,2025-11-26,2025-12-09,137938.0,Closed Lost,closed_lost
OPP-02235,,Mosaic Holdings,SMB,Partner Referral,REP-06,new_business,2024-09-26,2024-10-27,54754.0,Closed Lost,closed_lost
OPP-02236,,Reverb Group,Mid-Market,Outbound Sales,REP-11,new_business,2025-12-19,2025-12-23,197875.0,Closed Lost,closed_lost
OPP-02237,,North Systems,SMB,Outbound Sales,REP-05,new_business,2024-08-06,2024-08-14,69426.0,Closed Lost,closed_lost
OPP-02238,,Mosaic Works,Mid-Market,Partner Referral,REP-03,new_business,2024-08-30,2024-10-01,247419.0,Closed Lost,closed_lost
OPP-02239,,Glide Logic,SMB,Partner Referral,REP-04,new_business,2025-05-13,2025-05-21,161916.0,Closed Lost,closed_lost
OPP-02240,,Vector Holdings,SMB,Partner Referral,REP-07,new_business,2025-11-14,2025-11-21,64459.0,Closed Lost,closed_lost
OPP-02241,,Glide Group,SMB,Outbound Sales,REP-05,new_business,2024-03-29,2024-05-22,132766.0,Closed Lost,closed_lost
OPP-02242,,Mosaic Systems,Mid-Market,Inbound Marketing,REP-01,new_business,2025-05-25,2025-06-04,38626.0,Closed Lost,closed_lost
OPP-02243,,Halcyon Works,SMB,Outbound Sales,REP-12,new_business,2025-04-19,2025-05-30,93845.0,Closed Lost,closed_lost
OPP-02244,,Tessera Systems,Mid-Market,Partner Referral,REP-05,new_business,2024-01-24,2024-04-05,69787.0,Closed Lost,closed_lost
OPP-02245,,Anvil Solutions,SMB,Event/Conference,REP-02,new_business,2025-10-26,2025-11-07,73401.0,Closed Lost,closed_lost
OPP-02246,,Stratus Systems,Enterprise,Inbound Marketing,REP-09,new_business,2025-05-04,2025-07-01,249488.0,Closed Lost,closed_lost
OPP-02247,,Halcyon Holdings,SMB,Inbound Marketing,REP-10,new_business,2024-08-24,2024-10-21,131005.0,Closed Lost,closed_lost
OPP-02248,,Glide Holdings,SMB,Partner Referral,REP-12,new_business,2024-06-06,2024-06-12,236163.0,Closed Lost,closed_lost
OPP-02249,,Tessera Systems,SMB,Inbound Marketing,REP-05,new_business,2024-03-09,2024-03-12,36908.0,Closed Lost,closed_lost
OPP-02250,,Marlin Solutions,Mid-Market,Outbound Sales,REP-11,new_business,2024-02-27,2024-03-28,186494.0,Closed Lost,closed_lost
OPP-02251,,Reverb Network,SMB,Partner Referral,REP-04,new_business,2024-07-07,2024-08-01,96395.0,Closed Lost,closed_lost
OPP-02252,,Marlin Group,SMB,Event/Conference,REP-11,new_business,2024-07-27,2024-08-04,27359.0,Closed Lost,closed_lost
OPP-02253,,Plinth Holdings,Mid-Market,Outbound Sales,REP-12,new_business,2025-09-24,2025-12-28,108989.0,Closed Lost,closed_lost
OPP-02254,,Citron Solutions,Mid-Market,Partner Referral,REP-08,new_business,2025-08-26,2025-09-15,124306.0,Closed Lost,closed_lost
OPP-02255,,Cobalt Digital,Mid-Market,Outbound Sales,REP-02,new_business,2024-02-26,2024-03-17,215518.0,Closed Lost,closed_lost
OPP-02256,,Cobalt Holdings,SMB,Outbound Sales,REP-08,new_business,2025-01-11,2025-02-09,26557.0,Closed Lost,closed_lost
OPP-02257,,Mosaic Digital,SMB,Event/Conference,REP-01,new_business,2025-03-28,2025-04-21,103434.0,Closed Lost,closed_lost
OPP-02258,,Plinth Solutions,SMB,Outbound Sales,REP-08,new_business,2025-10-07,2025-11-07,169683.0,Closed Lost,closed_lost
OPP-02259,,Lattice Industries,SMB,Event/Conference,REP-10,new_business,2024-12-26,2025-01-22,248054.0,Closed Lost,closed_lost
OPP-02260,,Halcyon Cloud,Mid-Market,Outbound Sales,REP-06,new_business,2024-09-10,2024-12-06,71786.0,Closed Lost,closed_lost
OPP-02261,,Anvil Industries,Mid-Market,Inbound Marketing,REP-05,new_business,2025-04-21,2025-08-17,16545.0,Closed Lost,closed_lost
OPP-02262,,Stratus Cloud,Enterprise,Event/Conference,REP-05,new_business,2025-07-07,2025-08-31,42231.0,Closed Lost,closed_lost
OPP-02263,,Helix Digital,Mid-Market,Event/Conference,REP-05,new_business,2024-08-24,2024-10-03,215916.0,Closed Lost,closed_lost
OPP-02264,,Mosaic Works,SMB,Inbound Marketing,REP-10,new_business,2025-09-17,2025-10-02,205029.0,Closed Lost,closed_lost
OPP-02265,,Reverb Co,SMB,Partner Referral,REP-03,new_business,2024-01-26,2024-01-28,204684.0,Closed Lost,closed_lost
OPP-02266,,Citron Logic,SMB,Event/Conference,REP-07,new_business,2024-04-17,2024-05-03,117953.0,Closed Lost,closed_lost
OPP-02267,,Apex Dynamics,Mid-Market,Inbound Marketing,REP-10,new_business,2024-11-18,2024-12-31,187975.0,Closed Lost,closed_lost
OPP-02268,,Glide Digital,SMB,Outbound Sales,REP-11,new_business,2025-07-15,2025-07-20,98875.0,Closed Lost,closed_lost
OPP-02269,,Apex Digital,SMB,Partner Referral,REP-10,new_business,2025-05-08,2025-06-14,146915.0,Closed Lost,closed_lost
OPP-02270,,Marlin Systems,SMB,Partner Referral,REP-06,new_business,2023-12-16,2024-01-04,205790.0,Closed Lost,closed_lost
OPP-02271,,Helix Industries,SMB,Inbound Marketing,REP-04,new_business,2024-06-17,2024-07-08,159283.0,Closed Lost,closed_lost
OPP-02272,,Reverb Labs,SMB,Event/Conference,REP-12,new_business,2024-08-20,2024-09-13,247241.0,Closed Lost,closed_lost
OPP-02273,,Plinth Solutions,SMB,Partner Referral,REP-02,new_business,2025-09-22,2025-10-23,177002.0,Closed Lost,closed_lost
OPP-02274,,Vector Group,SMB,Outbound Sales,REP-03,new_business,2025-09-21,2025-10-15,146460.0,Closed Lost,closed_lost
OPP-02275,,Tessera Network,SMB,Partner Referral,REP-10,new_business,2025-03-15,2025-03-29,192641.0,Closed Lost,closed_lost
OPP-02276,,Tessera Solutions,SMB,Event/Conference,REP-10,new_business,2024-04-07,2024-04-08,89471.0,Closed Lost,closed_lost
OPP-02277,,Quantum Logic,SMB,Outbound Sales,REP-10,new_business,2024-08-21,2024-08-26,10510.0,Closed Lost,closed_lost
OPP-02278,,Reverb Works,Mid-Market,Event/Conference,REP-03,new_business,2024-12-04,2024-12-16,25365.0,Closed Lost,closed_lost
OPP-02279,,Beacon Cloud,SMB,Inbound Marketing,REP-02,new_business,2025-01-23,2025-02-14,95944.0,Closed Lost,closed_lost
OPP-02280,,Cobalt Logic,SMB,Event/Conference,REP-11,new_business,2025-04-15,2025-05-24,189283.0,Closed Lost,closed_lost
OPP-02281,,Lattice Cloud,Enterprise,Partner Referral,REP-11,new_business,2025-04-20,2025-05-03,151636.0,Closed Lost,closed_lost
OPP-02282,,Citron Logic,Mid-Market,Partner Referral,REP-10,new_business,2025-04-10,2025-04-14,129727.0,Closed Lost,closed_lost
OPP-02283,,Glide Labs,Mid-Market,Inbound Marketing,REP-07,new_business,2024-10-27,2024-11-09,137297.0,Closed Lost,closed_lost
OPP-02284,,Plinth Dynamics,SMB,Event/Conference,REP-02,new_business,2025-04-30,2025-05-17,13607.0,Closed Lost,closed_lost
OPP-02285,,Apex Holdings,SMB,Inbound Marketing,REP-03,new_business,2024-11-07,2024-11-17,102737.0,Closed Lost,closed_lost
OPP-02286,,Vector Systems,SMB,Event/Conference,REP-04,new_business,2024-06-15,2024-07-25,115192.0,Closed Lost,closed_lost
OPP-02287,,Beacon Holdings,Mid-Market,Event/Conference,REP-06,new_business,2024-06-20,2024-07-02,93816.0,Closed Lost,closed_lost
OPP-02288,,Apex Solutions,SMB,Partner Referral,REP-10,new_business,2024-05-28,2024-07-06,178944.0,Closed Lost,closed_lost
OPP-02289,,Marlin Solutions,SMB,Event/Conference,REP-04,new_business,2025-01-10,2025-02-16,192319.0,Closed Lost,closed_lost
OPP-02290,,Helix Holdings,SMB,Inbound Marketing,REP-06,new_business,2025-11-05,2025-11-06,64088.0,Closed Lost,closed_lost
OPP-02291,,Beacon Network,SMB,Partner Referral,REP-12,new_business,2025-11-17,2025-11-20,228582.0,Closed Lost,closed_lost
OPP-02292,,Reverb Holdings,SMB,Outbound Sales,REP-03,new_business,2024-11-16,2024-12-02,220446.0,Closed Lost,closed_lost
OPP-02293,,Mosaic Group,SMB,Outbound Sales,REP-08,new_business,2024-05-09,2024-06-01,138873.0,Closed Lost,closed_lost
OPP-02294,,Plinth Works,SMB,Event/Conference,REP-08,new_business,2023-12-25,2024-01-18,46868.0,Closed Lost,closed_lost
OPP-02295,,Tessera Holdings,Mid-Market,Partner Referral,REP-08,new_business,2025-08-27,2025-09-05,93932.0,Closed Lost,closed_lost
OPP-02296,,Plinth Labs,SMB,Outbound Sales,REP-06,new_business,2024-04-09,2024-04-29,235574.0,Closed Lost,closed_lost
OPP-02297,,Cobalt Co,SMB,Inbound Marketing,REP-07,new_business,2025-09-25,2025-10-17,95065.0,Closed Lost,closed_lost
OPP-02298,,Lattice Labs,SMB,Inbound Marketing,REP-09,new_business,2024-07-11,2024-08-09,153702.0,Closed Lost,closed_lost
OPP-02299,,Helix Dynamics,SMB,Outbound Sales,REP-11,new_business,2025-02-09,2025-03-21,214969.0,Closed Lost,closed_lost
OPP-02300,,Lattice Solutions,SMB,Event/Conference,REP-10,new_business,2024-03-12,2024-03-29,195312.0,Closed Lost,closed_lost
OPP-02301,,Vector Industries,SMB,Partner Referral,REP-01,new_business,2024-12-29,2025-01-22,7246.0,Closed Lost,closed_lost
OPP-02302,,Stratus Industries,SMB,Event/Conference,REP-07,new_business,2024-06-12,2024-06-30,113626.0,Closed Lost,closed_lost
OPP-02303,,Quantum Network,Mid-Market,Event/Conference,REP-11,new_business,2025-07-11,2025-07-21,128778.0,Closed Lost,closed_lost
OPP-02304,,Helix Holdings,SMB,Event/Conference,REP-02,new_business,2025-02-24,2025-03-20,181754.0,Closed Lost,closed_lost
OPP-02305,,Citron Systems,SMB,Inbound Marketing,REP-09,new_business,2024-05-07,2024-08-06,214840.0,Closed Lost,closed_lost
OPP-02306,,Cobalt Group,SMB,Inbound Marketing,REP-10,new_business,2024-04-10,2024-04-11,21126.0,Closed Lost,closed_lost
OPP-02307,,Quantum Cloud,SMB,Inbound Marketing,REP-07,new_business,2025-09-14,2025-10-22,169993.0,Closed Lost,closed_lost
OPP-02308,,Cobalt Group,SMB,Inbound Marketing,REP-05,new_business,2024-11-23,2024-12-05,100950.0,Closed Lost,closed_lost
OPP-02309,,Halcyon Cloud,SMB,Event/Conference,REP-03,new_business,2025-04-27,2025-05-05,212007.0,Closed Lost,closed_lost
OPP-02310,,Quantum Labs,SMB,Partner Referral,REP-10,new_business,2024-10-06,2024-11-20,18535.0,Closed Lost,closed_lost
OPP-02311,,Reverb Industries,SMB,Outbound Sales,REP-06,new_business,2024-03-04,2024-03-19,157331.0,Closed Lost,closed_lost
OPP-02312,,Stratus Systems,SMB,Inbound Marketing,REP-11,new_business,2025-03-13,2025-03-18,19170.0,Closed Lost,closed_lost
OPP-02313,,Vector Network,SMB,Event/Conference,REP-12,new_business,2024-02-20,2024-03-16,97692.0,Closed Lost,closed_lost
OPP-02314,,North Holdings,Mid-Market,Inbound Marketing,REP-10,new_business,2025-07-12,2025-07-23,247129.0,Closed Lost,closed_lost
OPP-02315,,Tessera Network,SMB,Partner Referral,REP-12,new_business,2025-10-25,2025-11-23,174193.0,Closed Lost,closed_lost
OPP-02316,CUST-1001,Helix Works,Mid-Market,Inbound Marketing,REP-06,renewal,2023-11-20,2024-01-19,51000.0,Closed Won,closed_won
OPP-02317,CUST-1001,Helix Works,Mid-Market,Inbound Marketing,REP-09,renewal,2024-11-20,2025-01-19,51000.0,Closed Won,closed_won
OPP-02318,CUST-1002,Cobalt Partners,Mid-Market,Self-Serve Promo,REP-03,renewal,2023-11-24,2024-01-23,44400.0,Closed Won,closed_won
OPP-02319,CUST-1003,Cobalt Logic,Mid-Market,Partner Referral,REP-12,renewal,2023-11-13,2024-01-12,69120.0,Closed Won,closed_won
OPP-02320,CUST-1003,Cobalt Logic,Mid-Market,Partner Referral,REP-08,renewal,2024-11-13,2025-01-12,73440.0,Closed Won,closed_won
OPP-02321,CUST-1004,Halcyon Industries,SMB,Event/Conference,REP-03,renewal,2023-11-06,2024-01-05,6600.0,Closed Won,closed_won
OPP-02322,CUST-1004,Halcyon Industries,SMB,Event/Conference,REP-07,renewal,2024-11-06,2025-01-05,6600.0,Closed Won,closed_won
OPP-02323,CUST-1005,Beacon Holdings,Enterprise,Event/Conference,REP-04,renewal,2023-11-07,2024-01-06,1164000.0,Closed Won,closed_won
OPP-02324,CUST-1005,Beacon Holdings,Enterprise,Event/Conference,REP-11,renewal,2024-11-07,2025-01-06,1164000.0,Closed Won,closed_won
OPP-02325,CUST-1007,Tessera Holdings,SMB,Inbound Marketing,REP-06,renewal,2023-11-05,2024-01-04,5400.0,Closed Won,closed_won
OPP-02326,CUST-1007,Tessera Holdings,SMB,Inbound Marketing,REP-11,renewal,2024-11-05,2025-01-04,6000.0,Closed Won,closed_won
OPP-02327,CUST-1009,Vector Industries,Mid-Market,Event/Conference,REP-11,renewal,2023-11-09,2024-01-08,99360.0,Closed Won,closed_won
OPP-02328,CUST-1009,Vector Industries,Mid-Market,Event/Conference,REP-10,renewal,2024-11-09,2025-01-08,99360.0,Closed Won,closed_won
OPP-02329,CUST-1010,Marlin Holdings,SMB,Outbound Sales,REP-11,renewal,2023-11-23,2024-01-22,7200.0,Closed Won,closed_won
OPP-02330,CUST-1010,Marlin Holdings,SMB,Outbound Sales,REP-07,renewal,2024-11-23,2025-01-22,7200.0,Closed Won,closed_won
OPP-02331,CUST-1011,Vector Works,Mid-Market,Inbound Marketing,REP-02,renewal,2023-11-05,2024-01-04,24480.0,Closed Won,closed_won
OPP-02332,CUST-1012,Marlin Partners,SMB,Inbound Marketing,REP-01,renewal,2023-11-17,2024-01-16,15840.0,Closed Won,closed_won
OPP-02333,CUST-1013,Reverb Logic,SMB,Inbound Marketing,REP-10,renewal,2023-11-13,2024-01-12,4800.0,Closed Won,closed_won
OPP-02334,CUST-1013,Reverb Logic,SMB,Inbound Marketing,REP-08,renewal,2024-11-13,2025-01-12,4800.0,Closed Won,closed_won
OPP-02335,CUST-1014,Lattice Cloud,Mid-Market,Outbound Sales,REP-04,renewal,2023-11-25,2024-01-24,29400.0,Closed Won,closed_won
OPP-02336,CUST-1014,Lattice Cloud,Mid-Market,Outbound Sales,REP-10,renewal,2024-11-25,2025-01-24,29400.0,Closed Won,closed_won
OPP-02337,CUST-1015,Stratus Dynamics,SMB,Inbound Marketing,REP-10,renewal,2023-11-19,2024-01-18,23040.0,Closed Won,closed_won
OPP-02338,CUST-1015,Stratus Dynamics,SMB,Inbound Marketing,REP-04,renewal,2024-11-19,2025-01-18,25920.0,Closed Won,closed_won
OPP-02339,CUST-1016,Halcyon Industries,SMB,Outbound Sales,REP-12,renewal,2023-11-22,2024-01-21,7800.0,Closed Won,closed_won
OPP-02340,CUST-1016,Halcyon Industries,SMB,Outbound Sales,REP-05,renewal,2024-11-22,2025-01-21,7200.0,Closed Won,closed_won
OPP-02341,CUST-1017,Cobalt Holdings,SMB,Inbound Marketing,REP-08,renewal,2023-11-20,2024-01-19,6000.0,Closed Won,closed_won
OPP-02342,CUST-1017,Cobalt Holdings,SMB,Inbound Marketing,REP-09,renewal,2024-11-20,2025-01-19,6000.0,Closed Won,closed_won
OPP-02343,CUST-1018,Apex Group,SMB,Partner Referral,REP-01,renewal,2023-11-27,2024-01-26,4200.0,Closed Won,closed_won
OPP-02344,CUST-1018,Apex Group,SMB,Partner Referral,REP-11,renewal,2024-11-27,2025-01-26,4200.0,Closed Won,closed_won
OPP-02345,CUST-1019,Halcyon Digital,Enterprise,Event/Conference,REP-04,renewal,2023-12-10,2024-02-08,987000.0,Closed Won,closed_won
OPP-02346,CUST-1019,Halcyon Digital,Enterprise,Event/Conference,REP-03,renewal,2024-12-10,2025-02-08,1116000.0,Closed Won,closed_won
OPP-02347,CUST-1020,Apex Holdings,Mid-Market,Inbound Marketing,REP-10,renewal,2023-12-05,2024-02-03,89280.0,Closed Won,closed_won
OPP-02348,CUST-1021,Citron Systems,SMB,Outbound Sales,REP-03,renewal,2023-12-18,2024-02-16,9000.0,Closed Won,closed_won
OPP-02349,CUST-1021,Citron Systems,SMB,Outbound Sales,REP-11,renewal,2024-12-18,2025-02-16,7800.0,Closed Won,closed_won
OPP-02350,CUST-1022,Marlin Works,Mid-Market,Self-Serve Promo,REP-10,renewal,2023-12-11,2024-02-09,96480.0,Closed Won,closed_won
OPP-02351,CUST-1022,Marlin Works,Mid-Market,Self-Serve Promo,REP-12,renewal,2024-12-11,2025-02-09,96480.0,Closed Won,closed_won
OPP-02352,CUST-1023,Helix Holdings,SMB,Outbound Sales,REP-10,renewal,2023-12-10,2024-01-15,7800.0,Closed Lost,closed_lost
OPP-02353,CUST-1024,Helix Group,SMB,Outbound Sales,REP-07,renewal,2023-12-24,2024-02-22,5400.0,Closed Won,closed_won
OPP-02354,CUST-1024,Helix Group,SMB,Outbound Sales,REP-12,renewal,2024-12-24,2025-02-22,5400.0,Closed Won,closed_won
OPP-02355,CUST-1025,Quantum Digital,SMB,Inbound Marketing,REP-11,renewal,2023-12-03,2024-02-01,3600.0,Closed Won,closed_won
OPP-02356,CUST-1026,Cobalt Holdings,Mid-Market,Outbound Sales,REP-06,renewal,2023-12-21,2024-02-19,63360.0,Closed Won,closed_won
OPP-02357,CUST-1026,Cobalt Holdings,Mid-Market,Outbound Sales,REP-04,renewal,2024-12-21,2025-02-19,63360.0,Closed Won,closed_won
OPP-02358,CUST-1027,Citron Partners,SMB,Inbound Marketing,REP-04,renewal,2023-12-11,2024-02-09,9000.0,Closed Won,closed_won
OPP-02359,CUST-1027,Citron Partners,SMB,Inbound Marketing,REP-08,renewal,2024-12-11,2025-02-09,9000.0,Closed Won,closed_won
OPP-02360,CUST-1028,Quantum Group,SMB,Event/Conference,REP-04,renewal,2023-12-17,2024-02-15,11520.0,Closed Won,closed_won
OPP-02361,CUST-1028,Quantum Group,SMB,Event/Conference,REP-07,renewal,2024-12-17,2025-02-15,11520.0,Closed Won,closed_won
OPP-02362,CUST-1029,Halcyon Solutions,SMB,Partner Referral,REP-03,renewal,2023-12-20,2024-02-18,3000.0,Closed Won,closed_won
OPP-02363,CUST-1029,Halcyon Solutions,SMB,Partner Referral,REP-10,renewal,2024-12-20,2025-02-18,3000.0,Closed Won,closed_won
OPP-02364,CUST-1030,North Works,SMB,Event/Conference,REP-03,renewal,2023-12-09,2024-02-07,7200.0,Closed Won,closed_won
OPP-02365,CUST-1030,North Works,SMB,Event/Conference,REP-05,renewal,2024-12-09,2025-02-07,7200.0,Closed Won,closed_won
OPP-02366,CUST-1032,Quantum Partners,SMB,Outbound Sales,REP-01,renewal,2023-12-07,2024-02-05,8640.0,Closed Won,closed_won
OPP-02367,CUST-1032,Quantum Partners,SMB,Outbound Sales,REP-10,renewal,2024-12-07,2025-02-05,10080.0,Closed Won,closed_won
OPP-02368,CUST-1033,Glide Cloud,SMB,Event/Conference,REP-09,renewal,2023-12-23,2024-02-21,5760.0,Closed Won,closed_won
OPP-02369,CUST-1033,Glide Cloud,SMB,Event/Conference,REP-03,renewal,2024-12-23,2025-02-21,5760.0,Closed Won,closed_won
OPP-02370,CUST-1036,Plinth Solutions,Mid-Market,Outbound Sales,REP-03,renewal,2023-12-12,2024-02-10,13200.0,Closed Won,closed_won
OPP-02371,CUST-1036,Plinth Solutions,Mid-Market,Outbound Sales,REP-07,renewal,2025-01-06,2025-01-15,16200.0,Closed Lost,closed_lost
OPP-02372,CUST-1037,Cobalt Partners,SMB,Inbound Marketing,REP-10,renewal,2024-01-27,2024-03-27,8640.0,Closed Won,closed_won
OPP-02373,CUST-1037,Cobalt Partners,SMB,Inbound Marketing,REP-04,renewal,2025-01-26,2025-03-27,10080.0,Closed Won,closed_won
OPP-02374,CUST-1039,Glide Network,SMB,Partner Referral,REP-08,renewal,2024-01-06,2024-03-06,4200.0,Closed Won,closed_won
OPP-02375,CUST-1039,Glide Network,SMB,Partner Referral,REP-08,renewal,2025-01-05,2025-03-06,3600.0,Closed Won,closed_won
OPP-02376,CUST-1040,Anvil Works,Mid-Market,Outbound Sales,REP-02,renewal,2024-01-16,2024-03-16,34800.0,Closed Won,closed_won
OPP-02377,CUST-1040,Anvil Works,Mid-Market,Outbound Sales,REP-06,renewal,2025-01-15,2025-03-16,37800.0,Closed Won,closed_won
OPP-02378,CUST-1041,Citron Group,SMB,Inbound Marketing,REP-03,renewal,2024-01-26,2024-03-26,4200.0,Closed Won,closed_won
OPP-02379,CUST-1041,Citron Group,SMB,Inbound Marketing,REP-03,renewal,2025-01-25,2025-03-26,4200.0,Closed Won,closed_won
OPP-02380,CUST-1042,Apex Solutions,SMB,Inbound Marketing,REP-01,renewal,2024-01-23,2024-03-23,13200.0,Closed Won,closed_won
OPP-02381,CUST-1042,Apex Solutions,SMB,Inbound Marketing,REP-02,renewal,2025-01-22,2025-03-23,13200.0,Closed Won,closed_won
OPP-02382,CUST-1043,Halcyon Network,SMB,Event/Conference,REP-07,renewal,2024-01-26,2024-03-26,3600.0,Closed Won,closed_won
OPP-02383,CUST-1043,Halcyon Network,SMB,Event/Conference,REP-12,renewal,2025-01-25,2025-03-26,3600.0,Closed Won,closed_won
OPP-02384,CUST-1044,Mosaic Logic,Mid-Market,Outbound Sales,REP-10,renewal,2024-01-08,2024-03-08,32400.0,Closed Won,closed_won
OPP-02385,CUST-1044,Mosaic Logic,Mid-Market,Outbound Sales,REP-09,renewal,2025-01-07,2025-03-08,35400.0,Closed Won,closed_won
OPP-02386,CUST-1045,Halcyon Co,SMB,Inbound Marketing,REP-01,renewal,2024-01-24,2024-03-24,9000.0,Closed Won,closed_won
OPP-02387,CUST-1045,Halcyon Co,SMB,Inbound Marketing,REP-09,renewal,2025-01-23,2025-03-24,9000.0,Closed Won,closed_won
OPP-02388,CUST-1046,Glide Logic,SMB,Inbound Marketing,REP-05,renewal,2024-01-26,2024-03-26,5400.0,Closed Won,closed_won
OPP-02389,CUST-1046,Glide Logic,SMB,Inbound Marketing,REP-09,renewal,2025-01-25,2025-03-26,5400.0,Closed Won,closed_won
OPP-02390,CUST-1047,Reverb Works,SMB,Outbound Sales,REP-06,renewal,2024-01-23,2024-03-23,21600.0,Closed Won,closed_won
OPP-02391,CUST-1048,Lattice Cloud,SMB,Outbound Sales,REP-10,renewal,2024-01-09,2024-03-09,4320.0,Closed Won,closed_won
OPP-02392,CUST-1048,Lattice Cloud,SMB,Outbound Sales,REP-09,renewal,2025-01-08,2025-03-09,4320.0,Closed Won,closed_won
OPP-02393,CUST-1049,Cobalt Works,Mid-Market,Outbound Sales,REP-11,renewal,2024-01-05,2024-03-05,72000.0,Closed Won,closed_won
OPP-02394,CUST-1049,Cobalt Works,Mid-Market,Outbound Sales,REP-10,renewal,2025-01-04,2025-03-05,79200.0,Closed Won,closed_won
OPP-02395,CUST-1050,Plinth Partners,SMB,Outbound Sales,REP-04,renewal,2024-01-12,2024-03-12,2400.0,Closed Won,closed_won
OPP-02396,CUST-1050,Plinth Partners,SMB,Outbound Sales,REP-11,renewal,2025-01-11,2025-03-12,2400.0,Closed Won,closed_won
OPP-02397,CUST-1051,Mosaic Network,SMB,Inbound Marketing,REP-05,renewal,2024-01-24,2024-03-24,7200.0,Closed Won,closed_won
OPP-02398,CUST-1051,Mosaic Network,SMB,Inbound Marketing,REP-11,renewal,2025-01-23,2025-03-24,7200.0,Closed Won,closed_won
OPP-02399,CUST-1052,Plinth Digital,SMB,Outbound Sales,REP-02,renewal,2024-01-18,2024-03-18,3600.0,Closed Won,closed_won
OPP-02400,CUST-1052,Plinth Digital,SMB,Outbound Sales,REP-09,renewal,2025-01-17,2025-03-18,3600.0,Closed Won,closed_won
OPP-02401,CUST-1054,Anvil Logic,Mid-Market,Outbound Sales,REP-10,renewal,2024-01-22,2024-03-22,25920.0,Closed Won,closed_won
OPP-02402,CUST-1054,Anvil Logic,Mid-Market,Outbound Sales,REP-10,renewal,2025-01-21,2025-03-22,25920.0,Closed Won,closed_won
OPP-02403,CUST-1056,Beacon Industries,SMB,Event/Conference,REP-10,renewal,2024-01-22,2024-03-22,6000.0,Closed Won,closed_won
OPP-02404,CUST-1056,Beacon Industries,SMB,Event/Conference,REP-02,renewal,2025-01-21,2025-03-22,6000.0,Closed Won,closed_won
OPP-02405,CUST-1057,Plinth Logic,SMB,Outbound Sales,REP-08,renewal,2024-02-12,2024-04-12,3600.0,Closed Won,closed_won
OPP-02406,CUST-1057,Plinth Logic,SMB,Outbound Sales,REP-10,renewal,2025-02-11,2025-04-12,3600.0,Closed Won,closed_won
OPP-02407,CUST-1058,Tessera Logic,SMB,Inbound Marketing,REP-03,renewal,2024-02-05,2024-04-05,4200.0,Closed Won,closed_won
OPP-02408,CUST-1059,Cobalt Partners,Mid-Market,Event/Conference,REP-06,renewal,2024-02-09,2024-04-09,87840.0,Closed Won,closed_won
OPP-02409,CUST-1059,Cobalt Partners,Mid-Market,Event/Conference,REP-08,renewal,2025-02-08,2025-04-09,73440.0,Closed Won,closed_won
OPP-02410,CUST-1060,Marlin Works,SMB,Event/Conference,REP-05,renewal,2024-02-21,2024-04-21,8400.0,Closed Won,closed_won
OPP-02411,CUST-1060,Marlin Works,SMB,Event/Conference,REP-03,renewal,2025-02-20,2025-04-21,8400.0,Closed Won,closed_won
OPP-02412,CUST-1061,Anvil Works,Mid-Market,Outbound Sales,REP-02,renewal,2024-02-24,2024-04-24,64800.0,Closed Won,closed_won
OPP-02413,CUST-1061,Anvil Works,Mid-Market,Outbound Sales,REP-06,renewal,2025-02-23,2025-04-24,64800.0,Closed Won,closed_won
OPP-02414,CUST-1063,Reverb Network,Enterprise,Event/Conference,REP-10,renewal,2024-02-22,2024-04-22,711000.0,Closed Won,closed_won
OPP-02415,CUST-1063,Reverb Network,Enterprise,Event/Conference,REP-05,renewal,2025-02-21,2025-04-22,750000.0,Closed Won,closed_won
OPP-02416,CUST-1064,Marlin Systems,SMB,Inbound Marketing,REP-08,renewal,2024-02-15,2024-04-15,9000.0,Closed Won,closed_won
OPP-02417,CUST-1064,Marlin Systems,SMB,Inbound Marketing,REP-08,renewal,2025-02-14,2025-04-15,9000.0,Closed Won,closed_won
OPP-02418,CUST-1065,Halcyon Solutions,SMB,Inbound Marketing,REP-12,renewal,2024-02-15,2024-04-15,6600.0,Closed Won,closed_won
OPP-02419,CUST-1065,Halcyon Solutions,SMB,Inbound Marketing,REP-09,renewal,2025-02-14,2025-04-15,6000.0,Closed Won,closed_won
OPP-02420,CUST-1066,Quantum Network,SMB,Inbound Marketing,REP-09,renewal,2024-02-23,2024-04-23,18720.0,Closed Won,closed_won
OPP-02421,CUST-1066,Quantum Network,SMB,Inbound Marketing,REP-04,renewal,2025-02-22,2025-04-23,18720.0,Closed Won,closed_won
OPP-02422,CUST-1067,Helix Industries,SMB,Partner Referral,REP-07,renewal,2024-02-21,2024-04-21,9000.0,Closed Won,closed_won
OPP-02423,CUST-1067,Helix Industries,SMB,Partner Referral,REP-02,renewal,2025-02-20,2025-04-21,9000.0,Closed Won,closed_won
OPP-02424,CUST-1068,Beacon Partners,Mid-Market,Self-Serve Promo,REP-04,renewal,2024-02-22,2024-04-22,50400.0,Closed Won,closed_won
OPP-02425,CUST-1068,Beacon Partners,Mid-Market,Self-Serve Promo,REP-11,renewal,2025-02-21,2025-04-22,61920.0,Closed Won,closed_won
OPP-02426,CUST-1069,Halcyon Dynamics,SMB,Outbound Sales,REP-11,renewal,2024-02-12,2024-04-12,14400.0,Closed Won,closed_won
OPP-02427,CUST-1069,Halcyon Dynamics,SMB,Outbound Sales,REP-01,renewal,2025-02-11,2025-04-12,14400.0,Closed Won,closed_won
OPP-02428,CUST-1071,Vector Network,Enterprise,Self-Serve Promo,REP-04,renewal,2024-02-04,2024-04-04,639000.0,Closed Won,closed_won
OPP-02429,CUST-1071,Vector Network,Enterprise,Self-Serve Promo,REP-09,renewal,2025-02-03,2025-04-04,639000.0,Closed Won,closed_won
OPP-02430,CUST-1073,North Group,Mid-Market,Outbound Sales,REP-08,renewal,2024-02-12,2024-04-12,48960.0,Closed Won,closed_won
OPP-02431,CUST-1073,North Group,Mid-Market,Outbound Sales,REP-06,renewal,2025-02-11,2025-04-12,53280.0,Closed Won,closed_won
OPP-02432,CUST-1074,Glide Industries,Mid-Market,Outbound Sales,REP-12,renewal,2024-02-02,2024-04-02,252000.0,Closed Won,closed_won
OPP-02433,CUST-1074,Glide Industries,Mid-Market,Outbound Sales,REP-06,renewal,2025-02-01,2025-04-02,252000.0,Closed Won,closed_won
OPP-02434,CUST-1075,Quantum Industries,Mid-Market,Outbound Sales,REP-03,renewal,2024-02-18,2024-04-18,48000.0,Closed Won,closed_won
OPP-02435,CUST-1075,Quantum Industries,Mid-Market,Outbound Sales,REP-11,renewal,2025-02-17,2025-04-18,48000.0,Closed Won,closed_won
OPP-02436,CUST-1076,Quantum Network,Mid-Market,Outbound Sales,REP-11,renewal,2024-02-13,2024-04-13,28800.0,Closed Won,closed_won
OPP-02437,CUST-1076,Quantum Network,Mid-Market,Outbound Sales,REP-08,renewal,2025-02-12,2025-04-13,28800.0,Closed Won,closed_won
OPP-02438,CUST-1077,North Labs,SMB,Event/Conference,REP-06,renewal,2024-03-02,2024-05-01,8400.0,Closed Won,closed_won
OPP-02439,CUST-1077,North Labs,SMB,Event/Conference,REP-07,renewal,2025-03-02,2025-05-01,8400.0,Closed Won,closed_won
OPP-02440,CUST-1078,Glide Logic,SMB,Event/Conference,REP-11,renewal,2024-03-09,2024-05-08,1800.0,Closed Won,closed_won
OPP-02441,CUST-1078,Glide Logic,SMB,Event/Conference,REP-07,renewal,2025-03-09,2025-05-08,1800.0,Closed Won,closed_won
OPP-02442,CUST-1079,Mosaic Network,Mid-Market,Event/Conference,REP-12,renewal,2024-03-20,2024-05-19,113760.0,Closed Won,closed_won
OPP-02443,CUST-1081,North Logic,Mid-Market,Outbound Sales,REP-12,renewal,2024-03-07,2024-05-06,25920.0,Closed Won,closed_won
OPP-02444,CUST-1082,Marlin Labs,Enterprise,Partner Referral,REP-01,renewal,2024-03-03,2024-05-02,570240.0,Closed Won,closed_won
OPP-02445,CUST-1082,Marlin Labs,Enterprise,Partner Referral,REP-08,renewal,2025-03-03,2025-05-02,689760.0,Closed Won,closed_won
OPP-02446,CUST-1083,Halcyon Systems,Mid-Market,Self-Serve Promo,REP-09,renewal,2024-03-04,2024-05-03,22200.0,Closed Won,closed_won
OPP-02447,CUST-1083,Halcyon Systems,Mid-Market,Self-Serve Promo,REP-04,renewal,2025-03-04,2025-05-03,22200.0,Closed Won,closed_won
OPP-02448,CUST-1084,Plinth Holdings,SMB,Self-Serve Promo,REP-02,renewal,2024-03-25,2024-05-24,10800.0,Closed Won,closed_won
OPP-02449,CUST-1084,Plinth Holdings,SMB,Self-Serve Promo,REP-12,renewal,2025-03-25,2025-05-24,10800.0,Closed Won,closed_won
OPP-02450,CUST-1085,Vector Industries,Mid-Market,Inbound Marketing,REP-10,renewal,2024-03-20,2024-05-19,67680.0,Closed Won,closed_won
OPP-02451,CUST-1085,Vector Industries,Mid-Market,Inbound Marketing,REP-07,renewal,2025-03-20,2025-05-19,67680.0,Closed Won,closed_won
OPP-02452,CUST-1086,Cobalt Works,SMB,Inbound Marketing,REP-09,renewal,2024-03-26,2024-05-25,9000.0,Closed Won,closed_won
OPP-02453,CUST-1086,Cobalt Works,SMB,Inbound Marketing,REP-08,renewal,2025-03-26,2025-05-25,9000.0,Closed Won,closed_won
OPP-02454,CUST-1087,Mosaic Co,SMB,Outbound Sales,REP-01,renewal,2024-03-13,2024-05-12,6000.0,Closed Won,closed_won
OPP-02455,CUST-1087,Mosaic Co,SMB,Outbound Sales,REP-07,renewal,2025-03-13,2025-05-12,6000.0,Closed Won,closed_won
OPP-02456,CUST-1088,Plinth Co,SMB,Inbound Marketing,REP-01,renewal,2024-03-27,2024-05-26,6600.0,Closed Won,closed_won
OPP-02457,CUST-1088,Plinth Co,SMB,Inbound Marketing,REP-12,renewal,2025-03-27,2025-05-26,8400.0,Closed Won,closed_won
OPP-02458,CUST-1090,Lattice Logic,Mid-Market,Partner Referral,REP-07,renewal,2024-03-18,2024-05-17,76320.0,Closed Won,closed_won
OPP-02459,CUST-1090,Lattice Logic,Mid-Market,Partner Referral,REP-09,renewal,2025-03-18,2025-05-17,82080.0,Closed Won,closed_won
OPP-02460,CUST-1091,Reverb Partners,SMB,Inbound Marketing,REP-04,renewal,2024-03-11,2024-05-10,5400.0,Closed Won,closed_won
OPP-02461,CUST-1091,Reverb Partners,SMB,Inbound Marketing,REP-06,renewal,2025-03-11,2025-05-10,6000.0,Closed Won,closed_won
OPP-02462,CUST-1092,Citron Logic,Mid-Market,Event/Conference,REP-09,renewal,2024-03-21,2024-05-20,103680.0,Closed Won,closed_won
OPP-02463,CUST-1092,Citron Logic,Mid-Market,Event/Conference,REP-12,renewal,2025-03-21,2025-05-20,120960.0,Closed Won,closed_won
OPP-02464,CUST-1095,Stratus Dynamics,Mid-Market,Outbound Sales,REP-09,renewal,2024-03-25,2024-05-24,89280.0,Closed Won,closed_won
OPP-02465,CUST-1095,Stratus Dynamics,Mid-Market,Outbound Sales,REP-09,renewal,2025-03-25,2025-05-24,76320.0,Closed Won,closed_won
OPP-02466,CUST-1096,Reverb Works,SMB,Outbound Sales,REP-02,renewal,2024-03-15,2024-05-14,2400.0,Closed Won,closed_won
OPP-02467,CUST-1096,Reverb Works,SMB,Outbound Sales,REP-02,renewal,2025-03-15,2025-05-14,2400.0,Closed Won,closed_won
OPP-02468,CUST-1097,Halcyon Dynamics,Mid-Market,Inbound Marketing,REP-04,renewal,2024-04-21,2024-06-20,48960.0,Closed Won,closed_won
OPP-02469,CUST-1097,Halcyon Dynamics,Mid-Market,Inbound Marketing,REP-05,renewal,2025-04-21,2025-06-20,48960.0,Closed Won,closed_won
OPP-02470,CUST-1099,Mosaic Digital,Mid-Market,Event/Conference,REP-06,renewal,2024-04-24,2024-06-23,51840.0,Closed Won,closed_won
OPP-02471,CUST-1099,Mosaic Digital,Mid-Market,Event/Conference,REP-01,renewal,2025-04-24,2025-06-23,54720.0,Closed Won,closed_won
OPP-02472,CUST-1100,Halcyon Labs,SMB,Inbound Marketing,REP-09,renewal,2024-04-24,2024-06-23,2400.0,Closed Won,closed_won
OPP-02473,CUST-1101,Anvil Labs,SMB,Outbound Sales,REP-09,renewal,2024-04-26,2024-06-25,3600.0,Closed Won,closed_won
OPP-02474,CUST-1101,Anvil Labs,SMB,Outbound Sales,REP-09,renewal,2025-04-26,2025-06-25,3600.0,Closed Won,closed_won
OPP-02475,CUST-1102,Cobalt Labs,SMB,Inbound Marketing,REP-10,renewal,2024-04-21,2024-06-20,3600.0,Closed Won,closed_won
OPP-02476,CUST-1102,Cobalt Labs,SMB,Inbound Marketing,REP-01,renewal,2025-04-21,2025-06-20,4200.0,Closed Won,closed_won
OPP-02477,CUST-1103,Stratus Industries,SMB,Event/Conference,REP-12,renewal,2024-04-19,2024-06-18,6000.0,Closed Won,closed_won
OPP-02478,CUST-1103,Stratus Industries,SMB,Event/Conference,REP-10,renewal,2025-04-19,2025-06-18,6000.0,Closed Won,closed_won
OPP-02479,CUST-1104,Beacon Digital,SMB,Inbound Marketing,REP-06,renewal,2024-04-25,2024-06-24,5400.0,Closed Won,closed_won
OPP-02480,CUST-1104,Beacon Digital,SMB,Inbound Marketing,REP-01,renewal,2025-04-25,2025-06-24,5400.0,Closed Won,closed_won
OPP-02481,CUST-1106,Citron Partners,Mid-Market,Inbound Marketing,REP-01,renewal,2024-04-24,2024-06-23,72000.0,Closed Won,closed_won
OPP-02482,CUST-1106,Citron Partners,Mid-Market,Inbound Marketing,REP-11,renewal,2025-04-24,2025-06-23,106560.0,Closed Won,closed_won
OPP-02483,CUST-1107,North Group,SMB,Event/Conference,REP-10,renewal,2024-04-06,2024-06-05,4800.0,Closed Won,closed_won
OPP-02484,CUST-1107,North Group,SMB,Event/Conference,REP-01,renewal,2025-04-06,2025-06-05,4800.0,Closed Won,closed_won
OPP-02485,CUST-1108,Lattice Works,SMB,Event/Conference,REP-03,renewal,2024-04-13,2024-06-12,3000.0,Closed Won,closed_won
OPP-02486,CUST-1108,Lattice Works,SMB,Event/Conference,REP-05,renewal,2025-04-25,2025-05-15,3000.0,Closed Lost,closed_lost
OPP-02487,CUST-1109,Tessera Digital,SMB,Outbound Sales,REP-07,renewal,2024-04-19,2024-06-18,12960.0,Closed Won,closed_won
OPP-02488,CUST-1109,Tessera Digital,SMB,Outbound Sales,REP-01,renewal,2025-04-19,2025-06-18,12960.0,Closed Won,closed_won
OPP-02489,CUST-1110,Tessera Logic,SMB,Self-Serve Promo,REP-11,renewal,2024-04-15,2024-06-14,17280.0,Closed Won,closed_won
OPP-02490,CUST-1110,Tessera Logic,SMB,Self-Serve Promo,REP-11,renewal,2025-04-15,2025-06-14,15840.0,Closed Won,closed_won
OPP-02491,CUST-1111,Mosaic Holdings,Mid-Market,Event/Conference,REP-06,renewal,2024-04-21,2024-06-20,31800.0,Closed Won,closed_won
OPP-02492,CUST-1111,Mosaic Holdings,Mid-Market,Event/Conference,REP-12,renewal,2025-04-21,2025-06-20,31800.0,Closed Won,closed_won
OPP-02493,CUST-1112,Lattice Network,SMB,Event/Conference,REP-12,renewal,2024-04-06,2024-06-05,30000.0,Closed Won,closed_won
OPP-02494,CUST-1112,Lattice Network,SMB,Event/Conference,REP-12,renewal,2025-04-06,2025-06-05,33000.0,Closed Won,closed_won
OPP-02495,CUST-1113,Citron Solutions,Mid-Market,Inbound Marketing,REP-02,renewal,2024-04-03,2024-06-02,19800.0,Closed Won,closed_won
OPP-02496,CUST-1113,Citron Solutions,Mid-Market,Inbound Marketing,REP-06,renewal,2025-04-03,2025-06-02,24600.0,Closed Won,closed_won
OPP-02497,CUST-1114,Stratus Works,Enterprise,Inbound Marketing,REP-07,renewal,2024-04-08,2024-06-07,999000.0,Closed Won,closed_won
OPP-02498,CUST-1114,Stratus Works,Enterprise,Inbound Marketing,REP-05,renewal,2025-04-08,2025-06-07,1092000.0,Closed Won,closed_won
OPP-02499,CUST-1115,Cobalt Network,SMB,Inbound Marketing,REP-07,renewal,2024-04-26,2024-06-25,8640.0,Closed Won,closed_won
OPP-02500,CUST-1115,Cobalt Network,SMB,Inbound Marketing,REP-05,renewal,2025-04-26,2025-06-25,8640.0,Closed Won,closed_won
OPP-02501,CUST-1116,Tessera Solutions,SMB,Outbound Sales,REP-11,renewal,2024-04-27,2024-06-26,1800.0,Closed Won,closed_won
OPP-02502,CUST-1116,Tessera Solutions,SMB,Outbound Sales,REP-06,renewal,2025-04-27,2025-06-26,1800.0,Closed Won,closed_won
OPP-02503,CUST-1117,Beacon Labs,Mid-Market,Event/Conference,REP-04,renewal,2024-05-23,2024-07-22,54720.0,Closed Won,closed_won
OPP-02504,CUST-1117,Beacon Labs,Mid-Market,Event/Conference,REP-05,renewal,2025-05-23,2025-07-22,67680.0,Closed Won,closed_won
OPP-02505,CUST-1118,Citron Logic,SMB,Event/Conference,REP-06,renewal,2024-05-27,2024-07-26,3600.0,Closed Won,closed_won
OPP-02506,CUST-1118,Citron Logic,SMB,Event/Conference,REP-10,renewal,2025-05-27,2025-07-26,3600.0,Closed Won,closed_won
OPP-02507,CUST-1119,Vector Logic,SMB,Inbound Marketing,REP-10,renewal,2024-05-20,2024-07-19,14400.0,Closed Won,closed_won
OPP-02508,CUST-1119,Vector Logic,SMB,Inbound Marketing,REP-01,renewal,2025-05-20,2025-07-19,14400.0,Closed Won,closed_won
OPP-02509,CUST-1120,Plinth Holdings,SMB,Event/Conference,REP-02,renewal,2024-05-21,2024-07-20,8400.0,Closed Won,closed_won
OPP-02510,CUST-1120,Plinth Holdings,SMB,Event/Conference,REP-09,renewal,2025-05-21,2025-07-20,8400.0,Closed Won,closed_won
OPP-02511,CUST-1122,Stratus Partners,Mid-Market,Event/Conference,REP-07,renewal,2024-05-22,2024-07-21,83520.0,Closed Won,closed_won
OPP-02512,CUST-1122,Stratus Partners,Mid-Market,Event/Conference,REP-08,renewal,2025-05-22,2025-07-21,102240.0,Closed Won,closed_won
OPP-02513,CUST-1124,Apex Group,SMB,Outbound Sales,REP-02,renewal,2024-05-04,2024-07-03,8400.0,Closed Won,closed_won
OPP-02514,CUST-1124,Apex Group,SMB,Outbound Sales,REP-06,renewal,2025-05-04,2025-07-03,7800.0,Closed Won,closed_won
OPP-02515,CUST-1125,Cobalt Dynamics,SMB,Inbound Marketing,REP-06,renewal,2024-05-11,2024-07-10,8400.0,Closed Won,closed_won
OPP-02516,CUST-1125,Cobalt Dynamics,SMB,Inbound Marketing,REP-03,renewal,2025-05-11,2025-07-10,7800.0,Closed Won,closed_won
OPP-02517,CUST-1126,Anvil Dynamics,Mid-Market,Inbound Marketing,REP-02,renewal,2024-05-11,2024-07-10,90720.0,Closed Won,closed_won
OPP-02518,CUST-1126,Anvil Dynamics,Mid-Market,Inbound Marketing,REP-01,renewal,2025-05-11,2025-07-10,105120.0,Closed Won,closed_won
OPP-02519,CUST-1127,Helix Co,SMB,Event/Conference,REP-11,renewal,2024-05-22,2024-07-21,7200.0,Closed Won,closed_won
OPP-02520,CUST-1127,Helix Co,SMB,Event/Conference,REP-01,renewal,2025-05-22,2025-07-21,7200.0,Closed Won,closed_won
OPP-02521,CUST-1129,Marlin Holdings,SMB,Inbound Marketing,REP-01,renewal,2024-05-23,2024-07-22,14400.0,Closed Won,closed_won
OPP-02522,CUST-1129,Marlin Holdings,SMB,Inbound Marketing,REP-12,renewal,2025-05-23,2025-07-22,14400.0,Closed Won,closed_won
OPP-02523,CUST-1130,Anvil Logic,Enterprise,Partner Referral,REP-02,renewal,2024-05-20,2024-07-19,690000.0,Closed Won,closed_won
OPP-02524,CUST-1130,Anvil Logic,Enterprise,Partner Referral,REP-05,renewal,2025-05-20,2025-07-19,993000.0,Closed Won,closed_won
OPP-02525,CUST-1132,Apex Group,SMB,Outbound Sales,REP-09,renewal,2024-05-21,2024-07-20,14400.0,Closed Won,closed_won
OPP-02526,CUST-1133,Mosaic Group,SMB,Outbound Sales,REP-10,renewal,2024-05-15,2024-07-14,3600.0,Closed Won,closed_won
OPP-02527,CUST-1133,Mosaic Group,SMB,Outbound Sales,REP-11,renewal,2025-05-15,2025-07-14,3600.0,Closed Won,closed_won
OPP-02528,CUST-1135,Lattice Works,SMB,Inbound Marketing,REP-08,renewal,2024-05-02,2024-07-01,3000.0,Closed Won,closed_won
OPP-02529,CUST-1135,Lattice Works,SMB,Inbound Marketing,REP-09,renewal,2025-05-02,2025-07-01,3600.0,Closed Won,closed_won
OPP-02530,CUST-1136,Lattice Dynamics,SMB,Inbound Marketing,REP-09,renewal,2024-05-02,2024-07-01,9000.0,Closed Won,closed_won
OPP-02531,CUST-1136,Lattice Dynamics,SMB,Inbound Marketing,REP-05,renewal,2025-05-02,2025-07-01,9000.0,Closed Won,closed_won
OPP-02532,CUST-1137,Plinth Logic,Mid-Market,Event/Conference,REP-11,renewal,2024-06-10,2024-08-09,40320.0,Closed Won,closed_won
OPP-02533,CUST-1137,Plinth Logic,Mid-Market,Event/Conference,REP-01,renewal,2025-06-10,2025-08-09,48960.0,Closed Won,closed_won
OPP-02534,CUST-1138,Anvil Holdings,SMB,Outbound Sales,REP-07,renewal,2024-06-08,2024-08-07,6000.0,Closed Won,closed_won
OPP-02535,CUST-1138,Anvil Holdings,SMB,Outbound Sales,REP-09,renewal,2025-06-24,2025-07-15,6000.0,Closed Lost,closed_lost
OPP-02536,CUST-1140,Apex Industries,SMB,Outbound Sales,REP-08,renewal,2024-06-06,2024-08-05,8400.0,Closed Won,closed_won
OPP-02537,CUST-1140,Apex Industries,SMB,Outbound Sales,REP-10,renewal,2025-06-06,2025-08-05,7800.0,Closed Won,closed_won
OPP-02538,CUST-1141,Cobalt Labs,SMB,Inbound Marketing,REP-11,renewal,2024-06-24,2024-08-23,6600.0,Closed Won,closed_won
OPP-02539,CUST-1141,Cobalt Labs,SMB,Inbound Marketing,REP-07,renewal,2025-06-24,2025-08-23,6600.0,Closed Won,closed_won
OPP-02540,CUST-1142,Glide Group,SMB,Outbound Sales,REP-05,renewal,2024-06-28,2024-08-27,20160.0,Closed Won,closed_won
OPP-02541,CUST-1142,Glide Group,SMB,Outbound Sales,REP-06,renewal,2025-06-28,2025-08-27,23040.0,Closed Won,closed_won
OPP-02542,CUST-1144,Helix Partners,SMB,Self-Serve Promo,REP-01,renewal,2024-06-10,2024-08-09,7800.0,Closed Won,closed_won
OPP-02543,CUST-1144,Helix Partners,SMB,Self-Serve Promo,REP-01,renewal,2025-06-10,2025-08-09,7800.0,Closed Won,closed_won
OPP-02544,CUST-1145,Beacon Labs,SMB,Outbound Sales,REP-08,renewal,2024-06-11,2024-08-10,8400.0,Closed Won,closed_won
OPP-02545,CUST-1145,Beacon Labs,SMB,Outbound Sales,REP-04,renewal,2025-06-11,2025-08-10,8400.0,Closed Won,closed_won
OPP-02546,CUST-1146,Lattice Works,Mid-Market,Self-Serve Promo,REP-08,renewal,2024-06-24,2024-08-23,36000.0,Closed Won,closed_won
OPP-02547,CUST-1146,Lattice Works,Mid-Market,Self-Serve Promo,REP-10,renewal,2025-06-24,2025-08-23,37440.0,Closed Won,closed_won
OPP-02548,CUST-1147,Apex Systems,SMB,Outbound Sales,REP-03,renewal,2024-06-20,2024-08-19,7800.0,Closed Won,closed_won
OPP-02549,CUST-1147,Apex Systems,SMB,Outbound Sales,REP-03,renewal,2025-08-19,2025-09-15,7800.0,Closed Lost,closed_lost
OPP-02550,CUST-1148,Reverb Co,Enterprise,Outbound Sales,REP-11,renewal,2024-06-16,2024-08-15,220800.0,Closed Won,closed_won
OPP-02551,CUST-1148,Reverb Co,Enterprise,Outbound Sales,REP-02,renewal,2025-06-16,2025-08-15,309000.0,Closed Won,closed_won
OPP-02552,CUST-1150,Marlin Digital,SMB,Inbound Marketing,REP-02,renewal,2024-06-11,2024-08-10,3600.0,Closed Won,closed_won
OPP-02553,CUST-1150,Marlin Digital,SMB,Inbound Marketing,REP-04,renewal,2025-06-11,2025-08-10,3600.0,Closed Won,closed_won
OPP-02554,CUST-1151,Glide Logic,SMB,Inbound Marketing,REP-08,renewal,2024-06-25,2024-08-24,8400.0,Closed Won,closed_won
OPP-02555,CUST-1152,Halcyon Solutions,SMB,Inbound Marketing,REP-11,renewal,2024-06-16,2024-08-15,6000.0,Closed Won,closed_won
OPP-02556,CUST-1152,Halcyon Solutions,SMB,Inbound Marketing,REP-11,renewal,2025-06-16,2025-08-15,6000.0,Closed Won,closed_won
OPP-02557,CUST-1153,Anvil Labs,Mid-Market,Event/Conference,REP-01,renewal,2024-06-15,2024-08-14,102240.0,Closed Won,closed_won
OPP-02558,CUST-1153,Anvil Labs,Mid-Market,Event/Conference,REP-05,renewal,2025-06-15,2025-08-14,112320.0,Closed Won,closed_won
OPP-02559,CUST-1154,Anvil Industries,SMB,Inbound Marketing,REP-11,renewal,2024-06-22,2024-08-21,10200.0,Closed Won,closed_won
OPP-02560,CUST-1154,Anvil Industries,SMB,Inbound Marketing,REP-07,renewal,2025-06-22,2025-08-21,10800.0,Closed Won,closed_won
OPP-02561,CUST-1155,Tessera Systems,SMB,Outbound Sales,REP-01,renewal,2024-06-06,2024-08-05,8640.0,Closed Won,closed_won
OPP-02562,CUST-1155,Tessera Systems,SMB,Outbound Sales,REP-09,renewal,2025-06-06,2025-08-05,8640.0,Closed Won,closed_won
OPP-02563,CUST-1156,Halcyon Industries,Mid-Market,Outbound Sales,REP-09,renewal,2024-06-25,2024-08-24,96480.0,Closed Won,closed_won
OPP-02564,CUST-1156,Halcyon Industries,Mid-Market,Outbound Sales,REP-07,renewal,2025-06-25,2025-08-24,96480.0,Closed Won,closed_won
OPP-02565,CUST-1158,Mosaic Partners,SMB,Event/Conference,REP-06,renewal,2024-07-26,2024-09-24,14400.0,Closed Won,closed_won
OPP-02566,CUST-1158,Mosaic Partners,SMB,Event/Conference,REP-04,renewal,2025-07-26,2025-09-24,15840.0,Closed Won,closed_won
OPP-02567,CUST-1160,Plinth Partners,Mid-Market,Inbound Marketing,REP-11,renewal,2024-07-12,2024-09-10,83520.0,Closed Won,closed_won
OPP-02568,CUST-1160,Plinth Partners,Mid-Market,Inbound Marketing,REP-03,renewal,2025-07-12,2025-09-10,83520.0,Closed Won,closed_won
OPP-02569,CUST-1161,Apex Systems,SMB,Partner Referral,REP-03,renewal,2024-07-15,2024-09-13,12960.0,Closed Won,closed_won
OPP-02570,CUST-1161,Apex Systems,SMB,Partner Referral,REP-06,renewal,2025-07-15,2025-09-13,15840.0,Closed Won,closed_won
OPP-02571,CUST-1162,Tessera Labs,SMB,Outbound Sales,REP-10,renewal,2024-07-11,2024-09-09,4200.0,Closed Won,closed_won
OPP-02572,CUST-1162,Tessera Labs,SMB,Outbound Sales,REP-07,renewal,2025-07-11,2025-09-09,4200.0,Closed Won,closed_won
OPP-02573,CUST-1163,Plinth Cloud,Enterprise,Outbound Sales,REP-09,renewal,2024-07-23,2024-09-21,384480.0,Closed Won,closed_won
OPP-02574,CUST-1163,Plinth Cloud,Enterprise,Outbound Sales,REP-06,renewal,2025-07-23,2025-09-21,411840.0,Closed Won,closed_won
OPP-02575,CUST-1165,Tessera Holdings,SMB,Inbound Marketing,REP-12,renewal,2024-07-20,2024-09-18,8640.0,Closed Won,closed_won
OPP-02576,CUST-1165,Tessera Holdings,SMB,Inbound Marketing,REP-05,renewal,2025-07-20,2025-09-18,8640.0,Closed Won,closed_won
OPP-02577,CUST-1166,Glide Solutions,SMB,Outbound Sales,REP-05,renewal,2024-07-11,2024-09-09,5760.0,Closed Won,closed_won
OPP-02578,CUST-1166,Glide Solutions,SMB,Outbound Sales,REP-03,renewal,2025-07-11,2025-09-09,5760.0,Closed Won,closed_won
OPP-02579,CUST-1167,Stratus Works,Enterprise,Event/Conference,REP-01,renewal,2024-07-04,2024-09-02,798000.0,Closed Won,closed_won
OPP-02580,CUST-1167,Stratus Works,Enterprise,Event/Conference,REP-02,renewal,2025-07-04,2025-09-02,1458000.0,Closed Won,closed_won
OPP-02581,CUST-1168,Marlin Dynamics,SMB,Outbound Sales,REP-10,renewal,2024-07-23,2024-09-21,8640.0,Closed Won,closed_won
OPP-02582,CUST-1168,Marlin Dynamics,SMB,Outbound Sales,REP-02,renewal,2025-07-23,2025-09-21,8640.0,Closed Won,closed_won
OPP-02583,CUST-1169,Beacon Co,SMB,Outbound Sales,REP-12,renewal,2024-07-26,2024-09-24,2400.0,Closed Won,closed_won
OPP-02584,CUST-1170,Halcyon Labs,SMB,Inbound Marketing,REP-10,renewal,2024-07-05,2024-09-03,9000.0,Closed Won,closed_won
OPP-02585,CUST-1170,Halcyon Labs,SMB,Inbound Marketing,REP-04,renewal,2025-07-05,2025-09-03,9000.0,Closed Won,closed_won
OPP-02586,CUST-1171,Halcyon Works,SMB,Event/Conference,REP-02,renewal,2024-07-27,2024-09-25,3600.0,Closed Won,closed_won
OPP-02587,CUST-1171,Halcyon Works,SMB,Event/Conference,REP-03,renewal,2025-07-27,2025-09-25,3600.0,Closed Won,closed_won
OPP-02588,CUST-1172,Cobalt Systems,Mid-Market,Outbound Sales,REP-12,renewal,2024-07-04,2024-09-02,44640.0,Closed Won,closed_won
OPP-02589,CUST-1172,Cobalt Systems,Mid-Market,Outbound Sales,REP-11,renewal,2025-07-04,2025-09-02,54720.0,Closed Won,closed_won
OPP-02590,CUST-1173,Citron Partners,Mid-Market,Event/Conference,REP-11,renewal,2024-07-12,2024-09-10,198000.0,Closed Won,closed_won
OPP-02591,CUST-1173,Citron Partners,Mid-Market,Event/Conference,REP-03,renewal,2025-07-12,2025-09-10,198000.0,Closed Won,closed_won
OPP-02592,CUST-1174,Glide Labs,SMB,Outbound Sales,REP-04,renewal,2024-07-05,2024-09-03,8640.0,Closed Won,closed_won
OPP-02593,CUST-1174,Glide Labs,SMB,Outbound Sales,REP-09,renewal,2025-07-05,2025-09-03,8640.0,Closed Won,closed_won
OPP-02594,CUST-1175,Mosaic Holdings,SMB,Inbound Marketing,REP-04,renewal,2024-07-17,2024-09-15,4800.0,Closed Won,closed_won
OPP-02595,CUST-1175,Mosaic Holdings,SMB,Inbound Marketing,REP-11,renewal,2025-07-17,2025-09-15,4800.0,Closed Won,closed_won
OPP-02596,CUST-1177,Beacon Works,SMB,Outbound Sales,REP-02,renewal,2024-08-02,2024-10-01,10800.0,Closed Won,closed_won
OPP-02597,CUST-1177,Beacon Works,SMB,Outbound Sales,REP-07,renewal,2025-08-02,2025-10-01,12000.0,Closed Won,closed_won
OPP-02598,CUST-1178,Stratus Partners,SMB,Partner Referral,REP-01,renewal,2024-08-28,2024-10-27,9600.0,Closed Won,closed_won
OPP-02599,CUST-1178,Stratus Partners,SMB,Partner Referral,REP-08,renewal,2025-08-28,2025-10-27,9600.0,Closed Won,closed_won
OPP-02600,CUST-1179,Beacon Holdings,SMB,Event/Conference,REP-12,renewal,2024-08-22,2024-10-21,31680.0,Closed Won,closed_won
OPP-02601,CUST-1179,Beacon Holdings,SMB,Event/Conference,REP-05,renewal,2025-08-22,2025-10-21,31680.0,Closed Won,closed_won
OPP-02602,CUST-1180,Beacon Labs,Mid-Market,Inbound Marketing,REP-06,renewal,2024-08-27,2024-10-26,14400.0,Closed Won,closed_won
OPP-02603,CUST-1180,Beacon Labs,Mid-Market,Inbound Marketing,REP-10,renewal,2025-08-27,2025-10-26,16200.0,Closed Won,closed_won
OPP-02604,CUST-1181,Helix Cloud,SMB,Self-Serve Promo,REP-04,renewal,2024-08-07,2024-10-06,18720.0,Closed Won,closed_won
OPP-02605,CUST-1181,Helix Cloud,SMB,Self-Serve Promo,REP-01,renewal,2025-08-07,2025-10-06,21600.0,Closed Won,closed_won
OPP-02606,CUST-1182,Lattice Cloud,SMB,Outbound Sales,REP-06,renewal,2024-08-09,2024-10-08,24000.0,Closed Won,closed_won
OPP-02607,CUST-1182,Lattice Cloud,SMB,Outbound Sales,REP-11,renewal,2025-08-09,2025-10-08,24000.0,Closed Won,closed_won
OPP-02608,CUST-1184,Marlin Industries,SMB,Self-Serve Promo,REP-08,renewal,2024-09-17,2024-10-15,8400.0,Closed Lost,closed_lost
OPP-02609,CUST-1186,Halcyon Logic,SMB,Inbound Marketing,REP-08,renewal,2024-08-22,2024-10-21,17280.0,Closed Won,closed_won
OPP-02610,CUST-1186,Halcyon Logic,SMB,Inbound Marketing,REP-01,renewal,2025-08-22,2025-10-21,18720.0,Closed Won,closed_won
OPP-02611,CUST-1187,Tessera Dynamics,SMB,Partner Referral,REP-10,renewal,2024-08-27,2024-10-26,5400.0,Closed Won,closed_won
OPP-02612,CUST-1187,Tessera Dynamics,SMB,Partner Referral,REP-05,renewal,2025-08-27,2025-10-26,5400.0,Closed Won,closed_won
OPP-02613,CUST-1188,Citron Solutions,SMB,Inbound Marketing,REP-09,renewal,2024-08-17,2024-10-16,17280.0,Closed Won,closed_won
OPP-02614,CUST-1188,Citron Solutions,SMB,Inbound Marketing,REP-09,renewal,2025-08-17,2025-10-16,15840.0,Closed Won,closed_won
OPP-02615,CUST-1189,Cobalt Holdings,SMB,Partner Referral,REP-11,renewal,2024-08-13,2024-10-12,9000.0,Closed Won,closed_won
OPP-02616,CUST-1189,Cobalt Holdings,SMB,Partner Referral,REP-08,renewal,2025-08-13,2025-10-12,9000.0,Closed Won,closed_won
OPP-02617,CUST-1191,Halcyon Logic,SMB,Outbound Sales,REP-10,renewal,2024-11-03,2024-11-15,25920.0,Closed Lost,closed_lost
OPP-02618,CUST-1192,Lattice Logic,SMB,Outbound Sales,REP-11,renewal,2024-08-09,2024-10-08,6600.0,Closed Won,closed_won
OPP-02619,CUST-1192,Lattice Logic,SMB,Outbound Sales,REP-03,renewal,2025-08-09,2025-10-08,7200.0,Closed Won,closed_won
OPP-02620,CUST-1194,Reverb Partners,SMB,Partner Referral,REP-03,renewal,2024-08-21,2024-10-20,6000.0,Closed Won,closed_won
OPP-02621,CUST-1194,Reverb Partners,SMB,Partner Referral,REP-08,renewal,2025-08-21,2025-10-20,9000.0,Closed Won,closed_won
OPP-02622,CUST-1195,Reverb Co,SMB,Outbound Sales,REP-07,renewal,2024-08-25,2024-10-24,7200.0,Closed Won,closed_won
OPP-02623,CUST-1195,Reverb Co,SMB,Outbound Sales,REP-04,renewal,2025-08-25,2025-10-24,7200.0,Closed Won,closed_won
OPP-02624,CUST-1196,Citron Industries,Mid-Market,Event/Conference,REP-02,renewal,2024-08-25,2024-10-24,67680.0,Closed Won,closed_won
OPP-02625,CUST-1196,Citron Industries,Mid-Market,Event/Conference,REP-03,renewal,2025-08-25,2025-10-24,60480.0,Closed Won,closed_won
OPP-02626,CUST-1198,Halcyon Works,Enterprise,Self-Serve Promo,REP-01,renewal,2024-08-08,2024-10-07,1047000.0,Closed Won,closed_won
OPP-02627,CUST-1198,Halcyon Works,Enterprise,Self-Serve Promo,REP-06,renewal,2025-08-08,2025-10-07,1047000.0,Closed Won,closed_won
OPP-02628,CUST-1199,Lattice Logic,SMB,Outbound Sales,REP-09,renewal,2024-08-09,2024-10-08,6600.0,Closed Won,closed_won
OPP-02629,CUST-1199,Lattice Logic,SMB,Outbound Sales,REP-12,renewal,2025-08-09,2025-10-08,7200.0,Closed Won,closed_won
OPP-02630,CUST-1200,Glide Partners,SMB,Outbound Sales,REP-08,renewal,2024-09-09,2024-11-08,14400.0,Closed Won,closed_won
OPP-02631,CUST-1200,Glide Partners,SMB,Outbound Sales,REP-08,renewal,2025-09-09,2025-11-08,18720.0,Closed Won,closed_won
OPP-02632,CUST-1201,Vector Works,SMB,Inbound Marketing,REP-03,renewal,2024-09-24,2024-11-23,5760.0,Closed Won,closed_won
OPP-02633,CUST-1201,Vector Works,SMB,Inbound Marketing,REP-04,renewal,2025-09-24,2025-11-23,5760.0,Closed Won,closed_won
OPP-02634,CUST-1202,Helix Digital,SMB,Inbound Marketing,REP-05,renewal,2024-09-09,2024-11-08,39000.0,Closed Won,closed_won
OPP-02635,CUST-1202,Helix Digital,SMB,Inbound Marketing,REP-12,renewal,2025-09-09,2025-11-08,48000.0,Closed Won,closed_won
OPP-02636,CUST-1203,Marlin Labs,SMB,Partner Referral,REP-01,renewal,2024-09-28,2024-11-27,8640.0,Closed Won,closed_won
OPP-02637,CUST-1203,Marlin Labs,SMB,Partner Referral,REP-09,renewal,2025-09-28,2025-11-27,7200.0,Closed Won,closed_won
OPP-02638,CUST-1205,Vector Partners,Mid-Market,Outbound Sales,REP-07,renewal,2024-09-16,2024-11-15,76320.0,Closed Won,closed_won
OPP-02639,CUST-1205,Vector Partners,Mid-Market,Outbound Sales,REP-01,renewal,2025-09-16,2025-11-15,76320.0,Closed Won,closed_won
OPP-02640,CUST-1206,Citron Works,SMB,Event/Conference,REP-03,renewal,2024-09-02,2024-11-01,33000.0,Closed Won,closed_won
OPP-02641,CUST-1206,Citron Works,SMB,Event/Conference,REP-05,renewal,2025-09-02,2025-11-01,33000.0,Closed Won,closed_won
OPP-02642,CUST-1207,Helix Dynamics,Mid-Market,Event/Conference,REP-02,renewal,2024-09-14,2024-11-13,47520.0,Closed Won,closed_won
OPP-02643,CUST-1207,Helix Dynamics,Mid-Market,Event/Conference,REP-12,renewal,2025-09-14,2025-11-13,57600.0,Closed Won,closed_won
OPP-02644,CUST-1208,Mosaic Cloud,SMB,Inbound Marketing,REP-05,renewal,2024-09-20,2024-11-19,4320.0,Closed Won,closed_won
OPP-02645,CUST-1208,Mosaic Cloud,SMB,Inbound Marketing,REP-03,renewal,2025-09-20,2025-11-19,4320.0,Closed Won,closed_won
OPP-02646,CUST-1209,Helix Holdings,SMB,Inbound Marketing,REP-02,renewal,2024-09-23,2024-11-22,14400.0,Closed Won,closed_won
OPP-02647,CUST-1210,Quantum Group,SMB,Event/Conference,REP-12,renewal,2024-09-10,2024-11-09,8400.0,Closed Won,closed_won
OPP-02648,CUST-1211,Glide Solutions,SMB,Outbound Sales,REP-06,renewal,2024-09-13,2024-11-12,3000.0,Closed Won,closed_won
OPP-02649,CUST-1211,Glide Solutions,SMB,Outbound Sales,REP-11,renewal,2025-09-13,2025-11-12,3600.0,Closed Won,closed_won
OPP-02650,CUST-1212,Quantum Labs,SMB,Event/Conference,REP-10,renewal,2024-09-02,2024-11-01,1800.0,Closed Won,closed_won
OPP-02651,CUST-1212,Quantum Labs,SMB,Event/Conference,REP-06,renewal,2025-09-23,2025-10-15,2400.0,Closed Lost,closed_lost
OPP-02652,CUST-1213,Stratus Dynamics,Mid-Market,Inbound Marketing,REP-03,renewal,2024-09-04,2024-11-03,24480.0,Closed Won,closed_won
OPP-02653,CUST-1214,Halcyon Solutions,SMB,Self-Serve Promo,REP-08,renewal,2024-09-16,2024-11-15,5400.0,Closed Won,closed_won
OPP-02654,CUST-1215,Reverb Works,SMB,Outbound Sales,REP-12,renewal,2024-09-22,2024-11-21,6600.0,Closed Won,closed_won
OPP-02655,CUST-1215,Reverb Works,SMB,Outbound Sales,REP-07,renewal,2025-09-22,2025-11-21,6000.0,Closed Won,closed_won
OPP-02656,CUST-1216,Stratus Industries,SMB,Outbound Sales,REP-12,renewal,2024-09-03,2024-11-02,5760.0,Closed Won,closed_won
OPP-02657,CUST-1217,Helix Cloud,SMB,Partner Referral,REP-11,renewal,2024-09-12,2024-11-11,8400.0,Closed Won,closed_won
OPP-02658,CUST-1217,Helix Cloud,SMB,Partner Referral,REP-06,renewal,2025-09-12,2025-11-11,9600.0,Closed Won,closed_won
OPP-02659,CUST-1218,Marlin Digital,Mid-Market,Outbound Sales,REP-10,renewal,2024-09-14,2024-11-13,106560.0,Closed Won,closed_won
OPP-02660,CUST-1218,Marlin Digital,Mid-Market,Outbound Sales,REP-05,renewal,2025-09-14,2025-11-13,106560.0,Closed Won,closed_won
OPP-02661,CUST-1219,Beacon Industries,Mid-Market,Inbound Marketing,REP-04,renewal,2024-09-24,2024-11-23,54720.0,Closed Won,closed_won
OPP-02662,CUST-1219,Beacon Industries,Mid-Market,Inbound Marketing,REP-03,renewal,2025-09-24,2025-11-23,54720.0,Closed Won,closed_won
OPP-02663,CUST-1220,Vector Group,SMB,Partner Referral,REP-05,renewal,2024-09-18,2024-11-17,1800.0,Closed Won,closed_won
OPP-02664,CUST-1220,Vector Group,SMB,Partner Referral,REP-05,renewal,2025-09-18,2025-11-17,1800.0,Closed Won,closed_won
OPP-02665,CUST-1222,Apex Dynamics,SMB,Inbound Marketing,REP-11,renewal,2024-09-24,2024-11-23,5400.0,Closed Won,closed_won
OPP-02666,CUST-1222,Apex Dynamics,SMB,Inbound Marketing,REP-05,renewal,2025-09-24,2025-11-23,5400.0,Closed Won,closed_won
OPP-02667,CUST-1223,Glide Cloud,SMB,Event/Conference,REP-09,renewal,2024-10-06,2024-12-05,7800.0,Closed Won,closed_won
OPP-02668,CUST-1223,Glide Cloud,SMB,Event/Conference,REP-07,renewal,2025-10-06,2025-12-05,8400.0,Closed Won,closed_won
OPP-02669,CUST-1224,Helix Holdings,SMB,Event/Conference,REP-01,renewal,2024-10-11,2024-12-10,5400.0,Closed Won,closed_won
OPP-02670,CUST-1226,Lattice Group,SMB,Outbound Sales,REP-01,renewal,2024-10-06,2024-12-05,11520.0,Closed Won,closed_won
OPP-02671,CUST-1226,Lattice Group,SMB,Outbound Sales,REP-03,renewal,2025-10-06,2025-12-05,10080.0,Closed Won,closed_won
OPP-02672,CUST-1227,Stratus Systems,SMB,Inbound Marketing,REP-01,renewal,2024-10-18,2024-12-17,7800.0,Closed Won,closed_won
OPP-02673,CUST-1227,Stratus Systems,SMB,Inbound Marketing,REP-10,renewal,2025-10-18,2025-12-17,7800.0,Closed Won,closed_won
OPP-02674,CUST-1230,Reverb Works,SMB,Inbound Marketing,REP-08,renewal,2024-10-14,2024-12-13,11400.0,Closed Won,closed_won
OPP-02675,CUST-1230,Reverb Works,SMB,Inbound Marketing,REP-02,renewal,2025-10-14,2025-12-13,11400.0,Closed Won,closed_won
OPP-02676,CUST-1231,Citron Holdings,Mid-Market,Outbound Sales,REP-03,renewal,2024-10-15,2024-12-14,102000.0,Closed Won,closed_won
OPP-02677,CUST-1231,Citron Holdings,Mid-Market,Outbound Sales,REP-11,renewal,2025-10-15,2025-12-14,102000.0,Closed Won,closed_won
OPP-02678,CUST-1232,Quantum Industries,SMB,Inbound Marketing,REP-02,renewal,2024-10-14,2024-12-13,9000.0,Closed Won,closed_won
OPP-02679,CUST-1233,Plinth Dynamics,SMB,Outbound Sales,REP-07,renewal,2024-10-17,2024-12-16,2880.0,Closed Won,closed_won
OPP-02680,CUST-1233,Plinth Dynamics,SMB,Outbound Sales,REP-09,renewal,2025-10-17,2025-12-16,2880.0,Closed Won,closed_won
OPP-02681,CUST-1234,Anvil Solutions,SMB,Partner Referral,REP-03,renewal,2024-10-23,2024-12-22,11520.0,Closed Won,closed_won
OPP-02682,CUST-1234,Anvil Solutions,SMB,Partner Referral,REP-10,renewal,2025-10-23,2025-12-22,11520.0,Closed Won,closed_won
OPP-02683,CUST-1235,Lattice Industries,SMB,Inbound Marketing,REP-03,renewal,2024-10-14,2024-12-13,3600.0,Closed Won,closed_won
OPP-02684,CUST-1235,Lattice Industries,SMB,Inbound Marketing,REP-10,renewal,2025-10-14,2025-12-13,3600.0,Closed Won,closed_won
OPP-02685,CUST-1236,Apex Group,SMB,Inbound Marketing,REP-03,renewal,2024-10-16,2024-12-15,6600.0,Closed Won,closed_won
OPP-02686,CUST-1236,Apex Group,SMB,Inbound Marketing,REP-01,renewal,2025-10-16,2025-12-15,6600.0,Closed Won,closed_won
OPP-02687,CUST-1237,Halcyon Solutions,Mid-Market,Inbound Marketing,REP-10,renewal,2024-10-17,2024-12-16,77760.0,Closed Won,closed_won
OPP-02688,CUST-1238,Tessera Digital,Mid-Market,Event/Conference,REP-07,renewal,2024-10-04,2024-12-03,43200.0,Closed Won,closed_won
OPP-02689,CUST-1239,Reverb Labs,Mid-Market,Inbound Marketing,REP-01,renewal,2024-10-17,2024-12-16,213000.0,Closed Won,closed_won
OPP-02690,CUST-1239,Reverb Labs,Mid-Market,Inbound Marketing,REP-06,renewal,2025-10-17,2025-12-16,213000.0,Closed Won,closed_won
OPP-02691,CUST-1240,Halcyon Systems,SMB,Inbound Marketing,REP-10,renewal,2024-10-11,2024-12-10,1800.0,Closed Won,closed_won
OPP-02692,CUST-1240,Halcyon Systems,SMB,Inbound Marketing,REP-10,renewal,2025-10-11,2025-12-10,1800.0,Closed Won,closed_won
OPP-02693,CUST-1242,Quantum Holdings,SMB,Inbound Marketing,REP-05,renewal,2024-10-20,2024-12-19,8400.0,Closed Won,closed_won
OPP-02694,CUST-1243,Mosaic Network,SMB,Inbound Marketing,REP-06,renewal,2024-11-28,2025-01-27,4320.0,Closed Won,closed_won
OPP-02695,CUST-1244,Apex Dynamics,SMB,Event/Conference,REP-05,renewal,2024-11-05,2025-01-04,3000.0,Closed Won,closed_won
OPP-02696,CUST-1246,Glide Labs,SMB,Outbound Sales,REP-04,renewal,2024-11-07,2025-01-06,10080.0,Closed Won,closed_won
OPP-02697,CUST-1247,Citron Holdings,SMB,Event/Conference,REP-08,renewal,2024-11-16,2025-01-15,9000.0,Closed Won,closed_won
OPP-02698,CUST-1248,Marlin Works,SMB,Partner Referral,REP-02,renewal,2024-11-23,2025-01-22,6600.0,Closed Won,closed_won
OPP-02699,CUST-1249,Plinth Systems,SMB,Inbound Marketing,REP-11,renewal,2024-11-05,2025-01-04,4800.0,Closed Won,closed_won
OPP-02700,CUST-1250,Mosaic Dynamics,SMB,Event/Conference,REP-06,renewal,2024-11-08,2025-01-07,4200.0,Closed Won,closed_won
OPP-02701,CUST-1251,Beacon Holdings,SMB,Partner Referral,REP-08,renewal,2024-11-19,2025-01-18,20160.0,Closed Won,closed_won
OPP-02702,CUST-1252,Reverb Industries,SMB,Inbound Marketing,REP-01,renewal,2024-11-14,2025-01-13,24000.0,Closed Won,closed_won
OPP-02703,CUST-1255,Reverb Labs,Mid-Market,Inbound Marketing,REP-01,renewal,2024-11-14,2025-01-13,90720.0,Closed Won,closed_won
OPP-02704,CUST-1256,Reverb Systems,SMB,Outbound Sales,REP-08,renewal,2024-11-07,2025-01-06,9000.0,Closed Won,closed_won
OPP-02705,CUST-1259,Glide Dynamics,Enterprise,Self-Serve Promo,REP-11,renewal,2024-11-14,2025-01-13,669000.0,Closed Won,closed_won
OPP-02706,CUST-1260,Mosaic Solutions,SMB,Outbound Sales,REP-04,renewal,2024-11-17,2025-01-16,4200.0,Closed Won,closed_won
OPP-02707,CUST-1261,Glide Systems,Mid-Market,Partner Referral,REP-03,renewal,2024-12-07,2025-02-05,20400.0,Closed Won,closed_won
OPP-02708,CUST-1262,Reverb Labs,SMB,Inbound Marketing,REP-01,renewal,2024-12-26,2025-02-24,21600.0,Closed Won,closed_won
OPP-02709,CUST-1263,Quantum Partners,SMB,Outbound Sales,REP-06,renewal,2024-12-08,2025-02-06,2400.0,Closed Won,closed_won
OPP-02710,CUST-1264,Mosaic Cloud,SMB,Partner Referral,REP-10,renewal,2024-12-16,2025-02-14,8400.0,Closed Won,closed_won
OPP-02711,CUST-1265,Cobalt Logic,Mid-Market,Event/Conference,REP-03,renewal,2025-01-26,2025-02-15,30240.0,Closed Lost,closed_lost
OPP-02712,CUST-1266,Citron Dynamics,Mid-Market,Inbound Marketing,REP-07,renewal,2024-12-06,2025-02-04,61920.0,Closed Won,closed_won
OPP-02713,CUST-1267,Mosaic Logic,SMB,Partner Referral,REP-05,renewal,2024-12-14,2025-02-12,3000.0,Closed Won,closed_won
OPP-02714,CUST-1268,Apex Co,SMB,Event/Conference,REP-12,renewal,2024-12-25,2025-02-23,8400.0,Closed Won,closed_won
OPP-02715,CUST-1269,Apex Holdings,SMB,Inbound Marketing,REP-05,renewal,2024-12-29,2025-02-27,3600.0,Closed Won,closed_won
OPP-02716,CUST-1270,Vector Solutions,SMB,Outbound Sales,REP-05,renewal,2024-12-09,2025-02-07,5400.0,Closed Won,closed_won
OPP-02717,CUST-1272,Stratus Holdings,Mid-Market,Partner Referral,REP-10,renewal,2024-12-27,2025-02-25,25920.0,Closed Won,closed_won
OPP-02718,CUST-1273,Mosaic Industries,Mid-Market,Partner Referral,REP-11,renewal,2024-12-20,2025-02-18,59040.0,Closed Won,closed_won
OPP-02719,CUST-1274,Citron Labs,SMB,Inbound Marketing,REP-04,renewal,2024-12-12,2025-02-10,21600.0,Closed Won,closed_won
OPP-02720,CUST-1275,Beacon Systems,SMB,Outbound Sales,REP-04,renewal,2024-12-06,2025-02-04,10080.0,Closed Won,closed_won
OPP-02721,CUST-1276,Apex Works,Mid-Market,Event/Conference,REP-03,renewal,2024-12-18,2025-02-16,76320.0,Closed Won,closed_won
OPP-02722,CUST-1277,Helix Cloud,SMB,Outbound Sales,REP-03,renewal,2024-12-17,2025-02-15,4200.0,Closed Won,closed_won
OPP-02723,CUST-1278,Cobalt Network,Mid-Market,Outbound Sales,REP-05,renewal,2024-12-24,2025-02-22,72000.0,Closed Won,closed_won
OPP-02724,CUST-1280,Mosaic Systems,SMB,Self-Serve Promo,REP-03,renewal,2025-01-02,2025-03-03,5760.0,Closed Won,closed_won
OPP-02725,CUST-1281,Vector Holdings,Mid-Market,Outbound Sales,REP-09,renewal,2025-01-04,2025-03-05,41760.0,Closed Won,closed_won
OPP-02726,CUST-1282,Vector Dynamics,SMB,Self-Serve Promo,REP-06,renewal,2025-01-04,2025-03-05,4800.0,Closed Won,closed_won
OPP-02727,CUST-1283,Citron Solutions,SMB,Inbound Marketing,REP-08,renewal,2025-01-06,2025-03-07,8400.0,Closed Won,closed_won
OPP-02728,CUST-1284,Reverb Holdings,SMB,Partner Referral,REP-06,renewal,2025-01-16,2025-03-17,21600.0,Closed Won,closed_won
OPP-02729,CUST-1286,Plinth Solutions,SMB,Inbound Marketing,REP-10,renewal,2025-01-12,2025-03-13,2400.0,Closed Won,closed_won
OPP-02730,CUST-1287,Apex Network,Mid-Market,Outbound Sales,REP-06,renewal,2025-03-09,2025-03-15,38880.0,Closed Lost,closed_lost
OPP-02731,CUST-1289,Marlin Group,SMB,Event/Conference,REP-01,renewal,2025-01-15,2025-03-16,9000.0,Closed Won,closed_won
OPP-02732,CUST-1290,Stratus Labs,SMB,Outbound Sales,REP-10,renewal,2025-01-20,2025-03-21,7200.0,Closed Won,closed_won
OPP-02733,CUST-1291,Reverb Logic,SMB,Outbound Sales,REP-11,renewal,2025-03-22,2025-04-15,3000.0,Closed Lost,closed_lost
OPP-02734,CUST-1292,Vector Digital,SMB,Partner Referral,REP-09,renewal,2025-01-11,2025-03-12,20160.0,Closed Won,closed_won
OPP-02735,CUST-1293,Tessera Logic,Enterprise,Outbound Sales,REP-05,renewal,2025-01-11,2025-03-12,1320000.0,Closed Won,closed_won
OPP-02736,CUST-1294,Helix Industries,Mid-Market,Inbound Marketing,REP-12,renewal,2025-01-22,2025-03-23,89280.0,Closed Won,closed_won
OPP-02737,CUST-1295,Anvil Partners,SMB,Event/Conference,REP-12,renewal,2025-01-05,2025-03-06,3000.0,Closed Won,closed_won
OPP-02738,CUST-1296,Beacon Logic,SMB,Inbound Marketing,REP-06,renewal,2025-01-04,2025-03-05,23040.0,Closed Won,closed_won
OPP-02739,CUST-1297,Citron Co,SMB,Inbound Marketing,REP-09,renewal,2025-01-23,2025-03-24,7200.0,Closed Won,closed_won
OPP-02740,CUST-1298,Anvil Works,Enterprise,Inbound Marketing,REP-04,renewal,2025-01-06,2025-03-07,900000.0,Closed Won,closed_won
OPP-02741,CUST-1300,Anvil Partners,SMB,Outbound Sales,REP-04,renewal,2025-02-05,2025-04-06,7200.0,Closed Won,closed_won
OPP-02742,CUST-1301,North Digital,SMB,Outbound Sales,REP-07,renewal,2025-02-03,2025-04-04,3000.0,Closed Won,closed_won
OPP-02743,CUST-1302,North Works,SMB,Event/Conference,REP-06,renewal,2025-02-06,2025-04-07,4800.0,Closed Won,closed_won
OPP-02744,CUST-1303,Marlin Network,SMB,Self-Serve Promo,REP-02,renewal,2025-02-24,2025-04-25,4800.0,Closed Won,closed_won
OPP-02745,CUST-1305,Apex Solutions,Mid-Market,Outbound Sales,REP-12,renewal,2025-02-25,2025-04-26,34560.0,Closed Won,closed_won
OPP-02746,CUST-1306,Mosaic Systems,Mid-Market,Inbound Marketing,REP-09,renewal,2025-02-01,2025-04-02,66240.0,Closed Won,closed_won
OPP-02747,CUST-1307,Tessera Partners,SMB,Outbound Sales,REP-02,renewal,2025-02-13,2025-04-14,4200.0,Closed Won,closed_won
OPP-02748,CUST-1308,Vector Solutions,SMB,Self-Serve Promo,REP-09,renewal,2025-02-21,2025-04-22,14400.0,Closed Won,closed_won
OPP-02749,CUST-1309,Cobalt Digital,SMB,Inbound Marketing,REP-03,renewal,2025-02-21,2025-04-22,3600.0,Closed Won,closed_won
OPP-02750,CUST-1310,Marlin Industries,Mid-Market,Event/Conference,REP-01,renewal,2025-02-09,2025-04-10,102240.0,Closed Won,closed_won
OPP-02751,CUST-1311,Apex Logic,Enterprise,Outbound Sales,REP-05,renewal,2025-02-23,2025-04-24,906000.0,Closed Won,closed_won
OPP-02752,CUST-1312,Lattice Logic,SMB,Event/Conference,REP-07,renewal,2025-02-21,2025-04-22,18720.0,Closed Won,closed_won
OPP-02753,CUST-1313,Reverb Labs,SMB,Partner Referral,REP-02,renewal,2025-02-22,2025-04-23,11400.0,Closed Won,closed_won
OPP-02754,CUST-1314,North Holdings,Mid-Market,Inbound Marketing,REP-08,renewal,2025-02-12,2025-04-13,40320.0,Closed Won,closed_won
OPP-02755,CUST-1315,Glide Labs,Mid-Market,Outbound Sales,REP-08,renewal,2025-02-25,2025-04-26,57600.0,Closed Won,closed_won
OPP-02756,CUST-1316,Glide Group,SMB,Event/Conference,REP-11,renewal,2025-02-19,2025-04-20,17280.0,Closed Won,closed_won
OPP-02757,CUST-1317,Stratus Labs,SMB,Self-Serve Promo,REP-08,renewal,2025-02-06,2025-04-07,7800.0,Closed Won,closed_won
OPP-02758,CUST-1318,Citron Works,Mid-Market,Partner Referral,REP-10,renewal,2025-02-25,2025-04-26,105120.0,Closed Won,closed_won
OPP-02759,CUST-1319,Glide Network,SMB,Partner Referral,REP-02,renewal,2025-03-25,2025-05-24,1800.0,Closed Won,closed_won
OPP-02760,CUST-1320,Anvil Industries,SMB,Outbound Sales,REP-12,renewal,2025-03-06,2025-05-05,10080.0,Closed Won,closed_won
OPP-02761,CUST-1321,Helix Works,SMB,Outbound Sales,REP-07,renewal,2025-03-04,2025-05-03,3000.0,Closed Won,closed_won
OPP-02762,CUST-1322,Mosaic Solutions,Enterprise,Outbound Sales,REP-09,renewal,2025-03-16,2025-05-15,195840.0,Closed Won,closed_won
OPP-02763,CUST-1323,Stratus Partners,Mid-Market,Partner Referral,REP-11,renewal,2025-03-19,2025-05-18,99000.0,Closed Won,closed_won
OPP-02764,CUST-1324,Helix Dynamics,SMB,Inbound Marketing,REP-07,renewal,2025-03-03,2025-05-02,8400.0,Closed Won,closed_won
OPP-02765,CUST-1325,Tessera Group,SMB,Outbound Sales,REP-11,renewal,2025-03-24,2025-05-23,7800.0,Closed Won,closed_won
OPP-02766,CUST-1326,Lattice Solutions,Mid-Market,Outbound Sales,REP-09,renewal,2025-03-07,2025-05-06,95040.0,Closed Won,closed_won
OPP-02767,CUST-1327,Vector Group,SMB,Event/Conference,REP-10,renewal,2025-03-17,2025-05-16,9600.0,Closed Won,closed_won
OPP-02768,CUST-1328,Quantum Group,SMB,Partner Referral,REP-04,renewal,2025-03-26,2025-05-25,6000.0,Closed Won,closed_won
OPP-02769,CUST-1329,North Dynamics,SMB,Partner Referral,REP-11,renewal,2025-03-14,2025-05-13,8400.0,Closed Won,closed_won
OPP-02770,CUST-1330,Vector Network,SMB,Inbound Marketing,REP-03,renewal,2025-03-22,2025-05-21,5760.0,Closed Won,closed_won
OPP-02771,CUST-1331,Apex Co,SMB,Self-Serve Promo,REP-10,renewal,2025-03-15,2025-05-14,6000.0,Closed Won,closed_won
OPP-02772,CUST-1332,Halcyon Works,SMB,Inbound Marketing,REP-06,renewal,2025-03-28,2025-05-27,9000.0,Closed Won,closed_won
OPP-02773,CUST-1333,Plinth Holdings,SMB,Inbound Marketing,REP-01,renewal,2025-03-15,2025-05-14,10080.0,Closed Won,closed_won
OPP-02774,CUST-1334,Apex Co,SMB,Outbound Sales,REP-07,renewal,2025-03-05,2025-05-04,9000.0,Closed Won,closed_won
OPP-02775,CUST-1335,Helix Partners,SMB,Self-Serve Promo,REP-03,renewal,2025-03-02,2025-05-01,17280.0,Closed Won,closed_won
OPP-02776,CUST-1336,Lattice Dynamics,Mid-Market,Outbound Sales,REP-04,renewal,2025-03-07,2025-05-06,34560.0,Closed Won,closed_won
OPP-02777,CUST-1337,Reverb Partners,SMB,Self-Serve Promo,REP-10,renewal,2025-03-26,2025-05-25,3600.0,Closed Won,closed_won
OPP-02778,CUST-1338,Lattice Group,Mid-Market,Event/Conference,REP-02,renewal,2025-04-14,2025-05-15,87840.0,Closed Lost,closed_lost
OPP-02779,CUST-1339,Apex Partners,SMB,Inbound Marketing,REP-11,renewal,2025-04-28,2025-06-27,9000.0,Closed Won,closed_won
OPP-02780,CUST-1340,Citron Industries,Mid-Market,Event/Conference,REP-10,renewal,2025-04-12,2025-06-11,76320.0,Closed Won,closed_won
OPP-02781,CUST-1341,Anvil Cloud,SMB,Inbound Marketing,REP-02,renewal,2025-04-28,2025-06-27,24000.0,Closed Won,closed_won
OPP-02782,CUST-1342,Plinth Systems,SMB,Inbound Marketing,REP-03,renewal,2025-04-04,2025-06-03,7800.0,Closed Won,closed_won
OPP-02783,CUST-1343,Stratus Group,SMB,Inbound Marketing,REP-06,renewal,2025-04-11,2025-06-10,18720.0,Closed Won,closed_won
OPP-02784,CUST-1344,Vector Works,SMB,Event/Conference,REP-08,renewal,2025-04-03,2025-06-02,1800.0,Closed Won,closed_won
OPP-02785,CUST-1345,Vector Industries,SMB,Outbound Sales,REP-11,renewal,2025-04-06,2025-06-05,2400.0,Closed Won,closed_won
OPP-02786,CUST-1349,Helix Co,SMB,Outbound Sales,REP-02,renewal,2025-04-21,2025-06-20,2400.0,Closed Won,closed_won
OPP-02787,CUST-1350,Beacon Solutions,SMB,Inbound Marketing,REP-01,renewal,2025-04-22,2025-06-21,9000.0,Closed Won,closed_won
OPP-02788,CUST-1351,Lattice Holdings,SMB,Inbound Marketing,REP-02,renewal,2025-04-02,2025-06-01,10080.0,Closed Won,closed_won
OPP-02789,CUST-1352,Tessera Labs,SMB,Self-Serve Promo,REP-09,renewal,2025-04-07,2025-06-06,12960.0,Closed Won,closed_won
OPP-02790,CUST-1353,Glide Logic,SMB,Partner Referral,REP-01,renewal,2025-05-12,2025-05-15,3000.0,Closed Lost,closed_lost
OPP-02791,CUST-1354,Anvil Holdings,SMB,Outbound Sales,REP-05,renewal,2025-04-17,2025-06-16,11520.0,Closed Won,closed_won
OPP-02792,CUST-1355,Citron Labs,Mid-Market,Outbound Sales,REP-12,renewal,2025-04-27,2025-06-26,138000.0,Closed Won,closed_won
OPP-02793,CUST-1356,Citron Network,Enterprise,Event/Conference,REP-12,renewal,2025-04-07,2025-06-06,1146000.0,Closed Won,closed_won
OPP-02794,CUST-1357,Marlin Co,Mid-Market,Partner Referral,REP-02,renewal,2025-04-13,2025-06-12,77760.0,Closed Won,closed_won
OPP-02795,CUST-1358,Glide Partners,Mid-Market,Outbound Sales,REP-11,renewal,2025-04-06,2025-06-05,34560.0,Closed Won,closed_won
OPP-02796,CUST-1359,North Dynamics,SMB,Inbound Marketing,REP-08,renewal,2025-05-21,2025-07-20,4320.0,Closed Won,closed_won
OPP-02797,CUST-1361,Plinth Co,Mid-Market,Inbound Marketing,REP-06,renewal,2025-05-08,2025-07-07,216000.0,Closed Won,closed_won
OPP-02798,CUST-1362,Quantum Holdings,SMB,Partner Referral,REP-07,renewal,2025-05-16,2025-07-15,51000.0,Closed Won,closed_won
OPP-02799,CUST-1364,Glide Labs,SMB,Event/Conference,REP-09,renewal,2025-05-10,2025-07-09,3000.0,Closed Won,closed_won
OPP-02800,CUST-1365,Tessera Holdings,Enterprise,Partner Referral,REP-09,renewal,2025-05-25,2025-07-24,306720.0,Closed Won,closed_won
OPP-02801,CUST-1366,Lattice Holdings,SMB,Partner Referral,REP-03,renewal,2025-05-16,2025-07-15,2400.0,Closed Won,closed_won
OPP-02802,CUST-1367,Stratus Labs,SMB,Inbound Marketing,REP-01,renewal,2025-05-09,2025-07-08,4800.0,Closed Won,closed_won
OPP-02803,CUST-1368,North Holdings,SMB,Partner Referral,REP-03,renewal,2025-05-13,2025-07-12,7200.0,Closed Won,closed_won
OPP-02804,CUST-1369,Glide Partners,SMB,Inbound Marketing,REP-01,renewal,2025-05-12,2025-07-11,5760.0,Closed Won,closed_won
OPP-02805,CUST-1371,Vector Solutions,Mid-Market,Event/Conference,REP-06,renewal,2025-05-18,2025-07-17,44400.0,Closed Won,closed_won
OPP-02806,CUST-1372,Reverb Solutions,Mid-Market,Partner Referral,REP-03,renewal,2025-05-28,2025-07-27,96000.0,Closed Won,closed_won
OPP-02807,CUST-1373,Apex Digital,SMB,Inbound Marketing,REP-09,renewal,2025-05-11,2025-07-10,7800.0,Closed Won,closed_won
OPP-02808,CUST-1374,Cobalt Systems,SMB,Event/Conference,REP-02,renewal,2025-05-02,2025-07-01,1800.0,Closed Won,closed_won
OPP-02809,CUST-1375,Reverb Logic,SMB,Outbound Sales,REP-07,renewal,2025-05-27,2025-07-26,7200.0,Closed Won,closed_won
OPP-02810,CUST-1376,Citron Digital,SMB,Inbound Marketing,REP-01,renewal,2025-05-21,2025-07-20,12960.0,Closed Won,closed_won
OPP-02811,CUST-1377,Quantum Logic,SMB,Inbound Marketing,REP-05,renewal,2025-05-14,2025-07-13,7200.0,Closed Won,closed_won
OPP-02812,CUST-1379,Cobalt Systems,SMB,Self-Serve Promo,REP-08,renewal,2025-05-20,2025-07-19,7200.0,Closed Won,closed_won
OPP-02813,CUST-1381,North Cloud,Mid-Market,Self-Serve Promo,REP-02,renewal,2025-05-07,2025-07-06,51840.0,Closed Won,closed_won
OPP-02814,CUST-1382,Vector Industries,SMB,Self-Serve Promo,REP-12,renewal,2025-05-27,2025-07-26,4200.0,Closed Won,closed_won
OPP-02815,CUST-1383,Quantum Industries,SMB,Self-Serve Promo,REP-02,renewal,2025-05-18,2025-07-17,7200.0,Closed Won,closed_won
OPP-02816,CUST-1384,Citron Network,SMB,Self-Serve Promo,REP-05,renewal,2025-05-05,2025-07-04,7200.0,Closed Won,closed_won
OPP-02817,CUST-1386,North Group,SMB,Self-Serve Promo,REP-09,renewal,2025-05-24,2025-07-23,2400.0,Closed Won,closed_won
OPP-02818,CUST-1387,Beacon Group,SMB,Self-Serve Promo,REP-07,renewal,2025-05-11,2025-07-10,10800.0,Closed Won,closed_won
OPP-02819,CUST-1389,Apex Solutions,SMB,Self-Serve Promo,REP-05,renewal,2025-05-22,2025-07-21,1800.0,Closed Won,closed_won
OPP-02820,CUST-1391,North Works,SMB,Self-Serve Promo,REP-05,renewal,2025-05-22,2025-07-21,24000.0,Closed Won,closed_won
OPP-02821,CUST-1393,Marlin Holdings,SMB,Self-Serve Promo,REP-02,renewal,2025-05-03,2025-07-02,7200.0,Closed Won,closed_won
OPP-02822,CUST-1394,Vector Cloud,SMB,Self-Serve Promo,REP-12,renewal,2025-05-06,2025-07-05,8640.0,Closed Won,closed_won
OPP-02823,CUST-1397,Plinth Network,Mid-Market,Self-Serve Promo,REP-09,renewal,2025-05-28,2025-07-27,64800.0,Closed Won,closed_won
OPP-02824,CUST-1398,Plinth Group,SMB,Self-Serve Promo,REP-03,renewal,2025-05-10,2025-07-09,5760.0,Closed Won,closed_won
OPP-02825,CUST-1399,Vector Labs,Mid-Market,Outbound Sales,REP-02,renewal,2025-06-21,2025-08-20,54720.0,Closed Won,closed_won
OPP-02826,CUST-1400,Vector Labs,Mid-Market,Outbound Sales,REP-07,renewal,2025-06-09,2025-08-08,73440.0,Closed Won,closed_won
OPP-02827,CUST-1401,Vector Group,SMB,Event/Conference,REP-02,renewal,2025-06-07,2025-08-06,12960.0,Closed Won,closed_won
OPP-02828,CUST-1402,Apex Solutions,Mid-Market,Inbound Marketing,REP-12,renewal,2025-06-21,2025-08-20,30000.0,Closed Won,closed_won
OPP-02829,CUST-1403,Anvil Works,SMB,Event/Conference,REP-04,renewal,2025-06-26,2025-08-25,7800.0,Closed Won,closed_won
OPP-02830,CUST-1404,Beacon Industries,Mid-Market,Event/Conference,REP-11,renewal,2025-06-10,2025-08-09,30240.0,Closed Won,closed_won
OPP-02831,CUST-1405,Cobalt Industries,SMB,Outbound Sales,REP-06,renewal,2025-07-22,2025-08-15,17280.0,Closed Lost,closed_lost
OPP-02832,CUST-1406,Marlin Holdings,SMB,Partner Referral,REP-10,renewal,2025-06-17,2025-08-16,1800.0,Closed Won,closed_won
OPP-02833,CUST-1407,Glide Group,Mid-Market,Self-Serve Promo,REP-10,renewal,2025-06-05,2025-08-04,150000.0,Closed Won,closed_won
OPP-02834,CUST-1408,Beacon Partners,SMB,Outbound Sales,REP-12,renewal,2025-06-14,2025-08-13,4800.0,Closed Won,closed_won
OPP-02835,CUST-1409,Lattice Dynamics,SMB,Outbound Sales,REP-04,renewal,2025-06-18,2025-08-17,3600.0,Closed Won,closed_won
OPP-02836,CUST-1410,Plinth Logic,SMB,Self-Serve Promo,REP-03,renewal,2025-06-09,2025-08-08,4200.0,Closed Won,closed_won
OPP-02837,CUST-1411,Tessera Holdings,SMB,Event/Conference,REP-01,renewal,2025-06-03,2025-08-02,11520.0,Closed Won,closed_won
OPP-02838,CUST-1412,Plinth Labs,Enterprise,Inbound Marketing,REP-04,renewal,2025-06-13,2025-08-12,434880.0,Closed Won,closed_won
OPP-02839,CUST-1413,Plinth Co,Mid-Market,Inbound Marketing,REP-06,renewal,2025-06-25,2025-08-24,93600.0,Closed Won,closed_won
OPP-02840,CUST-1414,North Works,Mid-Market,Event/Conference,REP-07,renewal,2025-06-03,2025-08-02,216000.0,Closed Won,closed_won
OPP-02841,CUST-1415,North Systems,SMB,Event/Conference,REP-01,renewal,2025-06-13,2025-08-12,5400.0,Closed Won,closed_won
OPP-02842,CUST-1416,Glide Industries,Mid-Market,Outbound Sales,REP-05,renewal,2025-06-15,2025-08-14,21000.0,Closed Won,closed_won
OPP-02843,CUST-1419,Vector Holdings,Mid-Market,Self-Serve Promo,REP-02,renewal,2025-06-14,2025-08-13,38880.0,Closed Won,closed_won
OPP-02844,CUST-1422,Anvil Network,SMB,Self-Serve Promo,REP-08,renewal,2025-06-18,2025-08-17,3600.0,Closed Won,closed_won
OPP-02845,CUST-1423,Stratus Digital,SMB,Self-Serve Promo,REP-01,renewal,2025-06-22,2025-08-15,5400.0,Closed Lost,closed_lost
OPP-02846,CUST-1424,Plinth Systems,SMB,Self-Serve Promo,REP-05,renewal,2025-06-24,2025-08-23,3000.0,Closed Won,closed_won
OPP-02847,CUST-1425,Helix Cloud,SMB,Self-Serve Promo,REP-02,renewal,2025-06-20,2025-08-19,2400.0,Closed Won,closed_won
OPP-02848,CUST-1427,Tessera Network,SMB,Self-Serve Promo,REP-02,renewal,2025-06-25,2025-08-24,9000.0,Closed Won,closed_won
OPP-02849,CUST-1428,Vector Holdings,SMB,Self-Serve Promo,REP-11,renewal,2025-06-21,2025-08-20,5760.0,Closed Won,closed_won
OPP-02850,CUST-1431,Beacon Partners,SMB,Self-Serve Promo,REP-11,renewal,2025-06-11,2025-08-10,2400.0,Closed Won,closed_won
OPP-02851,CUST-1432,Beacon Labs,SMB,Self-Serve Promo,REP-01,renewal,2025-06-25,2025-08-24,7800.0,Closed Won,closed_won
OPP-02852,CUST-1434,Halcyon Systems,SMB,Self-Serve Promo,REP-11,renewal,2025-06-09,2025-08-08,3600.0,Closed Won,closed_won
OPP-02853,CUST-1436,Vector Dynamics,SMB,Self-Serve Promo,REP-12,renewal,2025-09-04,2025-09-15,27000.0,Closed Lost,closed_lost
OPP-02854,CUST-1437,Tessera Solutions,SMB,Self-Serve Promo,REP-03,renewal,2025-06-23,2025-08-22,3000.0,Closed Won,closed_won
OPP-02855,CUST-1439,Helix Partners,Mid-Market,Partner Referral,REP-11,renewal,2025-07-14,2025-09-12,162000.0,Closed Won,closed_won
OPP-02856,CUST-1440,Apex Network,SMB,Outbound Sales,REP-07,renewal,2025-07-06,2025-09-04,5400.0,Closed Won,closed_won
OPP-02857,CUST-1441,Quantum Cloud,SMB,Outbound Sales,REP-08,renewal,2025-07-05,2025-09-03,18720.0,Closed Won,closed_won
OPP-02858,CUST-1442,Halcyon Labs,SMB,Partner Referral,REP-12,renewal,2025-07-10,2025-09-08,7200.0,Closed Won,closed_won
OPP-02859,CUST-1444,Reverb Holdings,SMB,Inbound Marketing,REP-04,renewal,2025-07-13,2025-09-11,14400.0,Closed Won,closed_won
OPP-02860,CUST-1445,Apex Labs,SMB,Inbound Marketing,REP-08,renewal,2025-07-18,2025-09-16,9000.0,Closed Won,closed_won
OPP-02861,CUST-1446,Tessera Systems,SMB,Inbound Marketing,REP-11,renewal,2025-07-19,2025-09-17,4800.0,Closed Won,closed_won
OPP-02862,CUST-1447,Halcyon Works,Mid-Market,Partner Referral,REP-10,renewal,2025-07-19,2025-09-17,28800.0,Closed Won,closed_won
OPP-02863,CUST-1448,Apex Dynamics,SMB,Event/Conference,REP-09,renewal,2025-07-11,2025-09-09,3600.0,Closed Won,closed_won
OPP-02864,CUST-1449,Reverb Co,SMB,Self-Serve Promo,REP-04,renewal,2025-07-19,2025-09-17,10080.0,Closed Won,closed_won
OPP-02865,CUST-1450,Citron Logic,SMB,Event/Conference,REP-12,renewal,2025-07-12,2025-09-10,10080.0,Closed Won,closed_won
OPP-02866,CUST-1451,Anvil Digital,SMB,Outbound Sales,REP-11,renewal,2025-07-13,2025-09-11,3000.0,Closed Won,closed_won
OPP-02867,CUST-1452,Mosaic Network,SMB,Outbound Sales,REP-07,renewal,2025-07-04,2025-09-02,6000.0,Closed Won,closed_won
OPP-02868,CUST-1453,Anvil Digital,Mid-Market,Event/Conference,REP-10,renewal,2025-07-19,2025-09-17,42600.0,Closed Won,closed_won
OPP-02869,CUST-1455,Marlin Industries,SMB,Event/Conference,REP-02,renewal,2025-07-03,2025-09-01,3000.0,Closed Won,closed_won
OPP-02870,CUST-1456,Anvil Industries,Mid-Market,Outbound Sales,REP-04,renewal,2025-07-19,2025-09-17,69600.0,Closed Won,closed_won
OPP-02871,CUST-1457,Glide Works,SMB,Partner Referral,REP-02,renewal,2025-07-14,2025-09-12,7200.0,Closed Won,closed_won
OPP-02872,CUST-1458,Vector Cloud,SMB,Event/Conference,REP-08,renewal,2025-07-03,2025-09-01,2400.0,Closed Won,closed_won
OPP-02873,CUST-1459,Halcyon Co,SMB,Self-Serve Promo,REP-04,renewal,2025-07-16,2025-09-15,9000.0,Closed Lost,closed_lost
OPP-02874,CUST-1460,Mosaic Logic,Mid-Market,Self-Serve Promo,REP-10,renewal,2025-07-28,2025-09-26,231000.0,Closed Won,closed_won
OPP-02875,CUST-1461,North Digital,SMB,Self-Serve Promo,REP-01,renewal,2025-07-03,2025-09-01,5400.0,Closed Won,closed_won
OPP-02876,CUST-1464,Citron Logic,SMB,Self-Serve Promo,REP-01,renewal,2025-07-17,2025-09-15,9000.0,Closed Won,closed_won
OPP-02877,CUST-1465,Reverb Labs,Mid-Market,Self-Serve Promo,REP-02,renewal,2025-07-21,2025-09-19,69120.0,Closed Won,closed_won
OPP-02878,CUST-1466,Tessera Works,SMB,Self-Serve Promo,REP-08,renewal,2025-07-19,2025-09-17,3600.0,Closed Won,closed_won
OPP-02879,CUST-1467,Halcyon Works,SMB,Self-Serve Promo,REP-07,renewal,2025-07-04,2025-09-02,6600.0,Closed Won,closed_won
OPP-02880,CUST-1468,Halcyon Holdings,SMB,Self-Serve Promo,REP-07,renewal,2025-07-20,2025-09-18,6600.0,Closed Won,closed_won
OPP-02881,CUST-1469,Anvil Works,SMB,Self-Serve Promo,REP-06,renewal,2025-07-26,2025-09-24,6600.0,Closed Won,closed_won
OPP-02882,CUST-1471,Apex Dynamics,SMB,Self-Serve Promo,REP-06,renewal,2025-07-15,2025-09-13,3000.0,Closed Won,closed_won
OPP-02883,CUST-1472,Lattice Solutions,SMB,Self-Serve Promo,REP-03,renewal,2025-07-25,2025-09-23,7200.0,Closed Won,closed_won
OPP-02884,CUST-1473,Stratus Dynamics,SMB,Self-Serve Promo,REP-10,renewal,2025-07-28,2025-09-26,14400.0,Closed Won,closed_won
OPP-02885,CUST-1474,Quantum Holdings,SMB,Self-Serve Promo,REP-07,renewal,2025-07-05,2025-09-03,6600.0,Closed Won,closed_won
OPP-02886,CUST-1475,Anvil Network,SMB,Self-Serve Promo,REP-10,renewal,2025-07-26,2025-09-24,3600.0,Closed Won,closed_won
OPP-02887,CUST-1476,Helix Dynamics,SMB,Self-Serve Promo,REP-05,renewal,2025-07-11,2025-09-09,5400.0,Closed Won,closed_won
OPP-02888,CUST-1477,Beacon Logic,Mid-Market,Self-Serve Promo,REP-08,renewal,2025-07-28,2025-09-26,243000.0,Closed Won,closed_won
OPP-02889,CUST-1479,Citron Co,SMB,Outbound Sales,REP-06,renewal,2025-08-25,2025-10-24,7800.0,Closed Won,closed_won
OPP-02890,CUST-1480,Mosaic Dynamics,SMB,Inbound Marketing,REP-07,renewal,2025-08-08,2025-10-07,5400.0,Closed Won,closed_won
OPP-02891,CUST-1481,Vector Group,Mid-Market,Self-Serve Promo,REP-02,renewal,2025-08-25,2025-10-24,46080.0,Closed Won,closed_won
OPP-02892,CUST-1482,Glide Labs,Mid-Market,Self-Serve Promo,REP-05,renewal,2025-08-06,2025-10-05,115200.0,Closed Won,closed_won
OPP-02893,CUST-1484,Glide Industries,SMB,Outbound Sales,REP-01,renewal,2025-08-10,2025-10-09,6000.0,Closed Won,closed_won
OPP-02894,CUST-1485,Stratus Cloud,SMB,Outbound Sales,REP-05,renewal,2025-08-23,2025-10-22,6000.0,Closed Won,closed_won
OPP-02895,CUST-1486,Cobalt Logic,SMB,Inbound Marketing,REP-10,renewal,2025-08-17,2025-10-16,1800.0,Closed Won,closed_won
OPP-02896,CUST-1487,Mosaic Network,SMB,Inbound Marketing,REP-01,renewal,2025-08-14,2025-10-13,3000.0,Closed Won,closed_won
OPP-02897,CUST-1489,Helix Logic,SMB,Self-Serve Promo,REP-05,renewal,2025-08-20,2025-10-19,7200.0,Closed Won,closed_won
OPP-02898,CUST-1490,Reverb Holdings,Mid-Market,Inbound Marketing,REP-02,renewal,2025-08-08,2025-10-07,168000.0,Closed Won,closed_won
OPP-02899,CUST-1491,Anvil Cloud,SMB,Event/Conference,REP-07,renewal,2025-09-20,2025-10-15,9000.0,Closed Lost,closed_lost
OPP-02900,CUST-1492,Tessera Labs,SMB,Inbound Marketing,REP-09,renewal,2025-08-17,2025-10-16,15840.0,Closed Won,closed_won
OPP-02901,CUST-1493,Mosaic Digital,Mid-Market,Outbound Sales,REP-07,renewal,2025-08-19,2025-10-18,31200.0,Closed Won,closed_won
OPP-02902,CUST-1495,Anvil Network,Enterprise,Outbound Sales,REP-03,renewal,2025-08-15,2025-10-14,879000.0,Closed Won,closed_won
OPP-02903,CUST-1496,Mosaic Group,SMB,Outbound Sales,REP-11,renewal,2025-08-24,2025-10-23,10080.0,Closed Won,closed_won
OPP-02904,CUST-1497,Helix Partners,SMB,Event/Conference,REP-01,renewal,2025-08-10,2025-10-09,7200.0,Closed Won,closed_won
OPP-02905,CUST-1498,Citron Logic,SMB,Inbound Marketing,REP-09,renewal,2025-08-03,2025-10-02,4200.0,Closed Won,closed_won
OPP-02906,CUST-1499,Helix Solutions,SMB,Outbound Sales,REP-10,renewal,2025-08-06,2025-10-05,12960.0,Closed Won,closed_won
OPP-02907,CUST-1500,Cobalt Digital,Mid-Market,Outbound Sales,REP-02,renewal,2025-08-22,2025-10-21,27000.0,Closed Won,closed_won
OPP-02908,CUST-1502,Citron Holdings,Mid-Market,Partner Referral,REP-06,renewal,2025-09-17,2025-11-16,110880.0,Closed Won,closed_won
OPP-02909,CUST-1504,Quantum Group,SMB,Event/Conference,REP-06,renewal,2025-09-09,2025-11-08,27000.0,Closed Won,closed_won
OPP-02910,CUST-1506,Apex Works,SMB,Outbound Sales,REP-10,renewal,2025-09-23,2025-11-22,5400.0,Closed Won,closed_won
OPP-02911,CUST-1507,Tessera Partners,SMB,Outbound Sales,REP-10,renewal,2025-09-20,2025-11-19,3600.0,Closed Won,closed_won
OPP-02912,CUST-1508,Halcyon Logic,SMB,Event/Conference,REP-06,renewal,2025-09-14,2025-11-13,9000.0,Closed Won,closed_won
OPP-02913,CUST-1509,Citron Industries,Mid-Market,Inbound Marketing,REP-03,renewal,2025-09-11,2025-11-10,95040.0,Closed Won,closed_won
OPP-02914,CUST-1510,Plinth Co,Enterprise,Inbound Marketing,REP-05,renewal,2025-09-14,2025-11-13,469440.0,Closed Won,closed_won
OPP-02915,CUST-1511,Anvil Systems,SMB,Inbound Marketing,REP-05,renewal,2025-09-06,2025-11-05,18720.0,Closed Won,closed_won
OPP-02916,CUST-1512,North Holdings,Mid-Market,Partner Referral,REP-07,renewal,2025-09-13,2025-11-12,11400.0,Closed Won,closed_won
OPP-02917,CUST-1513,Halcyon Group,SMB,Inbound Marketing,REP-07,renewal,2025-09-26,2025-11-25,3000.0,Closed Won,closed_won
OPP-02918,CUST-1514,Halcyon Labs,SMB,Event/Conference,REP-03,renewal,2025-09-27,2025-11-26,33000.0,Closed Won,closed_won
OPP-02919,CUST-1516,Marlin Holdings,Mid-Market,Partner Referral,REP-02,renewal,2025-09-27,2025-11-26,67680.0,Closed Won,closed_won
OPP-02920,CUST-1517,Citron Holdings,SMB,Outbound Sales,REP-01,renewal,2025-09-13,2025-11-12,10080.0,Closed Won,closed_won
OPP-02921,CUST-1518,Apex Works,SMB,Inbound Marketing,REP-04,renewal,2025-09-17,2025-11-16,5400.0,Closed Won,closed_won
OPP-02922,CUST-1520,Halcyon Labs,Mid-Market,Partner Referral,REP-05,renewal,2025-09-07,2025-11-06,95040.0,Closed Won,closed_won
OPP-02923,CUST-1522,North Solutions,SMB,Inbound Marketing,REP-04,renewal,2025-09-08,2025-11-07,5760.0,Closed Won,closed_won
OPP-02924,CUST-1523,Glide Logic,SMB,Outbound Sales,REP-10,renewal,2025-09-05,2025-11-04,7800.0,Closed Won,closed_won
OPP-02925,CUST-1524,Quantum Systems,SMB,Inbound Marketing,REP-12,renewal,2025-09-05,2025-11-04,3600.0,Closed Won,closed_won
OPP-02926,CUST-1525,Stratus Labs,SMB,Inbound Marketing,REP-07,renewal,2025-10-07,2025-12-06,4200.0,Closed Won,closed_won
OPP-02927,CUST-1526,Reverb Partners,SMB,Outbound Sales,REP-05,renewal,2025-10-25,2025-12-24,9600.0,Closed Won,closed_won
OPP-02928,CUST-1527,Stratus Systems,SMB,Event/Conference,REP-01,renewal,2025-10-28,2025-12-27,4800.0,Closed Won,closed_won
OPP-02929,CUST-1528,Quantum Dynamics,SMB,Inbound Marketing,REP-03,renewal,2025-10-10,2025-12-09,20160.0,Closed Won,closed_won
OPP-02930,CUST-1529,Stratus Cloud,SMB,Partner Referral,REP-01,renewal,2025-10-03,2025-12-02,17280.0,Closed Won,closed_won
OPP-02931,CUST-1530,Tessera Works,Mid-Market,Outbound Sales,REP-03,renewal,2025-10-06,2025-12-05,80640.0,Closed Won,closed_won
OPP-02932,CUST-1531,Lattice Industries,SMB,Outbound Sales,REP-06,renewal,2025-10-02,2025-12-01,20160.0,Closed Won,closed_won
OPP-02933,CUST-1532,Apex Systems,SMB,Outbound Sales,REP-02,renewal,2025-10-18,2025-12-17,9600.0,Closed Won,closed_won
OPP-02934,CUST-1533,Citron Co,SMB,Inbound Marketing,REP-01,renewal,2025-10-20,2025-12-19,4200.0,Closed Won,closed_won
OPP-02935,CUST-1534,Cobalt Solutions,SMB,Event/Conference,REP-11,renewal,2025-10-23,2025-12-22,3000.0,Closed Won,closed_won
OPP-02936,CUST-1535,Glide Logic,SMB,Outbound Sales,REP-05,renewal,2025-10-28,2025-12-27,3000.0,Closed Won,closed_won
OPP-02937,CUST-1536,Lattice Partners,SMB,Outbound Sales,REP-10,renewal,2025-10-05,2025-12-04,7200.0,Closed Won,closed_won
OPP-02938,CUST-1537,Helix Systems,Enterprise,Event/Conference,REP-10,renewal,2025-10-22,2025-12-21,151200.0,Closed Won,closed_won
OPP-02939,CUST-1538,North Group,SMB,Inbound Marketing,REP-12,renewal,2025-10-16,2025-12-15,8400.0,Closed Won,closed_won
OPP-02940,CUST-1539,Halcyon Co,Mid-Market,Self-Serve Promo,REP-01,renewal,2025-10-04,2025-12-03,210000.0,Closed Won,closed_won
OPP-02941,CUST-1540,Plinth Digital,SMB,Inbound Marketing,REP-06,renewal,2025-10-06,2025-12-05,3600.0,Closed Won,closed_won
OPP-02942,CUST-1541,Anvil Partners,SMB,Partner Referral,REP-05,renewal,2025-10-27,2025-12-26,3600.0,Closed Won,closed_won
OPP-02943,CUST-1542,Glide Systems,SMB,Self-Serve Promo,REP-07,renewal,2025-10-18,2025-12-17,18720.0,Closed Won,closed_won
OPP-02944,CUST-1543,Halcyon Logic,SMB,Outbound Sales,REP-02,renewal,2025-10-03,2025-12-02,3600.0,Closed Won,closed_won
OPP-02945,CUST-1544,Mosaic Cloud,SMB,Outbound Sales,REP-11,renewal,2025-10-18,2025-12-17,1800.0,Closed Won,closed_won
OPP-02946,CUST-1001,Helix Works,Mid-Market,Inbound Marketing,REP-03,expansion,2022-12-21,2023-02-15,3000.0,Closed Won,closed_won
OPP-02947,CUST-1004,Halcyon Industries,SMB,Event/Conference,REP-09,expansion,2023-01-15,2023-03-15,600.0,Closed Won,closed_won
OPP-02948,CUST-1010,Marlin Holdings,SMB,Outbound Sales,REP-12,expansion,2023-03-08,2023-04-15,1440.0,Closed Won,closed_won
OPP-02949,CUST-1052,Plinth Digital,SMB,Outbound Sales,REP-04,expansion,2023-02-24,2023-04-15,600.0,Closed Won,closed_won
OPP-02950,CUST-1019,Halcyon Digital,Enterprise,Event/Conference,REP-01,expansion,2023-04-09,2023-05-15,132000.0,Closed Won,closed_won
OPP-02951,CUST-1021,Citron Systems,SMB,Outbound Sales,REP-07,expansion,2023-03-19,2023-05-15,1200.0,Closed Won,closed_won
OPP-02952,CUST-1046,Glide Logic,SMB,Inbound Marketing,REP-11,expansion,2023-04-12,2023-05-15,600.0,Closed Won,closed_won
OPP-02953,CUST-1067,Helix Industries,SMB,Partner Referral,REP-09,expansion,2023-04-04,2023-05-15,1800.0,Closed Won,closed_won
OPP-02954,CUST-1084,Plinth Holdings,SMB,Self-Serve Promo,REP-11,expansion,2023-05-12,2023-06-15,1800.0,Closed Won,closed_won
OPP-02955,CUST-1014,Lattice Cloud,Mid-Market,Outbound Sales,REP-02,expansion,2023-05-27,2023-07-15,2400.0,Closed Won,closed_won
OPP-02956,CUST-1016,Halcyon Industries,SMB,Outbound Sales,REP-04,expansion,2023-05-27,2023-07-15,1200.0,Closed Won,closed_won
OPP-02957,CUST-1019,Halcyon Digital,Enterprise,Event/Conference,REP-05,expansion,2023-05-29,2023-07-15,183000.0,Closed Won,closed_won
OPP-02958,CUST-1042,Apex Solutions,SMB,Inbound Marketing,REP-07,expansion,2023-05-26,2023-07-15,1800.0,Closed Won,closed_won
OPP-02959,CUST-1047,Reverb Works,SMB,Outbound Sales,REP-12,expansion,2023-05-27,2023-07-15,2880.0,Closed Won,closed_won
OPP-02960,CUST-1114,Stratus Works,Enterprise,Inbound Marketing,REP-04,expansion,2023-05-16,2023-07-15,129000.0,Closed Won,closed_won
OPP-02961,CUST-1017,Cobalt Holdings,SMB,Inbound Marketing,REP-05,expansion,2023-06-23,2023-08-15,600.0,Closed Won,closed_won
OPP-02962,CUST-1044,Mosaic Logic,Mid-Market,Outbound Sales,REP-02,expansion,2023-06-27,2023-08-15,6600.0,Closed Won,closed_won
OPP-02963,CUST-1052,Plinth Digital,SMB,Outbound Sales,REP-05,expansion,2023-07-11,2023-08-15,600.0,Closed Won,closed_won
OPP-02964,CUST-1099,Mosaic Digital,Mid-Market,Event/Conference,REP-06,expansion,2023-06-18,2023-08-15,7200.0,Closed Won,closed_won
OPP-02965,CUST-1005,Beacon Holdings,Enterprise,Event/Conference,REP-07,expansion,2023-08-05,2023-09-15,198000.0,Closed Won,closed_won
OPP-02966,CUST-1013,Reverb Logic,SMB,Inbound Marketing,REP-08,expansion,2023-07-29,2023-09-15,600.0,Closed Won,closed_won
OPP-02967,CUST-1042,Apex Solutions,SMB,Inbound Marketing,REP-02,expansion,2023-07-24,2023-09-15,2400.0,Closed Won,closed_won
OPP-02968,CUST-1043,Halcyon Network,SMB,Event/Conference,REP-09,expansion,2023-08-06,2023-09-15,600.0,Closed Won,closed_won
OPP-02969,CUST-1074,Glide Industries,Mid-Market,Outbound Sales,REP-10,expansion,2023-07-28,2023-09-15,39000.0,Closed Won,closed_won
OPP-02970,CUST-1097,Halcyon Dynamics,Mid-Market,Inbound Marketing,REP-10,expansion,2023-07-18,2023-09-15,7200.0,Closed Won,closed_won
OPP-02971,CUST-1105,Stratus Cloud,SMB,Self-Serve Promo,REP-02,expansion,2023-08-06,2023-09-15,1440.0,Closed Won,closed_won
OPP-02972,CUST-1145,Beacon Labs,SMB,Outbound Sales,REP-05,expansion,2023-08-06,2023-09-15,1200.0,Closed Won,closed_won
OPP-02973,CUST-1024,Helix Group,SMB,Outbound Sales,REP-12,expansion,2023-08-28,2023-10-15,600.0,Closed Won,closed_won
OPP-02974,CUST-1050,Plinth Partners,SMB,Outbound Sales,REP-06,expansion,2023-08-20,2023-10-15,600.0,Closed Won,closed_won
OPP-02975,CUST-1063,Reverb Network,Enterprise,Event/Conference,REP-11,expansion,2023-08-26,2023-10-15,51000.0,Closed Won,closed_won
OPP-02976,CUST-1095,Stratus Dynamics,Mid-Market,Outbound Sales,REP-03,expansion,2023-09-05,2023-10-15,5760.0,Closed Won,closed_won
OPP-02977,CUST-1138,Anvil Holdings,SMB,Outbound Sales,REP-11,expansion,2023-09-12,2023-10-15,600.0,Closed Won,closed_won
OPP-02978,CUST-1014,Lattice Cloud,Mid-Market,Outbound Sales,REP-01,expansion,2023-09-30,2023-11-15,3600.0,Closed Won,closed_won
OPP-02979,CUST-1015,Stratus Dynamics,SMB,Inbound Marketing,REP-01,expansion,2023-10-08,2023-11-15,1440.0,Closed Won,closed_won
OPP-02980,CUST-1024,Helix Group,SMB,Outbound Sales,REP-12,expansion,2023-09-18,2023-11-15,600.0,Closed Won,closed_won
OPP-02981,CUST-1110,Tessera Logic,SMB,Self-Serve Promo,REP-09,expansion,2023-09-28,2023-11-15,1440.0,Closed Won,closed_won
OPP-02982,CUST-1111,Mosaic Holdings,Mid-Market,Event/Conference,REP-02,expansion,2023-10-06,2023-11-15,4800.0,Closed Won,closed_won
OPP-02983,CUST-1177,Beacon Works,SMB,Outbound Sales,REP-07,expansion,2023-10-05,2023-11-15,1200.0,Closed Won,closed_won
OPP-02984,CUST-1178,Stratus Partners,SMB,Partner Referral,REP-11,expansion,2023-09-20,2023-11-15,1200.0,Closed Won,closed_won
OPP-02985,CUST-1052,Plinth Digital,SMB,Outbound Sales,REP-10,expansion,2023-10-31,2023-12-15,600.0,Closed Won,closed_won
OPP-02986,CUST-1056,Beacon Industries,SMB,Event/Conference,REP-04,expansion,2023-10-23,2023-12-15,600.0,Closed Won,closed_won
OPP-02987,CUST-1079,Mosaic Network,Mid-Market,Event/Conference,REP-01,expansion,2023-10-19,2023-12-15,18720.0,Closed Won,closed_won
OPP-02988,CUST-1082,Marlin Labs,Enterprise,Partner Referral,REP-03,expansion,2023-11-03,2023-12-15,54720.0,Closed Won,closed_won
OPP-02989,CUST-1097,Halcyon Dynamics,Mid-Market,Inbound Marketing,REP-05,expansion,2023-11-02,2023-12-15,8640.0,Closed Won,closed_won
OPP-02990,CUST-1132,Apex Group,SMB,Outbound Sales,REP-06,expansion,2023-10-19,2023-12-15,1440.0,Closed Won,closed_won
OPP-02991,CUST-1148,Reverb Co,Enterprise,Outbound Sales,REP-12,expansion,2023-10-26,2023-12-15,25800.0,Closed Won,closed_won
OPP-02992,CUST-1162,Tessera Labs,SMB,Outbound Sales,REP-10,expansion,2023-11-05,2023-12-15,600.0,Closed Won,closed_won
OPP-02993,CUST-1173,Citron Partners,Mid-Market,Event/Conference,REP-10,expansion,2023-11-05,2023-12-15,18000.0,Closed Won,closed_won
OPP-02994,CUST-1179,Beacon Holdings,SMB,Event/Conference,REP-01,expansion,2023-11-14,2023-12-15,4320.0,Closed Won,closed_won
OPP-02995,CUST-1147,Apex Systems,SMB,Outbound Sales,REP-03,expansion,2023-11-16,2024-01-15,1200.0,Closed Won,closed_won
OPP-02996,CUST-1148,Reverb Co,Enterprise,Outbound Sales,REP-06,expansion,2023-12-13,2024-01-15,19800.0,Closed Won,closed_won
OPP-02997,CUST-1040,Anvil Works,Mid-Market,Outbound Sales,REP-06,expansion,2024-01-03,2024-02-15,3000.0,Closed Won,closed_won
OPP-02998,CUST-1057,Plinth Logic,SMB,Outbound Sales,REP-07,expansion,2023-12-25,2024-02-15,600.0,Closed Won,closed_won
OPP-02999,CUST-1092,Citron Logic,Mid-Market,Event/Conference,REP-11,expansion,2024-01-08,2024-02-15,18720.0,Closed Won,closed_won
OPP-03000,CUST-1154,Anvil Industries,SMB,Inbound Marketing,REP-10,expansion,2023-12-31,2024-02-15,1800.0,Closed Won,closed_won
OPP-03001,CUST-1163,Plinth Cloud,Enterprise,Outbound Sales,REP-10,expansion,2024-01-16,2024-02-15,18720.0,Closed Won,closed_won
OPP-03002,CUST-1196,Citron Industries,Mid-Market,Event/Conference,REP-05,expansion,2023-12-20,2024-02-15,7200.0,Closed Won,closed_won
OPP-03003,CUST-1015,Stratus Dynamics,SMB,Inbound Marketing,REP-05,expansion,2024-01-30,2024-03-15,2880.0,Closed Won,closed_won
OPP-03004,CUST-1082,Marlin Labs,Enterprise,Partner Referral,REP-08,expansion,2024-02-08,2024-03-15,74880.0,Closed Won,closed_won
OPP-03005,CUST-1090,Lattice Logic,Mid-Market,Partner Referral,REP-12,expansion,2024-01-26,2024-03-15,5760.0,Closed Won,closed_won
OPP-03006,CUST-1148,Reverb Co,Enterprise,Outbound Sales,REP-02,expansion,2024-01-24,2024-03-15,31200.0,Closed Won,closed_won
OPP-03007,CUST-1163,Plinth Cloud,Enterprise,Outbound Sales,REP-12,expansion,2024-01-16,2024-03-15,36000.0,Closed Won,closed_won
OPP-03008,CUST-1179,Beacon Holdings,SMB,Event/Conference,REP-09,expansion,2024-01-18,2024-03-15,2880.0,Closed Won,closed_won
OPP-03009,CUST-1088,Plinth Co,SMB,Inbound Marketing,REP-08,expansion,2024-02-20,2024-04-15,1800.0,Closed Won,closed_won
OPP-03010,CUST-1090,Lattice Logic,Mid-Market,Partner Referral,REP-11,expansion,2024-03-13,2024-04-15,5760.0,Closed Won,closed_won
OPP-03011,CUST-1099,Mosaic Digital,Mid-Market,Event/Conference,REP-11,expansion,2024-03-06,2024-04-15,5760.0,Closed Won,closed_won
OPP-03012,CUST-1114,Stratus Works,Enterprise,Inbound Marketing,REP-04,expansion,2024-02-24,2024-04-15,168000.0,Closed Won,closed_won
OPP-03013,CUST-1135,Lattice Works,SMB,Inbound Marketing,REP-08,expansion,2024-02-24,2024-04-15,600.0,Closed Won,closed_won
OPP-03014,CUST-1154,Anvil Industries,SMB,Inbound Marketing,REP-09,expansion,2024-03-15,2024-04-15,600.0,Closed Won,closed_won
OPP-03015,CUST-1191,Halcyon Logic,SMB,Outbound Sales,REP-10,expansion,2024-03-01,2024-04-15,4320.0,Closed Won,closed_won
OPP-03016,CUST-1229,Tessera Partners,SMB,Event/Conference,REP-10,expansion,2024-02-17,2024-04-15,1440.0,Closed Won,closed_won
OPP-03017,CUST-1245,Anvil Dynamics,SMB,Inbound Marketing,REP-01,expansion,2024-02-18,2024-04-15,9000.0,Closed Won,closed_won
OPP-03018,CUST-1293,Tessera Logic,Enterprise,Outbound Sales,REP-04,expansion,2024-03-10,2024-04-15,132000.0,Closed Won,closed_won
OPP-03019,CUST-1003,Cobalt Logic,Mid-Market,Partner Referral,REP-03,expansion,2024-04-13,2024-05-15,4320.0,Closed Won,closed_won
OPP-03020,CUST-1016,Halcyon Industries,SMB,Outbound Sales,REP-11,expansion,2024-04-05,2024-05-15,600.0,Closed Won,closed_won
OPP-03021,CUST-1106,Citron Partners,Mid-Market,Inbound Marketing,REP-08,expansion,2024-03-21,2024-05-15,14400.0,Closed Won,closed_won
OPP-03022,CUST-1113,Citron Solutions,Mid-Market,Inbound Marketing,REP-01,expansion,2024-03-21,2024-05-15,2400.0,Closed Won,closed_won
OPP-03023,CUST-1136,Lattice Dynamics,SMB,Inbound Marketing,REP-05,expansion,2024-03-16,2024-05-15,600.0,Closed Won,closed_won
OPP-03024,CUST-1187,Tessera Dynamics,SMB,Partner Referral,REP-08,expansion,2024-03-31,2024-05-15,600.0,Closed Won,closed_won
OPP-03025,CUST-1236,Apex Group,SMB,Inbound Marketing,REP-11,expansion,2024-04-03,2024-05-15,600.0,Closed Won,closed_won
OPP-03026,CUST-1248,Marlin Works,SMB,Partner Referral,REP-01,expansion,2024-03-31,2024-05-15,600.0,Closed Won,closed_won
OPP-03027,CUST-1037,Cobalt Partners,SMB,Inbound Marketing,REP-01,expansion,2024-05-01,2024-06-15,1440.0,Closed Won,closed_won
OPP-03028,CUST-1044,Mosaic Logic,Mid-Market,Outbound Sales,REP-11,expansion,2024-05-05,2024-06-15,3000.0,Closed Won,closed_won
OPP-03029,CUST-1091,Reverb Partners,SMB,Inbound Marketing,REP-05,expansion,2024-05-02,2024-06-15,600.0,Closed Won,closed_won
OPP-03030,CUST-1092,Citron Logic,Mid-Market,Event/Conference,REP-10,expansion,2024-04-30,2024-06-15,17280.0,Closed Won,closed_won
OPP-03031,CUST-1099,Mosaic Digital,Mid-Market,Event/Conference,REP-06,expansion,2024-04-26,2024-06-15,2880.0,Closed Won,closed_won
OPP-03032,CUST-1112,Lattice Network,SMB,Event/Conference,REP-03,expansion,2024-04-26,2024-06-15,3000.0,Closed Won,closed_won
OPP-03033,CUST-1122,Stratus Partners,Mid-Market,Event/Conference,REP-09,expansion,2024-04-21,2024-06-15,18720.0,Closed Won,closed_won
OPP-03034,CUST-1170,Halcyon Labs,SMB,Inbound Marketing,REP-07,expansion,2024-05-01,2024-06-15,1800.0,Closed Won,closed_won
OPP-03035,CUST-1171,Halcyon Works,SMB,Event/Conference,REP-07,expansion,2024-04-18,2024-06-15,600.0,Closed Won,closed_won
OPP-03036,CUST-1177,Beacon Works,SMB,Outbound Sales,REP-05,expansion,2024-04-28,2024-06-15,1200.0,Closed Won,closed_won
OPP-03037,CUST-1245,Anvil Dynamics,SMB,Inbound Marketing,REP-04,expansion,2024-05-02,2024-06-15,3000.0,Closed Won,closed_won
OPP-03038,CUST-1286,Plinth Solutions,SMB,Inbound Marketing,REP-11,expansion,2024-04-18,2024-06-15,600.0,Closed Won,closed_won
OPP-03039,CUST-1313,Reverb Labs,SMB,Partner Referral,REP-10,expansion,2024-05-16,2024-06-15,1800.0,Closed Won,closed_won
OPP-03040,CUST-1126,Anvil Dynamics,Mid-Market,Inbound Marketing,REP-05,expansion,2024-05-26,2024-07-15,14400.0,Closed Won,closed_won
OPP-03041,CUST-1179,Beacon Holdings,SMB,Event/Conference,REP-05,expansion,2024-06-12,2024-07-15,5760.0,Closed Won,closed_won
OPP-03042,CUST-1187,Tessera Dynamics,SMB,Partner Referral,REP-08,expansion,2024-05-31,2024-07-15,600.0,Closed Won,closed_won
OPP-03043,CUST-1189,Cobalt Holdings,SMB,Partner Referral,REP-12,expansion,2024-05-23,2024-07-15,1200.0,Closed Won,closed_won
OPP-03044,CUST-1245,Anvil Dynamics,SMB,Inbound Marketing,REP-12,expansion,2024-05-31,2024-07-15,6000.0,Closed Won,closed_won
OPP-03045,CUST-1281,Vector Holdings,Mid-Market,Outbound Sales,REP-02,expansion,2024-06-13,2024-07-15,4320.0,Closed Won,closed_won
OPP-03046,CUST-1007,Tessera Holdings,SMB,Inbound Marketing,REP-02,expansion,2024-06-17,2024-08-15,600.0,Closed Won,closed_won
OPP-03047,CUST-1068,Beacon Partners,Mid-Market,Self-Serve Promo,REP-11,expansion,2024-06-26,2024-08-15,11520.0,Closed Won,closed_won
OPP-03048,CUST-1130,Anvil Logic,Enterprise,Partner Referral,REP-08,expansion,2024-07-14,2024-08-15,171000.0,Closed Won,closed_won
OPP-03049,CUST-1135,Lattice Works,SMB,Inbound Marketing,REP-04,expansion,2024-07-04,2024-08-15,600.0,Closed Won,closed_won
OPP-03050,CUST-1146,Lattice Works,Mid-Market,Self-Serve Promo,REP-01,expansion,2024-06-26,2024-08-15,2880.0,Closed Won,closed_won
OPP-03051,CUST-1189,Cobalt Holdings,SMB,Partner Referral,REP-02,expansion,2024-06-22,2024-08-15,600.0,Closed Won,closed_won
OPP-03052,CUST-1205,Vector Partners,Mid-Market,Outbound Sales,REP-10,expansion,2024-06-17,2024-08-15,11520.0,Closed Won,closed_won
OPP-03053,CUST-1211,Glide Solutions,SMB,Outbound Sales,REP-10,expansion,2024-06-27,2024-08-15,600.0,Closed Won,closed_won
OPP-03054,CUST-1266,Citron Dynamics,Mid-Market,Inbound Marketing,REP-04,expansion,2024-07-08,2024-08-15,2880.0,Closed Won,closed_won
OPP-03055,CUST-1296,Beacon Logic,SMB,Inbound Marketing,REP-05,expansion,2024-07-06,2024-08-15,4320.0,Closed Won,closed_won
OPP-03056,CUST-1306,Mosaic Systems,Mid-Market,Inbound Marketing,REP-11,expansion,2024-07-04,2024-08-15,7200.0,Closed Won,closed_won
OPP-03057,CUST-1348,Anvil Group,Mid-Market,Outbound Sales,REP-06,expansion,2024-07-06,2024-08-15,7800.0,Closed Won,closed_won
OPP-03058,CUST-1367,Stratus Labs,SMB,Inbound Marketing,REP-06,expansion,2024-07-11,2024-08-15,600.0,Closed Won,closed_won
OPP-03059,CUST-1102,Cobalt Labs,SMB,Inbound Marketing,REP-12,expansion,2024-07-27,2024-09-15,600.0,Closed Won,closed_won
OPP-03060,CUST-1163,Plinth Cloud,Enterprise,Outbound Sales,REP-12,expansion,2024-08-07,2024-09-15,27360.0,Closed Won,closed_won
OPP-03061,CUST-1194,Reverb Partners,SMB,Partner Referral,REP-02,expansion,2024-07-20,2024-09-15,1200.0,Closed Won,closed_won
OPP-03062,CUST-1321,Helix Works,SMB,Outbound Sales,REP-10,expansion,2024-08-01,2024-09-15,600.0,Closed Won,closed_won
OPP-03063,CUST-1329,North Dynamics,SMB,Partner Referral,REP-08,expansion,2024-08-08,2024-09-15,1200.0,Closed Won,closed_won
OPP-03064,CUST-1346,North Labs,SMB,Outbound Sales,REP-03,expansion,2024-08-13,2024-09-15,600.0,Closed Won,closed_won
OPP-03065,CUST-1408,Beacon Partners,SMB,Outbound Sales,REP-12,expansion,2024-08-15,2024-09-15,600.0,Closed Won,closed_won
OPP-03066,CUST-1423,Stratus Digital,SMB,Self-Serve Promo,REP-08,expansion,2024-07-18,2024-09-15,600.0,Closed Won,closed_won
OPP-03067,CUST-1019,Halcyon Digital,Enterprise,Event/Conference,REP-06,expansion,2024-08-22,2024-10-15,129000.0,Closed Won,closed_won
OPP-03068,CUST-1146,Lattice Works,Mid-Market,Self-Serve Promo,REP-04,expansion,2024-08-21,2024-10-15,2880.0,Closed Won,closed_won
OPP-03069,CUST-1186,Halcyon Logic,SMB,Inbound Marketing,REP-03,expansion,2024-08-20,2024-10-15,1440.0,Closed Won,closed_won
OPP-03070,CUST-1230,Reverb Works,SMB,Inbound Marketing,REP-10,expansion,2024-08-30,2024-10-15,2400.0,Closed Won,closed_won
OPP-03071,CUST-1369,Glide Partners,SMB,Inbound Marketing,REP-12,expansion,2024-08-18,2024-10-15,1440.0,Closed Won,closed_won
OPP-03072,CUST-1036,Plinth Solutions,Mid-Market,Outbound Sales,REP-03,expansion,2024-10-14,2024-11-15,3000.0,Closed Won,closed_won
OPP-03073,CUST-1049,Cobalt Works,Mid-Market,Outbound Sales,REP-01,expansion,2024-09-23,2024-11-15,7200.0,Closed Won,closed_won
OPP-03074,CUST-1063,Reverb Network,Enterprise,Event/Conference,REP-04,expansion,2024-10-07,2024-11-15,39000.0,Closed Won,closed_won
OPP-03075,CUST-1158,Mosaic Partners,SMB,Event/Conference,REP-11,expansion,2024-10-15,2024-11-15,1440.0,Closed Won,closed_won
OPP-03076,CUST-1167,Stratus Works,Enterprise,Event/Conference,REP-11,expansion,2024-10-11,2024-11-15,189000.0,Closed Won,closed_won
OPP-03077,CUST-1211,Glide Solutions,SMB,Outbound Sales,REP-02,expansion,2024-09-19,2024-11-15,600.0,Closed Won,closed_won
OPP-03078,CUST-1217,Helix Cloud,SMB,Partner Referral,REP-05,expansion,2024-10-01,2024-11-15,1200.0,Closed Won,closed_won
OPP-03079,CUST-1237,Halcyon Solutions,Mid-Market,Inbound Marketing,REP-07,expansion,2024-09-30,2024-11-15,11520.0,Closed Won,closed_won
OPP-03080,CUST-1311,Apex Logic,Enterprise,Outbound Sales,REP-08,expansion,2024-09-29,2024-11-15,81000.0,Closed Won,closed_won
OPP-03081,CUST-1322,Mosaic Solutions,Enterprise,Outbound Sales,REP-11,expansion,2024-10-10,2024-11-15,33120.0,Closed Won,closed_won
OPP-03082,CUST-1324,Helix Dynamics,SMB,Inbound Marketing,REP-03,expansion,2024-09-24,2024-11-15,1200.0,Closed Won,closed_won
OPP-03083,CUST-1356,Citron Network,Enterprise,Event/Conference,REP-04,expansion,2024-09-29,2024-11-15,177000.0,Closed Won,closed_won
OPP-03084,CUST-1401,Vector Group,SMB,Event/Conference,REP-11,expansion,2024-09-25,2024-11-15,1440.0,Closed Won,closed_won
OPP-03085,CUST-1459,Halcyon Co,SMB,Self-Serve Promo,REP-11,expansion,2024-10-08,2024-11-15,1200.0,Closed Won,closed_won
OPP-03086,CUST-1460,Mosaic Logic,Mid-Market,Self-Serve Promo,REP-05,expansion,2024-09-23,2024-11-15,21000.0,Closed Won,closed_won
OPP-03087,CUST-1500,Cobalt Digital,Mid-Market,Outbound Sales,REP-04,expansion,2024-09-27,2024-11-15,5400.0,Closed Won,closed_won
OPP-03088,CUST-1018,Apex Group,SMB,Partner Referral,REP-05,expansion,2024-11-10,2024-12-15,600.0,Closed Won,closed_won
OPP-03089,CUST-1032,Quantum Partners,SMB,Outbound Sales,REP-05,expansion,2024-11-08,2024-12-15,1440.0,Closed Won,closed_won
OPP-03090,CUST-1130,Anvil Logic,Enterprise,Partner Referral,REP-02,expansion,2024-11-12,2024-12-15,132000.0,Closed Won,closed_won
OPP-03091,CUST-1142,Glide Group,SMB,Outbound Sales,REP-02,expansion,2024-11-09,2024-12-15,2880.0,Closed Won,closed_won
OPP-03092,CUST-1148,Reverb Co,Enterprise,Outbound Sales,REP-12,expansion,2024-11-06,2024-12-15,45600.0,Closed Won,closed_won
OPP-03093,CUST-1268,Apex Co,SMB,Event/Conference,REP-05,expansion,2024-10-24,2024-12-15,1200.0,Closed Won,closed_won
OPP-03094,CUST-1280,Mosaic Systems,SMB,Self-Serve Promo,REP-09,expansion,2024-10-29,2024-12-15,1440.0,Closed Won,closed_won
OPP-03095,CUST-1322,Mosaic Solutions,Enterprise,Outbound Sales,REP-12,expansion,2024-11-01,2024-12-15,21600.0,Closed Won,closed_won
OPP-03096,CUST-1348,Anvil Group,Mid-Market,Outbound Sales,REP-07,expansion,2024-11-15,2024-12-15,7200.0,Closed Won,closed_won
OPP-03097,CUST-1387,Beacon Group,SMB,Self-Serve Promo,REP-12,expansion,2024-10-16,2024-12-15,1800.0,Closed Won,closed_won
OPP-03098,CUST-1401,Vector Group,SMB,Event/Conference,REP-08,expansion,2024-11-11,2024-12-15,2880.0,Closed Won,closed_won
OPP-03099,CUST-1414,North Works,Mid-Market,Event/Conference,REP-06,expansion,2024-10-29,2024-12-15,30000.0,Closed Won,closed_won
OPP-03100,CUST-1452,Mosaic Network,SMB,Outbound Sales,REP-03,expansion,2024-11-06,2024-12-15,600.0,Closed Won,closed_won
OPP-03101,CUST-1477,Beacon Logic,Mid-Market,Self-Serve Promo,REP-08,expansion,2024-10-31,2024-12-15,33000.0,Closed Won,closed_won
OPP-03102,CUST-1519,Stratus Group,SMB,Inbound Marketing,REP-08,expansion,2024-11-09,2024-12-15,600.0,Closed Won,closed_won
OPP-03103,CUST-1520,Halcyon Labs,Mid-Market,Partner Referral,REP-11,expansion,2024-11-02,2024-12-15,7200.0,Closed Won,closed_won
OPP-03104,CUST-1007,Tessera Holdings,SMB,Inbound Marketing,REP-05,expansion,2024-12-05,2025-01-15,1200.0,Closed Won,closed_won
OPP-03105,CUST-1026,Cobalt Holdings,Mid-Market,Outbound Sales,REP-12,expansion,2024-11-26,2025-01-15,5760.0,Closed Won,closed_won
OPP-03106,CUST-1082,Marlin Labs,Enterprise,Partner Referral,REP-08,expansion,2024-12-14,2025-01-15,119520.0,Closed Won,closed_won
OPP-03107,CUST-1137,Plinth Logic,Mid-Market,Event/Conference,REP-12,expansion,2024-12-02,2025-01-15,8640.0,Closed Won,closed_won
OPP-03108,CUST-1238,Tessera Digital,Mid-Market,Event/Conference,REP-02,expansion,2024-12-10,2025-01-15,8640.0,Closed Won,closed_won
OPP-03109,CUST-1310,Marlin Industries,Mid-Market,Event/Conference,REP-11,expansion,2024-12-06,2025-01-15,17280.0,Closed Won,closed_won
OPP-03110,CUST-1362,Quantum Holdings,SMB,Partner Referral,REP-10,expansion,2024-12-01,2025-01-15,6000.0,Closed Won,closed_won
OPP-03111,CUST-1414,North Works,Mid-Market,Event/Conference,REP-10,expansion,2024-11-24,2025-01-15,30000.0,Closed Won,closed_won
OPP-03112,CUST-1432,Beacon Labs,SMB,Self-Serve Promo,REP-01,expansion,2024-11-27,2025-01-15,1200.0,Closed Won,closed_won
OPP-03113,CUST-1436,Vector Dynamics,SMB,Self-Serve Promo,REP-03,expansion,2024-11-17,2025-01-15,3000.0,Closed Won,closed_won
OPP-03114,CUST-1518,Apex Works,SMB,Inbound Marketing,REP-06,expansion,2024-11-22,2025-01-15,600.0,Closed Won,closed_won
OPP-03115,CUST-1045,Halcyon Co,SMB,Inbound Marketing,REP-03,expansion,2025-01-14,2025-02-15,1800.0,Closed Won,closed_won
OPP-03116,CUST-1052,Plinth Digital,SMB,Outbound Sales,REP-03,expansion,2024-12-18,2025-02-15,600.0,Closed Won,closed_won
OPP-03117,CUST-1073,North Group,Mid-Market,Outbound Sales,REP-05,expansion,2024-12-19,2025-02-15,4320.0,Closed Won,closed_won
OPP-03118,CUST-1153,Anvil Labs,Mid-Market,Event/Conference,REP-07,expansion,2024-12-21,2025-02-15,10080.0,Closed Won,closed_won
OPP-03119,CUST-1194,Reverb Partners,SMB,Partner Referral,REP-11,expansion,2025-01-08,2025-02-15,1800.0,Closed Won,closed_won
OPP-03120,CUST-1199,Lattice Logic,SMB,Outbound Sales,REP-11,expansion,2024-12-19,2025-02-15,600.0,Closed Won,closed_won
OPP-03121,CUST-1200,Glide Partners,SMB,Outbound Sales,REP-09,expansion,2025-01-07,2025-02-15,2880.0,Closed Won,closed_won
OPP-03122,CUST-1202,Helix Digital,SMB,Inbound Marketing,REP-11,expansion,2024-12-18,2025-02-15,9000.0,Closed Won,closed_won
OPP-03123,CUST-1259,Glide Dynamics,Enterprise,Self-Serve Promo,REP-02,expansion,2025-01-10,2025-02-15,141000.0,Closed Won,closed_won
OPP-03124,CUST-1295,Anvil Partners,SMB,Event/Conference,REP-11,expansion,2024-12-29,2025-02-15,600.0,Closed Won,closed_won
OPP-03125,CUST-1298,Anvil Works,Enterprise,Inbound Marketing,REP-08,expansion,2024-12-21,2025-02-15,147000.0,Closed Won,closed_won
OPP-03126,CUST-1313,Reverb Labs,SMB,Partner Referral,REP-09,expansion,2024-12-30,2025-02-15,600.0,Closed Won,closed_won
OPP-03127,CUST-1381,North Cloud,Mid-Market,Self-Serve Promo,REP-09,expansion,2025-01-04,2025-02-15,7200.0,Closed Won,closed_won
OPP-03128,CUST-1432,Beacon Labs,SMB,Self-Serve Promo,REP-05,expansion,2025-01-12,2025-02-15,1200.0,Closed Won,closed_won
OPP-03129,CUST-1445,Apex Labs,SMB,Inbound Marketing,REP-05,expansion,2024-12-20,2025-02-15,1200.0,Closed Won,closed_won
OPP-03130,CUST-1456,Anvil Industries,Mid-Market,Outbound Sales,REP-11,expansion,2025-01-08,2025-02-15,8400.0,Closed Won,closed_won
OPP-03131,CUST-1495,Anvil Network,Enterprise,Outbound Sales,REP-06,expansion,2024-12-31,2025-02-15,150000.0,Closed Won,closed_won
OPP-03132,CUST-1512,North Holdings,Mid-Market,Partner Referral,REP-12,expansion,2025-01-10,2025-02-15,1200.0,Closed Won,closed_won
OPP-03133,CUST-1516,Marlin Holdings,Mid-Market,Partner Referral,REP-09,expansion,2024-12-29,2025-02-15,5760.0,Closed Won,closed_won
OPP-03134,CUST-1517,Citron Holdings,SMB,Outbound Sales,REP-11,expansion,2024-12-31,2025-02-15,1440.0,Closed Won,closed_won
OPP-03135,CUST-1014,Lattice Cloud,Mid-Market,Outbound Sales,REP-03,expansion,2025-01-26,2025-03-15,7200.0,Closed Won,closed_won
OPP-03136,CUST-1044,Mosaic Logic,Mid-Market,Outbound Sales,REP-12,expansion,2025-01-22,2025-03-15,6000.0,Closed Won,closed_won
OPP-03137,CUST-1056,Beacon Industries,SMB,Event/Conference,REP-02,expansion,2025-01-18,2025-03-15,1200.0,Closed Won,closed_won
OPP-03138,CUST-1113,Citron Solutions,Mid-Market,Inbound Marketing,REP-12,expansion,2025-01-26,2025-03-15,2400.0,Closed Won,closed_won
OPP-03139,CUST-1167,Stratus Works,Enterprise,Event/Conference,REP-01,expansion,2025-02-04,2025-03-15,150000.0,Closed Won,closed_won
OPP-03140,CUST-1181,Helix Cloud,SMB,Self-Serve Promo,REP-05,expansion,2025-02-03,2025-03-15,2880.0,Closed Won,closed_won
OPP-03141,CUST-1200,Glide Partners,SMB,Outbound Sales,REP-08,expansion,2025-01-20,2025-03-15,1440.0,Closed Won,closed_won
OPP-03142,CUST-1251,Beacon Holdings,SMB,Partner Referral,REP-10,expansion,2025-02-12,2025-03-15,2880.0,Closed Won,closed_won
OPP-03143,CUST-1259,Glide Dynamics,Enterprise,Self-Serve Promo,REP-10,expansion,2025-02-11,2025-03-15,177000.0,Closed Won,closed_won
OPP-03144,CUST-1313,Reverb Labs,SMB,Partner Referral,REP-09,expansion,2025-01-25,2025-03-15,3000.0,Closed Won,closed_won
OPP-03145,CUST-1326,Lattice Solutions,Mid-Market,Outbound Sales,REP-04,expansion,2025-01-28,2025-03-15,14400.0,Closed Won,closed_won
OPP-03146,CUST-1327,Vector Group,SMB,Event/Conference,REP-07,expansion,2025-02-08,2025-03-15,600.0,Closed Won,closed_won
OPP-03147,CUST-1357,Marlin Co,Mid-Market,Partner Referral,REP-02,expansion,2025-01-18,2025-03-15,14400.0,Closed Won,closed_won
OPP-03148,CUST-1361,Plinth Co,Mid-Market,Inbound Marketing,REP-05,expansion,2025-02-08,2025-03-15,30000.0,Closed Won,closed_won
OPP-03149,CUST-1420,Plinth Co,SMB,Self-Serve Promo,REP-02,expansion,2025-02-13,2025-03-15,600.0,Closed Won,closed_won
OPP-03150,CUST-1433,Reverb Network,SMB,Self-Serve Promo,REP-07,expansion,2025-01-16,2025-03-15,600.0,Closed Won,closed_won
OPP-03151,CUST-1439,Helix Partners,Mid-Market,Partner Referral,REP-11,expansion,2025-02-06,2025-03-15,27000.0,Closed Won,closed_won
OPP-03152,CUST-1456,Anvil Industries,Mid-Market,Outbound Sales,REP-09,expansion,2025-01-26,2025-03-15,9600.0,Closed Won,closed_won
OPP-03153,CUST-1467,Halcyon Works,SMB,Self-Serve Promo,REP-02,expansion,2025-01-19,2025-03-15,1200.0,Closed Won,closed_won
OPP-03154,CUST-1504,Quantum Group,SMB,Event/Conference,REP-12,expansion,2025-01-16,2025-03-15,3000.0,Closed Won,closed_won
OPP-03155,CUST-1526,Reverb Partners,SMB,Outbound Sales,REP-05,expansion,2025-01-18,2025-03-15,600.0,Closed Won,closed_won
OPP-03156,CUST-1561,Mosaic Solutions,SMB,Outbound Sales,REP-05,expansion,2025-01-17,2025-03-15,600.0,Closed Won,closed_won
OPP-03157,CUST-1563,Anvil Labs,Mid-Market,Event/Conference,REP-10,expansion,2025-02-09,2025-03-15,12000.0,Closed Won,closed_won
OPP-03158,CUST-1571,North Dynamics,Mid-Market,Event/Conference,REP-07,expansion,2025-02-07,2025-03-15,2400.0,Closed Won,closed_won
OPP-03159,CUST-1005,Beacon Holdings,Enterprise,Event/Conference,REP-05,expansion,2025-03-08,2025-04-15,240000.0,Closed Won,closed_won
OPP-03160,CUST-1082,Marlin Labs,Enterprise,Partner Referral,REP-10,expansion,2025-03-01,2025-04-15,61920.0,Closed Won,closed_won
OPP-03161,CUST-1106,Citron Partners,Mid-Market,Inbound Marketing,REP-02,expansion,2025-03-07,2025-04-15,20160.0,Closed Won,closed_won
OPP-03162,CUST-1114,Stratus Works,Enterprise,Inbound Marketing,REP-06,expansion,2025-03-15,2025-04-15,93000.0,Closed Won,closed_won
OPP-03163,CUST-1117,Beacon Labs,Mid-Market,Event/Conference,REP-06,expansion,2025-03-06,2025-04-15,12960.0,Closed Won,closed_won
OPP-03164,CUST-1148,Reverb Co,Enterprise,Outbound Sales,REP-06,expansion,2025-02-17,2025-04-15,42600.0,Closed Won,closed_won
OPP-03165,CUST-1154,Anvil Industries,SMB,Inbound Marketing,REP-11,expansion,2025-02-28,2025-04-15,600.0,Closed Won,closed_won
OPP-03166,CUST-1177,Beacon Works,SMB,Outbound Sales,REP-05,expansion,2025-02-25,2025-04-15,1200.0,Closed Won,closed_won
OPP-03167,CUST-1180,Beacon Labs,Mid-Market,Inbound Marketing,REP-08,expansion,2025-02-25,2025-04-15,1800.0,Closed Won,closed_won
OPP-03168,CUST-1207,Helix Dynamics,Mid-Market,Event/Conference,REP-03,expansion,2025-03-13,2025-04-15,10080.0,Closed Won,closed_won
OPP-03169,CUST-1212,Quantum Labs,SMB,Event/Conference,REP-02,expansion,2025-02-21,2025-04-15,600.0,Closed Won,closed_won
OPP-03170,CUST-1256,Reverb Systems,SMB,Outbound Sales,REP-01,expansion,2025-02-14,2025-04-15,1800.0,Closed Won,closed_won
OPP-03171,CUST-1261,Glide Systems,Mid-Market,Partner Referral,REP-01,expansion,2025-03-12,2025-04-15,3000.0,Closed Won,closed_won
OPP-03172,CUST-1283,Citron Solutions,SMB,Inbound Marketing,REP-12,expansion,2025-02-22,2025-04-15,1800.0,Closed Won,closed_won
OPP-03173,CUST-1367,Stratus Labs,SMB,Inbound Marketing,REP-10,expansion,2025-02-17,2025-04-15,600.0,Closed Won,closed_won
OPP-03174,CUST-1368,North Holdings,SMB,Partner Referral,REP-04,expansion,2025-03-14,2025-04-15,1200.0,Closed Won,closed_won
OPP-03175,CUST-1386,North Group,SMB,Self-Serve Promo,REP-09,expansion,2025-02-15,2025-04-15,600.0,Closed Won,closed_won
OPP-03176,CUST-1391,North Works,SMB,Self-Serve Promo,REP-05,expansion,2025-03-13,2025-04-15,3000.0,Closed Won,closed_won
OPP-03177,CUST-1423,Stratus Digital,SMB,Self-Serve Promo,REP-03,expansion,2025-03-01,2025-04-15,1200.0,Closed Won,closed_won
OPP-03178,CUST-1431,Beacon Partners,SMB,Self-Serve Promo,REP-08,expansion,2025-02-23,2025-04-15,600.0,Closed Won,closed_won
OPP-03179,CUST-1447,Halcyon Works,Mid-Market,Partner Referral,REP-06,expansion,2025-03-14,2025-04-15,5760.0,Closed Won,closed_won
OPP-03180,CUST-1457,Glide Works,SMB,Partner Referral,REP-12,expansion,2025-02-18,2025-04-15,600.0,Closed Won,closed_won
OPP-03181,CUST-1528,Quantum Dynamics,SMB,Inbound Marketing,REP-03,expansion,2025-03-08,2025-04-15,2880.0,Closed Won,closed_won
OPP-03182,CUST-1044,Mosaic Logic,Mid-Market,Outbound Sales,REP-08,expansion,2025-04-11,2025-05-15,7200.0,Closed Won,closed_won
OPP-03183,CUST-1045,Halcyon Co,SMB,Inbound Marketing,REP-12,expansion,2025-03-28,2025-05-15,1200.0,Closed Won,closed_won
OPP-03184,CUST-1049,Cobalt Works,Mid-Market,Outbound Sales,REP-03,expansion,2025-04-14,2025-05-15,14400.0,Closed Won,closed_won
OPP-03185,CUST-1161,Apex Systems,SMB,Partner Referral,REP-01,expansion,2025-04-02,2025-05-15,2880.0,Closed Won,closed_won
OPP-03186,CUST-1172,Cobalt Systems,Mid-Market,Outbound Sales,REP-07,expansion,2025-03-17,2025-05-15,10080.0,Closed Won,closed_won
OPP-03187,CUST-1252,Reverb Industries,SMB,Inbound Marketing,REP-01,expansion,2025-04-07,2025-05-15,6000.0,Closed Won,closed_won
OPP-03188,CUST-1274,Citron Labs,SMB,Inbound Marketing,REP-06,expansion,2025-04-09,2025-05-15,5760.0,Closed Won,closed_won
OPP-03189,CUST-1365,Tessera Holdings,Enterprise,Partner Referral,REP-01,expansion,2025-04-04,2025-05-15,33120.0,Closed Won,closed_won
OPP-03190,CUST-1411,Tessera Holdings,SMB,Event/Conference,REP-08,expansion,2025-04-12,2025-05-15,1440.0,Closed Won,closed_won
OPP-03191,CUST-1487,Mosaic Network,SMB,Inbound Marketing,REP-05,expansion,2025-04-09,2025-05-15,600.0,Closed Won,closed_won
OPP-03192,CUST-1502,Citron Holdings,Mid-Market,Partner Referral,REP-01,expansion,2025-03-22,2025-05-15,20160.0,Closed Won,closed_won
OPP-03193,CUST-1521,Stratus Dynamics,SMB,Inbound Marketing,REP-08,expansion,2025-04-06,2025-05-15,600.0,Closed Won,closed_won
OPP-03194,CUST-1556,Marlin Systems,Mid-Market,Partner Referral,REP-05,expansion,2025-03-25,2025-05-15,15840.0,Closed Won,closed_won
OPP-03195,CUST-1579,Mosaic Systems,SMB,Event/Conference,REP-04,expansion,2025-04-13,2025-05-15,1200.0,Closed Won,closed_won
OPP-03196,CUST-1588,Citron Dynamics,SMB,Inbound Marketing,REP-03,expansion,2025-04-14,2025-05-15,1200.0,Closed Won,closed_won
OPP-03197,CUST-1616,Citron Digital,SMB,Outbound Sales,REP-01,expansion,2025-04-08,2025-05-15,1200.0,Closed Won,closed_won
OPP-03198,CUST-1061,Anvil Works,Mid-Market,Outbound Sales,REP-04,expansion,2025-04-21,2025-06-15,15840.0,Closed Won,closed_won
OPP-03199,CUST-1106,Citron Partners,Mid-Market,Inbound Marketing,REP-12,expansion,2025-04-24,2025-06-15,7200.0,Closed Won,closed_won
OPP-03200,CUST-1125,Cobalt Dynamics,SMB,Inbound Marketing,REP-11,expansion,2025-04-25,2025-06-15,600.0,Closed Won,closed_won
OPP-03201,CUST-1167,Stratus Works,Enterprise,Event/Conference,REP-05,expansion,2025-05-04,2025-06-15,204000.0,Closed Won,closed_won
OPP-03202,CUST-1316,Glide Group,SMB,Event/Conference,REP-12,expansion,2025-05-04,2025-06-15,2880.0,Closed Won,closed_won
OPP-03203,CUST-1325,Tessera Group,SMB,Outbound Sales,REP-06,expansion,2025-05-09,2025-06-15,1200.0,Closed Won,closed_won
OPP-03204,CUST-1331,Apex Co,SMB,Self-Serve Promo,REP-12,expansion,2025-04-29,2025-06-15,1200.0,Closed Won,closed_won
OPP-03205,CUST-1356,Citron Network,Enterprise,Event/Conference,REP-05,expansion,2025-05-01,2025-06-15,273000.0,Closed Won,closed_won
OPP-03206,CUST-1357,Marlin Co,Mid-Market,Partner Referral,REP-01,expansion,2025-04-29,2025-06-15,10080.0,Closed Won,closed_won
OPP-03207,CUST-1407,Glide Group,Mid-Market,Self-Serve Promo,REP-04,expansion,2025-04-24,2025-06-15,18000.0,Closed Won,closed_won
OPP-03208,CUST-1436,Vector Dynamics,SMB,Self-Serve Promo,REP-11,expansion,2025-04-25,2025-06-15,3000.0,Closed Won,closed_won
OPP-03209,CUST-1456,Anvil Industries,Mid-Market,Outbound Sales,REP-10,expansion,2025-04-16,2025-06-15,8400.0,Closed Won,closed_won
OPP-03210,CUST-1490,Reverb Holdings,Mid-Market,Inbound Marketing,REP-12,expansion,2025-04-16,2025-06-15,30000.0,Closed Won,closed_won
OPP-03211,CUST-1576,Apex Labs,Mid-Market,Partner Referral,REP-05,expansion,2025-05-07,2025-06-15,5760.0,Closed Won,closed_won
OPP-03212,CUST-1027,Citron Partners,SMB,Inbound Marketing,REP-02,expansion,2025-06-13,2025-07-15,600.0,Closed Won,closed_won
OPP-03213,CUST-1029,Halcyon Solutions,SMB,Partner Referral,REP-05,expansion,2025-05-23,2025-07-15,600.0,Closed Won,closed_won
OPP-03214,CUST-1146,Lattice Works,Mid-Market,Self-Serve Promo,REP-01,expansion,2025-05-19,2025-07-15,5760.0,Closed Won,closed_won
OPP-03215,CUST-1167,Stratus Works,Enterprise,Event/Conference,REP-08,expansion,2025-05-30,2025-07-15,117000.0,Closed Won,closed_won
OPP-03216,CUST-1209,Helix Holdings,SMB,Inbound Marketing,REP-11,expansion,2025-06-01,2025-07-15,2880.0,Closed Won,closed_won
OPP-03217,CUST-1290,Stratus Labs,SMB,Outbound Sales,REP-12,expansion,2025-05-25,2025-07-15,1440.0,Closed Won,closed_won
OPP-03218,CUST-1336,Lattice Dynamics,Mid-Market,Outbound Sales,REP-05,expansion,2025-06-12,2025-07-15,5760.0,Closed Won,closed_won
OPP-03219,CUST-1397,Plinth Network,Mid-Market,Self-Serve Promo,REP-03,expansion,2025-06-13,2025-07-15,14400.0,Closed Won,closed_won
OPP-03220,CUST-1399,Vector Labs,Mid-Market,Outbound Sales,REP-08,expansion,2025-05-26,2025-07-15,10080.0,Closed Won,closed_won
OPP-03221,CUST-1484,Glide Industries,SMB,Outbound Sales,REP-05,expansion,2025-06-15,2025-07-15,1200.0,Closed Won,closed_won
OPP-03222,CUST-1529,Stratus Cloud,SMB,Partner Referral,REP-08,expansion,2025-05-26,2025-07-15,2880.0,Closed Won,closed_won
OPP-03223,CUST-1530,Tessera Works,Mid-Market,Outbound Sales,REP-03,expansion,2025-05-23,2025-07-15,10080.0,Closed Won,closed_won
OPP-03224,CUST-1623,Beacon Partners,SMB,Partner Referral,REP-06,expansion,2025-06-08,2025-07-15,600.0,Closed Won,closed_won
OPP-03225,CUST-1650,Cobalt Logic,Mid-Market,Outbound Sales,REP-10,expansion,2025-06-06,2025-07-15,4320.0,Closed Won,closed_won
OPP-03226,CUST-1654,Reverb Partners,Mid-Market,Outbound Sales,REP-09,expansion,2025-05-25,2025-07-15,4800.0,Closed Won,closed_won
OPP-03227,CUST-1040,Anvil Works,Mid-Market,Outbound Sales,REP-02,expansion,2025-07-03,2025-08-15,8400.0,Closed Won,closed_won
OPP-03228,CUST-1082,Marlin Labs,Enterprise,Partner Referral,REP-03,expansion,2025-06-21,2025-08-15,142560.0,Closed Won,closed_won
OPP-03229,CUST-1152,Halcyon Solutions,SMB,Inbound Marketing,REP-01,expansion,2025-07-15,2025-08-15,600.0,Closed Won,closed_won
OPP-03230,CUST-1192,Lattice Logic,SMB,Outbound Sales,REP-04,expansion,2025-07-14,2025-08-15,600.0,Closed Won,closed_won
OPP-03231,CUST-1283,Citron Solutions,SMB,Inbound Marketing,REP-04,expansion,2025-06-22,2025-08-15,1200.0,Closed Won,closed_won
OPP-03232,CUST-1293,Tessera Logic,Enterprise,Outbound Sales,REP-11,expansion,2025-07-12,2025-08-15,96000.0,Closed Won,closed_won
OPP-03233,CUST-1326,Lattice Solutions,Mid-Market,Outbound Sales,REP-09,expansion,2025-06-29,2025-08-15,8640.0,Closed Won,closed_won
OPP-03234,CUST-1341,Anvil Cloud,SMB,Inbound Marketing,REP-05,expansion,2025-06-22,2025-08-15,3000.0,Closed Won,closed_won
OPP-03235,CUST-1343,Stratus Group,SMB,Inbound Marketing,REP-02,expansion,2025-06-21,2025-08-15,2880.0,Closed Won,closed_won
OPP-03236,CUST-1445,Apex Labs,SMB,Inbound Marketing,REP-08,expansion,2025-06-30,2025-08-15,1200.0,Closed Won,closed_won
OPP-03237,CUST-1449,Reverb Co,SMB,Self-Serve Promo,REP-12,expansion,2025-06-30,2025-08-15,2880.0,Closed Won,closed_won
OPP-03238,CUST-1482,Glide Labs,Mid-Market,Self-Serve Promo,REP-11,expansion,2025-06-18,2025-08-15,17280.0,Closed Won,closed_won
OPP-03239,CUST-1493,Mosaic Digital,Mid-Market,Outbound Sales,REP-01,expansion,2025-07-11,2025-08-15,1800.0,Closed Won,closed_won
OPP-03240,CUST-1518,Apex Works,SMB,Inbound Marketing,REP-02,expansion,2025-07-07,2025-08-15,1200.0,Closed Won,closed_won
OPP-03241,CUST-1573,Beacon Labs,Mid-Market,Self-Serve Promo,REP-11,expansion,2025-06-22,2025-08-15,9000.0,Closed Won,closed_won
OPP-03242,CUST-1593,North Works,SMB,Inbound Marketing,REP-11,expansion,2025-06-27,2025-08-15,600.0,Closed Won,closed_won
OPP-03243,CUST-1621,Cobalt Group,SMB,Outbound Sales,REP-06,expansion,2025-06-25,2025-08-15,1200.0,Closed Won,closed_won
OPP-03244,CUST-1680,Mosaic Network,Enterprise,Outbound Sales,REP-10,expansion,2025-06-25,2025-08-15,60000.0,Closed Won,closed_won
OPP-03245,CUST-1005,Beacon Holdings,Enterprise,Event/Conference,REP-05,expansion,2025-08-15,2025-09-15,177000.0,Closed Won,closed_won
OPP-03246,CUST-1066,Quantum Network,SMB,Inbound Marketing,REP-06,expansion,2025-08-04,2025-09-15,4320.0,Closed Won,closed_won
OPP-03247,CUST-1097,Halcyon Dynamics,Mid-Market,Inbound Marketing,REP-01,expansion,2025-08-06,2025-09-15,7200.0,Closed Won,closed_won
OPP-03248,CUST-1106,Citron Partners,Mid-Market,Inbound Marketing,REP-06,expansion,2025-07-25,2025-09-15,14400.0,Closed Won,closed_won
OPP-03249,CUST-1119,Vector Logic,SMB,Inbound Marketing,REP-08,expansion,2025-08-04,2025-09-15,2880.0,Closed Won,closed_won
OPP-03250,CUST-1179,Beacon Holdings,SMB,Event/Conference,REP-12,expansion,2025-07-30,2025-09-15,7200.0,Closed Won,closed_won
OPP-03251,CUST-1272,Stratus Holdings,Mid-Market,Partner Referral,REP-02,expansion,2025-07-18,2025-09-15,2880.0,Closed Won,closed_won
OPP-03252,CUST-1301,North Digital,SMB,Outbound Sales,REP-08,expansion,2025-08-07,2025-09-15,600.0,Closed Won,closed_won
OPP-03253,CUST-1352,Tessera Labs,SMB,Self-Serve Promo,REP-02,expansion,2025-07-31,2025-09-15,1440.0,Closed Won,closed_won
OPP-03254,CUST-1356,Citron Network,Enterprise,Event/Conference,REP-09,expansion,2025-08-06,2025-09-15,165000.0,Closed Won,closed_won
OPP-03255,CUST-1439,Helix Partners,Mid-Market,Partner Referral,REP-01,expansion,2025-07-24,2025-09-15,18000.0,Closed Won,closed_won
OPP-03256,CUST-1440,Apex Network,SMB,Outbound Sales,REP-09,expansion,2025-08-01,2025-09-15,600.0,Closed Won,closed_won
OPP-03257,CUST-1449,Reverb Co,SMB,Self-Serve Promo,REP-04,expansion,2025-07-26,2025-09-15,1440.0,Closed Won,closed_won
OPP-03258,CUST-1477,Beacon Logic,Mid-Market,Self-Serve Promo,REP-11,expansion,2025-07-29,2025-09-15,54000.0,Closed Won,closed_won
OPP-03259,CUST-1513,Halcyon Group,SMB,Inbound Marketing,REP-04,expansion,2025-07-20,2025-09-15,600.0,Closed Won,closed_won
OPP-03260,CUST-1528,Quantum Dynamics,SMB,Inbound Marketing,REP-02,expansion,2025-07-21,2025-09-15,2880.0,Closed Won,closed_won
OPP-03261,CUST-1532,Apex Systems,SMB,Outbound Sales,REP-11,expansion,2025-07-21,2025-09-15,1200.0,Closed Won,closed_won
OPP-03262,CUST-1547,Citron Works,Mid-Market,Outbound Sales,REP-02,expansion,2025-07-28,2025-09-15,11520.0,Closed Won,closed_won
OPP-03263,CUST-1628,North Labs,Mid-Market,Partner Referral,REP-07,expansion,2025-07-26,2025-09-15,4320.0,Closed Won,closed_won
OPP-03264,CUST-1633,Lattice Holdings,Mid-Market,Event/Conference,REP-04,expansion,2025-08-14,2025-09-15,12000.0,Closed Won,closed_won
OPP-03265,CUST-1642,Cobalt Holdings,SMB,Outbound Sales,REP-06,expansion,2025-07-27,2025-09-15,1440.0,Closed Won,closed_won
OPP-03266,CUST-1659,Quantum Network,Enterprise,Partner Referral,REP-08,expansion,2025-07-30,2025-09-15,56160.0,Closed Won,closed_won
OPP-03267,CUST-1683,Beacon Group,SMB,Inbound Marketing,REP-03,expansion,2025-07-23,2025-09-15,2880.0,Closed Won,closed_won
OPP-03268,CUST-1019,Halcyon Digital,Enterprise,Event/Conference,REP-09,expansion,2025-08-29,2025-10-15,186000.0,Closed Won,closed_won
OPP-03269,CUST-1061,Anvil Works,Mid-Market,Outbound Sales,REP-07,expansion,2025-09-08,2025-10-15,20160.0,Closed Won,closed_won
OPP-03270,CUST-1065,Halcyon Solutions,SMB,Inbound Marketing,REP-01,expansion,2025-08-29,2025-10-15,600.0,Closed Won,closed_won
OPP-03271,CUST-1114,Stratus Works,Enterprise,Inbound Marketing,REP-12,expansion,2025-08-17,2025-10-15,240000.0,Closed Won,closed_won
OPP-03272,CUST-1172,Cobalt Systems,Mid-Market,Outbound Sales,REP-05,expansion,2025-09-07,2025-10-15,10080.0,Closed Won,closed_won
OPP-03273,CUST-1192,Lattice Logic,SMB,Outbound Sales,REP-04,expansion,2025-08-21,2025-10-15,1200.0,Closed Won,closed_won
OPP-03274,CUST-1223,Glide Cloud,SMB,Event/Conference,REP-07,expansion,2025-08-22,2025-10-15,600.0,Closed Won,closed_won
OPP-03275,CUST-1262,Reverb Labs,SMB,Inbound Marketing,REP-11,expansion,2025-08-28,2025-10-15,4320.0,Closed Won,closed_won
OPP-03276,CUST-1311,Apex Logic,Enterprise,Outbound Sales,REP-04,expansion,2025-08-26,2025-10-15,66000.0,Closed Won,closed_won
OPP-03277,CUST-1323,Stratus Partners,Mid-Market,Partner Referral,REP-09,expansion,2025-08-24,2025-10-15,18000.0,Closed Won,closed_won
OPP-03278,CUST-1391,North Works,SMB,Self-Serve Promo,REP-01,expansion,2025-09-04,2025-10-15,3000.0,Closed Won,closed_won
OPP-03279,CUST-1394,Vector Cloud,SMB,Self-Serve Promo,REP-12,expansion,2025-09-08,2025-10-15,1440.0,Closed Won,closed_won
OPP-03280,CUST-1404,Beacon Industries,Mid-Market,Event/Conference,REP-08,expansion,2025-09-01,2025-10-15,2880.0,Closed Won,closed_won
OPP-03281,CUST-1469,Anvil Works,SMB,Self-Serve Promo,REP-03,expansion,2025-08-27,2025-10-15,600.0,Closed Won,closed_won
OPP-03282,CUST-1482,Glide Labs,Mid-Market,Self-Serve Promo,REP-10,expansion,2025-09-05,2025-10-15,14400.0,Closed Won,closed_won
OPP-03283,CUST-1516,Marlin Holdings,Mid-Market,Partner Referral,REP-05,expansion,2025-09-01,2025-10-15,17280.0,Closed Won,closed_won
OPP-03284,CUST-1543,Halcyon Logic,SMB,Outbound Sales,REP-02,expansion,2025-09-11,2025-10-15,600.0,Closed Won,closed_won
OPP-03285,CUST-1546,Plinth Holdings,Enterprise,Outbound Sales,REP-01,expansion,2025-09-11,2025-10-15,30000.0,Closed Won,closed_won
OPP-03286,CUST-1547,Citron Works,Mid-Market,Outbound Sales,REP-09,expansion,2025-08-16,2025-10-15,7200.0,Closed Won,closed_won
OPP-03287,CUST-1607,Plinth Cloud,SMB,Inbound Marketing,REP-04,expansion,2025-09-06,2025-10-15,600.0,Closed Won,closed_won
OPP-03288,CUST-1613,North Cloud,SMB,Partner Referral,REP-01,expansion,2025-09-01,2025-10-15,600.0,Closed Won,closed_won
OPP-03289,CUST-1620,Citron Solutions,Mid-Market,Inbound Marketing,REP-07,expansion,2025-09-03,2025-10-15,11520.0,Closed Won,closed_won
OPP-03290,CUST-1678,Vector Partners,Mid-Market,Self-Serve Promo,REP-03,expansion,2025-08-18,2025-10-15,24000.0,Closed Won,closed_won
OPP-03291,CUST-1704,Beacon Network,SMB,Partner Referral,REP-02,expansion,2025-09-15,2025-10-15,1200.0,Closed Won,closed_won
OPP-03292,CUST-1720,Apex Labs,SMB,Event/Conference,REP-04,expansion,2025-08-21,2025-10-15,1440.0,Closed Won,closed_won
OPP-03293,CUST-1016,Halcyon Industries,SMB,Outbound Sales,REP-06,expansion,2025-09-24,2025-11-15,1200.0,Closed Won,closed_won
OPP-03294,CUST-1045,Halcyon Co,SMB,Inbound Marketing,REP-06,expansion,2025-10-14,2025-11-15,1800.0,Closed Won,closed_won
OPP-03295,CUST-1075,Quantum Industries,Mid-Market,Outbound Sales,REP-08,expansion,2025-09-19,2025-11-15,9000.0,Closed Won,closed_won
OPP-03296,CUST-1115,Cobalt Network,SMB,Inbound Marketing,REP-07,expansion,2025-09-24,2025-11-15,1440.0,Closed Won,closed_won
OPP-03297,CUST-1122,Stratus Partners,Mid-Market,Event/Conference,REP-09,expansion,2025-10-03,2025-11-15,12960.0,Closed Won,closed_won
OPP-03298,CUST-1155,Tessera Systems,SMB,Outbound Sales,REP-12,expansion,2025-09-20,2025-11-15,1440.0,Closed Won,closed_won
OPP-03299,CUST-1178,Stratus Partners,SMB,Partner Referral,REP-01,expansion,2025-10-15,2025-11-15,600.0,Closed Won,closed_won
OPP-03300,CUST-1266,Citron Dynamics,Mid-Market,Inbound Marketing,REP-01,expansion,2025-10-11,2025-11-15,4320.0,Closed Won,closed_won
OPP-03301,CUST-1273,Mosaic Industries,Mid-Market,Partner Referral,REP-09,expansion,2025-09-27,2025-11-15,5760.0,Closed Won,closed_won
OPP-03302,CUST-1280,Mosaic Systems,SMB,Self-Serve Promo,REP-12,expansion,2025-09-25,2025-11-15,1440.0,Closed Won,closed_won
OPP-03303,CUST-1366,Lattice Holdings,SMB,Partner Referral,REP-05,expansion,2025-09-18,2025-11-15,600.0,Closed Won,closed_won
OPP-03304,CUST-1372,Reverb Solutions,Mid-Market,Partner Referral,REP-10,expansion,2025-10-06,2025-11-15,21000.0,Closed Won,closed_won
OPP-03305,CUST-1583,Glide Dynamics,Mid-Market,Event/Conference,REP-01,expansion,2025-10-16,2025-11-15,11520.0,Closed Won,closed_won
OPP-03306,CUST-1584,Beacon Systems,SMB,Outbound Sales,REP-07,expansion,2025-10-14,2025-11-15,600.0,Closed Won,closed_won
OPP-03307,CUST-1650,Cobalt Logic,Mid-Market,Outbound Sales,REP-08,expansion,2025-09-29,2025-11-15,11520.0,Closed Won,closed_won
OPP-03308,CUST-1675,Helix Solutions,SMB,Inbound Marketing,REP-08,expansion,2025-10-05,2025-11-15,2880.0,Closed Won,closed_won
OPP-03309,CUST-1676,Halcyon Dynamics,Mid-Market,Event/Conference,REP-09,expansion,2025-10-14,2025-11-15,23040.0,Closed Won,closed_won
OPP-03310,CUST-1682,Helix Cloud,SMB,Event/Conference,REP-08,expansion,2025-09-30,2025-11-15,1200.0,Closed Won,closed_won
OPP-03311,CUST-1734,Stratus Industries,SMB,Inbound Marketing,REP-07,expansion,2025-09-28,2025-11-15,600.0,Closed Won,closed_won
OPP-03312,CUST-1029,Halcyon Solutions,SMB,Partner Referral,REP-12,expansion,2025-11-09,2025-12-15,600.0,Closed Won,closed_won
OPP-03313,CUST-1039,Glide Network,SMB,Partner Referral,REP-07,expansion,2025-11-15,2025-12-15,600.0,Closed Won,closed_won
OPP-03314,CUST-1135,Lattice Works,SMB,Inbound Marketing,REP-09,expansion,2025-10-16,2025-12-15,600.0,Closed Won,closed_won
OPP-03315,CUST-1167,Stratus Works,Enterprise,Event/Conference,REP-05,expansion,2025-11-05,2025-12-15,186000.0,Closed Won,closed_won
OPP-03316,CUST-1181,Helix Cloud,SMB,Self-Serve Promo,REP-11,expansion,2025-10-18,2025-12-15,1440.0,Closed Won,closed_won
OPP-03317,CUST-1207,Helix Dynamics,Mid-Market,Event/Conference,REP-10,expansion,2025-11-08,2025-12-15,12960.0,Closed Won,closed_won
OPP-03318,CUST-1275,Beacon Systems,SMB,Outbound Sales,REP-07,expansion,2025-10-21,2025-12-15,1440.0,Closed Won,closed_won
OPP-03319,CUST-1306,Mosaic Systems,Mid-Market,Inbound Marketing,REP-11,expansion,2025-10-29,2025-12-15,8640.0,Closed Won,closed_won
OPP-03320,CUST-1345,Vector Industries,SMB,Outbound Sales,REP-09,expansion,2025-11-06,2025-12-15,600.0,Closed Won,closed_won
OPP-03321,CUST-1365,Tessera Holdings,Enterprise,Partner Referral,REP-10,expansion,2025-11-05,2025-12-15,25920.0,Closed Won,closed_won
OPP-03322,CUST-1499,Helix Solutions,SMB,Outbound Sales,REP-01,expansion,2025-11-10,2025-12-15,1440.0,Closed Won,closed_won
OPP-03323,CUST-1557,Quantum Logic,SMB,Outbound Sales,REP-04,expansion,2025-10-27,2025-12-15,1800.0,Closed Won,closed_won
OPP-03324,CUST-1571,North Dynamics,Mid-Market,Event/Conference,REP-07,expansion,2025-10-18,2025-12-15,600.0,Closed Won,closed_won
OPP-03325,CUST-1644,Glide Solutions,SMB,Outbound Sales,REP-09,expansion,2025-11-08,2025-12-15,600.0,Closed Won,closed_won
OPP-03326,CUST-1651,Quantum Works,SMB,Event/Conference,REP-03,expansion,2025-11-15,2025-12-15,600.0,Closed Won,closed_won
OPP-03327,CUST-1722,Quantum Co,SMB,Outbound Sales,REP-05,expansion,2025-10-21,2025-12-15,600.0,Closed Won,closed_won
OPP-03328,CUST-1001,Helix Works,Mid-Market,Inbound Marketing,REP-12,renewal,2025-11-20,2026-01-19,51000.0,Renewal Discussion,open
OPP-03329,CUST-1003,Cobalt Logic,Mid-Market,Partner Referral,REP-12,renewal,2025-11-13,2026-01-12,73440.0,Renewal Discussion,open
OPP-03330,CUST-1004,Halcyon Industries,SMB,Event/Conference,REP-09,renewal,2025-11-06,2026-01-05,6600.0,Renewal Discussion,open
OPP-03331,CUST-1005,Beacon Holdings,Enterprise,Event/Conference,REP-06,renewal,2025-11-07,2026-01-06,1581000.0,Renewal Discussion,open
OPP-03332,CUST-1007,Tessera Holdings,SMB,Inbound Marketing,REP-01,renewal,2025-11-05,2026-01-04,7200.0,Renewal Discussion,open
OPP-03333,CUST-1009,Vector Industries,Mid-Market,Event/Conference,REP-03,renewal,2025-11-09,2026-01-08,99360.0,Renewal Discussion,open
OPP-03334,CUST-1010,Marlin Holdings,SMB,Outbound Sales,REP-08,renewal,2025-11-23,2026-01-22,7200.0,Renewal Discussion,open
OPP-03335,CUST-1013,Reverb Logic,SMB,Inbound Marketing,REP-07,renewal,2025-11-13,2026-01-12,4800.0,Negotiation,open
OPP-03336,CUST-1014,Lattice Cloud,Mid-Market,Outbound Sales,REP-10,renewal,2025-11-25,2026-01-24,36600.0,Renewal Discussion,open
OPP-03337,CUST-1015,Stratus Dynamics,SMB,Inbound Marketing,REP-04,renewal,2025-11-19,2026-01-18,25920.0,Negotiation,open
OPP-03338,CUST-1016,Halcyon Industries,SMB,Outbound Sales,REP-04,renewal,2025-11-22,2026-01-21,8400.0,Renewal Discussion,open
OPP-03339,CUST-1018,Apex Group,SMB,Partner Referral,REP-05,renewal,2025-11-27,2026-01-26,4800.0,Renewal Discussion,open
OPP-03340,CUST-1223,Glide Cloud,SMB,Event/Conference,REP-03,renewal,2025-10-06,2025-12-05,8400.0,Negotiation,open
OPP-03341,CUST-1226,Lattice Group,SMB,Outbound Sales,REP-12,renewal,2025-10-06,2025-12-05,10080.0,Negotiation,open
OPP-03342,CUST-1227,Stratus Systems,SMB,Inbound Marketing,REP-12,renewal,2025-10-18,2025-12-17,7800.0,Negotiation,open
OPP-03343,CUST-1230,Reverb Works,SMB,Inbound Marketing,REP-10,renewal,2025-10-14,2025-12-13,11400.0,Renewal Discussion,open
OPP-03344,CUST-1231,Citron Holdings,Mid-Market,Outbound Sales,REP-05,renewal,2025-10-15,2025-12-14,102000.0,Negotiation,open
OPP-03345,CUST-1233,Plinth Dynamics,SMB,Outbound Sales,REP-07,renewal,2025-10-17,2025-12-16,2880.0,Renewal Discussion,open
OPP-03346,CUST-1234,Anvil Solutions,SMB,Partner Referral,REP-07,renewal,2025-10-23,2025-12-22,11520.0,Renewal Discussion,open
OPP-03347,CUST-1235,Lattice Industries,SMB,Inbound Marketing,REP-06,renewal,2025-10-14,2025-12-13,3600.0,Negotiation,open
OPP-03348,CUST-1236,Apex Group,SMB,Inbound Marketing,REP-11,renewal,2025-10-16,2025-12-15,6600.0,Negotiation,open
OPP-03349,CUST-1239,Reverb Labs,Mid-Market,Inbound Marketing,REP-08,renewal,2025-10-17,2025-12-16,213000.0,Negotiation,open
OPP-03350,CUST-1240,Halcyon Systems,SMB,Inbound Marketing,REP-05,renewal,2025-10-11,2025-12-10,1800.0,Negotiation,open
OPP-03351,CUST-1243,Mosaic Network,SMB,Inbound Marketing,REP-08,renewal,2025-11-28,2026-01-27,4320.0,Renewal Discussion,open
OPP-03352,CUST-1247,Citron Holdings,SMB,Event/Conference,REP-10,renewal,2025-11-16,2026-01-15,7800.0,Renewal Discussion,open
OPP-03353,CUST-1249,Plinth Systems,SMB,Inbound Marketing,REP-05,renewal,2025-11-05,2026-01-04,4800.0,Negotiation,open
OPP-03354,CUST-1250,Mosaic Dynamics,SMB,Event/Conference,REP-01,renewal,2025-11-08,2026-01-07,3600.0,Negotiation,open
OPP-03355,CUST-1251,Beacon Holdings,SMB,Partner Referral,REP-08,renewal,2025-11-19,2026-01-18,20160.0,Negotiation,open
OPP-03356,CUST-1252,Reverb Industries,SMB,Inbound Marketing,REP-07,renewal,2025-11-14,2026-01-13,30000.0,Renewal Discussion,open
OPP-03357,CUST-1255,Reverb Labs,Mid-Market,Inbound Marketing,REP-12,renewal,2025-11-14,2026-01-13,77760.0,Renewal Discussion,open
OPP-03358,CUST-1259,Glide Dynamics,Enterprise,Self-Serve Promo,REP-09,renewal,2025-11-14,2026-01-13,987000.0,Negotiation,open
OPP-03359,CUST-1260,Mosaic Solutions,SMB,Outbound Sales,REP-09,renewal,2025-11-17,2026-01-16,4200.0,Renewal Discussion,open
OPP-03360,CUST-1525,Stratus Labs,SMB,Inbound Marketing,REP-08,renewal,2025-10-07,2025-12-06,4200.0,Negotiation,open
OPP-03361,CUST-1526,Reverb Partners,SMB,Outbound Sales,REP-01,renewal,2025-10-25,2025-12-24,9600.0,Negotiation,open
OPP-03362,CUST-1527,Stratus Systems,SMB,Event/Conference,REP-10,renewal,2025-10-28,2025-12-27,4800.0,Negotiation,open
OPP-03363,CUST-1528,Quantum Dynamics,SMB,Inbound Marketing,REP-12,renewal,2025-10-10,2025-12-09,20160.0,Negotiation,open
OPP-03364,CUST-1529,Stratus Cloud,SMB,Partner Referral,REP-11,renewal,2025-10-03,2025-12-02,17280.0,Negotiation,open
OPP-03365,CUST-1530,Tessera Works,Mid-Market,Outbound Sales,REP-01,renewal,2025-10-06,2025-12-05,80640.0,Renewal Discussion,open
OPP-03366,CUST-1532,Apex Systems,SMB,Outbound Sales,REP-03,renewal,2025-10-18,2025-12-17,9600.0,Negotiation,open
OPP-03367,CUST-1533,Citron Co,SMB,Inbound Marketing,REP-01,renewal,2025-10-20,2025-12-19,4200.0,Negotiation,open
OPP-03368,CUST-1534,Cobalt Solutions,SMB,Event/Conference,REP-09,renewal,2025-10-23,2025-12-22,3000.0,Negotiation,open
OPP-03369,CUST-1535,Glide Logic,SMB,Outbound Sales,REP-02,renewal,2025-10-28,2025-12-27,3000.0,Negotiation,open
OPP-03370,CUST-1536,Lattice Partners,SMB,Outbound Sales,REP-07,renewal,2025-10-05,2025-12-04,7200.0,Negotiation,open
OPP-03371,CUST-1537,Helix Systems,Enterprise,Event/Conference,REP-04,renewal,2025-10-22,2025-12-21,151200.0,Negotiation,open
OPP-03372,CUST-1538,North Group,SMB,Inbound Marketing,REP-10,renewal,2025-10-16,2025-12-15,8400.0,Negotiation,open
OPP-03373,CUST-1539,Halcyon Co,Mid-Market,Self-Serve Promo,REP-03,renewal,2025-10-04,2025-12-03,210000.0,Negotiation,open
OPP-03374,CUST-1540,Plinth Digital,SMB,Inbound Marketing,REP-02,renewal,2025-10-06,2025-12-05,3600.0,Negotiation,open
OPP-03375,CUST-1541,Anvil Partners,SMB,Partner Referral,REP-04,renewal,2025-10-27,2025-12-26,3600.0,Negotiation,open
OPP-03376,CUST-1542,Glide Systems,SMB,Self-Serve Promo,REP-02,renewal,2025-10-18,2025-12-17,18720.0,Negotiation,open
OPP-03377,CUST-1543,Halcyon Logic,SMB,Outbound Sales,REP-03,renewal,2025-10-03,2025-12-02,3600.0,Negotiation,open
OPP-03378,CUST-1544,Mosaic Cloud,SMB,Outbound Sales,REP-02,renewal,2025-10-18,2025-12-17,1800.0,Negotiation,open
OPP-03379,CUST-1545,Mosaic Industries,SMB,Inbound Marketing,REP-07,renewal,2025-11-14,2026-01-13,1800.0,Negotiation,open
OPP-03380,CUST-1546,Plinth Holdings,Enterprise,Outbound Sales,REP-09,renewal,2025-11-19,2026-01-18,459000.0,Negotiation,open
OPP-03381,CUST-1547,Citron Works,Mid-Market,Outbound Sales,REP-10,renewal,2025-11-17,2026-01-16,97920.0,Renewal Discussion,open
OPP-03382,CUST-1548,Halcyon Holdings,Mid-Market,Outbound Sales,REP-04,renewal,2025-11-15,2026-01-14,57000.0,Renewal Discussion,open
OPP-03383,CUST-1550,Plinth Systems,SMB,Self-Serve Promo,REP-01,renewal,2025-11-05,2026-01-04,3600.0,Renewal Discussion,open
OPP-03384,CUST-1551,Marlin Dynamics,SMB,Outbound Sales,REP-09,renewal,2025-11-18,2026-01-17,4320.0,Negotiation,open
OPP-03385,CUST-1552,Reverb Works,SMB,Outbound Sales,REP-01,renewal,2025-11-06,2026-01-05,7800.0,Negotiation,open
OPP-03386,CUST-1553,Anvil Dynamics,SMB,Outbound Sales,REP-11,renewal,2025-11-19,2026-01-18,6000.0,Renewal Discussion,open
OPP-03387,CUST-1554,Reverb Systems,Mid-Market,Inbound Marketing,REP-06,renewal,2025-11-07,2026-01-06,102240.0,Negotiation,open
OPP-03388,CUST-1556,Marlin Systems,Mid-Market,Partner Referral,REP-08,renewal,2025-11-14,2026-01-13,93600.0,Renewal Discussion,open
OPP-03389,CUST-1557,Quantum Logic,SMB,Outbound Sales,REP-07,renewal,2025-11-13,2026-01-12,9600.0,Renewal Discussion,open
OPP-03390,CUST-1558,Helix Systems,SMB,Inbound Marketing,REP-04,renewal,2025-11-19,2026-01-18,8400.0,Renewal Discussion,open
OPP-03391,CUST-1560,Plinth Solutions,Mid-Market,Inbound Marketing,REP-10,renewal,2025-11-04,2026-01-03,87840.0,Negotiation,open
OPP-03392,CUST-1561,Mosaic Solutions,SMB,Outbound Sales,REP-12,renewal,2025-11-23,2026-01-22,4200.0,Negotiation,open
OPP-03393,CUST-1562,Anvil Dynamics,SMB,Inbound Marketing,REP-11,renewal,2025-11-23,2026-01-22,4200.0,Renewal Discussion,open
OPP-03394,CUST-1767,Beacon Labs,SMB,Inbound Marketing,REP-11,renewal,2025-10-20,2025-12-19,2400.0,Renewal Discussion,open
OPP-03395,CUST-1768,Beacon Holdings,SMB,Outbound Sales,REP-04,renewal,2025-10-22,2025-12-21,9000.0,Renewal Discussion,open
OPP-03396,CUST-1769,Reverb Partners,SMB,Event/Conference,REP-06,renewal,2025-10-06,2025-12-05,8400.0,Renewal Discussion,open
OPP-03397,CUST-1770,Halcyon Industries,Enterprise,Outbound Sales,REP-08,renewal,2025-10-12,2025-12-11,474000.0,Renewal Discussion,open
OPP-03398,CUST-1771,Marlin Industries,SMB,Inbound Marketing,REP-12,renewal,2025-10-16,2025-12-15,11520.0,Negotiation,open
OPP-03399,CUST-1772,Tessera Dynamics,Mid-Market,Inbound Marketing,REP-09,renewal,2025-10-16,2025-12-15,89280.0,Renewal Discussion,open
OPP-03400,CUST-1773,Vector Group,Mid-Market,Outbound Sales,REP-09,renewal,2025-10-23,2025-12-22,30600.0,Negotiation,open
OPP-03401,CUST-1774,Apex Network,SMB,Inbound Marketing,REP-10,renewal,2025-10-20,2025-12-19,5760.0,Negotiation,open
OPP-03402,CUST-1775,Halcyon Cloud,SMB,Event/Conference,REP-03,renewal,2025-10-27,2025-12-26,6000.0,Renewal Discussion,open
OPP-03403,CUST-1776,Stratus Holdings,Mid-Market,Partner Referral,REP-12,renewal,2025-10-10,2025-12-09,46080.0,Negotiation,open
OPP-03404,CUST-1777,Quantum Network,Mid-Market,Self-Serve Promo,REP-05,renewal,2025-10-14,2025-12-13,129000.0,Negotiation,open
OPP-03405,CUST-1778,Glide Cloud,SMB,Outbound Sales,REP-06,renewal,2025-10-27,2025-12-26,8400.0,Renewal Discussion,open
OPP-03406,CUST-1779,Mosaic Works,Mid-Market,Outbound Sales,REP-02,renewal,2025-10-18,2025-12-17,31680.0,Negotiation,open
OPP-03407,CUST-1780,Reverb Cloud,SMB,Event/Conference,REP-03,renewal,2025-10-17,2025-12-16,8400.0,Negotiation,open
OPP-03408,CUST-1781,Citron Network,SMB,Outbound Sales,REP-09,renewal,2025-10-17,2025-12-16,7200.0,Negotiation,open
OPP-03409,CUST-1782,Tessera Network,SMB,Inbound Marketing,REP-05,renewal,2025-10-10,2025-12-09,4800.0,Negotiation,open
OPP-03410,CUST-1785,Stratus Digital,SMB,Event/Conference,REP-03,renewal,2025-10-18,2025-12-17,4800.0,Negotiation,open
OPP-03411,CUST-1786,Citron Labs,Mid-Market,Inbound Marketing,REP-05,renewal,2025-10-26,2025-12-25,90720.0,Negotiation,open
OPP-03412,CUST-1393,Marlin Holdings,SMB,Self-Serve Promo,REP-05,expansion,2025-10-25,2026-01-25,2051.2842787762515,Expansion Discussion,open
OPP-03413,CUST-1172,Cobalt Systems,Mid-Market,Outbound Sales,REP-10,expansion,2025-11-17,2026-01-29,13908.53586396477,Expansion Discussion,open
OPP-03414,CUST-1728,Glide Dynamics,SMB,Self-Serve Promo,REP-10,expansion,2025-11-21,2026-01-16,651.5551697622159,Expansion Discussion,open
OPP-03415,CUST-1785,Stratus Digital,SMB,Event/Conference,REP-06,expansion,2025-10-20,2026-01-01,623.9383639570198,Expansion Discussion,open
OPP-03416,CUST-1705,Helix Labs,SMB,Outbound Sales,REP-08,expansion,2025-11-14,2026-01-21,6520.880338243827,Expansion Discussion,open
OPP-03417,CUST-1781,Citron Network,SMB,Outbound Sales,REP-03,expansion,2025-10-14,2026-01-24,965.9295065492554,Expansion Discussion,open
OPP-03418,CUST-1533,Citron Co,SMB,Inbound Marketing,REP-09,expansion,2025-11-03,2026-01-23,806.6974690811924,Expansion Discussion,open
OPP-03419,CUST-1726,Stratus Solutions,Enterprise,Event/Conference,REP-06,expansion,2025-10-12,2026-01-25,143177.418542064,Expansion Discussion,open
OPP-03420,CUST-1716,Beacon Group,SMB,Inbound Marketing,REP-03,expansion,2025-11-10,2026-01-18,961.6163032309122,Expansion Discussion,open
OPP-03421,CUST-1597,North Logic,SMB,Outbound Sales,REP-06,expansion,2025-10-20,2026-01-07,869.9327945151327,Expansion Discussion,open
OPP-03422,CUST-1685,Glide Partners,SMB,Outbound Sales,REP-04,expansion,2025-10-27,2026-01-14,1315.5758091606149,Expansion Discussion,open
OPP-03423,CUST-1142,Glide Group,SMB,Outbound Sales,REP-05,expansion,2025-10-26,2026-01-24,3606.414971425979,Expansion Discussion,open
OPP-03424,CUST-1373,Apex Digital,SMB,Inbound Marketing,REP-02,expansion,2025-11-21,2026-01-10,2141.9598889185418,Expansion Discussion,open
OPP-03425,CUST-1691,North Logic,SMB,Partner Referral,REP-02,expansion,2025-11-05,2026-01-26,2527.8297582362634,Expansion Discussion,open
OPP-03426,CUST-1028,Quantum Group,SMB,Event/Conference,REP-06,expansion,2025-10-28,2026-01-14,2392.599066739954,Expansion Discussion,open
OPP-03427,CUST-1352,Tessera Labs,SMB,Self-Serve Promo,REP-08,expansion,2025-11-17,2026-01-23,2850.9469792760865,Expansion Discussion,open
OPP-03428,CUST-1564,Reverb Logic,SMB,Outbound Sales,REP-09,expansion,2025-11-13,2026-01-28,409.74222181250553,Expansion Discussion,open
OPP-03429,CUST-1741,Apex Labs,SMB,Partner Referral,REP-05,expansion,2025-11-09,2026-01-08,1707.3771301093773,Expansion Discussion,open
OPP-03430,CUST-1179,Beacon Holdings,SMB,Event/Conference,REP-06,expansion,2025-10-13,2026-01-05,10665.760499113181,Expansion Discussion,open
OPP-03431,CUST-1165,Tessera Holdings,SMB,Inbound Marketing,REP-07,expansion,2025-10-19,2026-01-30,1547.037538848851,Expansion Discussion,open
OPP-03432,CUST-1445,Apex Labs,SMB,Inbound Marketing,REP-08,expansion,2025-11-14,2026-01-26,2284.925919585977,Expansion Discussion,open
OPP-03433,CUST-1624,Plinth Systems,Mid-Market,Event/Conference,REP-08,expansion,2025-11-02,2026-01-10,3712.3569751017576,Expansion Discussion,open
OPP-03434,CUST-1663,Tessera Solutions,SMB,Event/Conference,REP-05,expansion,2025-11-14,2026-01-02,957.0102827096077,Expansion Discussion,open
OPP-03435,CUST-1260,Mosaic Solutions,SMB,Outbound Sales,REP-10,expansion,2025-10-19,2026-01-11,748.5108104473295,Expansion Discussion,open
OPP-03436,CUST-1220,Vector Group,SMB,Partner Referral,REP-08,expansion,2025-10-16,2026-01-27,391.94504148801684,Expansion Discussion,open
OPP-03437,CUST-1088,Plinth Co,SMB,Inbound Marketing,REP-04,expansion,2025-11-10,2026-01-05,1485.8541041243436,Expansion Discussion,open
OPP-03438,CUST-1546,Plinth Holdings,Enterprise,Outbound Sales,REP-01,expansion,2025-10-17,2025-12-31,129364.2509345585,Expansion Discussion,open
OPP-03439,CUST-1240,Halcyon Systems,SMB,Inbound Marketing,REP-03,expansion,2025-10-12,2026-01-19,245.6657828005374,Expansion Discussion,open
OPP-03440,CUST-1024,Helix Group,SMB,Outbound Sales,REP-09,expansion,2025-11-15,2026-01-30,754.6247925233446,Expansion Discussion,open
OPP-03441,CUST-1111,Mosaic Holdings,Mid-Market,Event/Conference,REP-02,expansion,2025-11-16,2026-01-21,4621.144783779207,Expansion Discussion,open
OPP-03442,CUST-1389,Apex Solutions,SMB,Self-Serve Promo,REP-11,expansion,2025-10-20,2026-01-04,239.73921848807757,Expansion Discussion,open
OPP-03443,CUST-1493,Mosaic Digital,Mid-Market,Outbound Sales,REP-08,expansion,2025-11-08,2026-01-25,6021.792365017581,Expansion Discussion,open
OPP-03444,CUST-1201,Vector Works,SMB,Inbound Marketing,REP-12,expansion,2025-10-31,2026-01-04,1406.6753026896417,Expansion Discussion,open
OPP-03445,CUST-1073,North Group,Mid-Market,Outbound Sales,REP-07,expansion,2025-11-20,2026-01-04,9313.98164353676,Expansion Discussion,open
OPP-03446,CUST-1226,Lattice Group,SMB,Outbound Sales,REP-03,expansion,2025-10-30,2026-01-14,1812.8448085662128,Expansion Discussion,open
OPP-03447,CUST-1592,North Logic,SMB,Outbound Sales,REP-07,expansion,2025-11-15,2026-01-24,1708.7152423687837,Expansion Discussion,open
OPP-03448,CUST-1586,Mosaic Labs,SMB,Inbound Marketing,REP-07,expansion,2025-10-27,2026-01-16,317.1921826746314,Expansion Discussion,open
OPP-03449,CUST-1778,Glide Cloud,SMB,Outbound Sales,REP-03,expansion,2025-11-03,2026-01-18,952.574495881386,Expansion Discussion,open
OPP-03450,CUST-1137,Plinth Logic,Mid-Market,Event/Conference,REP-01,expansion,2025-11-05,2026-01-05,12330.322940243948,Expansion Discussion,open
OPP-03451,CUST-1626,Helix Labs,SMB,Inbound Marketing,REP-11,expansion,2025-10-18,2026-01-17,1185.4129793952757,Expansion Discussion,open
