customer_id,month,mrr,seats,plan_tier,status
CUST-1001,2023-01-01,5000.0,20,Scale,active
CUST-1002,2023-01-01,3700.0,74,Starter,active
CUST-1003,2023-01-01,5760.0,48,Growth,active
CUST-1004,2023-01-01,500.0,10,Starter,active
CUST-1005,2023-01-01,80500.0,322,Scale,active
CUST-1006,2023-01-01,360.0,3,Growth,active
CUST-1007,2023-01-01,450.0,9,Starter,active
CUST-1008,2023-01-01,600.0,5,Growth,active
CUST-1009,2023-01-01,8280.0,69,Growth,active
CUST-1010,2023-01-01,480.0,4,Growth,active
CUST-1011,2023-01-01,2040.0,17,Growth,active
CUST-1012,2023-01-01,1320.0,11,Growth,active
CUST-1013,2023-01-01,350.0,7,Starter,active
CUST-1014,2023-01-01,1950.0,39,Starter,active
CUST-1015,2023-01-01,1800.0,15,Growth,active
CUST-1016,2023-01-01,650.0,13,Starter,active
CUST-1017,2023-01-01,450.0,9,Starter,active
CUST-1018,2023-01-01,350.0,7,Starter,active
CUST-1001,2023-02-01,5250.0,21,Scale,active
CUST-1002,2023-02-01,3700.0,74,Starter,active
CUST-1003,2023-02-01,5760.0,48,Growth,active
CUST-1004,2023-02-01,500.0,10,Starter,active
CUST-1005,2023-02-01,80500.0,322,Scale,active
CUST-1007,2023-02-01,450.0,9,Starter,active
CUST-1008,2023-02-01,600.0,5,Growth,active
CUST-1009,2023-02-01,8280.0,69,Growth,active
CUST-1010,2023-02-01,480.0,4,Growth,active
CUST-1011,2023-02-01,2040.0,17,Growth,active
CUST-1012,2023-02-01,1320.0,11,Growth,active
CUST-1013,2023-02-01,350.0,7,Starter,active
CUST-1014,2023-02-01,1950.0,39,Starter,active
CUST-1015,2023-02-01,1800.0,15,Growth,active
CUST-1016,2023-02-01,650.0,13,Starter,active
CUST-1017,2023-02-01,450.0,9,Starter,active
CUST-1018,2023-02-01,350.0,7,Starter,active
CUST-1019,2023-02-01,56000.0,224,Scale,active
CUST-1020,2023-02-01,7440.0,62,Growth,active
CUST-1021,2023-02-01,650.0,13,Starter,active
CUST-1022,2023-02-01,8040.0,67,Growth,active
CUST-1023,2023-02-01,650.0,13,Starter,active
CUST-1024,2023-02-01,350.0,7,Starter,active
CUST-1025,2023-02-01,300.0,6,Starter,active
CUST-1026,2023-02-01,5280.0,44,Growth,active
CUST-1027,2023-02-01,750.0,15,Starter,active
CUST-1028,2023-02-01,960.0,8,Growth,active
CUST-1029,2023-02-01,300.0,6,Starter,active
CUST-1030,2023-02-01,600.0,12,Starter,active
CUST-1031,2023-02-01,1800.0,15,Growth,active
CUST-1032,2023-02-01,720.0,6,Growth,active
CUST-1033,2023-02-01,480.0,4,Growth,active
CUST-1034,2023-02-01,1680.0,14,Growth,active
CUST-1035,2023-02-01,150.0,3,Starter,active
CUST-1036,2023-02-01,1100.0,22,Starter,active
CUST-1001,2023-03-01,4250.0,17,Scale,active
CUST-1002,2023-03-01,3700.0,74,Starter,active
CUST-1003,2023-03-01,5760.0,48,Growth,active
CUST-1004,2023-03-01,550.0,11,Starter,active
CUST-1005,2023-03-01,80500.0,322,Scale,active
CUST-1007,2023-03-01,450.0,9,Starter,active
CUST-1008,2023-03-01,600.0,5,Growth,active
CUST-1009,2023-03-01,8280.0,69,Growth,active
CUST-1010,2023-03-01,480.0,4,Growth,active
CUST-1011,2023-03-01,2040.0,17,Growth,active
CUST-1012,2023-03-01,1320.0,11,Growth,active
CUST-1013,2023-03-01,350.0,7,Starter,active
CUST-1014,2023-03-01,1950.0,39,Starter,active
CUST-1015,2023-03-01,1800.0,15,Growth,active
CUST-1016,2023-03-01,650.0,13,Starter,active
CUST-1017,2023-03-01,450.0,9,Starter,active
CUST-1018,2023-03-01,350.0,7,Starter,active
CUST-1019,2023-03-01,56000.0,224,Scale,active
CUST-1020,2023-03-01,7440.0,62,Growth,active
CUST-1021,2023-03-01,650.0,13,Starter,active
CUST-1022,2023-03-01,8040.0,67,Growth,active
CUST-1023,2023-03-01,650.0,13,Starter,active
CUST-1024,2023-03-01,350.0,7,Starter,active
CUST-1025,2023-03-01,300.0,6,Starter,active
CUST-1026,2023-03-01,5280.0,44,Growth,active
CUST-1027,2023-03-01,750.0,15,Starter,active
CUST-1028,2023-03-01,960.0,8,Growth,active
CUST-1029,2023-03-01,250.0,5,Starter,active
CUST-1030,2023-03-01,600.0,12,Starter,active
CUST-1031,2023-03-01,1800.0,15,Growth,active
CUST-1032,2023-03-01,720.0,6,Growth,active
CUST-1033,2023-03-01,480.0,4,Growth,active
CUST-1034,2023-03-01,1680.0,14,Growth,active
CUST-1035,2023-03-01,150.0,3,Starter,active
CUST-1036,2023-03-01,1100.0,22,Starter,active
CUST-1037,2023-03-01,840.0,7,Growth,active
CUST-1038,2023-03-01,200.0,4,Starter,active
CUST-1039,2023-03-01,400.0,8,Starter,active
CUST-1040,2023-03-01,2900.0,58,Starter,active
CUST-1041,2023-03-01,350.0,7,Starter,active
CUST-1042,2023-03-01,750.0,15,Starter,active
CUST-1043,2023-03-01,250.0,5,Starter,active
CUST-1044,2023-03-01,2150.0,43,Starter,active
CUST-1045,2023-03-01,750.0,15,Starter,active
CUST-1046,2023-03-01,400.0,8,Starter,active
CUST-1047,2023-03-01,1560.0,13,Growth,active
CUST-1048,2023-03-01,360.0,3,Growth,active
CUST-1049,2023-03-01,6000.0,50,Growth,active
CUST-1050,2023-03-01,150.0,3,Starter,active
CUST-1051,2023-03-01,600.0,12,Starter,active
CUST-1052,2023-03-01,150.0,3,Starter,active
CUST-1053,2023-03-01,700.0,14,Starter,active
CUST-1054,2023-03-01,2160.0,18,Growth,active
CUST-1055,2023-03-01,6240.0,52,Growth,active
CUST-1056,2023-03-01,450.0,9,Starter,active
CUST-1001,2023-04-01,4250.0,17,Scale,active
CUST-1002,2023-04-01,3700.0,74,Starter,active
CUST-1003,2023-04-01,5760.0,48,Growth,active
CUST-1004,2023-04-01,550.0,11,Starter,active
CUST-1005,2023-04-01,80500.0,322,Scale,active
CUST-1007,2023-04-01,450.0,9,Starter,active
CUST-1008,2023-04-01,600.0,5,Growth,active
CUST-1009,2023-04-01,8280.0,69,Growth,active
CUST-1010,2023-04-01,600.0,5,Growth,active
CUST-1011,2023-04-01,2040.0,17,Growth,active
CUST-1012,2023-04-01,1320.0,11,Growth,active
CUST-1013,2023-04-01,350.0,7,Starter,active
CUST-1014,2023-04-01,1950.0,39,Starter,active
CUST-1015,2023-04-01,1800.0,15,Growth,active
CUST-1016,2023-04-01,550.0,11,Starter,active
CUST-1017,2023-04-01,450.0,9,Starter,active
CUST-1018,2023-04-01,350.0,7,Starter,active
CUST-1019,2023-04-01,56000.0,224,Scale,active
CUST-1020,2023-04-01,7440.0,62,Growth,active
CUST-1021,2023-04-01,650.0,13,Starter,active
CUST-1022,2023-04-01,8040.0,67,Growth,active
CUST-1023,2023-04-01,650.0,13,Starter,active
CUST-1024,2023-04-01,350.0,7,Starter,active
CUST-1025,2023-04-01,300.0,6,Starter,active
CUST-1026,2023-04-01,5280.0,44,Growth,active
CUST-1027,2023-04-01,750.0,15,Starter,active
CUST-1028,2023-04-01,960.0,8,Growth,active
CUST-1029,2023-04-01,250.0,5,Starter,active
CUST-1030,2023-04-01,600.0,12,Starter,active
CUST-1031,2023-04-01,1800.0,15,Growth,active
CUST-1032,2023-04-01,720.0,6,Growth,active
CUST-1033,2023-04-01,480.0,4,Growth,active
CUST-1034,2023-04-01,1680.0,14,Growth,active
CUST-1035,2023-04-01,150.0,3,Starter,active
CUST-1036,2023-04-01,1100.0,22,Starter,active
CUST-1037,2023-04-01,840.0,7,Growth,active
CUST-1038,2023-04-01,200.0,4,Starter,active
CUST-1039,2023-04-01,400.0,8,Starter,active
CUST-1040,2023-04-01,2900.0,58,Starter,active
CUST-1041,2023-04-01,350.0,7,Starter,active
CUST-1042,2023-04-01,750.0,15,Starter,active
CUST-1043,2023-04-01,250.0,5,Starter,active
CUST-1044,2023-04-01,2150.0,43,Starter,active
CUST-1045,2023-04-01,750.0,15,Starter,active
CUST-1046,2023-04-01,400.0,8,Starter,active
CUST-1047,2023-04-01,1560.0,13,Growth,active
CUST-1048,2023-04-01,360.0,3,Growth,active
CUST-1049,2023-04-01,6000.0,50,Growth,active
CUST-1050,2023-04-01,150.0,3,Starter,active
CUST-1051,2023-04-01,600.0,12,Starter,active
CUST-1052,2023-04-01,200.0,4,Starter,active
CUST-1053,2023-04-01,700.0,14,Starter,active
CUST-1054,2023-04-01,2160.0,18,Growth,active
CUST-1055,2023-04-01,6240.0,52,Growth,active
CUST-1056,2023-04-01,450.0,9,Starter,active
CUST-1057,2023-04-01,250.0,5,Starter,active
CUST-1058,2023-04-01,350.0,7,Starter,active
CUST-1059,2023-04-01,7320.0,61,Growth,active
CUST-1060,2023-04-01,700.0,14,Starter,active
CUST-1061,2023-04-01,5400.0,45,Growth,active
CUST-1062,2023-04-01,500.0,10,Starter,active
CUST-1063,2023-04-01,55000.0,220,Scale,active
CUST-1064,2023-04-01,750.0,15,Starter,active
CUST-1065,2023-04-01,550.0,11,Starter,active
CUST-1066,2023-04-01,1560.0,13,Growth,active
CUST-1067,2023-04-01,700.0,14,Starter,active
CUST-1068,2023-04-01,4200.0,35,Growth,active
CUST-1069,2023-04-01,1200.0,10,Growth,active
CUST-1070,2023-04-01,1440.0,12,Growth,active
CUST-1071,2023-04-01,53250.0,213,Scale,active
CUST-1072,2023-04-01,550.0,11,Starter,active
CUST-1073,2023-04-01,4080.0,34,Growth,active
CUST-1074,2023-04-01,17750.0,71,Scale,active
CUST-1075,2023-04-01,4000.0,16,Scale,active
CUST-1076,2023-04-01,2400.0,20,Growth,active
CUST-1001,2023-05-01,4250.0,17,Scale,active
CUST-1002,2023-05-01,3700.0,74,Starter,active
CUST-1003,2023-05-01,5760.0,48,Growth,active
CUST-1004,2023-05-01,550.0,11,Starter,active
CUST-1005,2023-05-01,80500.0,322,Scale,active
CUST-1007,2023-05-01,450.0,9,Starter,active
CUST-1009,2023-05-01,8280.0,69,Growth,active
CUST-1010,2023-05-01,600.0,5,Growth,active
CUST-1011,2023-05-01,2040.0,17,Growth,active
CUST-1012,2023-05-01,1320.0,11,Growth,active
CUST-1013,2023-05-01,350.0,7,Starter,active
CUST-1014,2023-05-01,1950.0,39,Starter,active
CUST-1015,2023-05-01,1800.0,15,Growth,active
CUST-1016,2023-05-01,550.0,11,Starter,active
CUST-1017,2023-05-01,450.0,9,Starter,active
CUST-1018,2023-05-01,350.0,7,Starter,active
CUST-1019,2023-05-01,67000.0,268,Scale,active
CUST-1020,2023-05-01,7440.0,62,Growth,active
CUST-1021,2023-05-01,750.0,15,Starter,active
CUST-1022,2023-05-01,8040.0,67,Growth,active
CUST-1023,2023-05-01,650.0,13,Starter,active
CUST-1024,2023-05-01,350.0,7,Starter,active
CUST-1025,2023-05-01,300.0,6,Starter,active
CUST-1026,2023-05-01,5280.0,44,Growth,active
CUST-1027,2023-05-01,750.0,15,Starter,active
CUST-1028,2023-05-01,960.0,8,Growth,active
CUST-1029,2023-05-01,250.0,5,Starter,active
CUST-1030,2023-05-01,600.0,12,Starter,active
CUST-1031,2023-05-01,1800.0,15,Growth,active
CUST-1032,2023-05-01,720.0,6,Growth,active
CUST-1033,2023-05-01,480.0,4,Growth,active
CUST-1034,2023-05-01,1680.0,14,Growth,active
CUST-1035,2023-05-01,150.0,3,Starter,active
CUST-1036,2023-05-01,1100.0,22,Starter,active
CUST-1037,2023-05-01,840.0,7,Growth,active
CUST-1038,2023-05-01,200.0,4,Starter,active
CUST-1039,2023-05-01,350.0,7,Starter,active
CUST-1040,2023-05-01,2900.0,58,Starter,active
CUST-1041,2023-05-01,350.0,7,Starter,active
CUST-1042,2023-05-01,750.0,15,Starter,active
CUST-1043,2023-05-01,250.0,5,Starter,active
CUST-1044,2023-05-01,2150.0,43,Starter,active
CUST-1045,2023-05-01,750.0,15,Starter,active
CUST-1046,2023-05-01,450.0,9,Starter,active
CUST-1047,2023-05-01,1560.0,13,Growth,active
CUST-1048,2023-05-01,360.0,3,Growth,active
CUST-1049,2023-05-01,6000.0,50,Growth,active
CUST-1050,2023-05-01,150.0,3,Starter,active
CUST-1051,2023-05-01,600.0,12,Starter,active
CUST-1052,2023-05-01,200.0,4,Starter,active
CUST-1053,2023-05-01,700.0,14,Starter,active
CUST-1054,2023-05-01,2160.0,18,Growth,active
CUST-1055,2023-05-01,6240.0,52,Growth,active
CUST-1056,2023-05-01,450.0,9,Starter,active
CUST-1057,2023-05-01,250.0,5,Starter,active
CUST-1058,2023-05-01,350.0,7,Starter,active
CUST-1059,2023-05-01,7320.0,61,Growth,active
CUST-1060,2023-05-01,700.0,14,Starter,active
CUST-1061,2023-05-01,5400.0,45,Growth,active
CUST-1062,2023-05-01,500.0,10,Starter,active
CUST-1063,2023-05-01,55000.0,220,Scale,active
CUST-1064,2023-05-01,750.0,15,Starter,active
CUST-1065,2023-05-01,550.0,11,Starter,active
CUST-1066,2023-05-01,1560.0,13,Growth,active
CUST-1067,2023-05-01,850.0,17,Starter,active
CUST-1068,2023-05-01,4200.0,35,Growth,active
CUST-1069,2023-05-01,1200.0,10,Growth,active
CUST-1070,2023-05-01,1440.0,12,Growth,active
CUST-1071,2023-05-01,53250.0,213,Scale,active
CUST-1072,2023-05-01,550.0,11,Starter,active
CUST-1073,2023-05-01,4080.0,34,Growth,active
CUST-1074,2023-05-01,17750.0,71,Scale,active
CUST-1075,2023-05-01,4000.0,16,Scale,active
CUST-1076,2023-05-01,2400.0,20,Growth,active
CUST-1077,2023-05-01,700.0,14,Starter,active
CUST-1078,2023-05-01,150.0,3,Starter,active
CUST-1079,2023-05-01,7920.0,66,Growth,active
CUST-1080,2023-05-01,150.0,3,Starter,active
CUST-1081,2023-05-01,2160.0,18,Growth,active
CUST-1082,2023-05-01,36720.0,306,Growth,active
CUST-1083,2023-05-01,1850.0,37,Starter,active
CUST-1084,2023-05-01,750.0,15,Starter,active
CUST-1085,2023-05-01,5640.0,47,Growth,active
CUST-1086,2023-05-01,750.0,15,Starter,active
CUST-1087,2023-05-01,500.0,10,Starter,active
CUST-1088,2023-05-01,550.0,11,Starter,active
CUST-1089,2023-05-01,200.0,4,Starter,active
CUST-1090,2023-05-01,5880.0,49,Growth,active
CUST-1091,2023-05-01,450.0,9,Starter,active
CUST-1092,2023-05-01,7080.0,59,Growth,active
CUST-1093,2023-05-01,150.0,3,Starter,active
CUST-1094,2023-05-01,650.0,13,Starter,active
CUST-1095,2023-05-01,6960.0,58,Growth,active
CUST-1096,2023-05-01,200.0,4,Starter,active
CUST-1001,2023-06-01,4250.0,17,Scale,active
CUST-1002,2023-06-01,3700.0,74,Starter,active
CUST-1003,2023-06-01,5760.0,48,Growth,active
CUST-1004,2023-06-01,550.0,11,Starter,active
CUST-1005,2023-06-01,80500.0,322,Scale,active
CUST-1007,2023-06-01,450.0,9,Starter,active
CUST-1009,2023-06-01,8280.0,69,Growth,active
CUST-1010,2023-06-01,600.0,5,Growth,active
CUST-1011,2023-06-01,2040.0,17,Growth,active
CUST-1012,2023-06-01,1320.0,11,Growth,active
CUST-1013,2023-06-01,350.0,7,Starter,active
CUST-1014,2023-06-01,1950.0,39,Starter,active
CUST-1015,2023-06-01,1800.0,15,Growth,active
CUST-1016,2023-06-01,550.0,11,Starter,active
CUST-1017,2023-06-01,450.0,9,Starter,active
CUST-1018,2023-06-01,350.0,7,Starter,active
CUST-1019,2023-06-01,67000.0,268,Scale,active
CUST-1020,2023-06-01,7440.0,62,Growth,active
CUST-1021,2023-06-01,750.0,15,Starter,active
CUST-1022,2023-06-01,8040.0,67,Growth,active
CUST-1023,2023-06-01,650.0,13,Starter,active
CUST-1024,2023-06-01,350.0,7,Starter,active
CUST-1025,2023-06-01,300.0,6,Starter,active
CUST-1026,2023-06-01,5280.0,44,Growth,active
CUST-1027,2023-06-01,750.0,15,Starter,active
CUST-1028,2023-06-01,960.0,8,Growth,active
CUST-1029,2023-06-01,250.0,5,Starter,active
CUST-1030,2023-06-01,600.0,12,Starter,active
CUST-1031,2023-06-01,1800.0,15,Growth,active
CUST-1032,2023-06-01,720.0,6,Growth,active
CUST-1033,2023-06-01,480.0,4,Growth,active
CUST-1034,2023-06-01,1680.0,14,Growth,active
CUST-1035,2023-06-01,150.0,3,Starter,active
CUST-1036,2023-06-01,1100.0,22,Starter,active
CUST-1037,2023-06-01,840.0,7,Growth,active
CUST-1038,2023-06-01,200.0,4,Starter,active
CUST-1039,2023-06-01,350.0,7,Starter,active
CUST-1040,2023-06-01,2900.0,58,Starter,active
CUST-1041,2023-06-01,350.0,7,Starter,active
CUST-1042,2023-06-01,750.0,15,Starter,active
CUST-1043,2023-06-01,250.0,5,Starter,active
CUST-1044,2023-06-01,2150.0,43,Starter,active
CUST-1045,2023-06-01,750.0,15,Starter,active
CUST-1046,2023-06-01,450.0,9,Starter,active
CUST-1047,2023-06-01,1560.0,13,Growth,active
CUST-1048,2023-06-01,360.0,3,Growth,active
CUST-1049,2023-06-01,6000.0,50,Growth,active
CUST-1050,2023-06-01,150.0,3,Starter,active
CUST-1051,2023-06-01,600.0,12,Starter,active
CUST-1052,2023-06-01,200.0,4,Starter,active
CUST-1053,2023-06-01,700.0,14,Starter,active
CUST-1054,2023-06-01,2160.0,18,Growth,active
CUST-1055,2023-06-01,6240.0,52,Growth,active
CUST-1056,2023-06-01,450.0,9,Starter,active
CUST-1057,2023-06-01,250.0,5,Starter,active
CUST-1058,2023-06-01,350.0,7,Starter,active
CUST-1059,2023-06-01,7320.0,61,Growth,active
CUST-1060,2023-06-01,700.0,14,Starter,active
CUST-1061,2023-06-01,5400.0,45,Growth,active
CUST-1062,2023-06-01,500.0,10,Starter,active
CUST-1063,2023-06-01,55000.0,220,Scale,active
CUST-1064,2023-06-01,750.0,15,Starter,active
CUST-1065,2023-06-01,550.0,11,Starter,active
CUST-1066,2023-06-01,1560.0,13,Growth,active
CUST-1067,2023-06-01,850.0,17,Starter,active
CUST-1068,2023-06-01,4200.0,35,Growth,active
CUST-1069,2023-06-01,1200.0,10,Growth,active
CUST-1070,2023-06-01,1440.0,12,Growth,active
CUST-1071,2023-06-01,53250.0,213,Scale,active
CUST-1072,2023-06-01,550.0,11,Starter,active
CUST-1073,2023-06-01,4080.0,34,Growth,active
CUST-1074,2023-06-01,17750.0,71,Scale,active
CUST-1075,2023-06-01,4000.0,16,Scale,active
CUST-1076,2023-06-01,2400.0,20,Growth,active
CUST-1077,2023-06-01,700.0,14,Starter,active
CUST-1078,2023-06-01,150.0,3,Starter,active
CUST-1079,2023-06-01,7920.0,66,Growth,active
CUST-1080,2023-06-01,150.0,3,Starter,active
CUST-1081,2023-06-01,2160.0,18,Growth,active
CUST-1082,2023-06-01,36720.0,306,Growth,active
CUST-1083,2023-06-01,1850.0,37,Starter,active
CUST-1084,2023-06-01,900.0,18,Starter,active
CUST-1085,2023-06-01,5640.0,47,Growth,active
CUST-1086,2023-06-01,750.0,15,Starter,active
CUST-1087,2023-06-01,500.0,10,Starter,active
CUST-1088,2023-06-01,550.0,11,Starter,active
CUST-1089,2023-06-01,200.0,4,Starter,active
CUST-1090,2023-06-01,5880.0,49,Growth,active
CUST-1091,2023-06-01,450.0,9,Starter,active
CUST-1092,2023-06-01,7080.0,59,Growth,active
CUST-1093,2023-06-01,150.0,3,Starter,active
CUST-1094,2023-06-01,650.0,13,Starter,active
CUST-1095,2023-06-01,6960.0,58,Growth,active
CUST-1096,2023-06-01,200.0,4,Starter,active
CUST-1097,2023-06-01,2760.0,23,Growth,active
CUST-1098,2023-06-01,550.0,11,Starter,active
CUST-1099,2023-06-01,3240.0,27,Growth,active
CUST-1100,2023-06-01,200.0,4,Starter,active
CUST-1101,2023-06-01,300.0,6,Starter,active
CUST-1102,2023-06-01,300.0,6,Starter,active
CUST-1103,2023-06-01,500.0,10,Starter,active
CUST-1104,2023-06-01,600.0,12,Starter,active
CUST-1105,2023-06-01,840.0,7,Growth,active
CUST-1106,2023-06-01,6000.0,50,Growth,active
CUST-1107,2023-06-01,400.0,8,Starter,active
CUST-1108,2023-06-01,250.0,5,Starter,active
CUST-1109,2023-06-01,1080.0,9,Growth,active
CUST-1110,2023-06-01,1320.0,11,Growth,active
CUST-1111,2023-06-01,2250.0,45,Starter,active
CUST-1112,2023-06-01,2500.0,10,Scale,active
CUST-1113,2023-06-01,1650.0,33,Starter,active
CUST-1114,2023-06-01,58500.0,234,Scale,active
CUST-1115,2023-06-01,720.0,6,Growth,active
CUST-1116,2023-06-01,150.0,3,Starter,active
CUST-1001,2023-07-01,4250.0,17,Scale,active
CUST-1002,2023-07-01,3700.0,74,Starter,active
CUST-1003,2023-07-01,5760.0,48,Growth,active
CUST-1004,2023-07-01,550.0,11,Starter,active
CUST-1005,2023-07-01,80500.0,322,Scale,active
CUST-1007,2023-07-01,450.0,9,Starter,active
CUST-1009,2023-07-01,8280.0,69,Growth,active
CUST-1010,2023-07-01,600.0,5,Growth,active
CUST-1011,2023-07-01,2040.0,17,Growth,active
CUST-1012,2023-07-01,1320.0,11,Growth,active
CUST-1013,2023-07-01,350.0,7,Starter,active
CUST-1014,2023-07-01,2150.0,43,Starter,active
CUST-1015,2023-07-01,1800.0,15,Growth,active
CUST-1016,2023-07-01,650.0,13,Starter,active
CUST-1017,2023-07-01,450.0,9,Starter,active
CUST-1018,2023-07-01,350.0,7,Starter,active
CUST-1019,2023-07-01,82250.0,329,Scale,active
CUST-1020,2023-07-01,7440.0,62,Growth,active
CUST-1021,2023-07-01,750.0,15,Starter,active
CUST-1022,2023-07-01,8040.0,67,Growth,active
CUST-1023,2023-07-01,650.0,13,Starter,active
CUST-1024,2023-07-01,350.0,7,Starter,active
CUST-1025,2023-07-01,300.0,6,Starter,active
CUST-1026,2023-07-01,5280.0,44,Growth,active
CUST-1027,2023-07-01,750.0,15,Starter,active
CUST-1028,2023-07-01,960.0,8,Growth,active
CUST-1029,2023-07-01,250.0,5,Starter,active
CUST-1030,2023-07-01,600.0,12,Starter,active
CUST-1031,2023-07-01,1800.0,15,Growth,active
CUST-1032,2023-07-01,720.0,6,Growth,active
CUST-1033,2023-07-01,480.0,4,Growth,active
CUST-1034,2023-07-01,1680.0,14,Growth,active
CUST-1035,2023-07-01,150.0,3,Starter,active
CUST-1036,2023-07-01,1100.0,22,Starter,active
CUST-1037,2023-07-01,840.0,7,Growth,active
CUST-1039,2023-07-01,350.0,7,Starter,active
CUST-1040,2023-07-01,2900.0,58,Starter,active
CUST-1041,2023-07-01,350.0,7,Starter,active
CUST-1042,2023-07-01,900.0,18,Starter,active
CUST-1043,2023-07-01,250.0,5,Starter,active
CUST-1044,2023-07-01,2150.0,43,Starter,active
CUST-1045,2023-07-01,750.0,15,Starter,active
CUST-1046,2023-07-01,450.0,9,Starter,active
CUST-1047,2023-07-01,1800.0,15,Growth,active
CUST-1048,2023-07-01,360.0,3,Growth,active
CUST-1049,2023-07-01,6000.0,50,Growth,active
CUST-1050,2023-07-01,150.0,3,Starter,active
CUST-1051,2023-07-01,600.0,12,Starter,active
CUST-1052,2023-07-01,200.0,4,Starter,active
CUST-1053,2023-07-01,700.0,14,Starter,active
CUST-1054,2023-07-01,2160.0,18,Growth,active
CUST-1055,2023-07-01,6240.0,52,Growth,active
CUST-1056,2023-07-01,450.0,9,Starter,active
CUST-1057,2023-07-01,250.0,5,Starter,active
CUST-1058,2023-07-01,350.0,7,Starter,active
CUST-1059,2023-07-01,7320.0,61,Growth,active
CUST-1060,2023-07-01,700.0,14,Starter,active
CUST-1061,2023-07-01,5400.0,45,Growth,active
CUST-1062,2023-07-01,500.0,10,Starter,active
CUST-1063,2023-07-01,55000.0,220,Scale,active
CUST-1064,2023-07-01,750.0,15,Starter,active
CUST-1065,2023-07-01,550.0,11,Starter,active
CUST-1066,2023-07-01,1560.0,13,Growth,active
CUST-1067,2023-07-01,750.0,15,Starter,active
CUST-1068,2023-07-01,4200.0,35,Growth,active
CUST-1069,2023-07-01,1200.0,10,Growth,active
CUST-1071,2023-07-01,53250.0,213,Scale,active
CUST-1072,2023-07-01,550.0,11,Starter,active
CUST-1073,2023-07-01,4080.0,34,Growth,active
CUST-1074,2023-07-01,17750.0,71,Scale,active
CUST-1075,2023-07-01,4000.0,16,Scale,active
CUST-1076,2023-07-01,2400.0,20,Growth,active
CUST-1077,2023-07-01,700.0,14,Starter,active
CUST-1078,2023-07-01,150.0,3,Starter,active
CUST-1079,2023-07-01,7920.0,66,Growth,active
CUST-1080,2023-07-01,150.0,3,Starter,active
CUST-1081,2023-07-01,2160.0,18,Growth,active
CUST-1082,2023-07-01,36720.0,306,Growth,active
CUST-1083,2023-07-01,1850.0,37,Starter,active
CUST-1084,2023-07-01,900.0,18,Starter,active
CUST-1085,2023-07-01,5640.0,47,Growth,active
CUST-1086,2023-07-01,750.0,15,Starter,active
CUST-1087,2023-07-01,500.0,10,Starter,active
CUST-1088,2023-07-01,550.0,11,Starter,active
CUST-1089,2023-07-01,200.0,4,Starter,active
CUST-1090,2023-07-01,5880.0,49,Growth,active
CUST-1091,2023-07-01,450.0,9,Starter,active
CUST-1092,2023-07-01,7080.0,59,Growth,active
CUST-1093,2023-07-01,150.0,3,Starter,active
CUST-1094,2023-07-01,650.0,13,Starter,active
CUST-1095,2023-07-01,6960.0,58,Growth,active
CUST-1096,2023-07-01,200.0,4,Starter,active
CUST-1097,2023-07-01,2760.0,23,Growth,active
CUST-1098,2023-07-01,550.0,11,Starter,active
CUST-1099,2023-07-01,3240.0,27,Growth,active
CUST-1100,2023-07-01,200.0,4,Starter,active
CUST-1101,2023-07-01,300.0,6,Starter,active
CUST-1102,2023-07-01,300.0,6,Starter,active
CUST-1103,2023-07-01,500.0,10,Starter,active
CUST-1104,2023-07-01,600.0,12,Starter,active
CUST-1105,2023-07-01,840.0,7,Growth,active
CUST-1106,2023-07-01,6000.0,50,Growth,active
CUST-1107,2023-07-01,400.0,8,Starter,active
CUST-1108,2023-07-01,250.0,5,Starter,active
CUST-1109,2023-07-01,1080.0,9,Growth,active
CUST-1110,2023-07-01,1320.0,11,Growth,active
CUST-1111,2023-07-01,2250.0,45,Starter,active
CUST-1112,2023-07-01,2500.0,10,Scale,active
CUST-1113,2023-07-01,1650.0,33,Starter,active
CUST-1114,2023-07-01,69250.0,277,Scale,active
CUST-1115,2023-07-01,720.0,6,Growth,active
CUST-1116,2023-07-01,150.0,3,Starter,active
CUST-1117,2023-07-01,4560.0,38,Growth,active
CUST-1118,2023-07-01,300.0,6,Starter,active
CUST-1119,2023-07-01,1200.0,10,Growth,active
CUST-1120,2023-07-01,700.0,14,Starter,active
CUST-1121,2023-07-01,550.0,11,Starter,active
CUST-1122,2023-07-01,6960.0,58,Growth,active
CUST-1123,2023-07-01,1440.0,12,Growth,active
CUST-1124,2023-07-01,700.0,14,Starter,active
CUST-1125,2023-07-01,700.0,14,Starter,active
CUST-1126,2023-07-01,8760.0,73,Growth,active
CUST-1127,2023-07-01,750.0,15,Starter,active
CUST-1128,2023-07-01,550.0,11,Starter,active
CUST-1129,2023-07-01,1200.0,10,Growth,active
CUST-1130,2023-07-01,57500.0,230,Scale,active
CUST-1131,2023-07-01,400.0,8,Starter,active
CUST-1132,2023-07-01,1080.0,9,Growth,active
CUST-1133,2023-07-01,300.0,6,Starter,active
CUST-1134,2023-07-01,150.0,3,Starter,active
CUST-1135,2023-07-01,200.0,4,Starter,active
CUST-1136,2023-07-01,700.0,14,Starter,active
CUST-1001,2023-08-01,4250.0,17,Scale,active
CUST-1002,2023-08-01,3700.0,74,Starter,active
CUST-1003,2023-08-01,5760.0,48,Growth,active
CUST-1004,2023-08-01,550.0,11,Starter,active
CUST-1005,2023-08-01,80500.0,322,Scale,active
CUST-1007,2023-08-01,450.0,9,Starter,active
CUST-1009,2023-08-01,8280.0,69,Growth,active
CUST-1010,2023-08-01,600.0,5,Growth,active
CUST-1011,2023-08-01,2040.0,17,Growth,active
CUST-1012,2023-08-01,1320.0,11,Growth,active
CUST-1013,2023-08-01,350.0,7,Starter,active
CUST-1014,2023-08-01,2150.0,43,Starter,active
CUST-1015,2023-08-01,1800.0,15,Growth,active
CUST-1016,2023-08-01,650.0,13,Starter,active
CUST-1017,2023-08-01,500.0,10,Starter,active
CUST-1018,2023-08-01,350.0,7,Starter,active
CUST-1019,2023-08-01,82250.0,329,Scale,active
CUST-1020,2023-08-01,7440.0,62,Growth,active
CUST-1021,2023-08-01,750.0,15,Starter,active
CUST-1022,2023-08-01,8040.0,67,Growth,active
CUST-1023,2023-08-01,650.0,13,Starter,active
CUST-1024,2023-08-01,350.0,7,Starter,active
CUST-1025,2023-08-01,300.0,6,Starter,active
CUST-1026,2023-08-01,5280.0,44,Growth,active
CUST-1027,2023-08-01,750.0,15,Starter,active
CUST-1028,2023-08-01,960.0,8,Growth,active
CUST-1029,2023-08-01,250.0,5,Starter,active
CUST-1030,2023-08-01,600.0,12,Starter,active
CUST-1031,2023-08-01,1800.0,15,Growth,active
CUST-1032,2023-08-01,720.0,6,Growth,active
CUST-1033,2023-08-01,480.0,4,Growth,active
CUST-1034,2023-08-01,1680.0,14,Growth,active
CUST-1036,2023-08-01,1100.0,22,Starter,active
CUST-1037,2023-08-01,840.0,7,Growth,active
CUST-1039,2023-08-01,350.0,7,Starter,active
CUST-1040,2023-08-01,2900.0,58,Starter,active
CUST-1041,2023-08-01,350.0,7,Starter,active
CUST-1042,2023-08-01,900.0,18,Starter,active
CUST-1043,2023-08-01,250.0,5,Starter,active
CUST-1044,2023-08-01,2700.0,54,Starter,active
CUST-1045,2023-08-01,750.0,15,Starter,active
CUST-1046,2023-08-01,450.0,9,Starter,active
CUST-1047,2023-08-01,1800.0,15,Growth,active
CUST-1048,2023-08-01,360.0,3,Growth,active
CUST-1049,2023-08-01,6000.0,50,Growth,active
CUST-1050,2023-08-01,150.0,3,Starter,active
CUST-1051,2023-08-01,600.0,12,Starter,active
CUST-1052,2023-08-01,250.0,5,Starter,active
CUST-1053,2023-08-01,700.0,14,Starter,active
CUST-1054,2023-08-01,2160.0,18,Growth,active
CUST-1055,2023-08-01,6240.0,52,Growth,active
CUST-1056,2023-08-01,450.0,9,Starter,active
CUST-1057,2023-08-01,250.0,5,Starter,active
CUST-1058,2023-08-01,350.0,7,Starter,active
CUST-1059,2023-08-01,7320.0,61,Growth,active
CUST-1060,2023-08-01,700.0,14,Starter,active
CUST-1061,2023-08-01,5400.0,45,Growth,active
CUST-1062,2023-08-01,500.0,10,Starter,active
CUST-1063,2023-08-01,55000.0,220,Scale,active
CUST-1064,2023-08-01,750.0,15,Starter,active
CUST-1065,2023-08-01,550.0,11,Starter,active
CUST-1066,2023-08-01,1560.0,13,Growth,active
CUST-1067,2023-08-01,750.0,15,Starter,active
CUST-1068,2023-08-01,4200.0,35,Growth,active
CUST-1069,2023-08-01,1200.0,10,Growth,active
CUST-1071,2023-08-01,53250.0,213,Scale,active
CUST-1072,2023-08-01,550.0,11,Starter,active
CUST-1073,2023-08-01,4080.0,34,Growth,active
CUST-1074,2023-08-01,17750.0,71,Scale,active
CUST-1075,2023-08-01,4000.0,16,Scale,active
CUST-1076,2023-08-01,2400.0,20,Growth,active
CUST-1077,2023-08-01,700.0,14,Starter,active
CUST-1078,2023-08-01,150.0,3,Starter,active
CUST-1079,2023-08-01,7920.0,66,Growth,active
CUST-1080,2023-08-01,150.0,3,Starter,active
CUST-1081,2023-08-01,2160.0,18,Growth,active
CUST-1082,2023-08-01,36720.0,306,Growth,active
CUST-1083,2023-08-01,1850.0,37,Starter,active
CUST-1084,2023-08-01,900.0,18,Starter,active
CUST-1085,2023-08-01,5640.0,47,Growth,active
CUST-1086,2023-08-01,750.0,15,Starter,active
CUST-1087,2023-08-01,500.0,10,Starter,active
CUST-1088,2023-08-01,550.0,11,Starter,active
CUST-1089,2023-08-01,200.0,4,Starter,active
CUST-1090,2023-08-01,5880.0,49,Growth,active
CUST-1091,2023-08-01,450.0,9,Starter,active
CUST-1092,2023-08-01,7080.0,59,Growth,active
CUST-1093,2023-08-01,150.0,3,Starter,active
CUST-1094,2023-08-01,650.0,13,Starter,active
CUST-1095,2023-08-01,6960.0,58,Growth,active
CUST-1096,2023-08-01,200.0,4,Starter,active
CUST-1097,2023-08-01,2760.0,23,Growth,active
CUST-1098,2023-08-01,550.0,11,Starter,active
CUST-1099,2023-08-01,3840.0,32,Growth,active
CUST-1100,2023-08-01,200.0,4,Starter,active
CUST-1101,2023-08-01,300.0,6,Starter,active
CUST-1102,2023-08-01,300.0,6,Starter,active
CUST-1103,2023-08-01,500.0,10,Starter,active
CUST-1104,2023-08-01,600.0,12,Starter,active
CUST-1105,2023-08-01,840.0,7,Growth,active
CUST-1106,2023-08-01,6000.0,50,Growth,active
CUST-1107,2023-08-01,400.0,8,Starter,active
CUST-1108,2023-08-01,250.0,5,Starter,active
CUST-1109,2023-08-01,1080.0,9,Growth,active
CUST-1110,2023-08-01,1320.0,11,Growth,active
CUST-1111,2023-08-01,2250.0,45,Starter,active
CUST-1112,2023-08-01,2500.0,10,Scale,active
CUST-1113,2023-08-01,1650.0,33,Starter,active
CUST-1114,2023-08-01,69250.0,277,Scale,active
CUST-1115,2023-08-01,720.0,6,Growth,active
CUST-1116,2023-08-01,150.0,3,Starter,active
CUST-1117,2023-08-01,4560.0,38,Growth,active
CUST-1118,2023-08-01,300.0,6,Starter,active
CUST-1119,2023-08-01,1200.0,10,Growth,active
CUST-1120,2023-08-01,700.0,14,Starter,active
CUST-1121,2023-08-01,550.0,11,Starter,active
CUST-1122,2023-08-01,6960.0,58,Growth,active
CUST-1123,2023-08-01,1440.0,12,Growth,active
CUST-1124,2023-08-01,700.0,14,Starter,active
CUST-1125,2023-08-01,700.0,14,Starter,active
CUST-1126,2023-08-01,8760.0,73,Growth,active
CUST-1127,2023-08-01,750.0,15,Starter,active
CUST-1128,2023-08-01,550.0,11,Starter,active
CUST-1129,2023-08-01,1200.0,10,Growth,active
CUST-1130,2023-08-01,57500.0,230,Scale,active
CUST-1131,2023-08-01,400.0,8,Starter,active
CUST-1132,2023-08-01,1080.0,9,Growth,active
CUST-1133,2023-08-01,300.0,6,Starter,active
CUST-1134,2023-08-01,150.0,3,Starter,active
CUST-1135,2023-08-01,200.0,4,Starter,active
CUST-1136,2023-08-01,700.0,14,Starter,active
CUST-1137,2023-08-01,3360.0,28,Growth,active
CUST-1138,2023-08-01,450.0,9,Starter,active
CUST-1139,2023-08-01,500.0,10,Starter,active
CUST-1140,2023-08-01,700.0,14,Starter,active
CUST-1141,2023-08-01,550.0,11,Starter,active
CUST-1142,2023-08-01,1680.0,14,Growth,active
CUST-1143,2023-08-01,8400.0,70,Growth,active
CUST-1144,2023-08-01,650.0,13,Starter,active
CUST-1145,2023-08-01,600.0,12,Starter,active
CUST-1146,2023-08-01,3000.0,25,Growth,active
CUST-1147,2023-08-01,550.0,11,Starter,active
CUST-1148,2023-08-01,12000.0,240,Starter,active
CUST-1149,2023-08-01,960.0,8,Growth,active
CUST-1150,2023-08-01,300.0,6,Starter,active
CUST-1151,2023-08-01,700.0,14,Starter,active
CUST-1152,2023-08-01,500.0,10,Starter,active
CUST-1153,2023-08-01,8520.0,71,Growth,active
CUST-1154,2023-08-01,650.0,13,Starter,active
CUST-1155,2023-08-01,720.0,6,Growth,active
CUST-1156,2023-08-01,8040.0,67,Growth,active
CUST-1001,2023-09-01,4250.0,17,Scale,active
CUST-1002,2023-09-01,3700.0,74,Starter,active
CUST-1003,2023-09-01,5760.0,48,Growth,active
CUST-1004,2023-09-01,550.0,11,Starter,active
CUST-1005,2023-09-01,97000.0,388,Scale,active
CUST-1007,2023-09-01,450.0,9,Starter,active
CUST-1009,2023-09-01,8280.0,69,Growth,active
CUST-1010,2023-09-01,600.0,5,Growth,active
CUST-1011,2023-09-01,2040.0,17,Growth,active
CUST-1012,2023-09-01,1320.0,11,Growth,active
CUST-1013,2023-09-01,400.0,8,Starter,active
CUST-1014,2023-09-01,2150.0,43,Starter,active
CUST-1015,2023-09-01,1800.0,15,Growth,active
CUST-1016,2023-09-01,650.0,13,Starter,active
CUST-1017,2023-09-01,500.0,10,Starter,active
CUST-1018,2023-09-01,350.0,7,Starter,active
CUST-1019,2023-09-01,82250.0,329,Scale,active
CUST-1020,2023-09-01,7440.0,62,Growth,active
CUST-1021,2023-09-01,750.0,15,Starter,active
CUST-1022,2023-09-01,8040.0,67,Growth,active
CUST-1023,2023-09-01,650.0,13,Starter,active
CUST-1024,2023-09-01,350.0,7,Starter,active
CUST-1025,2023-09-01,300.0,6,Starter,active
CUST-1026,2023-09-01,5280.0,44,Growth,active
CUST-1027,2023-09-01,750.0,15,Starter,active
CUST-1028,2023-09-01,960.0,8,Growth,active
CUST-1029,2023-09-01,250.0,5,Starter,active
CUST-1030,2023-09-01,600.0,12,Starter,active
CUST-1031,2023-09-01,1800.0,15,Growth,active
CUST-1032,2023-09-01,720.0,6,Growth,active
CUST-1033,2023-09-01,480.0,4,Growth,active
CUST-1034,2023-09-01,1680.0,14,Growth,active
CUST-1036,2023-09-01,1100.0,22,Starter,active
CUST-1037,2023-09-01,840.0,7,Growth,active
CUST-1039,2023-09-01,350.0,7,Starter,active
CUST-1040,2023-09-01,2900.0,58,Starter,active
CUST-1041,2023-09-01,350.0,7,Starter,active
CUST-1042,2023-09-01,1100.0,22,Starter,active
CUST-1043,2023-09-01,300.0,6,Starter,active
CUST-1044,2023-09-01,2700.0,54,Starter,active
CUST-1045,2023-09-01,750.0,15,Starter,active
CUST-1046,2023-09-01,450.0,9,Starter,active
CUST-1047,2023-09-01,1800.0,15,Growth,active
CUST-1048,2023-09-01,360.0,3,Growth,active
CUST-1049,2023-09-01,6000.0,50,Growth,active
CUST-1050,2023-09-01,150.0,3,Starter,active
CUST-1051,2023-09-01,600.0,12,Starter,active
CUST-1052,2023-09-01,250.0,5,Starter,active
CUST-1053,2023-09-01,700.0,14,Starter,active
CUST-1054,2023-09-01,2160.0,18,Growth,active
CUST-1055,2023-09-01,6240.0,52,Growth,active
CUST-1056,2023-09-01,450.0,9,Starter,active
CUST-1057,2023-09-01,250.0,5,Starter,active
CUST-1058,2023-09-01,350.0,7,Starter,active
CUST-1059,2023-09-01,7320.0,61,Growth,active
CUST-1060,2023-09-01,700.0,14,Starter,active
CUST-1061,2023-09-01,5400.0,45,Growth,active
CUST-1062,2023-09-01,500.0,10,Starter,active
CUST-1063,2023-09-01,55000.0,220,Scale,active
CUST-1064,2023-09-01,750.0,15,Starter,active
CUST-1065,2023-09-01,550.0,11,Starter,active
CUST-1066,2023-09-01,1560.0,13,Growth,active
CUST-1067,2023-09-01,750.0,15,Starter,active
CUST-1068,2023-09-01,4200.0,35,Growth,active
CUST-1069,2023-09-01,1200.0,10,Growth,active
CUST-1071,2023-09-01,53250.0,213,Scale,active
CUST-1072,2023-09-01,550.0,11,Starter,active
CUST-1073,2023-09-01,4080.0,34,Growth,active
CUST-1074,2023-09-01,21000.0,84,Scale,active
CUST-1075,2023-09-01,4000.0,16,Scale,active
CUST-1076,2023-09-01,2400.0,20,Growth,active
CUST-1077,2023-09-01,700.0,14,Starter,active
CUST-1078,2023-09-01,150.0,3,Starter,active
CUST-1079,2023-09-01,7920.0,66,Growth,active
CUST-1080,2023-09-01,150.0,3,Starter,active
CUST-1081,2023-09-01,2160.0,18,Growth,active
CUST-1082,2023-09-01,36720.0,306,Growth,active
CUST-1083,2023-09-01,1850.0,37,Starter,active
CUST-1084,2023-09-01,900.0,18,Starter,active
CUST-1085,2023-09-01,5640.0,47,Growth,active
CUST-1086,2023-09-01,750.0,15,Starter,active
CUST-1087,2023-09-01,500.0,10,Starter,active
CUST-1088,2023-09-01,550.0,11,Starter,active
CUST-1089,2023-09-01,200.0,4,Starter,active
CUST-1090,2023-09-01,5880.0,49,Growth,active
CUST-1091,2023-09-01,450.0,9,Starter,active
CUST-1092,2023-09-01,7080.0,59,Growth,active
CUST-1093,2023-09-01,150.0,3,Starter,active
CUST-1094,2023-09-01,650.0,13,Starter,active
CUST-1095,2023-09-01,6960.0,58,Growth,active
CUST-1096,2023-09-01,200.0,4,Starter,active
CUST-1097,2023-09-01,3360.0,28,Growth,active
CUST-1098,2023-09-01,550.0,11,Starter,active
CUST-1099,2023-09-01,3840.0,32,Growth,active
CUST-1100,2023-09-01,200.0,4,Starter,active
CUST-1101,2023-09-01,300.0,6,Starter,active
CUST-1102,2023-09-01,300.0,6,Starter,active
CUST-1103,2023-09-01,500.0,10,Starter,active
CUST-1104,2023-09-01,600.0,12,Starter,active
CUST-1105,2023-09-01,960.0,8,Growth,active
CUST-1106,2023-09-01,6000.0,50,Growth,active
CUST-1107,2023-09-01,400.0,8,Starter,active
CUST-1108,2023-09-01,250.0,5,Starter,active
CUST-1109,2023-09-01,1080.0,9,Growth,active
CUST-1110,2023-09-01,1320.0,11,Growth,active
CUST-1111,2023-09-01,2250.0,45,Starter,active
CUST-1112,2023-09-01,2500.0,10,Scale,active
CUST-1113,2023-09-01,1650.0,33,Starter,active
CUST-1114,2023-09-01,69250.0,277,Scale,active
CUST-1115,2023-09-01,720.0,6,Growth,active
CUST-1116,2023-09-01,150.0,3,Starter,active
CUST-1117,2023-09-01,4560.0,38,Growth,active
CUST-1118,2023-09-01,300.0,6,Starter,active
CUST-1119,2023-09-01,1200.0,10,Growth,active
CUST-1120,2023-09-01,700.0,14,Starter,active
CUST-1121,2023-09-01,550.0,11,Starter,active
CUST-1122,2023-09-01,6960.0,58,Growth,active
CUST-1123,2023-09-01,1440.0,12,Growth,active
CUST-1124,2023-09-01,700.0,14,Starter,active
CUST-1125,2023-09-01,700.0,14,Starter,active
CUST-1126,2023-09-01,8760.0,73,Growth,active
CUST-1127,2023-09-01,750.0,15,Starter,active
CUST-1128,2023-09-01,550.0,11,Starter,active
CUST-1129,2023-09-01,1200.0,10,Growth,active
CUST-1130,2023-09-01,57500.0,230,Scale,active
CUST-1131,2023-09-01,400.0,8,Starter,active
CUST-1132,2023-09-01,1080.0,9,Growth,active
CUST-1133,2023-09-01,300.0,6,Starter,active
CUST-1134,2023-09-01,150.0,3,Starter,active
CUST-1135,2023-09-01,200.0,4,Starter,active
CUST-1136,2023-09-01,700.0,14,Starter,active
CUST-1137,2023-09-01,3360.0,28,Growth,active
CUST-1138,2023-09-01,450.0,9,Starter,active
CUST-1139,2023-09-01,500.0,10,Starter,active
CUST-1140,2023-09-01,700.0,14,Starter,active
CUST-1141,2023-09-01,550.0,11,Starter,active
CUST-1142,2023-09-01,1680.0,14,Growth,active
CUST-1144,2023-09-01,650.0,13,Starter,active
CUST-1145,2023-09-01,700.0,14,Starter,active
CUST-1146,2023-09-01,3000.0,25,Growth,active
CUST-1147,2023-09-01,550.0,11,Starter,active
CUST-1148,2023-09-01,12000.0,240,Starter,active
CUST-1149,2023-09-01,960.0,8,Growth,active
CUST-1150,2023-09-01,300.0,6,Starter,active
CUST-1151,2023-09-01,700.0,14,Starter,active
CUST-1152,2023-09-01,500.0,10,Starter,active
CUST-1153,2023-09-01,8520.0,71,Growth,active
CUST-1154,2023-09-01,650.0,13,Starter,active
CUST-1155,2023-09-01,720.0,6,Growth,active
CUST-1156,2023-09-01,8040.0,67,Growth,active
CUST-1157,2023-09-01,1320.0,11,Growth,active
CUST-1158,2023-09-01,1200.0,10,Growth,active
CUST-1159,2023-09-01,250.0,5,Starter,active
CUST-1160,2023-09-01,6960.0,58,Growth,active
CUST-1161,2023-09-01,1080.0,9,Growth,active
CUST-1162,2023-09-01,350.0,7,Starter,active
CUST-1163,2023-09-01,27480.0,229,Growth,active
CUST-1164,2023-09-01,300.0,6,Starter,active
CUST-1165,2023-09-01,720.0,6,Growth,active
CUST-1166,2023-09-01,480.0,4,Growth,active
CUST-1167,2023-09-01,66500.0,266,Scale,active
CUST-1168,2023-09-01,720.0,6,Growth,active
CUST-1169,2023-09-01,200.0,4,Starter,active
CUST-1170,2023-09-01,600.0,12,Starter,active
CUST-1171,2023-09-01,300.0,6,Starter,active
CUST-1172,2023-09-01,3720.0,31,Growth,active
CUST-1173,2023-09-01,15000.0,60,Scale,active
CUST-1174,2023-09-01,720.0,6,Growth,active
CUST-1175,2023-09-01,400.0,8,Starter,active
CUST-1176,2023-09-01,200.0,4,Starter,active
CUST-1001,2023-10-01,4250.0,17,Scale,active
CUST-1002,2023-10-01,3700.0,74,Starter,active
CUST-1003,2023-10-01,5760.0,48,Growth,active
CUST-1004,2023-10-01,550.0,11,Starter,active
CUST-1005,2023-10-01,97000.0,388,Scale,active
CUST-1007,2023-10-01,450.0,9,Starter,active
CUST-1009,2023-10-01,8280.0,69,Growth,active
CUST-1010,2023-10-01,600.0,5,Growth,active
CUST-1011,2023-10-01,2040.0,17,Growth,active
CUST-1012,2023-10-01,1320.0,11,Growth,active
CUST-1013,2023-10-01,400.0,8,Starter,active
CUST-1014,2023-10-01,2150.0,43,Starter,active
CUST-1015,2023-10-01,1800.0,15,Growth,active
CUST-1016,2023-10-01,650.0,13,Starter,active
CUST-1017,2023-10-01,500.0,10,Starter,active
CUST-1018,2023-10-01,350.0,7,Starter,active
CUST-1019,2023-10-01,82250.0,329,Scale,active
CUST-1020,2023-10-01,7440.0,62,Growth,active
CUST-1021,2023-10-01,750.0,15,Starter,active
CUST-1022,2023-10-01,8040.0,67,Growth,active
CUST-1023,2023-10-01,650.0,13,Starter,active
CUST-1024,2023-10-01,400.0,8,Starter,active
CUST-1025,2023-10-01,300.0,6,Starter,active
CUST-1026,2023-10-01,5280.0,44,Growth,active
CUST-1027,2023-10-01,750.0,15,Starter,active
CUST-1028,2023-10-01,960.0,8,Growth,active
CUST-1029,2023-10-01,250.0,5,Starter,active
CUST-1030,2023-10-01,600.0,12,Starter,active
CUST-1032,2023-10-01,720.0,6,Growth,active
CUST-1033,2023-10-01,480.0,4,Growth,active
CUST-1036,2023-10-01,1100.0,22,Starter,active
CUST-1037,2023-10-01,840.0,7,Growth,active
CUST-1039,2023-10-01,350.0,7,Starter,active
CUST-1040,2023-10-01,2900.0,58,Starter,active
CUST-1041,2023-10-01,350.0,7,Starter,active
CUST-1042,2023-10-01,1100.0,22,Starter,active
CUST-1043,2023-10-01,300.0,6,Starter,active
CUST-1044,2023-10-01,2700.0,54,Starter,active
CUST-1045,2023-10-01,750.0,15,Starter,active
CUST-1046,2023-10-01,450.0,9,Starter,active
CUST-1047,2023-10-01,1800.0,15,Growth,active
CUST-1048,2023-10-01,360.0,3,Growth,active
CUST-1049,2023-10-01,6000.0,50,Growth,active
CUST-1050,2023-10-01,200.0,4,Starter,active
CUST-1051,2023-10-01,600.0,12,Starter,active
CUST-1052,2023-10-01,250.0,5,Starter,active
CUST-1053,2023-10-01,700.0,14,Starter,active
CUST-1054,2023-10-01,2160.0,18,Growth,active
CUST-1055,2023-10-01,6240.0,52,Growth,active
CUST-1056,2023-10-01,450.0,9,Starter,active
CUST-1057,2023-10-01,250.0,5,Starter,active
CUST-1058,2023-10-01,350.0,7,Starter,active
CUST-1059,2023-10-01,7320.0,61,Growth,active
CUST-1060,2023-10-01,700.0,14,Starter,active
CUST-1061,2023-10-01,5400.0,45,Growth,active
CUST-1063,2023-10-01,59250.0,237,Scale,active
CUST-1064,2023-10-01,750.0,15,Starter,active
CUST-1065,2023-10-01,550.0,11,Starter,active
CUST-1066,2023-10-01,1560.0,13,Growth,active
CUST-1067,2023-10-01,750.0,15,Starter,active
CUST-1068,2023-10-01,4200.0,35,Growth,active
CUST-1069,2023-10-01,1200.0,10,Growth,active
CUST-1071,2023-10-01,53250.0,213,Scale,active
CUST-1072,2023-10-01,550.0,11,Starter,active
CUST-1073,2023-10-01,4080.0,34,Growth,active
CUST-1074,2023-10-01,21000.0,84,Scale,active
CUST-1075,2023-10-01,4000.0,16,Scale,active
CUST-1076,2023-10-01,2400.0,20,Growth,active
CUST-1077,2023-10-01,700.0,14,Starter,active
CUST-1078,2023-10-01,150.0,3,Starter,active
CUST-1079,2023-10-01,7920.0,66,Growth,active
CUST-1081,2023-10-01,2160.0,18,Growth,active
CUST-1082,2023-10-01,36720.0,306,Growth,active
CUST-1083,2023-10-01,1850.0,37,Starter,active
CUST-1084,2023-10-01,900.0,18,Starter,active
CUST-1085,2023-10-01,5640.0,47,Growth,active
CUST-1086,2023-10-01,750.0,15,Starter,active
CUST-1087,2023-10-01,500.0,10,Starter,active
CUST-1088,2023-10-01,550.0,11,Starter,active
CUST-1089,2023-10-01,200.0,4,Starter,active
CUST-1090,2023-10-01,5880.0,49,Growth,active
CUST-1091,2023-10-01,450.0,9,Starter,active
CUST-1092,2023-10-01,7080.0,59,Growth,active
CUST-1093,2023-10-01,150.0,3,Starter,active
CUST-1094,2023-10-01,650.0,13,Starter,active
CUST-1095,2023-10-01,7440.0,62,Growth,active
CUST-1096,2023-10-01,200.0,4,Starter,active
CUST-1097,2023-10-01,3360.0,28,Growth,active
CUST-1099,2023-10-01,3840.0,32,Growth,active
CUST-1100,2023-10-01,200.0,4,Starter,active
CUST-1101,2023-10-01,300.0,6,Starter,active
CUST-1102,2023-10-01,300.0,6,Starter,active
CUST-1103,2023-10-01,500.0,10,Starter,active
CUST-1104,2023-10-01,600.0,12,Starter,active
CUST-1105,2023-10-01,960.0,8,Growth,active
CUST-1106,2023-10-01,6000.0,50,Growth,active
CUST-1107,2023-10-01,400.0,8,Starter,active
CUST-1108,2023-10-01,250.0,5,Starter,active
CUST-1109,2023-10-01,1080.0,9,Growth,active
CUST-1110,2023-10-01,1320.0,11,Growth,active
CUST-1111,2023-10-01,2250.0,45,Starter,active
CUST-1112,2023-10-01,2500.0,10,Scale,active
CUST-1113,2023-10-01,1650.0,33,Starter,active
CUST-1114,2023-10-01,69250.0,277,Scale,active
CUST-1115,2023-10-01,720.0,6,Growth,active
CUST-1116,2023-10-01,150.0,3,Starter,active
CUST-1117,2023-10-01,4560.0,38,Growth,active
CUST-1118,2023-10-01,300.0,6,Starter,active
CUST-1119,2023-10-01,1200.0,10,Growth,active
CUST-1120,2023-10-01,700.0,14,Starter,active
CUST-1121,2023-10-01,550.0,11,Starter,active
CUST-1122,2023-10-01,6960.0,58,Growth,active
CUST-1123,2023-10-01,1440.0,12,Growth,active
CUST-1124,2023-10-01,700.0,14,Starter,active
CUST-1125,2023-10-01,700.0,14,Starter,active
CUST-1126,2023-10-01,8760.0,73,Growth,active
CUST-1127,2023-10-01,750.0,15,Starter,active
CUST-1128,2023-10-01,550.0,11,Starter,active
CUST-1129,2023-10-01,1200.0,10,Growth,active
CUST-1130,2023-10-01,57500.0,230,Scale,active
CUST-1131,2023-10-01,400.0,8,Starter,active
CUST-1132,2023-10-01,1080.0,9,Growth,active
CUST-1133,2023-10-01,300.0,6,Starter,active
CUST-1134,2023-10-01,150.0,3,Starter,active
CUST-1135,2023-10-01,200.0,4,Starter,active
CUST-1136,2023-10-01,700.0,14,Starter,active
CUST-1137,2023-10-01,3360.0,28,Growth,active
CUST-1138,2023-10-01,500.0,10,Starter,active
CUST-1140,2023-10-01,700.0,14,Starter,active
CUST-1141,2023-10-01,550.0,11,Starter,active
CUST-1142,2023-10-01,1680.0,14,Growth,active
CUST-1144,2023-10-01,650.0,13,Starter,active
CUST-1145,2023-10-01,700.0,14,Starter,active
CUST-1146,2023-10-01,3000.0,25,Growth,active
CUST-1147,2023-10-01,550.0,11,Starter,active
CUST-1148,2023-10-01,12000.0,240,Starter,active
CUST-1149,2023-10-01,960.0,8,Growth,active
CUST-1150,2023-10-01,300.0,6,Starter,active
CUST-1151,2023-10-01,700.0,14,Starter,active
CUST-1152,2023-10-01,500.0,10,Starter,active
CUST-1153,2023-10-01,8520.0,71,Growth,active
CUST-1154,2023-10-01,650.0,13,Starter,active
CUST-1155,2023-10-01,720.0,6,Growth,active
CUST-1156,2023-10-01,8040.0,67,Growth,active
CUST-1157,2023-10-01,1320.0,11,Growth,active
CUST-1158,2023-10-01,1200.0,10,Growth,active
CUST-1159,2023-10-01,250.0,5,Starter,active
CUST-1160,2023-10-01,6960.0,58,Growth,active
CUST-1161,2023-10-01,1080.0,9,Growth,active
CUST-1162,2023-10-01,350.0,7,Starter,active
CUST-1163,2023-10-01,27480.0,229,Growth,active
CUST-1165,2023-10-01,720.0,6,Growth,active
CUST-1166,2023-10-01,480.0,4,Growth,active
CUST-1167,2023-10-01,66500.0,266,Scale,active
CUST-1168,2023-10-01,720.0,6,Growth,active
CUST-1169,2023-10-01,200.0,4,Starter,active
CUST-1170,2023-10-01,600.0,12,Starter,active
CUST-1171,2023-10-01,300.0,6,Starter,active
CUST-1172,2023-10-01,3720.0,31,Growth,active
CUST-1173,2023-10-01,15000.0,60,Scale,active
CUST-1174,2023-10-01,720.0,6,Growth,active
CUST-1175,2023-10-01,400.0,8,Starter,active
CUST-1176,2023-10-01,200.0,4,Starter,active
CUST-1177,2023-10-01,700.0,14,Starter,active
CUST-1178,2023-10-01,700.0,14,Starter,active
CUST-1179,2023-10-01,1560.0,13,Growth,active
CUST-1180,2023-10-01,1200.0,24,Starter,active
CUST-1181,2023-10-01,1560.0,13,Growth,active
CUST-1182,2023-10-01,2000.0,8,Scale,active
CUST-1183,2023-10-01,650.0,13,Starter,active
CUST-1184,2023-10-01,700.0,14,Starter,active
CUST-1185,2023-10-01,500.0,10,Starter,active
CUST-1186,2023-10-01,1560.0,13,Growth,active
CUST-1187,2023-10-01,350.0,7,Starter,active
CUST-1188,2023-10-01,1440.0,12,Growth,active
CUST-1189,2023-10-01,600.0,12,Starter,active
CUST-1190,2023-10-01,200.0,4,Starter,active
CUST-1191,2023-10-01,1800.0,15,Growth,active
CUST-1192,2023-10-01,550.0,11,Starter,active
CUST-1193,2023-10-01,5760.0,48,Growth,active
CUST-1194,2023-10-01,500.0,10,Starter,active
CUST-1195,2023-10-01,600.0,12,Starter,active
CUST-1196,2023-10-01,5040.0,42,Growth,active
CUST-1197,2023-10-01,400.0,8,Starter,active
CUST-1198,2023-10-01,87250.0,349,Scale,active
CUST-1199,2023-10-01,550.0,11,Starter,active
CUST-1001,2023-11-01,4250.0,17,Scale,active
CUST-1002,2023-11-01,3700.0,74,Starter,active
CUST-1003,2023-11-01,5760.0,48,Growth,active
CUST-1004,2023-11-01,550.0,11,Starter,active
CUST-1005,2023-11-01,97000.0,388,Scale,active
CUST-1007,2023-11-01,450.0,9,Starter,active
CUST-1009,2023-11-01,8280.0,69,Growth,active
CUST-1010,2023-11-01,600.0,5,Growth,active
CUST-1011,2023-11-01,2040.0,17,Growth,active
CUST-1012,2023-11-01,1320.0,11,Growth,active
CUST-1013,2023-11-01,400.0,8,Starter,active
CUST-1014,2023-11-01,2450.0,49,Starter,active
CUST-1015,2023-11-01,1920.0,16,Growth,active
CUST-1016,2023-11-01,650.0,13,Starter,active
CUST-1017,2023-11-01,500.0,10,Starter,active
CUST-1018,2023-11-01,350.0,7,Starter,active
CUST-1019,2023-11-01,82250.0,329,Scale,active
CUST-1020,2023-11-01,7440.0,62,Growth,active
CUST-1021,2023-11-01,750.0,15,Starter,active
CUST-1022,2023-11-01,8040.0,67,Growth,active
CUST-1023,2023-11-01,650.0,13,Starter,active
CUST-1024,2023-11-01,450.0,9,Starter,active
CUST-1025,2023-11-01,300.0,6,Starter,active
CUST-1026,2023-11-01,5280.0,44,Growth,active
CUST-1027,2023-11-01,750.0,15,Starter,active
CUST-1028,2023-11-01,960.0,8,Growth,active
CUST-1029,2023-11-01,250.0,5,Starter,active
CUST-1030,2023-11-01,600.0,12,Starter,active
CUST-1032,2023-11-01,720.0,6,Growth,active
CUST-1033,2023-11-01,480.0,4,Growth,active
CUST-1036,2023-11-01,1100.0,22,Starter,active
CUST-1037,2023-11-01,840.0,7,Growth,active
CUST-1039,2023-11-01,350.0,7,Starter,active
CUST-1040,2023-11-01,2900.0,58,Starter,active
CUST-1041,2023-11-01,350.0,7,Starter,active
CUST-1042,2023-11-01,1100.0,22,Starter,active
CUST-1043,2023-11-01,300.0,6,Starter,active
CUST-1044,2023-11-01,2700.0,54,Starter,active
CUST-1045,2023-11-01,750.0,15,Starter,active
CUST-1046,2023-11-01,450.0,9,Starter,active
CUST-1047,2023-11-01,1800.0,15,Growth,active
CUST-1048,2023-11-01,360.0,3,Growth,active
CUST-1049,2023-11-01,6000.0,50,Growth,active
CUST-1050,2023-11-01,200.0,4,Starter,active
CUST-1051,2023-11-01,600.0,12,Starter,active
CUST-1052,2023-11-01,250.0,5,Starter,active
CUST-1053,2023-11-01,700.0,14,Starter,active
CUST-1054,2023-11-01,2160.0,18,Growth,active
CUST-1056,2023-11-01,450.0,9,Starter,active
CUST-1057,2023-11-01,250.0,5,Starter,active
CUST-1058,2023-11-01,350.0,7,Starter,active
CUST-1059,2023-11-01,7320.0,61,Growth,active
CUST-1060,2023-11-01,700.0,14,Starter,active
CUST-1061,2023-11-01,5400.0,45,Growth,active
CUST-1063,2023-11-01,59250.0,237,Scale,active
CUST-1064,2023-11-01,750.0,15,Starter,active
CUST-1065,2023-11-01,550.0,11,Starter,active
CUST-1066,2023-11-01,1560.0,13,Growth,active
CUST-1067,2023-11-01,750.0,15,Starter,active
CUST-1068,2023-11-01,4200.0,35,Growth,active
CUST-1069,2023-11-01,1200.0,10,Growth,active
CUST-1071,2023-11-01,53250.0,213,Scale,active
CUST-1072,2023-11-01,550.0,11,Starter,active
CUST-1073,2023-11-01,4080.0,34,Growth,active
CUST-1074,2023-11-01,21000.0,84,Scale,active
CUST-1075,2023-11-01,4000.0,16,Scale,active
CUST-1076,2023-11-01,2400.0,20,Growth,active
CUST-1077,2023-11-01,700.0,14,Starter,active
CUST-1078,2023-11-01,150.0,3,Starter,active
CUST-1079,2023-11-01,7920.0,66,Growth,active
CUST-1081,2023-11-01,2160.0,18,Growth,active
CUST-1082,2023-11-01,36720.0,306,Growth,active
CUST-1083,2023-11-01,1850.0,37,Starter,active
CUST-1084,2023-11-01,900.0,18,Starter,active
CUST-1085,2023-11-01,5640.0,47,Growth,active
CUST-1086,2023-11-01,750.0,15,Starter,active
CUST-1087,2023-11-01,500.0,10,Starter,active
CUST-1088,2023-11-01,550.0,11,Starter,active
CUST-1089,2023-11-01,200.0,4,Starter,active
CUST-1090,2023-11-01,5880.0,49,Growth,active
CUST-1091,2023-11-01,450.0,9,Starter,active
CUST-1092,2023-11-01,7080.0,59,Growth,active
CUST-1093,2023-11-01,150.0,3,Starter,active
CUST-1094,2023-11-01,650.0,13,Starter,active
CUST-1095,2023-11-01,7440.0,62,Growth,active
CUST-1096,2023-11-01,200.0,4,Starter,active
CUST-1097,2023-11-01,3360.0,28,Growth,active
CUST-1099,2023-11-01,3840.0,32,Growth,active
CUST-1100,2023-11-01,200.0,4,Starter,active
CUST-1101,2023-11-01,300.0,6,Starter,active
CUST-1102,2023-11-01,300.0,6,Starter,active
CUST-1103,2023-11-01,500.0,10,Starter,active
CUST-1104,2023-11-01,550.0,11,Starter,active
CUST-1105,2023-11-01,960.0,8,Growth,active
CUST-1106,2023-11-01,6000.0,50,Growth,active
CUST-1107,2023-11-01,400.0,8,Starter,active
CUST-1108,2023-11-01,250.0,5,Starter,active
CUST-1109,2023-11-01,1080.0,9,Growth,active
CUST-1110,2023-11-01,1440.0,12,Growth,active
CUST-1111,2023-11-01,2650.0,53,Starter,active
CUST-1112,2023-11-01,2500.0,10,Scale,active
CUST-1113,2023-11-01,1650.0,33,Starter,active
CUST-1114,2023-11-01,69250.0,277,Scale,active
CUST-1115,2023-11-01,720.0,6,Growth,active
CUST-1116,2023-11-01,150.0,3,Starter,active
CUST-1117,2023-11-01,4560.0,38,Growth,active
CUST-1118,2023-11-01,300.0,6,Starter,active
CUST-1119,2023-11-01,1200.0,10,Growth,active
CUST-1120,2023-11-01,700.0,14,Starter,active
CUST-1121,2023-11-01,550.0,11,Starter,active
CUST-1122,2023-11-01,6960.0,58,Growth,active
CUST-1123,2023-11-01,1440.0,12,Growth,active
CUST-1124,2023-11-01,700.0,14,Starter,active
CUST-1125,2023-11-01,700.0,14,Starter,active
CUST-1126,2023-11-01,8760.0,73,Growth,active
CUST-1127,2023-11-01,750.0,15,Starter,active
CUST-1128,2023-11-01,550.0,11,Starter,active
CUST-1129,2023-11-01,1200.0,10,Growth,active
CUST-1130,2023-11-01,57500.0,230,Scale,active
CUST-1131,2023-11-01,400.0,8,Starter,active
CUST-1132,2023-11-01,1080.0,9,Growth,active
CUST-1133,2023-11-01,300.0,6,Starter,active
CUST-1134,2023-11-01,150.0,3,Starter,active
CUST-1135,2023-11-01,200.0,4,Starter,active
CUST-1136,2023-11-01,700.0,14,Starter,active
CUST-1137,2023-11-01,3360.0,28,Growth,active
CUST-1138,2023-11-01,500.0,10,Starter,active
CUST-1140,2023-11-01,700.0,14,Starter,active
CUST-1141,2023-11-01,550.0,11,Starter,active
CUST-1142,2023-11-01,1680.0,14,Growth,active
CUST-1144,2023-11-01,650.0,13,Starter,active
CUST-1145,2023-11-01,700.0,14,Starter,active
CUST-1146,2023-11-01,3000.0,25,Growth,active
CUST-1147,2023-11-01,550.0,11,Starter,active
CUST-1148,2023-11-01,12000.0,240,Starter,active
CUST-1149,2023-11-01,960.0,8,Growth,active
CUST-1150,2023-11-01,300.0,6,Starter,active
CUST-1151,2023-11-01,700.0,14,Starter,active
CUST-1152,2023-11-01,500.0,10,Starter,active
CUST-1153,2023-11-01,8520.0,71,Growth,active
CUST-1154,2023-11-01,650.0,13,Starter,active
CUST-1155,2023-11-01,720.0,6,Growth,active
CUST-1156,2023-11-01,8040.0,67,Growth,active
CUST-1157,2023-11-01,1320.0,11,Growth,active
CUST-1158,2023-11-01,1200.0,10,Growth,active
CUST-1159,2023-11-01,250.0,5,Starter,active
CUST-1160,2023-11-01,6960.0,58,Growth,active
CUST-1161,2023-11-01,1080.0,9,Growth,active
CUST-1162,2023-11-01,350.0,7,Starter,active
CUST-1163,2023-11-01,27480.0,229,Growth,active
CUST-1165,2023-11-01,720.0,6,Growth,active
CUST-1166,2023-11-01,480.0,4,Growth,active
CUST-1167,2023-11-01,66500.0,266,Scale,active
CUST-1168,2023-11-01,720.0,6,Growth,active
CUST-1169,2023-11-01,200.0,4,Starter,active
CUST-1170,2023-11-01,600.0,12,Starter,active
CUST-1171,2023-11-01,300.0,6,Starter,active
CUST-1172,2023-11-01,3720.0,31,Growth,active
CUST-1173,2023-11-01,15000.0,60,Scale,active
CUST-1174,2023-11-01,720.0,6,Growth,active
CUST-1175,2023-11-01,400.0,8,Starter,active
CUST-1176,2023-11-01,200.0,4,Starter,active
CUST-1177,2023-11-01,800.0,16,Starter,active
CUST-1178,2023-11-01,800.0,16,Starter,active
CUST-1179,2023-11-01,1560.0,13,Growth,active
CUST-1180,2023-11-01,1200.0,24,Starter,active
CUST-1181,2023-11-01,1560.0,13,Growth,active
CUST-1182,2023-11-01,2000.0,8,Scale,active
CUST-1184,2023-11-01,700.0,14,Starter,active
CUST-1185,2023-11-01,500.0,10,Starter,active
CUST-1186,2023-11-01,1560.0,13,Growth,active
CUST-1187,2023-11-01,350.0,7,Starter,active
CUST-1188,2023-11-01,1440.0,12,Growth,active
CUST-1189,2023-11-01,600.0,12,Starter,active
CUST-1190,2023-11-01,200.0,4,Starter,active
CUST-1191,2023-11-01,1800.0,15,Growth,active
CUST-1192,2023-11-01,550.0,11,Starter,active
CUST-1193,2023-11-01,5760.0,48,Growth,active
CUST-1194,2023-11-01,500.0,10,Starter,active
CUST-1195,2023-11-01,600.0,12,Starter,active
CUST-1196,2023-11-01,5040.0,42,Growth,active
CUST-1197,2023-11-01,400.0,8,Starter,active
CUST-1198,2023-11-01,87250.0,349,Scale,active
CUST-1199,2023-11-01,550.0,11,Starter,active
CUST-1200,2023-11-01,1200.0,10,Growth,active
CUST-1201,2023-11-01,480.0,4,Growth,active
CUST-1202,2023-11-01,3250.0,13,Scale,active
CUST-1203,2023-11-01,720.0,6,Growth,active
CUST-1204,2023-11-01,5750.0,23,Scale,active
CUST-1205,2023-11-01,5400.0,45,Growth,active
CUST-1206,2023-11-01,2750.0,11,Scale,active
CUST-1207,2023-11-01,3960.0,33,Growth,active
CUST-1208,2023-11-01,360.0,3,Growth,active
CUST-1209,2023-11-01,1440.0,12,Growth,active
CUST-1210,2023-11-01,700.0,14,Starter,active
CUST-1211,2023-11-01,200.0,4,Starter,active
CUST-1212,2023-11-01,150.0,3,Starter,active
CUST-1213,2023-11-01,2040.0,17,Growth,active
CUST-1214,2023-11-01,600.0,12,Starter,active
CUST-1215,2023-11-01,550.0,11,Starter,active
CUST-1216,2023-11-01,480.0,4,Growth,active
CUST-1217,2023-11-01,700.0,14,Starter,active
CUST-1218,2023-11-01,8880.0,74,Growth,active
CUST-1219,2023-11-01,4560.0,38,Growth,active
CUST-1220,2023-11-01,150.0,3,Starter,active
CUST-1221,2023-11-01,2880.0,24,Growth,active
CUST-1222,2023-11-01,450.0,9,Starter,active
CUST-1001,2023-12-01,4250.0,17,Scale,active
CUST-1002,2023-12-01,3700.0,74,Starter,active
CUST-1003,2023-12-01,5760.0,48,Growth,active
CUST-1004,2023-12-01,550.0,11,Starter,active
CUST-1005,2023-12-01,97000.0,388,Scale,active
CUST-1007,2023-12-01,450.0,9,Starter,active
CUST-1009,2023-12-01,8280.0,69,Growth,active
CUST-1010,2023-12-01,600.0,5,Growth,active
CUST-1011,2023-12-01,2040.0,17,Growth,active
CUST-1012,2023-12-01,1320.0,11,Growth,active
CUST-1013,2023-12-01,400.0,8,Starter,active
CUST-1014,2023-12-01,2450.0,49,Starter,active
CUST-1015,2023-12-01,1920.0,16,Growth,active
CUST-1016,2023-12-01,650.0,13,Starter,active
CUST-1017,2023-12-01,500.0,10,Starter,active
CUST-1018,2023-12-01,350.0,7,Starter,active
CUST-1019,2023-12-01,82250.0,329,Scale,active
CUST-1020,2023-12-01,7440.0,62,Growth,active
CUST-1021,2023-12-01,750.0,15,Starter,active
CUST-1022,2023-12-01,8040.0,67,Growth,active
CUST-1023,2023-12-01,650.0,13,Starter,active
CUST-1024,2023-12-01,450.0,9,Starter,active
CUST-1025,2023-12-01,300.0,6,Starter,active
CUST-1026,2023-12-01,5280.0,44,Growth,active
CUST-1027,2023-12-01,750.0,15,Starter,active
CUST-1028,2023-12-01,960.0,8,Growth,active
CUST-1029,2023-12-01,250.0,5,Starter,active
CUST-1030,2023-12-01,600.0,12,Starter,active
CUST-1032,2023-12-01,720.0,6,Growth,active
CUST-1033,2023-12-01,480.0,4,Growth,active
CUST-1036,2023-12-01,1100.0,22,Starter,active
CUST-1037,2023-12-01,840.0,7,Growth,active
CUST-1039,2023-12-01,350.0,7,Starter,active
CUST-1040,2023-12-01,2900.0,58,Starter,active
CUST-1041,2023-12-01,350.0,7,Starter,active
CUST-1042,2023-12-01,1100.0,22,Starter,active
CUST-1043,2023-12-01,300.0,6,Starter,active
CUST-1044,2023-12-01,2700.0,54,Starter,active
CUST-1045,2023-12-01,750.0,15,Starter,active
CUST-1046,2023-12-01,450.0,9,Starter,active
CUST-1047,2023-12-01,1800.0,15,Growth,active
CUST-1048,2023-12-01,360.0,3,Growth,active
CUST-1049,2023-12-01,6000.0,50,Growth,active
CUST-1050,2023-12-01,200.0,4,Starter,active
CUST-1051,2023-12-01,600.0,12,Starter,active
CUST-1052,2023-12-01,300.0,6,Starter,active
CUST-1053,2023-12-01,700.0,14,Starter,active
CUST-1054,2023-12-01,2160.0,18,Growth,active
CUST-1056,2023-12-01,500.0,10,Starter,active
CUST-1057,2023-12-01,250.0,5,Starter,active
CUST-1058,2023-12-01,350.0,7,Starter,active
CUST-1059,2023-12-01,7320.0,61,Growth,active
CUST-1060,2023-12-01,700.0,14,Starter,active
CUST-1061,2023-12-01,5400.0,45,Growth,active
CUST-1063,2023-12-01,59250.0,237,Scale,active
CUST-1064,2023-12-01,750.0,15,Starter,active
CUST-1065,2023-12-01,550.0,11,Starter,active
CUST-1066,2023-12-01,1560.0,13,Growth,active
CUST-1067,2023-12-01,750.0,15,Starter,active
CUST-1068,2023-12-01,4200.0,35,Growth,active
CUST-1069,2023-12-01,1200.0,10,Growth,active
CUST-1071,2023-12-01,53250.0,213,Scale,active
CUST-1073,2023-12-01,4080.0,34,Growth,active
CUST-1074,2023-12-01,21000.0,84,Scale,active
CUST-1075,2023-12-01,4000.0,16,Scale,active
CUST-1076,2023-12-01,2400.0,20,Growth,active
CUST-1077,2023-12-01,700.0,14,Starter,active
CUST-1078,2023-12-01,150.0,3,Starter,active
CUST-1079,2023-12-01,9480.0,79,Growth,active
CUST-1081,2023-12-01,2160.0,18,Growth,active
CUST-1082,2023-12-01,41280.0,344,Growth,active
CUST-1083,2023-12-01,1850.0,37,Starter,active
CUST-1084,2023-12-01,900.0,18,Starter,active
CUST-1085,2023-12-01,5640.0,47,Growth,active
CUST-1086,2023-12-01,750.0,15,Starter,active
CUST-1087,2023-12-01,500.0,10,Starter,active
CUST-1088,2023-12-01,550.0,11,Starter,active
CUST-1090,2023-12-01,5880.0,49,Growth,active
CUST-1091,2023-12-01,450.0,9,Starter,active
CUST-1092,2023-12-01,7080.0,59,Growth,active
CUST-1093,2023-12-01,150.0,3,Starter,active
CUST-1094,2023-12-01,650.0,13,Starter,active
CUST-1095,2023-12-01,7440.0,62,Growth,active
CUST-1096,2023-12-01,200.0,4,Starter,active
CUST-1097,2023-12-01,4080.0,34,Growth,active
CUST-1099,2023-12-01,3840.0,32,Growth,active
CUST-1100,2023-12-01,200.0,4,Starter,active
CUST-1101,2023-12-01,300.0,6,Starter,active
CUST-1102,2023-12-01,300.0,6,Starter,active
CUST-1103,2023-12-01,500.0,10,Starter,active
CUST-1104,2023-12-01,550.0,11,Starter,active
CUST-1105,2023-12-01,960.0,8,Growth,active
CUST-1106,2023-12-01,6000.0,50,Growth,active
CUST-1107,2023-12-01,400.0,8,Starter,active
CUST-1108,2023-12-01,250.0,5,Starter,active
CUST-1109,2023-12-01,1080.0,9,Growth,active
CUST-1110,2023-12-01,1440.0,12,Growth,active
CUST-1111,2023-12-01,2650.0,53,Starter,active
CUST-1112,2023-12-01,2500.0,10,Scale,active
CUST-1113,2023-12-01,1650.0,33,Starter,active
CUST-1114,2023-12-01,69250.0,277,Scale,active
CUST-1115,2023-12-01,720.0,6,Growth,active
CUST-1116,2023-12-01,150.0,3,Starter,active
CUST-1117,2023-12-01,4560.0,38,Growth,active
CUST-1118,2023-12-01,300.0,6,Starter,active
CUST-1119,2023-12-01,1200.0,10,Growth,active
CUST-1120,2023-12-01,700.0,14,Starter,active
CUST-1121,2023-12-01,550.0,11,Starter,active
CUST-1122,2023-12-01,6960.0,58,Growth,active
CUST-1123,2023-12-01,1440.0,12,Growth,active
CUST-1124,2023-12-01,700.0,14,Starter,active
CUST-1125,2023-12-01,700.0,14,Starter,active
CUST-1126,2023-12-01,8760.0,73,Growth,active
CUST-1127,2023-12-01,750.0,15,Starter,active
CUST-1128,2023-12-01,550.0,11,Starter,active
CUST-1129,2023-12-01,1200.0,10,Growth,active
CUST-1130,2023-12-01,57500.0,230,Scale,active
CUST-1131,2023-12-01,400.0,8,Starter,active
CUST-1132,2023-12-01,1200.0,10,Growth,active
CUST-1133,2023-12-01,300.0,6,Starter,active
CUST-1134,2023-12-01,150.0,3,Starter,active
CUST-1135,2023-12-01,200.0,4,Starter,active
CUST-1136,2023-12-01,700.0,14,Starter,active
CUST-1137,2023-12-01,3360.0,28,Growth,active
CUST-1138,2023-12-01,500.0,10,Starter,active
CUST-1140,2023-12-01,700.0,14,Starter,active
CUST-1141,2023-12-01,550.0,11,Starter,active
CUST-1142,2023-12-01,1680.0,14,Growth,active
CUST-1144,2023-12-01,650.0,13,Starter,active
CUST-1145,2023-12-01,700.0,14,Starter,active
CUST-1146,2023-12-01,3000.0,25,Growth,active
CUST-1147,2023-12-01,550.0,11,Starter,active
CUST-1148,2023-12-01,14150.0,283,Starter,active
CUST-1149,2023-12-01,960.0,8,Growth,active
CUST-1150,2023-12-01,300.0,6,Starter,active
CUST-1151,2023-12-01,700.0,14,Starter,active
CUST-1152,2023-12-01,500.0,10,Starter,active
CUST-1153,2023-12-01,8520.0,71,Growth,active
CUST-1154,2023-12-01,650.0,13,Starter,active
CUST-1155,2023-12-01,720.0,6,Growth,active
CUST-1156,2023-12-01,8040.0,67,Growth,active
CUST-1157,2023-12-01,1320.0,11,Growth,active
CUST-1158,2023-12-01,1200.0,10,Growth,active
CUST-1160,2023-12-01,6960.0,58,Growth,active
CUST-1161,2023-12-01,1080.0,9,Growth,active
CUST-1162,2023-12-01,400.0,8,Starter,active
CUST-1163,2023-12-01,27480.0,229,Growth,active
CUST-1165,2023-12-01,720.0,6,Growth,active
CUST-1166,2023-12-01,480.0,4,Growth,active
CUST-1167,2023-12-01,66500.0,266,Scale,active
CUST-1168,2023-12-01,720.0,6,Growth,active
CUST-1169,2023-12-01,200.0,4,Starter,active
CUST-1170,2023-12-01,600.0,12,Starter,active
CUST-1171,2023-12-01,300.0,6,Starter,active
CUST-1172,2023-12-01,3720.0,31,Growth,active
CUST-1173,2023-12-01,16500.0,66,Scale,active
CUST-1174,2023-12-01,720.0,6,Growth,active
CUST-1175,2023-12-01,400.0,8,Starter,active
CUST-1176,2023-12-01,200.0,4,Starter,active
CUST-1177,2023-12-01,800.0,16,Starter,active
CUST-1178,2023-12-01,800.0,16,Starter,active
CUST-1179,2023-12-01,1920.0,16,Growth,active
CUST-1180,2023-12-01,1200.0,24,Starter,active
CUST-1181,2023-12-01,1560.0,13,Growth,active
CUST-1182,2023-12-01,2000.0,8,Scale,active
CUST-1184,2023-12-01,700.0,14,Starter,active
CUST-1186,2023-12-01,1560.0,13,Growth,active
CUST-1187,2023-12-01,350.0,7,Starter,active
CUST-1188,2023-12-01,1440.0,12,Growth,active
CUST-1189,2023-12-01,600.0,12,Starter,active
CUST-1191,2023-12-01,1800.0,15,Growth,active
CUST-1192,2023-12-01,550.0,11,Starter,active
CUST-1193,2023-12-01,5760.0,48,Growth,active
CUST-1194,2023-12-01,500.0,10,Starter,active
CUST-1195,2023-12-01,600.0,12,Starter,active
CUST-1196,2023-12-01,5040.0,42,Growth,active
CUST-1198,2023-12-01,87250.0,349,Scale,active
CUST-1199,2023-12-01,550.0,11,Starter,active
CUST-1200,2023-12-01,1200.0,10,Growth,active
CUST-1201,2023-12-01,480.0,4,Growth,active
CUST-1202,2023-12-01,3250.0,13,Scale,active
CUST-1203,2023-12-01,720.0,6,Growth,active
CUST-1204,2023-12-01,5750.0,23,Scale,active
CUST-1205,2023-12-01,5400.0,45,Growth,active
CUST-1206,2023-12-01,2750.0,11,Scale,active
CUST-1207,2023-12-01,3960.0,33,Growth,active
CUST-1208,2023-12-01,360.0,3,Growth,active
CUST-1209,2023-12-01,1440.0,12,Growth,active
CUST-1210,2023-12-01,700.0,14,Starter,active
CUST-1211,2023-12-01,200.0,4,Starter,active
CUST-1212,2023-12-01,150.0,3,Starter,active
CUST-1213,2023-12-01,2040.0,17,Growth,active
CUST-1214,2023-12-01,600.0,12,Starter,active
CUST-1215,2023-12-01,550.0,11,Starter,active
CUST-1216,2023-12-01,480.0,4,Growth,active
CUST-1217,2023-12-01,700.0,14,Starter,active
CUST-1218,2023-12-01,8880.0,74,Growth,active
CUST-1219,2023-12-01,4560.0,38,Growth,active
CUST-1220,2023-12-01,150.0,3,Starter,active
CUST-1221,2023-12-01,2880.0,24,Growth,active
CUST-1222,2023-12-01,450.0,9,Starter,active
CUST-1223,2023-12-01,650.0,13,Starter,active
CUST-1224,2023-12-01,450.0,9,Starter,active
CUST-1225,2023-12-01,700.0,14,Starter,active
CUST-1226,2023-12-01,960.0,8,Growth,active
CUST-1227,2023-12-01,750.0,15,Starter,active
CUST-1228,2023-12-01,3450.0,69,Starter,active
CUST-1229,2023-12-01,480.0,4,Growth,active
CUST-1230,2023-12-01,750.0,15,Starter,active
CUST-1231,2023-12-01,8500.0,34,Scale,active
CUST-1232,2023-12-01,750.0,15,Starter,active
CUST-1233,2023-12-01,360.0,3,Growth,active
CUST-1234,2023-12-01,960.0,8,Growth,active
CUST-1235,2023-12-01,350.0,7,Starter,active
CUST-1236,2023-12-01,500.0,10,Starter,active
CUST-1237,2023-12-01,7440.0,62,Growth,active
CUST-1238,2023-12-01,3600.0,30,Growth,active
CUST-1239,2023-12-01,17750.0,71,Scale,active
CUST-1240,2023-12-01,150.0,3,Starter,active
CUST-1241,2023-12-01,500.0,10,Starter,active
CUST-1242,2023-12-01,700.0,14,Starter,active
CUST-1001,2024-01-01,4250.0,17,Scale,active
CUST-1002,2024-01-01,3700.0,74,Starter,active
CUST-1003,2024-01-01,5760.0,48,Growth,active
CUST-1004,2024-01-01,550.0,11,Starter,active
CUST-1005,2024-01-01,97000.0,388,Scale,active
CUST-1007,2024-01-01,450.0,9,Starter,active
CUST-1009,2024-01-01,8280.0,69,Growth,active
CUST-1010,2024-01-01,600.0,5,Growth,active
CUST-1011,2024-01-01,2040.0,17,Growth,active
CUST-1012,2024-01-01,1320.0,11,Growth,active
CUST-1013,2024-01-01,400.0,8,Starter,active
CUST-1014,2024-01-01,2450.0,49,Starter,active
CUST-1015,2024-01-01,1920.0,16,Growth,active
CUST-1016,2024-01-01,650.0,13,Starter,active
CUST-1017,2024-01-01,500.0,10,Starter,active
CUST-1018,2024-01-01,350.0,7,Starter,active
CUST-1019,2024-01-01,82250.0,329,Scale,active
CUST-1020,2024-01-01,7440.0,62,Growth,active
CUST-1021,2024-01-01,750.0,15,Starter,active
CUST-1022,2024-01-01,8040.0,67,Growth,active
CUST-1024,2024-01-01,450.0,9,Starter,active
CUST-1025,2024-01-01,300.0,6,Starter,active
CUST-1026,2024-01-01,5280.0,44,Growth,active
CUST-1027,2024-01-01,750.0,15,Starter,active
CUST-1028,2024-01-01,960.0,8,Growth,active
CUST-1029,2024-01-01,250.0,5,Starter,active
CUST-1030,2024-01-01,600.0,12,Starter,active
CUST-1032,2024-01-01,720.0,6,Growth,active
CUST-1033,2024-01-01,480.0,4,Growth,active
CUST-1036,2024-01-01,1100.0,22,Starter,active
CUST-1037,2024-01-01,720.0,6,Growth,active
CUST-1039,2024-01-01,350.0,7,Starter,active
CUST-1040,2024-01-01,2900.0,58,Starter,active
CUST-1041,2024-01-01,350.0,7,Starter,active
CUST-1042,2024-01-01,1100.0,22,Starter,active
CUST-1043,2024-01-01,300.0,6,Starter,active
CUST-1044,2024-01-01,2700.0,54,Starter,active
CUST-1045,2024-01-01,750.0,15,Starter,active
CUST-1046,2024-01-01,450.0,9,Starter,active
CUST-1047,2024-01-01,1800.0,15,Growth,active
CUST-1048,2024-01-01,360.0,3,Growth,active
CUST-1049,2024-01-01,6000.0,50,Growth,active
CUST-1050,2024-01-01,200.0,4,Starter,active
CUST-1051,2024-01-01,600.0,12,Starter,active
CUST-1052,2024-01-01,300.0,6,Starter,active
CUST-1054,2024-01-01,2160.0,18,Growth,active
CUST-1056,2024-01-01,500.0,10,Starter,active
CUST-1057,2024-01-01,250.0,5,Starter,active
CUST-1058,2024-01-01,350.0,7,Starter,active
CUST-1059,2024-01-01,7320.0,61,Growth,active
CUST-1060,2024-01-01,700.0,14,Starter,active
CUST-1061,2024-01-01,5400.0,45,Growth,active
CUST-1063,2024-01-01,59250.0,237,Scale,active
CUST-1064,2024-01-01,750.0,15,Starter,active
CUST-1065,2024-01-01,550.0,11,Starter,active
CUST-1066,2024-01-01,1560.0,13,Growth,active
CUST-1067,2024-01-01,750.0,15,Starter,active
CUST-1068,2024-01-01,4200.0,35,Growth,active
CUST-1069,2024-01-01,1200.0,10,Growth,active
CUST-1071,2024-01-01,53250.0,213,Scale,active
CUST-1073,2024-01-01,4080.0,34,Growth,active
CUST-1074,2024-01-01,21000.0,84,Scale,active
CUST-1075,2024-01-01,4000.0,16,Scale,active
CUST-1076,2024-01-01,2400.0,20,Growth,active
CUST-1077,2024-01-01,700.0,14,Starter,active
CUST-1078,2024-01-01,150.0,3,Starter,active
CUST-1079,2024-01-01,9480.0,79,Growth,active
CUST-1081,2024-01-01,2160.0,18,Growth,active
CUST-1082,2024-01-01,41280.0,344,Growth,active
CUST-1083,2024-01-01,1850.0,37,Starter,active
CUST-1084,2024-01-01,900.0,18,Starter,active
CUST-1085,2024-01-01,5640.0,47,Growth,active
CUST-1086,2024-01-01,750.0,15,Starter,active
CUST-1087,2024-01-01,500.0,10,Starter,active
CUST-1088,2024-01-01,550.0,11,Starter,active
CUST-1090,2024-01-01,5880.0,49,Growth,active
CUST-1091,2024-01-01,450.0,9,Starter,active
CUST-1092,2024-01-01,7080.0,59,Growth,active
CUST-1093,2024-01-01,150.0,3,Starter,active
CUST-1095,2024-01-01,7440.0,62,Growth,active
CUST-1096,2024-01-01,200.0,4,Starter,active
CUST-1097,2024-01-01,4080.0,34,Growth,active
CUST-1099,2024-01-01,3840.0,32,Growth,active
CUST-1100,2024-01-01,200.0,4,Starter,active
CUST-1101,2024-01-01,300.0,6,Starter,active
CUST-1102,2024-01-01,300.0,6,Starter,active
CUST-1103,2024-01-01,500.0,10,Starter,active
CUST-1104,2024-01-01,550.0,11,Starter,active
CUST-1105,2024-01-01,960.0,8,Growth,active
CUST-1106,2024-01-01,6000.0,50,Growth,active
CUST-1107,2024-01-01,400.0,8,Starter,active
CUST-1108,2024-01-01,250.0,5,Starter,active
CUST-1109,2024-01-01,1080.0,9,Growth,active
CUST-1110,2024-01-01,1440.0,12,Growth,active
CUST-1111,2024-01-01,2650.0,53,Starter,active
CUST-1112,2024-01-01,2500.0,10,Scale,active
CUST-1113,2024-01-01,1650.0,33,Starter,active
CUST-1114,2024-01-01,69250.0,277,Scale,active
CUST-1115,2024-01-01,720.0,6,Growth,active
CUST-1116,2024-01-01,150.0,3,Starter,active
CUST-1117,2024-01-01,4560.0,38,Growth,active
CUST-1118,2024-01-01,300.0,6,Starter,active
CUST-1119,2024-01-01,1200.0,10,Growth,active
CUST-1120,2024-01-01,700.0,14,Starter,active
CUST-1121,2024-01-01,550.0,11,Starter,active
CUST-1122,2024-01-01,6960.0,58,Growth,active
CUST-1123,2024-01-01,1440.0,12,Growth,active
CUST-1124,2024-01-01,700.0,14,Starter,active
CUST-1125,2024-01-01,700.0,14,Starter,active
CUST-1126,2024-01-01,8760.0,73,Growth,active
CUST-1127,2024-01-01,750.0,15,Starter,active
CUST-1128,2024-01-01,550.0,11,Starter,active
CUST-1129,2024-01-01,1200.0,10,Growth,active
CUST-1130,2024-01-01,57500.0,230,Scale,active
CUST-1131,2024-01-01,400.0,8,Starter,active
CUST-1132,2024-01-01,1200.0,10,Growth,active
CUST-1133,2024-01-01,300.0,6,Starter,active
CUST-1135,2024-01-01,200.0,4,Starter,active
CUST-1136,2024-01-01,700.0,14,Starter,active
CUST-1137,2024-01-01,3360.0,28,Growth,active
CUST-1138,2024-01-01,500.0,10,Starter,active
CUST-1140,2024-01-01,700.0,14,Starter,active
CUST-1141,2024-01-01,550.0,11,Starter,active
CUST-1142,2024-01-01,1680.0,14,Growth,active
CUST-1144,2024-01-01,650.0,13,Starter,active
CUST-1145,2024-01-01,700.0,14,Starter,active
CUST-1146,2024-01-01,3000.0,25,Growth,active
CUST-1147,2024-01-01,650.0,13,Starter,active
CUST-1148,2024-01-01,15800.0,316,Starter,active
CUST-1149,2024-01-01,960.0,8,Growth,active
CUST-1150,2024-01-01,300.0,6,Starter,active
CUST-1151,2024-01-01,700.0,14,Starter,active
CUST-1152,2024-01-01,500.0,10,Starter,active
CUST-1153,2024-01-01,8520.0,71,Growth,active
CUST-1154,2024-01-01,650.0,13,Starter,active
CUST-1155,2024-01-01,720.0,6,Growth,active
CUST-1156,2024-01-01,8040.0,67,Growth,active
CUST-1157,2024-01-01,1320.0,11,Growth,active
CUST-1158,2024-01-01,1200.0,10,Growth,active
CUST-1160,2024-01-01,6960.0,58,Growth,active
CUST-1161,2024-01-01,1080.0,9,Growth,active
CUST-1162,2024-01-01,400.0,8,Starter,active
CUST-1163,2024-01-01,27480.0,229,Growth,active
CUST-1165,2024-01-01,720.0,6,Growth,active
CUST-1166,2024-01-01,480.0,4,Growth,active
CUST-1167,2024-01-01,66500.0,266,Scale,active
CUST-1168,2024-01-01,720.0,6,Growth,active
CUST-1169,2024-01-01,200.0,4,Starter,active
CUST-1170,2024-01-01,600.0,12,Starter,active
CUST-1171,2024-01-01,300.0,6,Starter,active
CUST-1172,2024-01-01,3720.0,31,Growth,active
CUST-1173,2024-01-01,16500.0,66,Scale,active
CUST-1174,2024-01-01,720.0,6,Growth,active
CUST-1175,2024-01-01,400.0,8,Starter,active
CUST-1176,2024-01-01,200.0,4,Starter,active
CUST-1177,2024-01-01,800.0,16,Starter,active
CUST-1178,2024-01-01,800.0,16,Starter,active
CUST-1179,2024-01-01,1920.0,16,Growth,active
CUST-1180,2024-01-01,1200.0,24,Starter,active
CUST-1181,2024-01-01,1560.0,13,Growth,active
CUST-1182,2024-01-01,2000.0,8,Scale,active
CUST-1184,2024-01-01,700.0,14,Starter,active
CUST-1186,2024-01-01,1560.0,13,Growth,active
CUST-1187,2024-01-01,350.0,7,Starter,active
CUST-1188,2024-01-01,1440.0,12,Growth,active
CUST-1189,2024-01-01,600.0,12,Starter,active
CUST-1191,2024-01-01,1800.0,15,Growth,active
CUST-1192,2024-01-01,550.0,11,Starter,active
CUST-1194,2024-01-01,500.0,10,Starter,active
CUST-1195,2024-01-01,600.0,12,Starter,active
CUST-1196,2024-01-01,5040.0,42,Growth,active
CUST-1198,2024-01-01,87250.0,349,Scale,active
CUST-1199,2024-01-01,550.0,11,Starter,active
CUST-1200,2024-01-01,1200.0,10,Growth,active
CUST-1201,2024-01-01,480.0,4,Growth,active
CUST-1202,2024-01-01,3250.0,13,Scale,active
CUST-1203,2024-01-01,720.0,6,Growth,active
CUST-1204,2024-01-01,5750.0,23,Scale,active
CUST-1205,2024-01-01,5400.0,45,Growth,active
CUST-1206,2024-01-01,2750.0,11,Scale,active
CUST-1207,2024-01-01,3960.0,33,Growth,active
CUST-1208,2024-01-01,360.0,3,Growth,active
CUST-1209,2024-01-01,1200.0,10,Growth,active
CUST-1210,2024-01-01,700.0,14,Starter,active
CUST-1211,2024-01-01,200.0,4,Starter,active
CUST-1212,2024-01-01,150.0,3,Starter,active
CUST-1213,2024-01-01,2040.0,17,Growth,active
CUST-1214,2024-01-01,600.0,12,Starter,active
CUST-1215,2024-01-01,550.0,11,Starter,active
CUST-1216,2024-01-01,480.0,4,Growth,active
CUST-1217,2024-01-01,700.0,14,Starter,active
CUST-1218,2024-01-01,8880.0,74,Growth,active
CUST-1219,2024-01-01,4560.0,38,Growth,active
CUST-1220,2024-01-01,150.0,3,Starter,active
CUST-1221,2024-01-01,2880.0,24,Growth,active
CUST-1222,2024-01-01,450.0,9,Starter,active
CUST-1223,2024-01-01,650.0,13,Starter,active
CUST-1224,2024-01-01,450.0,9,Starter,active
CUST-1225,2024-01-01,700.0,14,Starter,active
CUST-1226,2024-01-01,960.0,8,Growth,active
CUST-1227,2024-01-01,750.0,15,Starter,active
CUST-1228,2024-01-01,3450.0,69,Starter,active
CUST-1229,2024-01-01,480.0,4,Growth,active
CUST-1230,2024-01-01,750.0,15,Starter,active
CUST-1231,2024-01-01,8500.0,34,Scale,active
CUST-1232,2024-01-01,750.0,15,Starter,active
CUST-1233,2024-01-01,360.0,3,Growth,active
CUST-1234,2024-01-01,960.0,8,Growth,active
CUST-1235,2024-01-01,350.0,7,Starter,active
CUST-1236,2024-01-01,500.0,10,Starter,active
CUST-1237,2024-01-01,7440.0,62,Growth,active
CUST-1238,2024-01-01,3600.0,30,Growth,active
CUST-1239,2024-01-01,17750.0,71,Scale,active
CUST-1240,2024-01-01,150.0,3,Starter,active
CUST-1241,2024-01-01,500.0,10,Starter,active
CUST-1242,2024-01-01,700.0,14,Starter,active
CUST-1243,2024-01-01,360.0,3,Growth,active
CUST-1244,2024-01-01,250.0,5,Starter,active
CUST-1245,2024-01-01,3000.0,12,Scale,active
CUST-1246,2024-01-01,840.0,7,Growth,active
CUST-1247,2024-01-01,750.0,15,Starter,active
CUST-1248,2024-01-01,550.0,11,Starter,active
CUST-1249,2024-01-01,400.0,8,Starter,active
CUST-1250,2024-01-01,350.0,7,Starter,active
CUST-1251,2024-01-01,1680.0,14,Growth,active
CUST-1252,2024-01-01,2000.0,8,Scale,active
CUST-1253,2024-01-01,9500.0,38,Scale,active
CUST-1254,2024-01-01,1560.0,13,Growth,active
CUST-1255,2024-01-01,7560.0,63,Growth,active
CUST-1256,2024-01-01,750.0,15,Starter,active
CUST-1257,2024-01-01,2640.0,22,Growth,active
CUST-1258,2024-01-01,750.0,15,Starter,active
CUST-1259,2024-01-01,55750.0,223,Scale,active
CUST-1260,2024-01-01,350.0,7,Starter,active
CUST-1001,2024-02-01,4250.0,17,Scale,active
CUST-1002,2024-02-01,3700.0,74,Starter,active
CUST-1003,2024-02-01,5760.0,48,Growth,active
CUST-1004,2024-02-01,550.0,11,Starter,active
CUST-1005,2024-02-01,97000.0,388,Scale,active
CUST-1007,2024-02-01,450.0,9,Starter,active
CUST-1009,2024-02-01,8280.0,69,Growth,active
CUST-1010,2024-02-01,600.0,5,Growth,active
CUST-1011,2024-02-01,2040.0,17,Growth,active
CUST-1012,2024-02-01,1320.0,11,Growth,active
CUST-1013,2024-02-01,400.0,8,Starter,active
CUST-1014,2024-02-01,2450.0,49,Starter,active
CUST-1015,2024-02-01,1920.0,16,Growth,active
CUST-1016,2024-02-01,650.0,13,Starter,active
CUST-1017,2024-02-01,500.0,10,Starter,active
CUST-1018,2024-02-01,350.0,7,Starter,active
CUST-1019,2024-02-01,82250.0,329,Scale,active
CUST-1020,2024-02-01,7440.0,62,Growth,active
CUST-1021,2024-02-01,650.0,13,Starter,active
CUST-1022,2024-02-01,8040.0,67,Growth,active
CUST-1024,2024-02-01,450.0,9,Starter,active
CUST-1025,2024-02-01,300.0,6,Starter,active
CUST-1026,2024-02-01,5280.0,44,Growth,active
CUST-1027,2024-02-01,750.0,15,Starter,active
CUST-1028,2024-02-01,960.0,8,Growth,active
CUST-1029,2024-02-01,250.0,5,Starter,active
CUST-1030,2024-02-01,600.0,12,Starter,active
CUST-1032,2024-02-01,720.0,6,Growth,active
CUST-1033,2024-02-01,480.0,4,Growth,active
CUST-1036,2024-02-01,1100.0,22,Starter,active
CUST-1037,2024-02-01,720.0,6,Growth,active
CUST-1039,2024-02-01,350.0,7,Starter,active
CUST-1040,2024-02-01,3150.0,63,Starter,active
CUST-1041,2024-02-01,350.0,7,Starter,active
CUST-1042,2024-02-01,1100.0,22,Starter,active
CUST-1043,2024-02-01,300.0,6,Starter,active
CUST-1044,2024-02-01,2700.0,54,Starter,active
CUST-1045,2024-02-01,750.0,15,Starter,active
CUST-1046,2024-02-01,450.0,9,Starter,active
CUST-1047,2024-02-01,1800.0,15,Growth,active
CUST-1048,2024-02-01,360.0,3,Growth,active
CUST-1049,2024-02-01,6000.0,50,Growth,active
CUST-1050,2024-02-01,200.0,4,Starter,active
CUST-1051,2024-02-01,600.0,12,Starter,active
CUST-1052,2024-02-01,300.0,6,Starter,active
CUST-1054,2024-02-01,2160.0,18,Growth,active
CUST-1056,2024-02-01,500.0,10,Starter,active
CUST-1057,2024-02-01,300.0,6,Starter,active
CUST-1058,2024-02-01,350.0,7,Starter,active
CUST-1059,2024-02-01,7320.0,61,Growth,active
CUST-1060,2024-02-01,700.0,14,Starter,active
CUST-1061,2024-02-01,5400.0,45,Growth,active
CUST-1063,2024-02-01,59250.0,237,Scale,active
CUST-1064,2024-02-01,750.0,15,Starter,active
CUST-1065,2024-02-01,550.0,11,Starter,active
CUST-1066,2024-02-01,1560.0,13,Growth,active
CUST-1067,2024-02-01,750.0,15,Starter,active
CUST-1068,2024-02-01,4200.0,35,Growth,active
CUST-1069,2024-02-01,1200.0,10,Growth,active
CUST-1071,2024-02-01,53250.0,213,Scale,active
CUST-1073,2024-02-01,4080.0,34,Growth,active
CUST-1074,2024-02-01,21000.0,84,Scale,active
CUST-1075,2024-02-01,4000.0,16,Scale,active
CUST-1076,2024-02-01,2400.0,20,Growth,active
CUST-1077,2024-02-01,700.0,14,Starter,active
CUST-1078,2024-02-01,150.0,3,Starter,active
CUST-1079,2024-02-01,9480.0,79,Growth,active
CUST-1081,2024-02-01,2160.0,18,Growth,active
CUST-1082,2024-02-01,41280.0,344,Growth,active
CUST-1083,2024-02-01,1850.0,37,Starter,active
CUST-1084,2024-02-01,900.0,18,Starter,active
CUST-1085,2024-02-01,5640.0,47,Growth,active
CUST-1086,2024-02-01,750.0,15,Starter,active
CUST-1087,2024-02-01,500.0,10,Starter,active
CUST-1088,2024-02-01,550.0,11,Starter,active
CUST-1090,2024-02-01,5880.0,49,Growth,active
CUST-1091,2024-02-01,450.0,9,Starter,active
CUST-1092,2024-02-01,8640.0,72,Growth,active
CUST-1095,2024-02-01,7440.0,62,Growth,active
CUST-1096,2024-02-01,200.0,4,Starter,active
CUST-1097,2024-02-01,4080.0,34,Growth,active
CUST-1099,2024-02-01,3840.0,32,Growth,active
CUST-1100,2024-02-01,200.0,4,Starter,active
CUST-1101,2024-02-01,300.0,6,Starter,active
CUST-1102,2024-02-01,300.0,6,Starter,active
CUST-1103,2024-02-01,500.0,10,Starter,active
CUST-1104,2024-02-01,550.0,11,Starter,active
CUST-1105,2024-02-01,960.0,8,Growth,active
CUST-1106,2024-02-01,6000.0,50,Growth,active
CUST-1107,2024-02-01,400.0,8,Starter,active
CUST-1108,2024-02-01,250.0,5,Starter,active
CUST-1109,2024-02-01,1080.0,9,Growth,active
CUST-1110,2024-02-01,1440.0,12,Growth,active
CUST-1111,2024-02-01,2650.0,53,Starter,active
CUST-1112,2024-02-01,2500.0,10,Scale,active
CUST-1113,2024-02-01,1650.0,33,Starter,active
CUST-1114,2024-02-01,69250.0,277,Scale,active
CUST-1115,2024-02-01,720.0,6,Growth,active
CUST-1116,2024-02-01,150.0,3,Starter,active
CUST-1117,2024-02-01,4560.0,38,Growth,active
CUST-1118,2024-02-01,300.0,6,Starter,active
CUST-1119,2024-02-01,1200.0,10,Growth,active
CUST-1120,2024-02-01,700.0,14,Starter,active
CUST-1122,2024-02-01,6960.0,58,Growth,active
CUST-1123,2024-02-01,1440.0,12,Growth,active
CUST-1124,2024-02-01,700.0,14,Starter,active
CUST-1125,2024-02-01,700.0,14,Starter,active
CUST-1126,2024-02-01,8760.0,73,Growth,active
CUST-1127,2024-02-01,750.0,15,Starter,active
CUST-1129,2024-02-01,1200.0,10,Growth,active
CUST-1130,2024-02-01,57500.0,230,Scale,active
CUST-1131,2024-02-01,400.0,8,Starter,active
CUST-1132,2024-02-01,1200.0,10,Growth,active
CUST-1133,2024-02-01,300.0,6,Starter,active
CUST-1135,2024-02-01,200.0,4,Starter,active
CUST-1136,2024-02-01,700.0,14,Starter,active
CUST-1137,2024-02-01,3360.0,28,Growth,active
CUST-1138,2024-02-01,500.0,10,Starter,active
CUST-1140,2024-02-01,700.0,14,Starter,active
CUST-1141,2024-02-01,550.0,11,Starter,active
CUST-1142,2024-02-01,1680.0,14,Growth,active
CUST-1144,2024-02-01,650.0,13,Starter,active
CUST-1145,2024-02-01,700.0,14,Starter,active
CUST-1146,2024-02-01,3000.0,25,Growth,active
CUST-1147,2024-02-01,650.0,13,Starter,active
CUST-1148,2024-02-01,15800.0,316,Starter,active
CUST-1149,2024-02-01,960.0,8,Growth,active
CUST-1150,2024-02-01,300.0,6,Starter,active
CUST-1151,2024-02-01,700.0,14,Starter,active
CUST-1152,2024-02-01,500.0,10,Starter,active
CUST-1153,2024-02-01,8520.0,71,Growth,active
CUST-1154,2024-02-01,800.0,16,Starter,active
CUST-1155,2024-02-01,720.0,6,Growth,active
CUST-1156,2024-02-01,8040.0,67,Growth,active
CUST-1157,2024-02-01,1320.0,11,Growth,active
CUST-1158,2024-02-01,1200.0,10,Growth,active
CUST-1160,2024-02-01,6960.0,58,Growth,active
CUST-1161,2024-02-01,1080.0,9,Growth,active
CUST-1162,2024-02-01,400.0,8,Starter,active
CUST-1163,2024-02-01,29040.0,242,Growth,active
CUST-1165,2024-02-01,720.0,6,Growth,active
CUST-1166,2024-02-01,480.0,4,Growth,active
CUST-1167,2024-02-01,66500.0,266,Scale,active
CUST-1168,2024-02-01,720.0,6,Growth,active
CUST-1169,2024-02-01,200.0,4,Starter,active
CUST-1170,2024-02-01,600.0,12,Starter,active
CUST-1171,2024-02-01,300.0,6,Starter,active
CUST-1172,2024-02-01,3720.0,31,Growth,active
CUST-1173,2024-02-01,16500.0,66,Scale,active
CUST-1174,2024-02-01,720.0,6,Growth,active
CUST-1175,2024-02-01,400.0,8,Starter,active
CUST-1176,2024-02-01,200.0,4,Starter,active
CUST-1177,2024-02-01,800.0,16,Starter,active
CUST-1178,2024-02-01,800.0,16,Starter,active
CUST-1179,2024-02-01,1920.0,16,Growth,active
CUST-1180,2024-02-01,1200.0,24,Starter,active
CUST-1181,2024-02-01,1560.0,13,Growth,active
CUST-1182,2024-02-01,2000.0,8,Scale,active
CUST-1184,2024-02-01,700.0,14,Starter,active
CUST-1186,2024-02-01,1440.0,12,Growth,active
CUST-1187,2024-02-01,350.0,7,Starter,active
CUST-1188,2024-02-01,1440.0,12,Growth,active
CUST-1189,2024-02-01,600.0,12,Starter,active
CUST-1191,2024-02-01,1800.0,15,Growth,active
CUST-1192,2024-02-01,550.0,11,Starter,active
CUST-1194,2024-02-01,500.0,10,Starter,active
CUST-1195,2024-02-01,600.0,12,Starter,active
CUST-1196,2024-02-01,5640.0,47,Growth,active
CUST-1198,2024-02-01,87250.0,349,Scale,active
CUST-1199,2024-02-01,550.0,11,Starter,active
CUST-1200,2024-02-01,1200.0,10,Growth,active
CUST-1201,2024-02-01,480.0,4,Growth,active
CUST-1202,2024-02-01,3250.0,13,Scale,active
CUST-1203,2024-02-01,720.0,6,Growth,active
CUST-1204,2024-02-01,5750.0,23,Scale,active
CUST-1205,2024-02-01,5400.0,45,Growth,active
CUST-1206,2024-02-01,2750.0,11,Scale,active
CUST-1207,2024-02-01,3960.0,33,Growth,active
CUST-1208,2024-02-01,360.0,3,Growth,active
CUST-1209,2024-02-01,1200.0,10,Growth,active
CUST-1210,2024-02-01,700.0,14,Starter,active
CUST-1211,2024-02-01,200.0,4,Starter,active
CUST-1212,2024-02-01,150.0,3,Starter,active
CUST-1213,2024-02-01,2040.0,17,Growth,active
CUST-1214,2024-02-01,600.0,12,Starter,active
CUST-1215,2024-02-01,550.0,11,Starter,active
CUST-1216,2024-02-01,480.0,4,Growth,active
CUST-1217,2024-02-01,700.0,14,Starter,active
CUST-1218,2024-02-01,8880.0,74,Growth,active
CUST-1219,2024-02-01,4560.0,38,Growth,active
CUST-1220,2024-02-01,150.0,3,Starter,active
CUST-1221,2024-02-01,2880.0,24,Growth,active
CUST-1222,2024-02-01,450.0,9,Starter,active
CUST-1223,2024-02-01,650.0,13,Starter,active
CUST-1224,2024-02-01,450.0,9,Starter,active
CUST-1225,2024-02-01,700.0,14,Starter,active
CUST-1226,2024-02-01,960.0,8,Growth,active
CUST-1227,2024-02-01,750.0,15,Starter,active
CUST-1228,2024-02-01,3450.0,69,Starter,active
CUST-1229,2024-02-01,480.0,4,Growth,active
CUST-1230,2024-02-01,750.0,15,Starter,active
CUST-1231,2024-02-01,8500.0,34,Scale,active
CUST-1232,2024-02-01,750.0,15,Starter,active
CUST-1233,2024-02-01,360.0,3,Growth,active
CUST-1234,2024-02-01,960.0,8,Growth,active
CUST-1235,2024-02-01,300.0,6,Starter,active
CUST-1236,2024-02-01,500.0,10,Starter,active
CUST-1237,2024-02-01,7440.0,62,Growth,active
CUST-1238,2024-02-01,3600.0,30,Growth,active
CUST-1239,2024-02-01,17750.0,71,Scale,active
CUST-1240,2024-02-01,150.0,3,Starter,active
CUST-1241,2024-02-01,500.0,10,Starter,active
CUST-1242,2024-02-01,700.0,14,Starter,active
CUST-1243,2024-02-01,360.0,3,Growth,active
CUST-1244,2024-02-01,250.0,5,Starter,active
CUST-1245,2024-02-01,3000.0,12,Scale,active
CUST-1246,2024-02-01,840.0,7,Growth,active
CUST-1247,2024-02-01,750.0,15,Starter,active
CUST-1248,2024-02-01,550.0,11,Starter,active
CUST-1249,2024-02-01,400.0,8,Starter,active
CUST-1250,2024-02-01,350.0,7,Starter,active
CUST-1251,2024-02-01,1680.0,14,Growth,active
CUST-1252,2024-02-01,2000.0,8,Scale,active
CUST-1253,2024-02-01,9500.0,38,Scale,active
CUST-1255,2024-02-01,7560.0,63,Growth,active
CUST-1256,2024-02-01,750.0,15,Starter,active
CUST-1258,2024-02-01,750.0,15,Starter,active
CUST-1259,2024-02-01,55750.0,223,Scale,active
CUST-1260,2024-02-01,350.0,7,Starter,active
CUST-1261,2024-02-01,1700.0,34,Starter,active
CUST-1262,2024-02-01,1800.0,15,Growth,active
CUST-1263,2024-02-01,200.0,4,Starter,active
CUST-1264,2024-02-01,700.0,14,Starter,active
CUST-1265,2024-02-01,2520.0,21,Growth,active
CUST-1266,2024-02-01,4920.0,41,Growth,active
CUST-1267,2024-02-01,250.0,5,Starter,active
CUST-1268,2024-02-01,600.0,12,Starter,active
CUST-1269,2024-02-01,300.0,6,Starter,active
CUST-1270,2024-02-01,450.0,9,Starter,active
CUST-1271,2024-02-01,450.0,9,Starter,active
CUST-1272,2024-02-01,2160.0,18,Growth,active
CUST-1273,2024-02-01,4920.0,41,Growth,active
CUST-1274,2024-02-01,1800.0,15,Growth,active
CUST-1275,2024-02-01,840.0,7,Growth,active
CUST-1276,2024-02-01,6360.0,53,Growth,active
CUST-1277,2024-02-01,350.0,7,Starter,active
CUST-1278,2024-02-01,7320.0,61,Growth,active
CUST-1001,2024-03-01,4250.0,17,Scale,active
CUST-1002,2024-03-01,3700.0,74,Starter,active
CUST-1003,2024-03-01,5760.0,48,Growth,active
CUST-1004,2024-03-01,550.0,11,Starter,active
CUST-1005,2024-03-01,97000.0,388,Scale,active
CUST-1007,2024-03-01,450.0,9,Starter,active
CUST-1009,2024-03-01,8280.0,69,Growth,active
CUST-1010,2024-03-01,600.0,5,Growth,active
CUST-1011,2024-03-01,2040.0,17,Growth,active
CUST-1012,2024-03-01,1320.0,11,Growth,active
CUST-1013,2024-03-01,400.0,8,Starter,active
CUST-1014,2024-03-01,2450.0,49,Starter,active
CUST-1015,2024-03-01,2160.0,18,Growth,active
CUST-1016,2024-03-01,650.0,13,Starter,active
CUST-1017,2024-03-01,500.0,10,Starter,active
CUST-1018,2024-03-01,350.0,7,Starter,active
CUST-1019,2024-03-01,82250.0,329,Scale,active
CUST-1020,2024-03-01,7440.0,62,Growth,active
CUST-1021,2024-03-01,650.0,13,Starter,active
CUST-1022,2024-03-01,8040.0,67,Growth,active
CUST-1024,2024-03-01,450.0,9,Starter,active
CUST-1025,2024-03-01,300.0,6,Starter,active
CUST-1026,2024-03-01,5280.0,44,Growth,active
CUST-1027,2024-03-01,750.0,15,Starter,active
CUST-1028,2024-03-01,960.0,8,Growth,active
CUST-1029,2024-03-01,250.0,5,Starter,active
CUST-1030,2024-03-01,600.0,12,Starter,active
CUST-1032,2024-03-01,720.0,6,Growth,active
CUST-1033,2024-03-01,480.0,4,Growth,active
CUST-1036,2024-03-01,1100.0,22,Starter,active
CUST-1037,2024-03-01,720.0,6,Growth,active
CUST-1039,2024-03-01,350.0,7,Starter,active
CUST-1040,2024-03-01,3150.0,63,Starter,active
CUST-1041,2024-03-01,350.0,7,Starter,active
CUST-1042,2024-03-01,1100.0,22,Starter,active
CUST-1043,2024-03-01,300.0,6,Starter,active
CUST-1044,2024-03-01,2700.0,54,Starter,active
CUST-1045,2024-03-01,750.0,15,Starter,active
CUST-1046,2024-03-01,450.0,9,Starter,active
CUST-1047,2024-03-01,1800.0,15,Growth,active
CUST-1048,2024-03-01,360.0,3,Growth,active
CUST-1049,2024-03-01,6000.0,50,Growth,active
CUST-1050,2024-03-01,200.0,4,Starter,active
CUST-1051,2024-03-01,600.0,12,Starter,active
CUST-1052,2024-03-01,300.0,6,Starter,active
CUST-1054,2024-03-01,2160.0,18,Growth,active
CUST-1056,2024-03-01,500.0,10,Starter,active
CUST-1057,2024-03-01,300.0,6,Starter,active
CUST-1058,2024-03-01,350.0,7,Starter,active
CUST-1059,2024-03-01,7320.0,61,Growth,active
CUST-1060,2024-03-01,700.0,14,Starter,active
CUST-1061,2024-03-01,5400.0,45,Growth,active
CUST-1063,2024-03-01,59250.0,237,Scale,active
CUST-1064,2024-03-01,750.0,15,Starter,active
CUST-1065,2024-03-01,550.0,11,Starter,active
CUST-1066,2024-03-01,1560.0,13,Growth,active
CUST-1067,2024-03-01,750.0,15,Starter,active
CUST-1068,2024-03-01,4200.0,35,Growth,active
CUST-1069,2024-03-01,1200.0,10,Growth,active
CUST-1071,2024-03-01,53250.0,213,Scale,active
CUST-1073,2024-03-01,4080.0,34,Growth,active
CUST-1074,2024-03-01,21000.0,84,Scale,active
CUST-1075,2024-03-01,4000.0,16,Scale,active
CUST-1076,2024-03-01,2400.0,20,Growth,active
CUST-1077,2024-03-01,700.0,14,Starter,active
CUST-1078,2024-03-01,150.0,3,Starter,active
CUST-1079,2024-03-01,9480.0,79,Growth,active
CUST-1081,2024-03-01,2160.0,18,Growth,active
CUST-1082,2024-03-01,47520.0,396,Growth,active
CUST-1083,2024-03-01,1850.0,37,Starter,active
CUST-1084,2024-03-01,900.0,18,Starter,active
CUST-1085,2024-03-01,5640.0,47,Growth,active
CUST-1086,2024-03-01,750.0,15,Starter,active
CUST-1087,2024-03-01,500.0,10,Starter,active
CUST-1088,2024-03-01,550.0,11,Starter,active
CUST-1090,2024-03-01,6360.0,53,Growth,active
CUST-1091,2024-03-01,450.0,9,Starter,active
CUST-1092,2024-03-01,8640.0,72,Growth,active
CUST-1095,2024-03-01,7440.0,62,Growth,active
CUST-1096,2024-03-01,200.0,4,Starter,active
CUST-1097,2024-03-01,4080.0,34,Growth,active
CUST-1099,2024-03-01,3840.0,32,Growth,active
CUST-1100,2024-03-01,200.0,4,Starter,active
CUST-1101,2024-03-01,300.0,6,Starter,active
CUST-1102,2024-03-01,300.0,6,Starter,active
CUST-1103,2024-03-01,500.0,10,Starter,active
CUST-1104,2024-03-01,450.0,9,Starter,active
CUST-1106,2024-03-01,6000.0,50,Growth,active
CUST-1107,2024-03-01,400.0,8,Starter,active
CUST-1108,2024-03-01,250.0,5,Starter,active
CUST-1109,2024-03-01,1080.0,9,Growth,active
CUST-1110,2024-03-01,1440.0,12,Growth,active
CUST-1111,2024-03-01,2650.0,53,Starter,active
CUST-1112,2024-03-01,2500.0,10,Scale,active
CUST-1113,2024-03-01,1650.0,33,Starter,active
CUST-1114,2024-03-01,69250.0,277,Scale,active
CUST-1115,2024-03-01,720.0,6,Growth,active
CUST-1116,2024-03-01,150.0,3,Starter,active
CUST-1117,2024-03-01,4560.0,38,Growth,active
CUST-1118,2024-03-01,300.0,6,Starter,active
CUST-1119,2024-03-01,1200.0,10,Growth,active
CUST-1120,2024-03-01,700.0,14,Starter,active
CUST-1122,2024-03-01,6960.0,58,Growth,active
CUST-1123,2024-03-01,1440.0,12,Growth,active
CUST-1124,2024-03-01,700.0,14,Starter,active
CUST-1125,2024-03-01,700.0,14,Starter,active
CUST-1126,2024-03-01,8760.0,73,Growth,active
CUST-1127,2024-03-01,600.0,12,Starter,active
CUST-1129,2024-03-01,1200.0,10,Growth,active
CUST-1130,2024-03-01,57500.0,230,Scale,active
CUST-1131,2024-03-01,400.0,8,Starter,active
CUST-1132,2024-03-01,1200.0,10,Growth,active
CUST-1133,2024-03-01,300.0,6,Starter,active
CUST-1135,2024-03-01,200.0,4,Starter,active
CUST-1136,2024-03-01,700.0,14,Starter,active
CUST-1137,2024-03-01,3360.0,28,Growth,active
CUST-1138,2024-03-01,500.0,10,Starter,active
CUST-1140,2024-03-01,700.0,14,Starter,active
CUST-1141,2024-03-01,550.0,11,Starter,active
CUST-1142,2024-03-01,1680.0,14,Growth,active
CUST-1144,2024-03-01,650.0,13,Starter,active
CUST-1145,2024-03-01,700.0,14,Starter,active
CUST-1146,2024-03-01,3000.0,25,Growth,active
CUST-1147,2024-03-01,650.0,13,Starter,active
CUST-1148,2024-03-01,18400.0,368,Starter,active
CUST-1150,2024-03-01,300.0,6,Starter,active
CUST-1151,2024-03-01,700.0,14,Starter,active
CUST-1152,2024-03-01,500.0,10,Starter,active
CUST-1153,2024-03-01,8520.0,71,Growth,active
CUST-1154,2024-03-01,800.0,16,Starter,active
CUST-1155,2024-03-01,720.0,6,Growth,active
CUST-1156,2024-03-01,8040.0,67,Growth,active
CUST-1157,2024-03-01,1320.0,11,Growth,active
CUST-1158,2024-03-01,1200.0,10,Growth,active
CUST-1160,2024-03-01,6960.0,58,Growth,active
CUST-1161,2024-03-01,1080.0,9,Growth,active
CUST-1162,2024-03-01,400.0,8,Starter,active
CUST-1163,2024-03-01,32040.0,267,Growth,active
CUST-1165,2024-03-01,720.0,6,Growth,active
CUST-1166,2024-03-01,480.0,4,Growth,active
CUST-1167,2024-03-01,66500.0,266,Scale,active
CUST-1168,2024-03-01,720.0,6,Growth,active
CUST-1169,2024-03-01,200.0,4,Starter,active
CUST-1170,2024-03-01,600.0,12,Starter,active
CUST-1171,2024-03-01,300.0,6,Starter,active
CUST-1172,2024-03-01,3720.0,31,Growth,active
CUST-1173,2024-03-01,16500.0,66,Scale,active
CUST-1174,2024-03-01,720.0,6,Growth,active
CUST-1175,2024-03-01,400.0,8,Starter,active
CUST-1176,2024-03-01,200.0,4,Starter,active
CUST-1177,2024-03-01,800.0,16,Starter,active
CUST-1178,2024-03-01,800.0,16,Starter,active
CUST-1179,2024-03-01,2160.0,18,Growth,active
CUST-1180,2024-03-01,1200.0,24,Starter,active
CUST-1181,2024-03-01,1560.0,13,Growth,active
CUST-1182,2024-03-01,2000.0,8,Scale,active
CUST-1184,2024-03-01,700.0,14,Starter,active
CUST-1186,2024-03-01,1440.0,12,Growth,active
CUST-1187,2024-03-01,350.0,7,Starter,active
CUST-1188,2024-03-01,1440.0,12,Growth,active
CUST-1189,2024-03-01,600.0,12,Starter,active
CUST-1191,2024-03-01,1800.0,15,Growth,active
CUST-1192,2024-03-01,550.0,11,Starter,active
CUST-1194,2024-03-01,500.0,10,Starter,active
CUST-1195,2024-03-01,600.0,12,Starter,active
CUST-1196,2024-03-01,5640.0,47,Growth,active
CUST-1198,2024-03-01,87250.0,349,Scale,active
CUST-1199,2024-03-01,550.0,11,Starter,active
CUST-1200,2024-03-01,1200.0,10,Growth,active
CUST-1201,2024-03-01,480.0,4,Growth,active
CUST-1202,2024-03-01,3250.0,13,Scale,active
CUST-1203,2024-03-01,720.0,6,Growth,active
CUST-1204,2024-03-01,5750.0,23,Scale,active
CUST-1205,2024-03-01,5400.0,45,Growth,active
CUST-1206,2024-03-01,2750.0,11,Scale,active
CUST-1207,2024-03-01,3960.0,33,Growth,active
CUST-1208,2024-03-01,360.0,3,Growth,active
CUST-1209,2024-03-01,1200.0,10,Growth,active
CUST-1210,2024-03-01,700.0,14,Starter,active
CUST-1211,2024-03-01,200.0,4,Starter,active
CUST-1212,2024-03-01,150.0,3,Starter,active
CUST-1213,2024-03-01,2040.0,17,Growth,active
CUST-1214,2024-03-01,600.0,12,Starter,active
CUST-1215,2024-03-01,550.0,11,Starter,active
CUST-1216,2024-03-01,480.0,4,Growth,active
CUST-1217,2024-03-01,700.0,14,Starter,active
CUST-1218,2024-03-01,8880.0,74,Growth,active
CUST-1219,2024-03-01,4560.0,38,Growth,active
CUST-1220,2024-03-01,150.0,3,Starter,active
CUST-1221,2024-03-01,2880.0,24,Growth,active
CUST-1222,2024-03-01,450.0,9,Starter,active
CUST-1223,2024-03-01,650.0,13,Starter,active
CUST-1224,2024-03-01,450.0,9,Starter,active
CUST-1225,2024-03-01,700.0,14,Starter,active
CUST-1226,2024-03-01,960.0,8,Growth,active
CUST-1227,2024-03-01,750.0,15,Starter,active
CUST-1228,2024-03-01,3450.0,69,Starter,active
CUST-1229,2024-03-01,480.0,4,Growth,active
CUST-1230,2024-03-01,750.0,15,Starter,active
CUST-1231,2024-03-01,8500.0,34,Scale,active
CUST-1232,2024-03-01,750.0,15,Starter,active
CUST-1233,2024-03-01,360.0,3,Growth,active
CUST-1234,2024-03-01,960.0,8,Growth,active
CUST-1235,2024-03-01,300.0,6,Starter,active
CUST-1236,2024-03-01,500.0,10,Starter,active
CUST-1237,2024-03-01,7440.0,62,Growth,active
CUST-1238,2024-03-01,3600.0,30,Growth,active
CUST-1239,2024-03-01,17750.0,71,Scale,active
CUST-1240,2024-03-01,150.0,3,Starter,active
CUST-1241,2024-03-01,500.0,10,Starter,active
CUST-1242,2024-03-01,700.0,14,Starter,active
CUST-1243,2024-03-01,360.0,3,Growth,active
CUST-1244,2024-03-01,250.0,5,Starter,active
CUST-1245,2024-03-01,3000.0,12,Scale,active
CUST-1246,2024-03-01,840.0,7,Growth,active
CUST-1247,2024-03-01,750.0,15,Starter,active
CUST-1248,2024-03-01,550.0,11,Starter,active
CUST-1249,2024-03-01,400.0,8,Starter,active
CUST-1250,2024-03-01,350.0,7,Starter,active
CUST-1251,2024-03-01,1680.0,14,Growth,active
CUST-1252,2024-03-01,2000.0,8,Scale,active
CUST-1253,2024-03-01,9500.0,38,Scale,active
CUST-1255,2024-03-01,7560.0,63,Growth,active
CUST-1256,2024-03-01,750.0,15,Starter,active
CUST-1258,2024-03-01,750.0,15,Starter,active
CUST-1259,2024-03-01,55750.0,223,Scale,active
CUST-1260,2024-03-01,350.0,7,Starter,active
CUST-1261,2024-03-01,1700.0,34,Starter,active
CUST-1262,2024-03-01,1800.0,15,Growth,active
CUST-1263,2024-03-01,200.0,4,Starter,active
CUST-1264,2024-03-01,700.0,14,Starter,active
CUST-1265,2024-03-01,2520.0,21,Growth,active
CUST-1266,2024-03-01,4920.0,41,Growth,active
CUST-1267,2024-03-01,250.0,5,Starter,active
CUST-1268,2024-03-01,600.0,12,Starter,active
CUST-1269,2024-03-01,300.0,6,Starter,active
CUST-1270,2024-03-01,450.0,9,Starter,active
CUST-1271,2024-03-01,450.0,9,Starter,active
CUST-1272,2024-03-01,2160.0,18,Growth,active
CUST-1273,2024-03-01,4920.0,41,Growth,active
CUST-1274,2024-03-01,1800.0,15,Growth,active
CUST-1275,2024-03-01,840.0,7,Growth,active
CUST-1276,2024-03-01,6360.0,53,Growth,active
CUST-1277,2024-03-01,350.0,7,Starter,active
CUST-1278,2024-03-01,7320.0,61,Growth,active
CUST-1279,2024-03-01,600.0,12,Starter,active
CUST-1280,2024-03-01,360.0,3,Growth,active
CUST-1281,2024-03-01,3120.0,26,Growth,active
CUST-1282,2024-03-01,400.0,8,Starter,active
CUST-1283,2024-03-01,700.0,14,Starter,active
CUST-1284,2024-03-01,1800.0,15,Growth,active
CUST-1285,2024-03-01,4320.0,36,Growth,active
CUST-1286,2024-03-01,150.0,3,Starter,active
CUST-1287,2024-03-01,3240.0,27,Growth,active
CUST-1288,2024-03-01,9000.0,75,Growth,active
CUST-1289,2024-03-01,750.0,15,Starter,active
CUST-1290,2024-03-01,600.0,5,Growth,active
CUST-1291,2024-03-01,250.0,5,Starter,active
CUST-1292,2024-03-01,1680.0,14,Growth,active
CUST-1293,2024-03-01,99000.0,396,Scale,active
CUST-1294,2024-03-01,7440.0,62,Growth,active
CUST-1295,2024-03-01,250.0,5,Starter,active
CUST-1296,2024-03-01,1560.0,13,Growth,active
CUST-1297,2024-03-01,600.0,12,Starter,active
CUST-1298,2024-03-01,75000.0,300,Scale,active
CUST-1001,2024-04-01,4250.0,17,Scale,active
CUST-1002,2024-04-01,3700.0,74,Starter,active
CUST-1003,2024-04-01,5760.0,48,Growth,active
CUST-1004,2024-04-01,550.0,11,Starter,active
CUST-1005,2024-04-01,97000.0,388,Scale,active
CUST-1007,2024-04-01,450.0,9,Starter,active
CUST-1009,2024-04-01,8280.0,69,Growth,active
CUST-1010,2024-04-01,600.0,5,Growth,active
CUST-1011,2024-04-01,2040.0,17,Growth,active
CUST-1012,2024-04-01,1320.0,11,Growth,active
CUST-1013,2024-04-01,400.0,8,Starter,active
CUST-1014,2024-04-01,2450.0,49,Starter,active
CUST-1015,2024-04-01,2160.0,18,Growth,active
CUST-1016,2024-04-01,650.0,13,Starter,active
CUST-1017,2024-04-01,500.0,10,Starter,active
CUST-1018,2024-04-01,350.0,7,Starter,active
CUST-1019,2024-04-01,82250.0,329,Scale,active
CUST-1020,2024-04-01,7440.0,62,Growth,active
CUST-1021,2024-04-01,650.0,13,Starter,active
CUST-1022,2024-04-01,8040.0,67,Growth,active
CUST-1024,2024-04-01,450.0,9,Starter,active
CUST-1025,2024-04-01,300.0,6,Starter,active
CUST-1026,2024-04-01,5280.0,44,Growth,active
CUST-1027,2024-04-01,750.0,15,Starter,active
CUST-1028,2024-04-01,960.0,8,Growth,active
CUST-1029,2024-04-01,250.0,5,Starter,active
CUST-1030,2024-04-01,600.0,12,Starter,active
CUST-1032,2024-04-01,720.0,6,Growth,active
CUST-1033,2024-04-01,480.0,4,Growth,active
CUST-1036,2024-04-01,1100.0,22,Starter,active
CUST-1037,2024-04-01,720.0,6,Growth,active
CUST-1039,2024-04-01,350.0,7,Starter,active
CUST-1040,2024-04-01,3150.0,63,Starter,active
CUST-1041,2024-04-01,350.0,7,Starter,active
CUST-1042,2024-04-01,1100.0,22,Starter,active
CUST-1043,2024-04-01,300.0,6,Starter,active
CUST-1044,2024-04-01,2700.0,54,Starter,active
CUST-1045,2024-04-01,750.0,15,Starter,active
CUST-1046,2024-04-01,450.0,9,Starter,active
CUST-1047,2024-04-01,1800.0,15,Growth,active
CUST-1048,2024-04-01,360.0,3,Growth,active
CUST-1049,2024-04-01,6000.0,50,Growth,active
CUST-1050,2024-04-01,200.0,4,Starter,active
CUST-1051,2024-04-01,600.0,12,Starter,active
CUST-1052,2024-04-01,300.0,6,Starter,active
CUST-1054,2024-04-01,2160.0,18,Growth,active
CUST-1056,2024-04-01,500.0,10,Starter,active
CUST-1057,2024-04-01,300.0,6,Starter,active
CUST-1058,2024-04-01,350.0,7,Starter,active
CUST-1059,2024-04-01,7320.0,61,Growth,active
CUST-1060,2024-04-01,700.0,14,Starter,active
CUST-1061,2024-04-01,5400.0,45,Growth,active
CUST-1063,2024-04-01,59250.0,237,Scale,active
CUST-1064,2024-04-01,750.0,15,Starter,active
CUST-1065,2024-04-01,550.0,11,Starter,active
CUST-1066,2024-04-01,1560.0,13,Growth,active
CUST-1067,2024-04-01,750.0,15,Starter,active
CUST-1068,2024-04-01,4200.0,35,Growth,active
CUST-1069,2024-04-01,1200.0,10,Growth,active
CUST-1071,2024-04-01,53250.0,213,Scale,active
CUST-1073,2024-04-01,4080.0,34,Growth,active
CUST-1074,2024-04-01,21000.0,84,Scale,active
CUST-1075,2024-04-01,4000.0,16,Scale,active
CUST-1076,2024-04-01,2400.0,20,Growth,active
CUST-1077,2024-04-01,700.0,14,Starter,active
CUST-1078,2024-04-01,150.0,3,Starter,active
CUST-1079,2024-04-01,9480.0,79,Growth,active
CUST-1081,2024-04-01,2160.0,18,Growth,active
CUST-1082,2024-04-01,47520.0,396,Growth,active
CUST-1083,2024-04-01,1850.0,37,Starter,active
CUST-1084,2024-04-01,900.0,18,Starter,active
CUST-1085,2024-04-01,5640.0,47,Growth,active
CUST-1086,2024-04-01,750.0,15,Starter,active
CUST-1087,2024-04-01,500.0,10,Starter,active
CUST-1088,2024-04-01,700.0,14,Starter,active
CUST-1090,2024-04-01,6840.0,57,Growth,active
CUST-1091,2024-04-01,450.0,9,Starter,active
CUST-1092,2024-04-01,8640.0,72,Growth,active
CUST-1095,2024-04-01,6360.0,53,Growth,active
CUST-1096,2024-04-01,200.0,4,Starter,active
CUST-1097,2024-04-01,4080.0,34,Growth,active
CUST-1099,2024-04-01,4320.0,36,Growth,active
CUST-1100,2024-04-01,200.0,4,Starter,active
CUST-1101,2024-04-01,300.0,6,Starter,active
CUST-1102,2024-04-01,300.0,6,Starter,active
CUST-1103,2024-04-01,500.0,10,Starter,active
CUST-1104,2024-04-01,450.0,9,Starter,active
CUST-1106,2024-04-01,6000.0,50,Growth,active
CUST-1107,2024-04-01,400.0,8,Starter,active
CUST-1108,2024-04-01,250.0,5,Starter,active
CUST-1109,2024-04-01,1080.0,9,Growth,active
CUST-1110,2024-04-01,1440.0,12,Growth,active
CUST-1111,2024-04-01,2650.0,53,Starter,active
CUST-1112,2024-04-01,2500.0,10,Scale,active
CUST-1113,2024-04-01,1650.0,33,Starter,active
CUST-1114,2024-04-01,83250.0,333,Scale,active
CUST-1115,2024-04-01,720.0,6,Growth,active
CUST-1116,2024-04-01,150.0,3,Starter,active
CUST-1117,2024-04-01,4560.0,38,Growth,active
CUST-1118,2024-04-01,300.0,6,Starter,active
CUST-1119,2024-04-01,1200.0,10,Growth,active
CUST-1120,2024-04-01,700.0,14,Starter,active
CUST-1122,2024-04-01,6960.0,58,Growth,active
CUST-1124,2024-04-01,700.0,14,Starter,active
CUST-1125,2024-04-01,700.0,14,Starter,active
CUST-1126,2024-04-01,8760.0,73,Growth,active
CUST-1127,2024-04-01,600.0,12,Starter,active
CUST-1129,2024-04-01,1200.0,10,Growth,active
CUST-1130,2024-04-01,57500.0,230,Scale,active
CUST-1131,2024-04-01,400.0,8,Starter,active
CUST-1132,2024-04-01,1200.0,10,Growth,active
CUST-1133,2024-04-01,300.0,6,Starter,active
CUST-1135,2024-04-01,250.0,5,Starter,active
CUST-1136,2024-04-01,700.0,14,Starter,active
CUST-1137,2024-04-01,3360.0,28,Growth,active
CUST-1138,2024-04-01,500.0,10,Starter,active
CUST-1140,2024-04-01,700.0,14,Starter,active
CUST-1141,2024-04-01,550.0,11,Starter,active
CUST-1142,2024-04-01,1680.0,14,Growth,active
CUST-1144,2024-04-01,650.0,13,Starter,active
CUST-1145,2024-04-01,700.0,14,Starter,active
CUST-1146,2024-04-01,3000.0,25,Growth,active
CUST-1147,2024-04-01,650.0,13,Starter,active
CUST-1148,2024-04-01,18400.0,368,Starter,active
CUST-1150,2024-04-01,300.0,6,Starter,active
CUST-1151,2024-04-01,700.0,14,Starter,active
CUST-1152,2024-04-01,500.0,10,Starter,active
CUST-1153,2024-04-01,8520.0,71,Growth,active
CUST-1154,2024-04-01,850.0,17,Starter,active
CUST-1155,2024-04-01,720.0,6,Growth,active
CUST-1156,2024-04-01,8040.0,67,Growth,active
CUST-1158,2024-04-01,1200.0,10,Growth,active
CUST-1160,2024-04-01,6960.0,58,Growth,active
CUST-1161,2024-04-01,1080.0,9,Growth,active
CUST-1162,2024-04-01,350.0,7,Starter,active
CUST-1163,2024-04-01,32040.0,267,Growth,active
CUST-1165,2024-04-01,720.0,6,Growth,active
CUST-1166,2024-04-01,480.0,4,Growth,active
CUST-1167,2024-04-01,66500.0,266,Scale,active
CUST-1168,2024-04-01,720.0,6,Growth,active
CUST-1169,2024-04-01,200.0,4,Starter,active
CUST-1170,2024-04-01,600.0,12,Starter,active
CUST-1171,2024-04-01,250.0,5,Starter,active
CUST-1172,2024-04-01,3720.0,31,Growth,active
CUST-1173,2024-04-01,16500.0,66,Scale,active
CUST-1174,2024-04-01,720.0,6,Growth,active
CUST-1175,2024-04-01,400.0,8,Starter,active
CUST-1176,2024-04-01,200.0,4,Starter,active
CUST-1177,2024-04-01,800.0,16,Starter,active
CUST-1178,2024-04-01,800.0,16,Starter,active
CUST-1179,2024-04-01,2160.0,18,Growth,active
CUST-1180,2024-04-01,1200.0,24,Starter,active
CUST-1181,2024-04-01,1560.0,13,Growth,active
CUST-1182,2024-04-01,2000.0,8,Scale,active
CUST-1184,2024-04-01,700.0,14,Starter,active
CUST-1186,2024-04-01,1440.0,12,Growth,active
CUST-1187,2024-04-01,350.0,7,Starter,active
CUST-1188,2024-04-01,1440.0,12,Growth,active
CUST-1189,2024-04-01,600.0,12,Starter,active
CUST-1191,2024-04-01,2160.0,18,Growth,active
CUST-1192,2024-04-01,550.0,11,Starter,active
CUST-1194,2024-04-01,500.0,10,Starter,active
CUST-1195,2024-04-01,600.0,12,Starter,active
CUST-1196,2024-04-01,5640.0,47,Growth,active
CUST-1198,2024-04-01,87250.0,349,Scale,active
CUST-1199,2024-04-01,550.0,11,Starter,active
CUST-1200,2024-04-01,1200.0,10,Growth,active
CUST-1201,2024-04-01,480.0,4,Growth,active
CUST-1202,2024-04-01,3250.0,13,Scale,active
CUST-1203,2024-04-01,720.0,6,Growth,active
CUST-1204,2024-04-01,5750.0,23,Scale,active
CUST-1205,2024-04-01,5400.0,45,Growth,active
CUST-1206,2024-04-01,2750.0,11,Scale,active
CUST-1207,2024-04-01,3960.0,33,Growth,active
CUST-1208,2024-04-01,360.0,3,Growth,active
CUST-1209,2024-04-01,1200.0,10,Growth,active
CUST-1210,2024-04-01,700.0,14,Starter,active
CUST-1211,2024-04-01,200.0,4,Starter,active
CUST-1212,2024-04-01,150.0,3,Starter,active
CUST-1213,2024-04-01,2040.0,17,Growth,active
CUST-1214,2024-04-01,600.0,12,Starter,active
CUST-1215,2024-04-01,550.0,11,Starter,active
CUST-1216,2024-04-01,480.0,4,Growth,active
CUST-1217,2024-04-01,700.0,14,Starter,active
CUST-1218,2024-04-01,8880.0,74,Growth,active
CUST-1219,2024-04-01,4560.0,38,Growth,active
CUST-1220,2024-04-01,150.0,3,Starter,active
CUST-1221,2024-04-01,2880.0,24,Growth,active
CUST-1222,2024-04-01,450.0,9,Starter,active
CUST-1223,2024-04-01,650.0,13,Starter,active
CUST-1224,2024-04-01,450.0,9,Starter,active
CUST-1225,2024-04-01,700.0,14,Starter,active
CUST-1226,2024-04-01,960.0,8,Growth,active
CUST-1227,2024-04-01,750.0,15,Starter,active
CUST-1228,2024-04-01,3450.0,69,Starter,active
CUST-1229,2024-04-01,600.0,5,Growth,active
CUST-1230,2024-04-01,750.0,15,Starter,active
CUST-1231,2024-04-01,8500.0,34,Scale,active
CUST-1232,2024-04-01,750.0,15,Starter,active
CUST-1233,2024-04-01,360.0,3,Growth,active
CUST-1234,2024-04-01,960.0,8,Growth,active
CUST-1235,2024-04-01,300.0,6,Starter,active
CUST-1236,2024-04-01,500.0,10,Starter,active
CUST-1237,2024-04-01,7440.0,62,Growth,active
CUST-1238,2024-04-01,3600.0,30,Growth,active
CUST-1239,2024-04-01,17750.0,71,Scale,active
CUST-1240,2024-04-01,150.0,3,Starter,active
CUST-1242,2024-04-01,700.0,14,Starter,active
CUST-1243,2024-04-01,360.0,3,Growth,active
CUST-1244,2024-04-01,250.0,5,Starter,active
CUST-1245,2024-04-01,3750.0,15,Scale,active
CUST-1246,2024-04-01,840.0,7,Growth,active
CUST-1247,2024-04-01,750.0,15,Starter,active
CUST-1248,2024-04-01,550.0,11,Starter,active
CUST-1249,2024-04-01,400.0,8,Starter,active
CUST-1250,2024-04-01,350.0,7,Starter,active
CUST-1251,2024-04-01,1680.0,14,Growth,active
CUST-1252,2024-04-01,2000.0,8,Scale,active
CUST-1253,2024-04-01,9500.0,38,Scale,active
CUST-1255,2024-04-01,7560.0,63,Growth,active
CUST-1256,2024-04-01,750.0,15,Starter,active
CUST-1258,2024-04-01,750.0,15,Starter,active
CUST-1259,2024-04-01,55750.0,223,Scale,active
CUST-1260,2024-04-01,350.0,7,Starter,active
CUST-1261,2024-04-01,1700.0,34,Starter,active
CUST-1262,2024-04-01,1800.0,15,Growth,active
CUST-1263,2024-04-01,200.0,4,Starter,active
CUST-1264,2024-04-01,700.0,14,Starter,active
CUST-1265,2024-04-01,2520.0,21,Growth,active
CUST-1266,2024-04-01,4920.0,41,Growth,active
CUST-1267,2024-04-01,250.0,5,Starter,active
CUST-1268,2024-04-01,600.0,12,Starter,active
CUST-1269,2024-04-01,300.0,6,Starter,active
CUST-1270,2024-04-01,450.0,9,Starter,active
CUST-1271,2024-04-01,450.0,9,Starter,active
CUST-1272,2024-04-01,2160.0,18,Growth,active
CUST-1273,2024-04-01,4920.0,41,Growth,active
CUST-1274,2024-04-01,1800.0,15,Growth,active
CUST-1275,2024-04-01,840.0,7,Growth,active
CUST-1276,2024-04-01,6360.0,53,Growth,active
CUST-1277,2024-04-01,350.0,7,Starter,active
CUST-1278,2024-04-01,7320.0,61,Growth,active
CUST-1279,2024-04-01,600.0,12,Starter,active
CUST-1280,2024-04-01,360.0,3,Growth,active
CUST-1281,2024-04-01,3120.0,26,Growth,active
CUST-1282,2024-04-01,400.0,8,Starter,active
CUST-1283,2024-04-01,700.0,14,Starter,active
CUST-1284,2024-04-01,1800.0,15,Growth,active
CUST-1285,2024-04-01,4320.0,36,Growth,active
CUST-1286,2024-04-01,150.0,3,Starter,active
CUST-1287,2024-04-01,3240.0,27,Growth,active
CUST-1288,2024-04-01,9000.0,75,Growth,active
CUST-1289,2024-04-01,750.0,15,Starter,active
CUST-1290,2024-04-01,600.0,5,Growth,active
CUST-1291,2024-04-01,250.0,5,Starter,active
CUST-1292,2024-04-01,1680.0,14,Growth,active
CUST-1293,2024-04-01,110000.0,440,Scale,active
CUST-1294,2024-04-01,7440.0,62,Growth,active
CUST-1295,2024-04-01,250.0,5,Starter,active
CUST-1296,2024-04-01,1560.0,13,Growth,active
CUST-1297,2024-04-01,600.0,12,Starter,active
CUST-1298,2024-04-01,75000.0,300,Scale,active
CUST-1299,2024-04-01,2000.0,40,Starter,active
CUST-1300,2024-04-01,600.0,5,Growth,active
CUST-1301,2024-04-01,300.0,6,Starter,active
CUST-1302,2024-04-01,400.0,8,Starter,active
CUST-1303,2024-04-01,400.0,8,Starter,active
CUST-1304,2024-04-01,1680.0,14,Growth,active
CUST-1305,2024-04-01,2880.0,24,Growth,active
CUST-1306,2024-04-01,4920.0,41,Growth,active
CUST-1307,2024-04-01,350.0,7,Starter,active
CUST-1308,2024-04-01,1200.0,10,Growth,active
CUST-1309,2024-04-01,350.0,7,Starter,active
CUST-1310,2024-04-01,7080.0,59,Growth,active
CUST-1311,2024-04-01,68750.0,275,Scale,active
CUST-1312,2024-04-01,1560.0,13,Growth,active
CUST-1313,2024-04-01,750.0,15,Starter,active
CUST-1314,2024-04-01,3360.0,28,Growth,active
CUST-1315,2024-04-01,4800.0,40,Growth,active
CUST-1316,2024-04-01,1440.0,12,Growth,active
CUST-1317,2024-04-01,650.0,13,Starter,active
CUST-1318,2024-04-01,8760.0,73,Growth,active
CUST-1001,2024-05-01,4250.0,17,Scale,active
CUST-1002,2024-05-01,3700.0,74,Starter,active
CUST-1003,2024-05-01,6120.0,51,Growth,active
CUST-1004,2024-05-01,550.0,11,Starter,active
CUST-1005,2024-05-01,97000.0,388,Scale,active
CUST-1007,2024-05-01,450.0,9,Starter,active
CUST-1009,2024-05-01,8280.0,69,Growth,active
CUST-1010,2024-05-01,600.0,5,Growth,active
CUST-1011,2024-05-01,2040.0,17,Growth,active
CUST-1013,2024-05-01,400.0,8,Starter,active
CUST-1014,2024-05-01,2450.0,49,Starter,active
CUST-1015,2024-05-01,2160.0,18,Growth,active
CUST-1016,2024-05-01,700.0,14,Starter,active
CUST-1017,2024-05-01,500.0,10,Starter,active
CUST-1018,2024-05-01,350.0,7,Starter,active
CUST-1019,2024-05-01,82250.0,329,Scale,active
CUST-1020,2024-05-01,7440.0,62,Growth,active
CUST-1021,2024-05-01,650.0,13,Starter,active
CUST-1022,2024-05-01,8040.0,67,Growth,active
CUST-1024,2024-05-01,450.0,9,Starter,active
CUST-1025,2024-05-01,300.0,6,Starter,active
CUST-1026,2024-05-01,5280.0,44,Growth,active
CUST-1027,2024-05-01,750.0,15,Starter,active
CUST-1028,2024-05-01,960.0,8,Growth,active
CUST-1029,2024-05-01,250.0,5,Starter,active
CUST-1030,2024-05-01,600.0,12,Starter,active
CUST-1032,2024-05-01,720.0,6,Growth,active
CUST-1033,2024-05-01,480.0,4,Growth,active
CUST-1036,2024-05-01,1100.0,22,Starter,active
CUST-1037,2024-05-01,720.0,6,Growth,active
CUST-1039,2024-05-01,350.0,7,Starter,active
CUST-1040,2024-05-01,3150.0,63,Starter,active
CUST-1041,2024-05-01,350.0,7,Starter,active
CUST-1042,2024-05-01,1100.0,22,Starter,active
CUST-1043,2024-05-01,300.0,6,Starter,active
CUST-1044,2024-05-01,2700.0,54,Starter,active
CUST-1045,2024-05-01,750.0,15,Starter,active
CUST-1046,2024-05-01,450.0,9,Starter,active
CUST-1048,2024-05-01,360.0,3,Growth,active
CUST-1049,2024-05-01,6000.0,50,Growth,active
CUST-1050,2024-05-01,200.0,4,Starter,active
CUST-1051,2024-05-01,600.0,12,Starter,active
CUST-1052,2024-05-01,300.0,6,Starter,active
CUST-1054,2024-05-01,2160.0,18,Growth,active
CUST-1056,2024-05-01,500.0,10,Starter,active
CUST-1057,2024-05-01,300.0,6,Starter,active
CUST-1058,2024-05-01,350.0,7,Starter,active
CUST-1059,2024-05-01,7320.0,61,Growth,active
CUST-1060,2024-05-01,700.0,14,Starter,active
CUST-1061,2024-05-01,5400.0,45,Growth,active
CUST-1063,2024-05-01,59250.0,237,Scale,active
CUST-1064,2024-05-01,750.0,15,Starter,active
CUST-1065,2024-05-01,500.0,10,Starter,active
CUST-1066,2024-05-01,1560.0,13,Growth,active
CUST-1067,2024-05-01,750.0,15,Starter,active
CUST-1068,2024-05-01,4200.0,35,Growth,active
CUST-1069,2024-05-01,1200.0,10,Growth,active
CUST-1071,2024-05-01,53250.0,213,Scale,active
CUST-1073,2024-05-01,4080.0,34,Growth,active
CUST-1074,2024-05-01,21000.0,84,Scale,active
CUST-1075,2024-05-01,4000.0,16,Scale,active
CUST-1076,2024-05-01,2400.0,20,Growth,active
CUST-1077,2024-05-01,700.0,14,Starter,active
CUST-1078,2024-05-01,150.0,3,Starter,active
CUST-1079,2024-05-01,9480.0,79,Growth,active
CUST-1081,2024-05-01,2160.0,18,Growth,active
CUST-1082,2024-05-01,47520.0,396,Growth,active
CUST-1083,2024-05-01,1850.0,37,Starter,active
CUST-1084,2024-05-01,900.0,18,Starter,active
CUST-1085,2024-05-01,5640.0,47,Growth,active
CUST-1086,2024-05-01,750.0,15,Starter,active
CUST-1087,2024-05-01,500.0,10,Starter,active
CUST-1088,2024-05-01,700.0,14,Starter,active
CUST-1090,2024-05-01,6840.0,57,Growth,active
CUST-1091,2024-05-01,450.0,9,Starter,active
CUST-1092,2024-05-01,8640.0,72,Growth,active
CUST-1095,2024-05-01,6360.0,53,Growth,active
CUST-1096,2024-05-01,200.0,4,Starter,active
CUST-1097,2024-05-01,4080.0,34,Growth,active
CUST-1099,2024-05-01,4320.0,36,Growth,active
CUST-1100,2024-05-01,200.0,4,Starter,active
CUST-1101,2024-05-01,300.0,6,Starter,active
CUST-1102,2024-05-01,300.0,6,Starter,active
CUST-1103,2024-05-01,500.0,10,Starter,active
CUST-1104,2024-05-01,450.0,9,Starter,active
CUST-1106,2024-05-01,7200.0,60,Growth,active
CUST-1107,2024-05-01,400.0,8,Starter,active
CUST-1108,2024-05-01,250.0,5,Starter,active
CUST-1109,2024-05-01,1080.0,9,Growth,active
CUST-1110,2024-05-01,1440.0,12,Growth,active
CUST-1111,2024-05-01,2650.0,53,Starter,active
CUST-1112,2024-05-01,2500.0,10,Scale,active
CUST-1113,2024-05-01,1850.0,37,Starter,active
CUST-1114,2024-05-01,83250.0,333,Scale,active
CUST-1115,2024-05-01,720.0,6,Growth,active
CUST-1116,2024-05-01,150.0,3,Starter,active
CUST-1117,2024-05-01,4560.0,38,Growth,active
CUST-1118,2024-05-01,300.0,6,Starter,active
CUST-1119,2024-05-01,1200.0,10,Growth,active
CUST-1120,2024-05-01,700.0,14,Starter,active
CUST-1122,2024-05-01,6960.0,58,Growth,active
CUST-1124,2024-05-01,700.0,14,Starter,active
CUST-1125,2024-05-01,700.0,14,Starter,active
CUST-1126,2024-05-01,7560.0,63,Growth,active
CUST-1127,2024-05-01,600.0,12,Starter,active
CUST-1129,2024-05-01,1200.0,10,Growth,active
CUST-1130,2024-05-01,57500.0,230,Scale,active
CUST-1131,2024-05-01,400.0,8,Starter,active
CUST-1132,2024-05-01,1200.0,10,Growth,active
CUST-1133,2024-05-01,300.0,6,Starter,active
CUST-1135,2024-05-01,250.0,5,Starter,active
CUST-1136,2024-05-01,750.0,15,Starter,active
CUST-1137,2024-05-01,3360.0,28,Growth,active
CUST-1138,2024-05-01,500.0,10,Starter,active
CUST-1140,2024-05-01,700.0,14,Starter,active
CUST-1141,2024-05-01,550.0,11,Starter,active
CUST-1142,2024-05-01,1680.0,14,Growth,active
CUST-1144,2024-05-01,650.0,13,Starter,active
CUST-1145,2024-05-01,700.0,14,Starter,active
CUST-1146,2024-05-01,3000.0,25,Growth,active
CUST-1147,2024-05-01,650.0,13,Starter,active
CUST-1148,2024-05-01,18400.0,368,Starter,active
CUST-1150,2024-05-01,300.0,6,Starter,active
CUST-1151,2024-05-01,700.0,14,Starter,active
CUST-1152,2024-05-01,500.0,10,Starter,active
CUST-1153,2024-05-01,8520.0,71,Growth,active
CUST-1154,2024-05-01,850.0,17,Starter,active
CUST-1155,2024-05-01,720.0,6,Growth,active
CUST-1156,2024-05-01,8040.0,67,Growth,active
CUST-1158,2024-05-01,1200.0,10,Growth,active
CUST-1160,2024-05-01,6960.0,58,Growth,active
CUST-1161,2024-05-01,1080.0,9,Growth,active
CUST-1162,2024-05-01,350.0,7,Starter,active
CUST-1163,2024-05-01,32040.0,267,Growth,active
CUST-1165,2024-05-01,720.0,6,Growth,active
CUST-1166,2024-05-01,480.0,4,Growth,active
CUST-1167,2024-05-01,66500.0,266,Scale,active
CUST-1168,2024-05-01,720.0,6,Growth,active
CUST-1169,2024-05-01,200.0,4,Starter,active
CUST-1170,2024-05-01,600.0,12,Starter,active
CUST-1171,2024-05-01,250.0,5,Starter,active
CUST-1172,2024-05-01,3720.0,31,Growth,active
CUST-1173,2024-05-01,16500.0,66,Scale,active
CUST-1174,2024-05-01,720.0,6,Growth,active
CUST-1175,2024-05-01,400.0,8,Starter,active
CUST-1176,2024-05-01,200.0,4,Starter,active
CUST-1177,2024-05-01,800.0,16,Starter,active
CUST-1178,2024-05-01,800.0,16,Starter,active
CUST-1179,2024-05-01,2160.0,18,Growth,active
CUST-1180,2024-05-01,1200.0,24,Starter,active
CUST-1181,2024-05-01,1560.0,13,Growth,active
CUST-1182,2024-05-01,2000.0,8,Scale,active
CUST-1184,2024-05-01,700.0,14,Starter,active
CUST-1186,2024-05-01,1440.0,12,Growth,active
CUST-1187,2024-05-01,400.0,8,Starter,active
CUST-1188,2024-05-01,1440.0,12,Growth,active
CUST-1189,2024-05-01,600.0,12,Starter,active
CUST-1191,2024-05-01,2160.0,18,Growth,active
CUST-1192,2024-05-01,550.0,11,Starter,active
CUST-1194,2024-05-01,500.0,10,Starter,active
CUST-1195,2024-05-01,600.0,12,Starter,active
CUST-1196,2024-05-01,5640.0,47,Growth,active
CUST-1198,2024-05-01,87250.0,349,Scale,active
CUST-1199,2024-05-01,550.0,11,Starter,active
CUST-1200,2024-05-01,1200.0,10,Growth,active
CUST-1201,2024-05-01,480.0,4,Growth,active
CUST-1202,2024-05-01,3250.0,13,Scale,active
CUST-1203,2024-05-01,720.0,6,Growth,active
CUST-1204,2024-05-01,5750.0,23,Scale,active
CUST-1205,2024-05-01,5400.0,45,Growth,active
CUST-1206,2024-05-01,2750.0,11,Scale,active
CUST-1207,2024-05-01,3960.0,33,Growth,active
CUST-1208,2024-05-01,360.0,3,Growth,active
CUST-1209,2024-05-01,1200.0,10,Growth,active
CUST-1210,2024-05-01,700.0,14,Starter,active
CUST-1211,2024-05-01,200.0,4,Starter,active
CUST-1212,2024-05-01,150.0,3,Starter,active
CUST-1213,2024-05-01,2040.0,17,Growth,active
CUST-1214,2024-05-01,550.0,11,Starter,active
CUST-1215,2024-05-01,550.0,11,Starter,active
CUST-1216,2024-05-01,480.0,4,Growth,active
CUST-1217,2024-05-01,700.0,14,Starter,active
CUST-1218,2024-05-01,8880.0,74,Growth,active
CUST-1219,2024-05-01,4560.0,38,Growth,active
CUST-1220,2024-05-01,150.0,3,Starter,active
CUST-1222,2024-05-01,450.0,9,Starter,active
CUST-1223,2024-05-01,650.0,13,Starter,active
CUST-1224,2024-05-01,450.0,9,Starter,active
CUST-1225,2024-05-01,700.0,14,Starter,active
CUST-1226,2024-05-01,960.0,8,Growth,active
CUST-1227,2024-05-01,750.0,15,Starter,active
CUST-1229,2024-05-01,600.0,5,Growth,active
CUST-1230,2024-05-01,750.0,15,Starter,active
CUST-1231,2024-05-01,8500.0,34,Scale,active
CUST-1232,2024-05-01,750.0,15,Starter,active
CUST-1233,2024-05-01,240.0,2,Growth,active
CUST-1234,2024-05-01,960.0,8,Growth,active
CUST-1235,2024-05-01,300.0,6,Starter,active
CUST-1236,2024-05-01,550.0,11,Starter,active
CUST-1237,2024-05-01,7440.0,62,Growth,active
CUST-1238,2024-05-01,3600.0,30,Growth,active
CUST-1239,2024-05-01,17750.0,71,Scale,active
CUST-1240,2024-05-01,150.0,3,Starter,active
CUST-1242,2024-05-01,700.0,14,Starter,active
CUST-1243,2024-05-01,360.0,3,Growth,active
CUST-1244,2024-05-01,250.0,5,Starter,active
CUST-1245,2024-05-01,3750.0,15,Scale,active
CUST-1246,2024-05-01,840.0,7,Growth,active
CUST-1247,2024-05-01,750.0,15,Starter,active
CUST-1248,2024-05-01,600.0,12,Starter,active
CUST-1249,2024-05-01,400.0,8,Starter,active
CUST-1250,2024-05-01,350.0,7,Starter,active
CUST-1251,2024-05-01,1680.0,14,Growth,active
CUST-1252,2024-05-01,2000.0,8,Scale,active
CUST-1253,2024-05-01,9500.0,38,Scale,active
CUST-1255,2024-05-01,7560.0,63,Growth,active
CUST-1256,2024-05-01,750.0,15,Starter,active
CUST-1258,2024-05-01,600.0,12,Starter,active
CUST-1259,2024-05-01,55750.0,223,Scale,active
CUST-1260,2024-05-01,350.0,7,Starter,active
CUST-1261,2024-05-01,1700.0,34,Starter,active
CUST-1262,2024-05-01,1800.0,15,Growth,active
CUST-1263,2024-05-01,200.0,4,Starter,active
CUST-1264,2024-05-01,700.0,14,Starter,active
CUST-1265,2024-05-01,2520.0,21,Growth,active
CUST-1266,2024-05-01,4920.0,41,Growth,active
CUST-1267,2024-05-01,250.0,5,Starter,active
CUST-1268,2024-05-01,600.0,12,Starter,active
CUST-1269,2024-05-01,300.0,6,Starter,active
CUST-1270,2024-05-01,450.0,9,Starter,active
CUST-1271,2024-05-01,450.0,9,Starter,active
CUST-1272,2024-05-01,2160.0,18,Growth,active
CUST-1273,2024-05-01,4920.0,41,Growth,active
CUST-1274,2024-05-01,1800.0,15,Growth,active
CUST-1275,2024-05-01,840.0,7,Growth,active
CUST-1276,2024-05-01,6360.0,53,Growth,active
CUST-1277,2024-05-01,350.0,7,Starter,active
CUST-1278,2024-05-01,7320.0,61,Growth,active
CUST-1279,2024-05-01,600.0,12,Starter,active
CUST-1280,2024-05-01,360.0,3,Growth,active
CUST-1281,2024-05-01,3120.0,26,Growth,active
CUST-1282,2024-05-01,400.0,8,Starter,active
CUST-1283,2024-05-01,700.0,14,Starter,active
CUST-1284,2024-05-01,1800.0,15,Growth,active
CUST-1286,2024-05-01,150.0,3,Starter,active
CUST-1287,2024-05-01,3240.0,27,Growth,active
CUST-1288,2024-05-01,9000.0,75,Growth,active
CUST-1289,2024-05-01,750.0,15,Starter,active
CUST-1290,2024-05-01,600.0,5,Growth,active
CUST-1291,2024-05-01,250.0,5,Starter,active
CUST-1292,2024-05-01,1680.0,14,Growth,active
CUST-1293,2024-05-01,110000.0,440,Scale,active
CUST-1294,2024-05-01,7440.0,62,Growth,active
CUST-1295,2024-05-01,250.0,5,Starter,active
CUST-1296,2024-05-01,1560.0,13,Growth,active
CUST-1297,2024-05-01,600.0,12,Starter,active
CUST-1298,2024-05-01,75000.0,300,Scale,active
CUST-1299,2024-05-01,2000.0,40,Starter,active
CUST-1300,2024-05-01,600.0,5,Growth,active
CUST-1301,2024-05-01,300.0,6,Starter,active
CUST-1302,2024-05-01,400.0,8,Starter,active
CUST-1303,2024-05-01,400.0,8,Starter,active
CUST-1304,2024-05-01,1680.0,14,Growth,active
CUST-1305,2024-05-01,2880.0,24,Growth,active
CUST-1306,2024-05-01,4920.0,41,Growth,active
CUST-1307,2024-05-01,350.0,7,Starter,active
CUST-1308,2024-05-01,1200.0,10,Growth,active
CUST-1309,2024-05-01,350.0,7,Starter,active
CUST-1310,2024-05-01,7080.0,59,Growth,active
CUST-1311,2024-05-01,68750.0,275,Scale,active
CUST-1312,2024-05-01,1560.0,13,Growth,active
CUST-1313,2024-05-01,750.0,15,Starter,active
CUST-1314,2024-05-01,3360.0,28,Growth,active
CUST-1315,2024-05-01,4800.0,40,Growth,active
CUST-1316,2024-05-01,1440.0,12,Growth,active
CUST-1317,2024-05-01,650.0,13,Starter,active
CUST-1318,2024-05-01,8760.0,73,Growth,active
CUST-1319,2024-05-01,150.0,3,Starter,active
CUST-1320,2024-05-01,840.0,7,Growth,active
CUST-1321,2024-05-01,200.0,4,Starter,active
CUST-1322,2024-05-01,11760.0,98,Growth,active
CUST-1323,2024-05-01,8250.0,33,Scale,active
CUST-1324,2024-05-01,600.0,12,Starter,active
CUST-1325,2024-05-01,650.0,13,Starter,active
CUST-1326,2024-05-01,6720.0,56,Growth,active
CUST-1327,2024-05-01,750.0,15,Starter,active
CUST-1328,2024-05-01,500.0,10,Starter,active
CUST-1329,2024-05-01,600.0,12,Starter,active
CUST-1330,2024-05-01,480.0,4,Growth,active
CUST-1331,2024-05-01,500.0,10,Starter,active
CUST-1332,2024-05-01,750.0,15,Starter,active
CUST-1333,2024-05-01,840.0,7,Growth,active
CUST-1334,2024-05-01,750.0,15,Starter,active
CUST-1335,2024-05-01,1440.0,12,Growth,active
CUST-1336,2024-05-01,2880.0,24,Growth,active
CUST-1337,2024-05-01,300.0,6,Starter,active
CUST-1338,2024-05-01,7320.0,61,Growth,active
CUST-1001,2024-06-01,4250.0,17,Scale,active
CUST-1002,2024-06-01,3700.0,74,Starter,active
CUST-1003,2024-06-01,6120.0,51,Growth,active
CUST-1004,2024-06-01,550.0,11,Starter,active
CUST-1005,2024-06-01,97000.0,388,Scale,active
CUST-1007,2024-06-01,450.0,9,Starter,active
CUST-1009,2024-06-01,8280.0,69,Growth,active
CUST-1010,2024-06-01,600.0,5,Growth,active
CUST-1011,2024-06-01,2040.0,17,Growth,active
CUST-1013,2024-06-01,400.0,8,Starter,active
CUST-1014,2024-06-01,2450.0,49,Starter,active
CUST-1015,2024-06-01,2160.0,18,Growth,active
CUST-1016,2024-06-01,700.0,14,Starter,active
CUST-1017,2024-06-01,500.0,10,Starter,active
CUST-1018,2024-06-01,350.0,7,Starter,active
CUST-1019,2024-06-01,82250.0,329,Scale,active
CUST-1021,2024-06-01,650.0,13,Starter,active
CUST-1022,2024-06-01,8040.0,67,Growth,active
CUST-1024,2024-06-01,450.0,9,Starter,active
CUST-1025,2024-06-01,300.0,6,Starter,active
CUST-1026,2024-06-01,5280.0,44,Growth,active
CUST-1027,2024-06-01,750.0,15,Starter,active
CUST-1028,2024-06-01,960.0,8,Growth,active
CUST-1029,2024-06-01,250.0,5,Starter,active
CUST-1030,2024-06-01,600.0,12,Starter,active
CUST-1032,2024-06-01,720.0,6,Growth,active
CUST-1033,2024-06-01,480.0,4,Growth,active
CUST-1036,2024-06-01,1100.0,22,Starter,active
CUST-1037,2024-06-01,840.0,7,Growth,active
CUST-1039,2024-06-01,350.0,7,Starter,active
CUST-1040,2024-06-01,3150.0,63,Starter,active
CUST-1041,2024-06-01,350.0,7,Starter,active
CUST-1042,2024-06-01,1100.0,22,Starter,active
CUST-1043,2024-06-01,300.0,6,Starter,active
CUST-1044,2024-06-01,2950.0,59,Starter,active
CUST-1045,2024-06-01,750.0,15,Starter,active
CUST-1046,2024-06-01,450.0,9,Starter,active
CUST-1048,2024-06-01,360.0,3,Growth,active
CUST-1049,2024-06-01,6000.0,50,Growth,active
CUST-1050,2024-06-01,200.0,4,Starter,active
CUST-1051,2024-06-01,600.0,12,Starter,active
CUST-1052,2024-06-01,300.0,6,Starter,active
CUST-1054,2024-06-01,2160.0,18,Growth,active
CUST-1056,2024-06-01,500.0,10,Starter,active
CUST-1057,2024-06-01,300.0,6,Starter,active
CUST-1058,2024-06-01,350.0,7,Starter,active
CUST-1059,2024-06-01,6120.0,51,Growth,active
CUST-1060,2024-06-01,700.0,14,Starter,active
CUST-1061,2024-06-01,5400.0,45,Growth,active
CUST-1063,2024-06-01,59250.0,237,Scale,active
CUST-1064,2024-06-01,750.0,15,Starter,active
CUST-1065,2024-06-01,500.0,10,Starter,active
CUST-1066,2024-06-01,1560.0,13,Growth,active
CUST-1067,2024-06-01,750.0,15,Starter,active
CUST-1068,2024-06-01,4200.0,35,Growth,active
CUST-1069,2024-06-01,1200.0,10,Growth,active
CUST-1071,2024-06-01,53250.0,213,Scale,active
CUST-1073,2024-06-01,4080.0,34,Growth,active
CUST-1074,2024-06-01,21000.0,84,Scale,active
CUST-1075,2024-06-01,4000.0,16,Scale,active
CUST-1076,2024-06-01,2400.0,20,Growth,active
CUST-1077,2024-06-01,700.0,14,Starter,active
CUST-1078,2024-06-01,150.0,3,Starter,active
CUST-1079,2024-06-01,9480.0,79,Growth,active
CUST-1082,2024-06-01,47520.0,396,Growth,active
CUST-1083,2024-06-01,1850.0,37,Starter,active
CUST-1084,2024-06-01,900.0,18,Starter,active
CUST-1085,2024-06-01,5640.0,47,Growth,active
CUST-1086,2024-06-01,750.0,15,Starter,active
CUST-1087,2024-06-01,500.0,10,Starter,active
CUST-1088,2024-06-01,700.0,14,Starter,active
CUST-1090,2024-06-01,6840.0,57,Growth,active
CUST-1091,2024-06-01,500.0,10,Starter,active
CUST-1092,2024-06-01,10080.0,84,Growth,active
CUST-1095,2024-06-01,6360.0,53,Growth,active
CUST-1096,2024-06-01,200.0,4,Starter,active
CUST-1097,2024-06-01,4080.0,34,Growth,active
CUST-1099,2024-06-01,4560.0,38,Growth,active
CUST-1100,2024-06-01,200.0,4,Starter,active
CUST-1101,2024-06-01,300.0,6,Starter,active
CUST-1102,2024-06-01,300.0,6,Starter,active
CUST-1103,2024-06-01,500.0,10,Starter,active
CUST-1104,2024-06-01,450.0,9,Starter,active
CUST-1106,2024-06-01,7200.0,60,Growth,active
CUST-1107,2024-06-01,400.0,8,Starter,active
CUST-1108,2024-06-01,250.0,5,Starter,active
CUST-1109,2024-06-01,1080.0,9,Growth,active
CUST-1110,2024-06-01,1440.0,12,Growth,active
CUST-1111,2024-06-01,2650.0,53,Starter,active
CUST-1112,2024-06-01,2750.0,11,Scale,active
CUST-1113,2024-06-01,1850.0,37,Starter,active
CUST-1114,2024-06-01,83250.0,333,Scale,active
CUST-1115,2024-06-01,720.0,6,Growth,active
CUST-1116,2024-06-01,150.0,3,Starter,active
CUST-1117,2024-06-01,4560.0,38,Growth,active
CUST-1118,2024-06-01,300.0,6,Starter,active
CUST-1119,2024-06-01,1200.0,10,Growth,active
CUST-1120,2024-06-01,700.0,14,Starter,active
CUST-1122,2024-06-01,8520.0,71,Growth,active
CUST-1124,2024-06-01,700.0,14,Starter,active
CUST-1125,2024-06-01,700.0,14,Starter,active
CUST-1126,2024-06-01,7560.0,63,Growth,active
CUST-1127,2024-06-01,600.0,12,Starter,active
CUST-1129,2024-06-01,1200.0,10,Growth,active
CUST-1130,2024-06-01,57500.0,230,Scale,active
CUST-1132,2024-06-01,1200.0,10,Growth,active
CUST-1133,2024-06-01,300.0,6,Starter,active
CUST-1135,2024-06-01,250.0,5,Starter,active
CUST-1136,2024-06-01,750.0,15,Starter,active
CUST-1137,2024-06-01,3360.0,28,Growth,active
CUST-1138,2024-06-01,500.0,10,Starter,active
CUST-1140,2024-06-01,700.0,14,Starter,active
CUST-1141,2024-06-01,550.0,11,Starter,active
CUST-1142,2024-06-01,1680.0,14,Growth,active
CUST-1144,2024-06-01,650.0,13,Starter,active
CUST-1145,2024-06-01,700.0,14,Starter,active
CUST-1146,2024-06-01,3000.0,25,Growth,active
CUST-1147,2024-06-01,650.0,13,Starter,active
CUST-1148,2024-06-01,18400.0,368,Starter,active
CUST-1150,2024-06-01,300.0,6,Starter,active
CUST-1151,2024-06-01,700.0,14,Starter,active
CUST-1152,2024-06-01,500.0,10,Starter,active
CUST-1153,2024-06-01,8520.0,71,Growth,active
CUST-1154,2024-06-01,850.0,17,Starter,active
CUST-1155,2024-06-01,720.0,6,Growth,active
CUST-1156,2024-06-01,8040.0,67,Growth,active
CUST-1158,2024-06-01,1200.0,10,Growth,active
CUST-1160,2024-06-01,6960.0,58,Growth,active
CUST-1161,2024-06-01,1080.0,9,Growth,active
CUST-1162,2024-06-01,350.0,7,Starter,active
CUST-1163,2024-06-01,32040.0,267,Growth,active
CUST-1165,2024-06-01,720.0,6,Growth,active
CUST-1166,2024-06-01,480.0,4,Growth,active
CUST-1167,2024-06-01,66500.0,266,Scale,active
CUST-1168,2024-06-01,720.0,6,Growth,active
CUST-1169,2024-06-01,200.0,4,Starter,active
CUST-1170,2024-06-01,750.0,15,Starter,active
CUST-1171,2024-06-01,300.0,6,Starter,active
CUST-1172,2024-06-01,3720.0,31,Growth,active
CUST-1173,2024-06-01,16500.0,66,Scale,active
CUST-1174,2024-06-01,720.0,6,Growth,active
CUST-1175,2024-06-01,400.0,8,Starter,active
CUST-1176,2024-06-01,200.0,4,Starter,active
CUST-1177,2024-06-01,900.0,18,Starter,active
CUST-1178,2024-06-01,800.0,16,Starter,active
CUST-1179,2024-06-01,2160.0,18,Growth,active
CUST-1180,2024-06-01,1200.0,24,Starter,active
CUST-1181,2024-06-01,1560.0,13,Growth,active
CUST-1182,2024-06-01,2000.0,8,Scale,active
CUST-1184,2024-06-01,700.0,14,Starter,active
CUST-1186,2024-06-01,1440.0,12,Growth,active
CUST-1187,2024-06-01,400.0,8,Starter,active
CUST-1188,2024-06-01,1440.0,12,Growth,active
CUST-1189,2024-06-01,600.0,12,Starter,active
CUST-1191,2024-06-01,2160.0,18,Growth,active
CUST-1192,2024-06-01,550.0,11,Starter,active
CUST-1194,2024-06-01,500.0,10,Starter,active
CUST-1195,2024-06-01,600.0,12,Starter,active
CUST-1196,2024-06-01,5640.0,47,Growth,active
CUST-1198,2024-06-01,87250.0,349,Scale,active
CUST-1199,2024-06-01,550.0,11,Starter,active
CUST-1200,2024-06-01,1200.0,10,Growth,active
CUST-1201,2024-06-01,480.0,4,Growth,active
CUST-1202,2024-06-01,3250.0,13,Scale,active
CUST-1203,2024-06-01,720.0,6,Growth,active
CUST-1204,2024-06-01,5750.0,23,Scale,active
CUST-1205,2024-06-01,5400.0,45,Growth,active
CUST-1206,2024-06-01,2750.0,11,Scale,active
CUST-1207,2024-06-01,3960.0,33,Growth,active
CUST-1208,2024-06-01,360.0,3,Growth,active
CUST-1209,2024-06-01,1200.0,10,Growth,active
CUST-1210,2024-06-01,700.0,14,Starter,active
CUST-1211,2024-06-01,200.0,4,Starter,active
CUST-1212,2024-06-01,150.0,3,Starter,active
CUST-1213,2024-06-01,2040.0,17,Growth,active
CUST-1214,2024-06-01,550.0,11,Starter,active
CUST-1215,2024-06-01,550.0,11,Starter,active
CUST-1216,2024-06-01,480.0,4,Growth,active
CUST-1217,2024-06-01,700.0,14,Starter,active
CUST-1218,2024-06-01,8880.0,74,Growth,active
CUST-1219,2024-06-01,4560.0,38,Growth,active
CUST-1220,2024-06-01,150.0,3,Starter,active
CUST-1222,2024-06-01,450.0,9,Starter,active
CUST-1223,2024-06-01,650.0,13,Starter,active
CUST-1224,2024-06-01,450.0,9,Starter,active
CUST-1225,2024-06-01,700.0,14,Starter,active
CUST-1226,2024-06-01,960.0,8,Growth,active
CUST-1227,2024-06-01,650.0,13,Starter,active
CUST-1230,2024-06-01,750.0,15,Starter,active
CUST-1231,2024-06-01,8500.0,34,Scale,active
CUST-1232,2024-06-01,750.0,15,Starter,active
CUST-1233,2024-06-01,240.0,2,Growth,active
CUST-1234,2024-06-01,960.0,8,Growth,active
CUST-1235,2024-06-01,300.0,6,Starter,active
CUST-1236,2024-06-01,550.0,11,Starter,active
CUST-1237,2024-06-01,7440.0,62,Growth,active
CUST-1238,2024-06-01,3600.0,30,Growth,active
CUST-1239,2024-06-01,17750.0,71,Scale,active
CUST-1240,2024-06-01,150.0,3,Starter,active
CUST-1242,2024-06-01,700.0,14,Starter,active
CUST-1243,2024-06-01,360.0,3,Growth,active
CUST-1244,2024-06-01,250.0,5,Starter,active
CUST-1245,2024-06-01,4000.0,16,Scale,active
CUST-1246,2024-06-01,840.0,7,Growth,active
CUST-1247,2024-06-01,750.0,15,Starter,active
CUST-1248,2024-06-01,600.0,12,Starter,active
CUST-1249,2024-06-01,400.0,8,Starter,active
CUST-1250,2024-06-01,350.0,7,Starter,active
CUST-1251,2024-06-01,1680.0,14,Growth,active
CUST-1252,2024-06-01,2000.0,8,Scale,active
CUST-1253,2024-06-01,9500.0,38,Scale,active
CUST-1255,2024-06-01,7560.0,63,Growth,active
CUST-1256,2024-06-01,750.0,15,Starter,active
CUST-1258,2024-06-01,600.0,12,Starter,active
CUST-1259,2024-06-01,55750.0,223,Scale,active
CUST-1260,2024-06-01,350.0,7,Starter,active
CUST-1261,2024-06-01,1700.0,34,Starter,active
CUST-1262,2024-06-01,1800.0,15,Growth,active
CUST-1263,2024-06-01,200.0,4,Starter,active
CUST-1264,2024-06-01,700.0,14,Starter,active
CUST-1265,2024-06-01,2520.0,21,Growth,active
CUST-1266,2024-06-01,4920.0,41,Growth,active
CUST-1267,2024-06-01,250.0,5,Starter,active
CUST-1268,2024-06-01,600.0,12,Starter,active
CUST-1269,2024-06-01,300.0,6,Starter,active
CUST-1270,2024-06-01,450.0,9,Starter,active
CUST-1271,2024-06-01,450.0,9,Starter,active
CUST-1272,2024-06-01,2160.0,18,Growth,active
CUST-1273,2024-06-01,4920.0,41,Growth,active
CUST-1274,2024-06-01,1800.0,15,Growth,active
CUST-1275,2024-06-01,840.0,7,Growth,active
CUST-1276,2024-06-01,6360.0,53,Growth,active
CUST-1277,2024-06-01,350.0,7,Starter,active
CUST-1278,2024-06-01,7320.0,61,Growth,active
CUST-1280,2024-06-01,360.0,3,Growth,active
CUST-1281,2024-06-01,3120.0,26,Growth,active
CUST-1282,2024-06-01,400.0,8,Starter,active
CUST-1283,2024-06-01,700.0,14,Starter,active
CUST-1284,2024-06-01,1800.0,15,Growth,active
CUST-1286,2024-06-01,200.0,4,Starter,active
CUST-1287,2024-06-01,3240.0,27,Growth,active
CUST-1288,2024-06-01,9000.0,75,Growth,active
CUST-1289,2024-06-01,750.0,15,Starter,active
CUST-1290,2024-06-01,600.0,5,Growth,active
CUST-1291,2024-06-01,250.0,5,Starter,active
CUST-1292,2024-06-01,1680.0,14,Growth,active
CUST-1293,2024-06-01,110000.0,440,Scale,active
CUST-1294,2024-06-01,7440.0,62,Growth,active
CUST-1295,2024-06-01,250.0,5,Starter,active
CUST-1296,2024-06-01,1560.0,13,Growth,active
CUST-1297,2024-06-01,600.0,12,Starter,active
CUST-1298,2024-06-01,75000.0,300,Scale,active
CUST-1299,2024-06-01,2000.0,40,Starter,active
CUST-1300,2024-06-01,600.0,5,Growth,active
CUST-1301,2024-06-01,300.0,6,Starter,active
CUST-1302,2024-06-01,400.0,8,Starter,active
CUST-1303,2024-06-01,400.0,8,Starter,active
CUST-1304,2024-06-01,1680.0,14,Growth,active
CUST-1305,2024-06-01,2880.0,24,Growth,active
CUST-1306,2024-06-01,4920.0,41,Growth,active
CUST-1307,2024-06-01,350.0,7,Starter,active
CUST-1308,2024-06-01,1200.0,10,Growth,active
CUST-1309,2024-06-01,350.0,7,Starter,active
CUST-1310,2024-06-01,7080.0,59,Growth,active
CUST-1311,2024-06-01,68750.0,275,Scale,active
CUST-1312,2024-06-01,1560.0,13,Growth,active
CUST-1313,2024-06-01,900.0,18,Starter,active
CUST-1314,2024-06-01,3360.0,28,Growth,active
CUST-1315,2024-06-01,4800.0,40,Growth,active
CUST-1316,2024-06-01,1440.0,12,Growth,active
CUST-1317,2024-06-01,650.0,13,Starter,active
CUST-1318,2024-06-01,8760.0,73,Growth,active
CUST-1319,2024-06-01,150.0,3,Starter,active
CUST-1320,2024-06-01,840.0,7,Growth,active
CUST-1321,2024-06-01,200.0,4,Starter,active
CUST-1322,2024-06-01,11760.0,98,Growth,active
CUST-1323,2024-06-01,8250.0,33,Scale,active
CUST-1324,2024-06-01,600.0,12,Starter,active
CUST-1325,2024-06-01,650.0,13,Starter,active
CUST-1326,2024-06-01,6720.0,56,Growth,active
CUST-1327,2024-06-01,750.0,15,Starter,active
CUST-1328,2024-06-01,500.0,10,Starter,active
CUST-1329,2024-06-01,600.0,12,Starter,active
CUST-1330,2024-06-01,480.0,4,Growth,active
CUST-1331,2024-06-01,500.0,10,Starter,active
CUST-1332,2024-06-01,750.0,15,Starter,active
CUST-1333,2024-06-01,840.0,7,Growth,active
CUST-1334,2024-06-01,750.0,15,Starter,active
CUST-1335,2024-06-01,1440.0,12,Growth,active
CUST-1336,2024-06-01,2880.0,24,Growth,active
CUST-1337,2024-06-01,300.0,6,Starter,active
CUST-1338,2024-06-01,7320.0,61,Growth,active
CUST-1339,2024-06-01,750.0,3,Scale,active
CUST-1340,2024-06-01,6360.0,53,Growth,active
CUST-1341,2024-06-01,2000.0,8,Scale,active
CUST-1342,2024-06-01,650.0,13,Starter,active
CUST-1343,2024-06-01,1560.0,13,Growth,active
CUST-1344,2024-06-01,200.0,4,Starter,active
CUST-1345,2024-06-01,200.0,4,Starter,active
CUST-1346,2024-06-01,300.0,6,Starter,active
CUST-1347,2024-06-01,550.0,11,Starter,active
CUST-1348,2024-06-01,3150.0,63,Starter,active
CUST-1349,2024-06-01,200.0,4,Starter,active
CUST-1350,2024-06-01,750.0,15,Starter,active
CUST-1351,2024-06-01,840.0,7,Growth,active
CUST-1352,2024-06-01,1320.0,11,Growth,active
CUST-1353,2024-06-01,250.0,5,Starter,active
CUST-1354,2024-06-01,960.0,8,Growth,active
CUST-1355,2024-06-01,11500.0,46,Scale,active
CUST-1356,2024-06-01,80750.0,323,Scale,active
CUST-1357,2024-06-01,5280.0,44,Growth,active
CUST-1358,2024-06-01,2880.0,24,Growth,active
CUST-1001,2024-07-01,4250.0,17,Scale,active
CUST-1002,2024-07-01,3700.0,74,Starter,active
CUST-1003,2024-07-01,6120.0,51,Growth,active
CUST-1004,2024-07-01,550.0,11,Starter,active
CUST-1005,2024-07-01,97000.0,388,Scale,active
CUST-1007,2024-07-01,450.0,9,Starter,active
CUST-1009,2024-07-01,8280.0,69,Growth,active
CUST-1010,2024-07-01,600.0,5,Growth,active
CUST-1013,2024-07-01,400.0,8,Starter,active
CUST-1014,2024-07-01,2450.0,49,Starter,active
CUST-1015,2024-07-01,2160.0,18,Growth,active
CUST-1016,2024-07-01,700.0,14,Starter,active
CUST-1017,2024-07-01,500.0,10,Starter,active
CUST-1018,2024-07-01,350.0,7,Starter,active
CUST-1019,2024-07-01,82250.0,329,Scale,active
CUST-1021,2024-07-01,650.0,13,Starter,active
CUST-1022,2024-07-01,8040.0,67,Growth,active
CUST-1024,2024-07-01,450.0,9,Starter,active
CUST-1025,2024-07-01,300.0,6,Starter,active
CUST-1026,2024-07-01,5280.0,44,Growth,active
CUST-1027,2024-07-01,750.0,15,Starter,active
CUST-1028,2024-07-01,960.0,8,Growth,active
CUST-1029,2024-07-01,250.0,5,Starter,active
CUST-1030,2024-07-01,600.0,12,Starter,active
CUST-1032,2024-07-01,720.0,6,Growth,active
CUST-1033,2024-07-01,480.0,4,Growth,active
CUST-1036,2024-07-01,1100.0,22,Starter,active
CUST-1037,2024-07-01,840.0,7,Growth,active
CUST-1039,2024-07-01,350.0,7,Starter,active
CUST-1040,2024-07-01,3150.0,63,Starter,active
CUST-1041,2024-07-01,350.0,7,Starter,active
CUST-1042,2024-07-01,1100.0,22,Starter,active
CUST-1043,2024-07-01,300.0,6,Starter,active
CUST-1044,2024-07-01,2950.0,59,Starter,active
CUST-1045,2024-07-01,750.0,15,Starter,active
CUST-1046,2024-07-01,450.0,9,Starter,active
CUST-1048,2024-07-01,360.0,3,Growth,active
CUST-1049,2024-07-01,6000.0,50,Growth,active
CUST-1050,2024-07-01,200.0,4,Starter,active
CUST-1051,2024-07-01,600.0,12,Starter,active
CUST-1052,2024-07-01,300.0,6,Starter,active
CUST-1054,2024-07-01,2160.0,18,Growth,active
CUST-1056,2024-07-01,500.0,10,Starter,active
CUST-1057,2024-07-01,300.0,6,Starter,active
CUST-1058,2024-07-01,350.0,7,Starter,active
CUST-1059,2024-07-01,6120.0,51,Growth,active
CUST-1060,2024-07-01,700.0,14,Starter,active
CUST-1061,2024-07-01,5400.0,45,Growth,active
CUST-1063,2024-07-01,59250.0,237,Scale,active
CUST-1064,2024-07-01,750.0,15,Starter,active
CUST-1065,2024-07-01,500.0,10,Starter,active
CUST-1066,2024-07-01,1560.0,13,Growth,active
CUST-1067,2024-07-01,750.0,15,Starter,active
CUST-1068,2024-07-01,4200.0,35,Growth,active
CUST-1069,2024-07-01,1200.0,10,Growth,active
CUST-1071,2024-07-01,53250.0,213,Scale,active
CUST-1073,2024-07-01,4080.0,34,Growth,active
CUST-1074,2024-07-01,21000.0,84,Scale,active
CUST-1075,2024-07-01,4000.0,16,Scale,active
CUST-1076,2024-07-01,2400.0,20,Growth,active
CUST-1077,2024-07-01,700.0,14,Starter,active
CUST-1078,2024-07-01,150.0,3,Starter,active
CUST-1079,2024-07-01,9480.0,79,Growth,active
CUST-1082,2024-07-01,47520.0,396,Growth,active
CUST-1083,2024-07-01,1850.0,37,Starter,active
CUST-1084,2024-07-01,900.0,18,Starter,active
CUST-1085,2024-07-01,5640.0,47,Growth,active
CUST-1086,2024-07-01,750.0,15,Starter,active
CUST-1087,2024-07-01,500.0,10,Starter,active
CUST-1088,2024-07-01,700.0,14,Starter,active
CUST-1090,2024-07-01,6840.0,57,Growth,active
CUST-1091,2024-07-01,500.0,10,Starter,active
CUST-1092,2024-07-01,10080.0,84,Growth,active
CUST-1095,2024-07-01,6360.0,53,Growth,active
CUST-1096,2024-07-01,200.0,4,Starter,active
CUST-1097,2024-07-01,4080.0,34,Growth,active
CUST-1099,2024-07-01,4560.0,38,Growth,active
CUST-1100,2024-07-01,200.0,4,Starter,active
CUST-1101,2024-07-01,300.0,6,Starter,active
CUST-1102,2024-07-01,300.0,6,Starter,active
CUST-1103,2024-07-01,500.0,10,Starter,active
CUST-1104,2024-07-01,450.0,9,Starter,active
CUST-1106,2024-07-01,7200.0,60,Growth,active
CUST-1107,2024-07-01,400.0,8,Starter,active
CUST-1108,2024-07-01,250.0,5,Starter,active
CUST-1109,2024-07-01,1080.0,9,Growth,active
CUST-1110,2024-07-01,1440.0,12,Growth,active
CUST-1111,2024-07-01,2650.0,53,Starter,active
CUST-1112,2024-07-01,2750.0,11,Scale,active
CUST-1113,2024-07-01,1850.0,37,Starter,active
CUST-1114,2024-07-01,83250.0,333,Scale,active
CUST-1115,2024-07-01,720.0,6,Growth,active
CUST-1116,2024-07-01,150.0,3,Starter,active
CUST-1117,2024-07-01,4560.0,38,Growth,active
CUST-1118,2024-07-01,300.0,6,Starter,active
CUST-1119,2024-07-01,1200.0,10,Growth,active
CUST-1120,2024-07-01,700.0,14,Starter,active
CUST-1122,2024-07-01,8520.0,71,Growth,active
CUST-1124,2024-07-01,700.0,14,Starter,active
CUST-1125,2024-07-01,700.0,14,Starter,active
CUST-1126,2024-07-01,8760.0,73,Growth,active
CUST-1127,2024-07-01,600.0,12,Starter,active
CUST-1129,2024-07-01,1200.0,10,Growth,active
CUST-1130,2024-07-01,57500.0,230,Scale,active
CUST-1132,2024-07-01,1200.0,10,Growth,active
CUST-1133,2024-07-01,300.0,6,Starter,active
CUST-1135,2024-07-01,250.0,5,Starter,active
CUST-1136,2024-07-01,750.0,15,Starter,active
CUST-1137,2024-07-01,3360.0,28,Growth,active
CUST-1138,2024-07-01,500.0,10,Starter,active
CUST-1140,2024-07-01,700.0,14,Starter,active
CUST-1141,2024-07-01,550.0,11,Starter,active
CUST-1142,2024-07-01,1680.0,14,Growth,active
CUST-1144,2024-07-01,650.0,13,Starter,active
CUST-1145,2024-07-01,700.0,14,Starter,active
CUST-1146,2024-07-01,3000.0,25,Growth,active
CUST-1147,2024-07-01,650.0,13,Starter,active
CUST-1148,2024-07-01,18400.0,368,Starter,active
CUST-1150,2024-07-01,300.0,6,Starter,active
CUST-1151,2024-07-01,700.0,14,Starter,active
CUST-1152,2024-07-01,500.0,10,Starter,active
CUST-1153,2024-07-01,8520.0,71,Growth,active
CUST-1154,2024-07-01,850.0,17,Starter,active
CUST-1155,2024-07-01,720.0,6,Growth,active
CUST-1156,2024-07-01,8040.0,67,Growth,active
CUST-1158,2024-07-01,1200.0,10,Growth,active
CUST-1160,2024-07-01,6960.0,58,Growth,active
CUST-1161,2024-07-01,1080.0,9,Growth,active
CUST-1162,2024-07-01,350.0,7,Starter,active
CUST-1163,2024-07-01,32040.0,267,Growth,active
CUST-1165,2024-07-01,720.0,6,Growth,active
CUST-1166,2024-07-01,480.0,4,Growth,active
CUST-1167,2024-07-01,66500.0,266,Scale,active
CUST-1168,2024-07-01,720.0,6,Growth,active
CUST-1169,2024-07-01,200.0,4,Starter,active
CUST-1170,2024-07-01,750.0,15,Starter,active
CUST-1171,2024-07-01,300.0,6,Starter,active
CUST-1172,2024-07-01,3720.0,31,Growth,active
CUST-1173,2024-07-01,16500.0,66,Scale,active
CUST-1174,2024-07-01,720.0,6,Growth,active
CUST-1175,2024-07-01,400.0,8,Starter,active
CUST-1176,2024-07-01,200.0,4,Starter,active
CUST-1177,2024-07-01,900.0,18,Starter,active
CUST-1178,2024-07-01,800.0,16,Starter,active
CUST-1179,2024-07-01,2640.0,22,Growth,active
CUST-1180,2024-07-01,1200.0,24,Starter,active
CUST-1181,2024-07-01,1560.0,13,Growth,active
CUST-1182,2024-07-01,2000.0,8,Scale,active
CUST-1184,2024-07-01,700.0,14,Starter,active
CUST-1186,2024-07-01,1440.0,12,Growth,active
CUST-1187,2024-07-01,450.0,9,Starter,active
CUST-1188,2024-07-01,1440.0,12,Growth,active
CUST-1189,2024-07-01,700.0,14,Starter,active
CUST-1191,2024-07-01,2160.0,18,Growth,active
CUST-1192,2024-07-01,550.0,11,Starter,active
CUST-1194,2024-07-01,500.0,10,Starter,active
CUST-1195,2024-07-01,600.0,12,Starter,active
CUST-1196,2024-07-01,5640.0,47,Growth,active
CUST-1198,2024-07-01,87250.0,349,Scale,active
CUST-1199,2024-07-01,550.0,11,Starter,active
CUST-1200,2024-07-01,1200.0,10,Growth,active
CUST-1201,2024-07-01,480.0,4,Growth,active
CUST-1202,2024-07-01,3250.0,13,Scale,active
CUST-1203,2024-07-01,720.0,6,Growth,active
CUST-1205,2024-07-01,5400.0,45,Growth,active
CUST-1206,2024-07-01,2750.0,11,Scale,active
CUST-1207,2024-07-01,3960.0,33,Growth,active
CUST-1208,2024-07-01,360.0,3,Growth,active
CUST-1209,2024-07-01,1200.0,10,Growth,active
CUST-1210,2024-07-01,700.0,14,Starter,active
CUST-1211,2024-07-01,200.0,4,Starter,active
CUST-1212,2024-07-01,150.0,3,Starter,active
CUST-1213,2024-07-01,2040.0,17,Growth,active
CUST-1214,2024-07-01,450.0,9,Starter,active
CUST-1215,2024-07-01,550.0,11,Starter,active
CUST-1216,2024-07-01,480.0,4,Growth,active
CUST-1217,2024-07-01,700.0,14,Starter,active
CUST-1218,2024-07-01,8880.0,74,Growth,active
CUST-1219,2024-07-01,4560.0,38,Growth,active
CUST-1220,2024-07-01,150.0,3,Starter,active
CUST-1222,2024-07-01,450.0,9,Starter,active
CUST-1223,2024-07-01,650.0,13,Starter,active
CUST-1224,2024-07-01,450.0,9,Starter,active
CUST-1226,2024-07-01,960.0,8,Growth,active
CUST-1227,2024-07-01,650.0,13,Starter,active
CUST-1230,2024-07-01,750.0,15,Starter,active
CUST-1231,2024-07-01,8500.0,34,Scale,active
CUST-1232,2024-07-01,750.0,15,Starter,active
CUST-1233,2024-07-01,240.0,2,Growth,active
CUST-1234,2024-07-01,960.0,8,Growth,active
CUST-1235,2024-07-01,300.0,6,Starter,active
CUST-1236,2024-07-01,550.0,11,Starter,active
CUST-1237,2024-07-01,7440.0,62,Growth,active
CUST-1238,2024-07-01,3600.0,30,Growth,active
CUST-1239,2024-07-01,17750.0,71,Scale,active
CUST-1240,2024-07-01,150.0,3,Starter,active
CUST-1242,2024-07-01,700.0,14,Starter,active
CUST-1243,2024-07-01,360.0,3,Growth,active
CUST-1244,2024-07-01,250.0,5,Starter,active
CUST-1245,2024-07-01,4500.0,18,Scale,active
CUST-1246,2024-07-01,840.0,7,Growth,active
CUST-1247,2024-07-01,750.0,15,Starter,active
CUST-1248,2024-07-01,600.0,12,Starter,active
CUST-1249,2024-07-01,400.0,8,Starter,active
CUST-1250,2024-07-01,350.0,7,Starter,active
CUST-1251,2024-07-01,1680.0,14,Growth,active
CUST-1252,2024-07-01,2000.0,8,Scale,active
CUST-1253,2024-07-01,9500.0,38,Scale,active
CUST-1255,2024-07-01,7560.0,63,Growth,active
CUST-1256,2024-07-01,750.0,15,Starter,active
CUST-1258,2024-07-01,600.0,12,Starter,active
CUST-1259,2024-07-01,55750.0,223,Scale,active
CUST-1260,2024-07-01,350.0,7,Starter,active
CUST-1261,2024-07-01,1700.0,34,Starter,active
CUST-1262,2024-07-01,1800.0,15,Growth,active
CUST-1263,2024-07-01,200.0,4,Starter,active
CUST-1264,2024-07-01,700.0,14,Starter,active
CUST-1265,2024-07-01,2520.0,21,Growth,active
CUST-1266,2024-07-01,4920.0,41,Growth,active
CUST-1267,2024-07-01,250.0,5,Starter,active
CUST-1268,2024-07-01,600.0,12,Starter,active
CUST-1269,2024-07-01,300.0,6,Starter,active
CUST-1270,2024-07-01,450.0,9,Starter,active
CUST-1272,2024-07-01,2160.0,18,Growth,active
CUST-1273,2024-07-01,4920.0,41,Growth,active
CUST-1274,2024-07-01,1800.0,15,Growth,active
CUST-1275,2024-07-01,840.0,7,Growth,active
CUST-1276,2024-07-01,6360.0,53,Growth,active
CUST-1277,2024-07-01,350.0,7,Starter,active
CUST-1278,2024-07-01,7320.0,61,Growth,active
CUST-1280,2024-07-01,360.0,3,Growth,active
CUST-1281,2024-07-01,3480.0,29,Growth,active
CUST-1282,2024-07-01,400.0,8,Starter,active
CUST-1283,2024-07-01,700.0,14,Starter,active
CUST-1284,2024-07-01,1800.0,15,Growth,active
CUST-1286,2024-07-01,200.0,4,Starter,active
CUST-1287,2024-07-01,3240.0,27,Growth,active
CUST-1288,2024-07-01,9000.0,75,Growth,active
CUST-1289,2024-07-01,750.0,15,Starter,active
CUST-1290,2024-07-01,600.0,5,Growth,active
CUST-1291,2024-07-01,250.0,5,Starter,active
CUST-1292,2024-07-01,1680.0,14,Growth,active
CUST-1293,2024-07-01,110000.0,440,Scale,active
CUST-1294,2024-07-01,7440.0,62,Growth,active
CUST-1295,2024-07-01,250.0,5,Starter,active
CUST-1296,2024-07-01,1560.0,13,Growth,active
CUST-1297,2024-07-01,600.0,12,Starter,active
CUST-1298,2024-07-01,75000.0,300,Scale,active
CUST-1299,2024-07-01,2000.0,40,Starter,active
CUST-1300,2024-07-01,600.0,5,Growth,active
CUST-1301,2024-07-01,300.0,6,Starter,active
CUST-1302,2024-07-01,400.0,8,Starter,active
CUST-1303,2024-07-01,400.0,8,Starter,active
CUST-1304,2024-07-01,1680.0,14,Growth,active
CUST-1305,2024-07-01,2880.0,24,Growth,active
CUST-1306,2024-07-01,4920.0,41,Growth,active
CUST-1307,2024-07-01,350.0,7,Starter,active
CUST-1308,2024-07-01,1200.0,10,Growth,active
CUST-1309,2024-07-01,350.0,7,Starter,active
CUST-1310,2024-07-01,7080.0,59,Growth,active
CUST-1311,2024-07-01,68750.0,275,Scale,active
CUST-1312,2024-07-01,1560.0,13,Growth,active
CUST-1313,2024-07-01,900.0,18,Starter,active
CUST-1314,2024-07-01,3360.0,28,Growth,active
CUST-1315,2024-07-01,4800.0,40,Growth,active
CUST-1316,2024-07-01,1440.0,12,Growth,active
CUST-1317,2024-07-01,650.0,13,Starter,active
CUST-1318,2024-07-01,8760.0,73,Growth,active
CUST-1319,2024-07-01,150.0,3,Starter,active
CUST-1320,2024-07-01,840.0,7,Growth,active
CUST-1321,2024-07-01,200.0,4,Starter,active
CUST-1322,2024-07-01,11760.0,98,Growth,active
CUST-1323,2024-07-01,8250.0,33,Scale,active
CUST-1324,2024-07-01,600.0,12,Starter,active
CUST-1325,2024-07-01,650.0,13,Starter,active
CUST-1326,2024-07-01,6720.0,56,Growth,active
CUST-1327,2024-07-01,750.0,15,Starter,active
CUST-1328,2024-07-01,500.0,10,Starter,active
CUST-1329,2024-07-01,600.0,12,Starter,active
CUST-1330,2024-07-01,480.0,4,Growth,active
CUST-1331,2024-07-01,500.0,10,Starter,active
CUST-1332,2024-07-01,750.0,15,Starter,active
CUST-1333,2024-07-01,840.0,7,Growth,active
CUST-1334,2024-07-01,750.0,15,Starter,active
CUST-1335,2024-07-01,1440.0,12,Growth,active
CUST-1336,2024-07-01,2880.0,24,Growth,active
CUST-1337,2024-07-01,300.0,6,Starter,active
CUST-1338,2024-07-01,7320.0,61,Growth,active
CUST-1339,2024-07-01,750.0,3,Scale,active
CUST-1340,2024-07-01,6360.0,53,Growth,active
CUST-1341,2024-07-01,2000.0,8,Scale,active
CUST-1342,2024-07-01,650.0,13,Starter,active
CUST-1343,2024-07-01,1560.0,13,Growth,active
CUST-1344,2024-07-01,200.0,4,Starter,active
CUST-1345,2024-07-01,200.0,4,Starter,active
CUST-1346,2024-07-01,300.0,6,Starter,active
CUST-1347,2024-07-01,550.0,11,Starter,active
CUST-1348,2024-07-01,3150.0,63,Starter,active
CUST-1349,2024-07-01,200.0,4,Starter,active
CUST-1350,2024-07-01,750.0,15,Starter,active
CUST-1351,2024-07-01,840.0,7,Growth,active
CUST-1352,2024-07-01,1320.0,11,Growth,active
CUST-1353,2024-07-01,250.0,5,Starter,active
CUST-1354,2024-07-01,960.0,8,Growth,active
CUST-1355,2024-07-01,11500.0,46,Scale,active
CUST-1356,2024-07-01,80750.0,323,Scale,active
CUST-1357,2024-07-01,5280.0,44,Growth,active
CUST-1358,2024-07-01,2880.0,24,Growth,active
CUST-1359,2024-07-01,480.0,4,Growth,active
CUST-1360,2024-07-01,600.0,5,Growth,active
CUST-1361,2024-07-01,15500.0,62,Scale,active
CUST-1362,2024-07-01,3750.0,15,Scale,active
CUST-1363,2024-07-01,400.0,8,Starter,active
CUST-1364,2024-07-01,300.0,6,Starter,active
CUST-1365,2024-07-01,22800.0,190,Growth,active
CUST-1366,2024-07-01,200.0,4,Starter,active
CUST-1367,2024-07-01,300.0,6,Starter,active
CUST-1368,2024-07-01,500.0,10,Starter,active
CUST-1369,2024-07-01,360.0,3,Growth,active
CUST-1370,2024-07-01,500.0,10,Starter,active
CUST-1371,2024-07-01,3700.0,74,Starter,active
CUST-1372,2024-07-01,8000.0,32,Scale,active
CUST-1373,2024-07-01,650.0,13,Starter,active
CUST-1374,2024-07-01,150.0,3,Starter,active
CUST-1375,2024-07-01,600.0,12,Starter,active
CUST-1376,2024-07-01,1080.0,9,Growth,active
CUST-1377,2024-07-01,600.0,5,Growth,active
CUST-1378,2024-07-01,1680.0,14,Growth,active
CUST-1379,2024-07-01,600.0,12,Starter,active
CUST-1380,2024-07-01,550.0,11,Starter,active
CUST-1381,2024-07-01,3720.0,31,Growth,active
CUST-1382,2024-07-01,350.0,7,Starter,active
CUST-1383,2024-07-01,600.0,5,Growth,active
CUST-1384,2024-07-01,600.0,12,Starter,active
CUST-1385,2024-07-01,150.0,3,Starter,active
CUST-1386,2024-07-01,150.0,3,Starter,active
CUST-1387,2024-07-01,750.0,15,Starter,active
CUST-1388,2024-07-01,480.0,4,Growth,active
CUST-1389,2024-07-01,150.0,3,Starter,active
CUST-1390,2024-07-01,1560.0,13,Growth,active
CUST-1391,2024-07-01,2000.0,8,Scale,active
CUST-1392,2024-07-01,1320.0,11,Growth,active
CUST-1393,2024-07-01,700.0,14,Starter,active
CUST-1394,2024-07-01,720.0,6,Growth,active
CUST-1395,2024-07-01,150.0,3,Starter,active
CUST-1396,2024-07-01,450.0,9,Starter,active
CUST-1397,2024-07-01,5400.0,45,Growth,active
CUST-1398,2024-07-01,480.0,4,Growth,active
CUST-1001,2024-08-01,4250.0,17,Scale,active
CUST-1002,2024-08-01,3700.0,74,Starter,active
CUST-1003,2024-08-01,6120.0,51,Growth,active
CUST-1004,2024-08-01,550.0,11,Starter,active
CUST-1005,2024-08-01,97000.0,388,Scale,active
CUST-1007,2024-08-01,500.0,10,Starter,active
CUST-1009,2024-08-01,8280.0,69,Growth,active
CUST-1010,2024-08-01,600.0,5,Growth,active
CUST-1013,2024-08-01,400.0,8,Starter,active
CUST-1014,2024-08-01,2450.0,49,Starter,active
CUST-1015,2024-08-01,2160.0,18,Growth,active
CUST-1016,2024-08-01,700.0,14,Starter,active
CUST-1017,2024-08-01,500.0,10,Starter,active
CUST-1018,2024-08-01,350.0,7,Starter,active
CUST-1019,2024-08-01,82250.0,329,Scale,active
CUST-1021,2024-08-01,650.0,13,Starter,active
CUST-1022,2024-08-01,8040.0,67,Growth,active
CUST-1024,2024-08-01,450.0,9,Starter,active
CUST-1025,2024-08-01,300.0,6,Starter,active
CUST-1026,2024-08-01,5280.0,44,Growth,active
CUST-1027,2024-08-01,750.0,15,Starter,active
CUST-1028,2024-08-01,960.0,8,Growth,active
CUST-1029,2024-08-01,250.0,5,Starter,active
CUST-1030,2024-08-01,600.0,12,Starter,active
CUST-1032,2024-08-01,720.0,6,Growth,active
CUST-1033,2024-08-01,480.0,4,Growth,active
CUST-1036,2024-08-01,1100.0,22,Starter,active
CUST-1037,2024-08-01,840.0,7,Growth,active
CUST-1039,2024-08-01,350.0,7,Starter,active
CUST-1040,2024-08-01,3150.0,63,Starter,active
CUST-1041,2024-08-01,350.0,7,Starter,active
CUST-1042,2024-08-01,1100.0,22,Starter,active
CUST-1043,2024-08-01,300.0,6,Starter,active
CUST-1044,2024-08-01,2950.0,59,Starter,active
CUST-1045,2024-08-01,750.0,15,Starter,active
CUST-1046,2024-08-01,450.0,9,Starter,active
CUST-1048,2024-08-01,360.0,3,Growth,active
CUST-1049,2024-08-01,6000.0,50,Growth,active
CUST-1050,2024-08-01,200.0,4,Starter,active
CUST-1051,2024-08-01,600.0,12,Starter,active
CUST-1052,2024-08-01,300.0,6,Starter,active
CUST-1054,2024-08-01,2160.0,18,Growth,active
CUST-1056,2024-08-01,500.0,10,Starter,active
CUST-1057,2024-08-01,300.0,6,Starter,active
CUST-1059,2024-08-01,6120.0,51,Growth,active
CUST-1060,2024-08-01,700.0,14,Starter,active
CUST-1061,2024-08-01,5400.0,45,Growth,active
CUST-1063,2024-08-01,59250.0,237,Scale,active
CUST-1064,2024-08-01,750.0,15,Starter,active
CUST-1065,2024-08-01,500.0,10,Starter,active
CUST-1066,2024-08-01,1560.0,13,Growth,active
CUST-1067,2024-08-01,750.0,15,Starter,active
CUST-1068,2024-08-01,5160.0,43,Growth,active
CUST-1069,2024-08-01,1200.0,10,Growth,active
CUST-1071,2024-08-01,53250.0,213,Scale,active
CUST-1073,2024-08-01,4080.0,34,Growth,active
CUST-1074,2024-08-01,21000.0,84,Scale,active
CUST-1075,2024-08-01,4000.0,16,Scale,active
CUST-1076,2024-08-01,2400.0,20,Growth,active
CUST-1077,2024-08-01,700.0,14,Starter,active
CUST-1078,2024-08-01,150.0,3,Starter,active
CUST-1079,2024-08-01,9480.0,79,Growth,active
CUST-1082,2024-08-01,47520.0,396,Growth,active
CUST-1083,2024-08-01,1850.0,37,Starter,active
CUST-1084,2024-08-01,900.0,18,Starter,active
CUST-1085,2024-08-01,5640.0,47,Growth,active
CUST-1086,2024-08-01,750.0,15,Starter,active
CUST-1087,2024-08-01,500.0,10,Starter,active
CUST-1088,2024-08-01,700.0,14,Starter,active
CUST-1090,2024-08-01,6840.0,57,Growth,active
CUST-1091,2024-08-01,500.0,10,Starter,active
CUST-1092,2024-08-01,10080.0,84,Growth,active
CUST-1095,2024-08-01,6360.0,53,Growth,active
CUST-1096,2024-08-01,200.0,4,Starter,active
CUST-1097,2024-08-01,4080.0,34,Growth,active
CUST-1099,2024-08-01,4560.0,38,Growth,active
CUST-1100,2024-08-01,200.0,4,Starter,active
CUST-1101,2024-08-01,300.0,6,Starter,active
CUST-1102,2024-08-01,300.0,6,Starter,active
CUST-1103,2024-08-01,500.0,10,Starter,active
CUST-1104,2024-08-01,450.0,9,Starter,active
CUST-1106,2024-08-01,7200.0,60,Growth,active
CUST-1107,2024-08-01,400.0,8,Starter,active
CUST-1108,2024-08-01,250.0,5,Starter,active
CUST-1109,2024-08-01,1080.0,9,Growth,active
CUST-1110,2024-08-01,1320.0,11,Growth,active
CUST-1111,2024-08-01,2650.0,53,Starter,active
CUST-1112,2024-08-01,2750.0,11,Scale,active
CUST-1113,2024-08-01,1850.0,37,Starter,active
CUST-1114,2024-08-01,83250.0,333,Scale,active
CUST-1115,2024-08-01,720.0,6,Growth,active
CUST-1116,2024-08-01,150.0,3,Starter,active
CUST-1117,2024-08-01,4560.0,38,Growth,active
CUST-1118,2024-08-01,300.0,6,Starter,active
CUST-1119,2024-08-01,1200.0,10,Growth,active
CUST-1120,2024-08-01,700.0,14,Starter,active
CUST-1122,2024-08-01,8520.0,71,Growth,active
CUST-1124,2024-08-01,700.0,14,Starter,active
CUST-1125,2024-08-01,700.0,14,Starter,active
CUST-1126,2024-08-01,8760.0,73,Growth,active
CUST-1127,2024-08-01,600.0,12,Starter,active
CUST-1129,2024-08-01,1200.0,10,Growth,active
CUST-1130,2024-08-01,71750.0,287,Scale,active
CUST-1132,2024-08-01,1200.0,10,Growth,active
CUST-1133,2024-08-01,300.0,6,Starter,active
CUST-1135,2024-08-01,300.0,6,Starter,active
CUST-1136,2024-08-01,750.0,15,Starter,active
CUST-1137,2024-08-01,3360.0,28,Growth,active
CUST-1138,2024-08-01,500.0,10,Starter,active
CUST-1140,2024-08-01,700.0,14,Starter,active
CUST-1141,2024-08-01,550.0,11,Starter,active
CUST-1142,2024-08-01,1680.0,14,Growth,active
CUST-1144,2024-08-01,650.0,13,Starter,active
CUST-1145,2024-08-01,700.0,14,Starter,active
CUST-1146,2024-08-01,3240.0,27,Growth,active
CUST-1147,2024-08-01,650.0,13,Starter,active
CUST-1148,2024-08-01,18400.0,368,Starter,active
CUST-1150,2024-08-01,300.0,6,Starter,active
CUST-1151,2024-08-01,700.0,14,Starter,active
CUST-1152,2024-08-01,500.0,10,Starter,active
CUST-1153,2024-08-01,8520.0,71,Growth,active
CUST-1154,2024-08-01,850.0,17,Starter,active
CUST-1155,2024-08-01,720.0,6,Growth,active
CUST-1156,2024-08-01,8040.0,67,Growth,active
CUST-1158,2024-08-01,1200.0,10,Growth,active
CUST-1160,2024-08-01,6960.0,58,Growth,active
CUST-1161,2024-08-01,1080.0,9,Growth,active
CUST-1162,2024-08-01,350.0,7,Starter,active
CUST-1163,2024-08-01,32040.0,267,Growth,active
CUST-1165,2024-08-01,720.0,6,Growth,active
CUST-1166,2024-08-01,480.0,4,Growth,active
CUST-1167,2024-08-01,66500.0,266,Scale,active
CUST-1168,2024-08-01,720.0,6,Growth,active
CUST-1169,2024-08-01,200.0,4,Starter,active
CUST-1170,2024-08-01,750.0,15,Starter,active
CUST-1171,2024-08-01,300.0,6,Starter,active
CUST-1172,2024-08-01,3720.0,31,Growth,active
CUST-1173,2024-08-01,16500.0,66,Scale,active
CUST-1174,2024-08-01,720.0,6,Growth,active
CUST-1175,2024-08-01,400.0,8,Starter,active
CUST-1177,2024-08-01,900.0,18,Starter,active
CUST-1178,2024-08-01,800.0,16,Starter,active
CUST-1179,2024-08-01,2640.0,22,Growth,active
CUST-1180,2024-08-01,1200.0,24,Starter,active
CUST-1181,2024-08-01,1560.0,13,Growth,active
CUST-1182,2024-08-01,2000.0,8,Scale,active
CUST-1184,2024-08-01,700.0,14,Starter,active
CUST-1186,2024-08-01,1440.0,12,Growth,active
CUST-1187,2024-08-01,450.0,9,Starter,active
CUST-1188,2024-08-01,1440.0,12,Growth,active
CUST-1189,2024-08-01,750.0,15,Starter,active
CUST-1191,2024-08-01,2160.0,18,Growth,active
CUST-1192,2024-08-01,550.0,11,Starter,active
CUST-1194,2024-08-01,500.0,10,Starter,active
CUST-1195,2024-08-01,600.0,12,Starter,active
CUST-1196,2024-08-01,5640.0,47,Growth,active
CUST-1198,2024-08-01,87250.0,349,Scale,active
CUST-1199,2024-08-01,550.0,11,Starter,active
CUST-1200,2024-08-01,1200.0,10,Growth,active
CUST-1201,2024-08-01,480.0,4,Growth,active
CUST-1202,2024-08-01,3250.0,13,Scale,active
CUST-1203,2024-08-01,720.0,6,Growth,active
CUST-1205,2024-08-01,6360.0,53,Growth,active
CUST-1206,2024-08-01,2750.0,11,Scale,active
CUST-1207,2024-08-01,3960.0,33,Growth,active
CUST-1208,2024-08-01,360.0,3,Growth,active
CUST-1209,2024-08-01,1200.0,10,Growth,active
CUST-1210,2024-08-01,700.0,14,Starter,active
CUST-1211,2024-08-01,250.0,5,Starter,active
CUST-1212,2024-08-01,150.0,3,Starter,active
CUST-1213,2024-08-01,2040.0,17,Growth,active
CUST-1214,2024-08-01,450.0,9,Starter,active
CUST-1215,2024-08-01,550.0,11,Starter,active
CUST-1216,2024-08-01,480.0,4,Growth,active
CUST-1217,2024-08-01,700.0,14,Starter,active
CUST-1218,2024-08-01,8880.0,74,Growth,active
CUST-1219,2024-08-01,4560.0,38,Growth,active
CUST-1220,2024-08-01,150.0,3,Starter,active
CUST-1222,2024-08-01,450.0,9,Starter,active
CUST-1223,2024-08-01,650.0,13,Starter,active
CUST-1224,2024-08-01,450.0,9,Starter,active
CUST-1226,2024-08-01,960.0,8,Growth,active
CUST-1227,2024-08-01,650.0,13,Starter,active
CUST-1230,2024-08-01,750.0,15,Starter,active
CUST-1231,2024-08-01,8500.0,34,Scale,active
CUST-1232,2024-08-01,750.0,15,Starter,active
CUST-1233,2024-08-01,240.0,2,Growth,active
CUST-1234,2024-08-01,960.0,8,Growth,active
CUST-1235,2024-08-01,300.0,6,Starter,active
CUST-1236,2024-08-01,550.0,11,Starter,active
CUST-1237,2024-08-01,7440.0,62,Growth,active
CUST-1238,2024-08-01,3600.0,30,Growth,active
CUST-1239,2024-08-01,17750.0,71,Scale,active
CUST-1240,2024-08-01,150.0,3,Starter,active
CUST-1242,2024-08-01,700.0,14,Starter,active
CUST-1243,2024-08-01,360.0,3,Growth,active
CUST-1244,2024-08-01,250.0,5,Starter,active
CUST-1245,2024-08-01,4500.0,18,Scale,active
CUST-1246,2024-08-01,840.0,7,Growth,active
CUST-1247,2024-08-01,750.0,15,Starter,active
CUST-1248,2024-08-01,600.0,12,Starter,active
CUST-1249,2024-08-01,400.0,8,Starter,active
CUST-1250,2024-08-01,350.0,7,Starter,active
CUST-1251,2024-08-01,1680.0,14,Growth,active
CUST-1252,2024-08-01,2000.0,8,Scale,active
CUST-1253,2024-08-01,9500.0,38,Scale,active
CUST-1255,2024-08-01,7560.0,63,Growth,active
CUST-1256,2024-08-01,750.0,15,Starter,active
CUST-1258,2024-08-01,600.0,12,Starter,active
CUST-1259,2024-08-01,55750.0,223,Scale,active
CUST-1260,2024-08-01,350.0,7,Starter,active
CUST-1261,2024-08-01,1700.0,34,Starter,active
CUST-1262,2024-08-01,1800.0,15,Growth,active
CUST-1263,2024-08-01,200.0,4,Starter,active
CUST-1264,2024-08-01,700.0,14,Starter,active
CUST-1265,2024-08-01,2520.0,21,Growth,active
CUST-1266,2024-08-01,5160.0,43,Growth,active
CUST-1267,2024-08-01,250.0,5,Starter,active
CUST-1268,2024-08-01,600.0,12,Starter,active
CUST-1269,2024-08-01,300.0,6,Starter,active
CUST-1270,2024-08-01,450.0,9,Starter,active
CUST-1272,2024-08-01,2160.0,18,Growth,active
CUST-1273,2024-08-01,4920.0,41,Growth,active
CUST-1274,2024-08-01,1800.0,15,Growth,active
CUST-1275,2024-08-01,840.0,7,Growth,active
CUST-1276,2024-08-01,6360.0,53,Growth,active
CUST-1277,2024-08-01,350.0,7,Starter,active
CUST-1278,2024-08-01,7320.0,61,Growth,active
CUST-1280,2024-08-01,360.0,3,Growth,active
CUST-1281,2024-08-01,3480.0,29,Growth,active
CUST-1282,2024-08-01,400.0,8,Starter,active
CUST-1283,2024-08-01,700.0,14,Starter,active
CUST-1284,2024-08-01,1800.0,15,Growth,active
CUST-1286,2024-08-01,200.0,4,Starter,active
CUST-1287,2024-08-01,3240.0,27,Growth,active
CUST-1288,2024-08-01,9000.0,75,Growth,active
CUST-1289,2024-08-01,750.0,15,Starter,active
CUST-1290,2024-08-01,600.0,5,Growth,active
CUST-1291,2024-08-01,250.0,5,Starter,active
CUST-1292,2024-08-01,1680.0,14,Growth,active
CUST-1293,2024-08-01,110000.0,440,Scale,active
CUST-1294,2024-08-01,7440.0,62,Growth,active
CUST-1295,2024-08-01,250.0,5,Starter,active
CUST-1296,2024-08-01,1920.0,16,Growth,active
CUST-1297,2024-08-01,600.0,12,Starter,active
CUST-1298,2024-08-01,75000.0,300,Scale,active
CUST-1299,2024-08-01,1700.0,34,Starter,active
CUST-1300,2024-08-01,600.0,5,Growth,active
CUST-1301,2024-08-01,300.0,6,Starter,active
CUST-1302,2024-08-01,400.0,8,Starter,active
CUST-1303,2024-08-01,400.0,8,Starter,active
CUST-1304,2024-08-01,1680.0,14,Growth,active
CUST-1305,2024-08-01,2880.0,24,Growth,active
CUST-1306,2024-08-01,5520.0,46,Growth,active
CUST-1307,2024-08-01,350.0,7,Starter,active
CUST-1308,2024-08-01,1200.0,10,Growth,active
CUST-1309,2024-08-01,350.0,7,Starter,active
CUST-1310,2024-08-01,7080.0,59,Growth,active
CUST-1311,2024-08-01,68750.0,275,Scale,active
CUST-1312,2024-08-01,1560.0,13,Growth,active
CUST-1313,2024-08-01,900.0,18,Starter,active
CUST-1314,2024-08-01,3360.0,28,Growth,active
CUST-1315,2024-08-01,4800.0,40,Growth,active
CUST-1316,2024-08-01,1440.0,12,Growth,active
CUST-1317,2024-08-01,650.0,13,Starter,active
CUST-1318,2024-08-01,8760.0,73,Growth,active
CUST-1319,2024-08-01,150.0,3,Starter,active
CUST-1320,2024-08-01,840.0,7,Growth,active
CUST-1321,2024-08-01,200.0,4,Starter,active
CUST-1322,2024-08-01,11760.0,98,Growth,active
CUST-1323,2024-08-01,8250.0,33,Scale,active
CUST-1324,2024-08-01,600.0,12,Starter,active
CUST-1325,2024-08-01,650.0,13,Starter,active
CUST-1326,2024-08-01,6720.0,56,Growth,active
CUST-1327,2024-08-01,750.0,15,Starter,active
CUST-1328,2024-08-01,500.0,10,Starter,active
CUST-1329,2024-08-01,600.0,12,Starter,active
CUST-1330,2024-08-01,480.0,4,Growth,active
CUST-1331,2024-08-01,500.0,10,Starter,active
CUST-1332,2024-08-01,750.0,15,Starter,active
CUST-1333,2024-08-01,840.0,7,Growth,active
CUST-1334,2024-08-01,750.0,15,Starter,active
CUST-1335,2024-08-01,1440.0,12,Growth,active
CUST-1336,2024-08-01,2880.0,24,Growth,active
CUST-1337,2024-08-01,300.0,6,Starter,active
CUST-1338,2024-08-01,7320.0,61,Growth,active
CUST-1339,2024-08-01,750.0,3,Scale,active
CUST-1340,2024-08-01,6360.0,53,Growth,active
CUST-1341,2024-08-01,2000.0,8,Scale,active
CUST-1342,2024-08-01,650.0,13,Starter,active
CUST-1343,2024-08-01,1560.0,13,Growth,active
CUST-1344,2024-08-01,200.0,4,Starter,active
CUST-1345,2024-08-01,200.0,4,Starter,active
CUST-1346,2024-08-01,300.0,6,Starter,active
CUST-1347,2024-08-01,550.0,11,Starter,active
CUST-1348,2024-08-01,3800.0,76,Starter,active
CUST-1349,2024-08-01,200.0,4,Starter,active
CUST-1350,2024-08-01,750.0,15,Starter,active
CUST-1351,2024-08-01,840.0,7,Growth,active
CUST-1352,2024-08-01,1320.0,11,Growth,active
CUST-1353,2024-08-01,250.0,5,Starter,active
CUST-1354,2024-08-01,960.0,8,Growth,active
CUST-1355,2024-08-01,11500.0,46,Scale,active
CUST-1356,2024-08-01,80750.0,323,Scale,active
CUST-1357,2024-08-01,5280.0,44,Growth,active
CUST-1358,2024-08-01,2880.0,24,Growth,active
CUST-1359,2024-08-01,480.0,4,Growth,active
CUST-1360,2024-08-01,600.0,5,Growth,active
CUST-1361,2024-08-01,15500.0,62,Scale,active
CUST-1362,2024-08-01,3750.0,15,Scale,active
CUST-1363,2024-08-01,400.0,8,Starter,active
CUST-1364,2024-08-01,300.0,6,Starter,active
CUST-1365,2024-08-01,22800.0,190,Growth,active
CUST-1366,2024-08-01,200.0,4,Starter,active
CUST-1367,2024-08-01,350.0,7,Starter,active
CUST-1368,2024-08-01,500.0,10,Starter,active
CUST-1369,2024-08-01,360.0,3,Growth,active
CUST-1370,2024-08-01,500.0,10,Starter,active
CUST-1371,2024-08-01,3700.0,74,Starter,active
CUST-1372,2024-08-01,8000.0,32,Scale,active
CUST-1373,2024-08-01,650.0,13,Starter,active
CUST-1374,2024-08-01,150.0,3,Starter,active
CUST-1375,2024-08-01,600.0,12,Starter,active
CUST-1376,2024-08-01,1080.0,9,Growth,active
CUST-1377,2024-08-01,600.0,5,Growth,active
CUST-1378,2024-08-01,1680.0,14,Growth,active
CUST-1379,2024-08-01,600.0,12,Starter,active
CUST-1380,2024-08-01,550.0,11,Starter,active
CUST-1381,2024-08-01,3720.0,31,Growth,active
CUST-1382,2024-08-01,350.0,7,Starter,active
CUST-1383,2024-08-01,600.0,5,Growth,active
CUST-1384,2024-08-01,600.0,12,Starter,active
CUST-1385,2024-08-01,150.0,3,Starter,active
CUST-1386,2024-08-01,150.0,3,Starter,active
CUST-1387,2024-08-01,750.0,15,Starter,active
CUST-1388,2024-08-01,480.0,4,Growth,active
CUST-1389,2024-08-01,150.0,3,Starter,active
CUST-1390,2024-08-01,1560.0,13,Growth,active
CUST-1391,2024-08-01,2000.0,8,Scale,active
CUST-1392,2024-08-01,1320.0,11,Growth,active
CUST-1393,2024-08-01,600.0,12,Starter,active
CUST-1394,2024-08-01,720.0,6,Growth,active
CUST-1395,2024-08-01,150.0,3,Starter,active
CUST-1396,2024-08-01,450.0,9,Starter,active
CUST-1397,2024-08-01,5400.0,45,Growth,active
CUST-1398,2024-08-01,480.0,4,Growth,active
CUST-1399,2024-08-01,4560.0,38,Growth,active
CUST-1400,2024-08-01,6120.0,51,Growth,active
CUST-1401,2024-08-01,720.0,6,Growth,active
CUST-1402,2024-08-01,2500.0,50,Starter,active
CUST-1403,2024-08-01,650.0,13,Starter,active
CUST-1404,2024-08-01,2520.0,21,Growth,active
CUST-1405,2024-08-01,1680.0,14,Growth,active
CUST-1406,2024-08-01,150.0,3,Starter,active
CUST-1407,2024-08-01,11000.0,44,Scale,active
CUST-1408,2024-08-01,350.0,7,Starter,active
CUST-1409,2024-08-01,300.0,6,Starter,active
CUST-1410,2024-08-01,350.0,7,Starter,active
CUST-1411,2024-08-01,840.0,7,Growth,active
CUST-1412,2024-08-01,36240.0,302,Growth,active
CUST-1413,2024-08-01,7800.0,65,Growth,active
CUST-1414,2024-08-01,13000.0,52,Scale,active
CUST-1415,2024-08-01,450.0,9,Starter,active
CUST-1416,2024-08-01,1750.0,35,Starter,active
CUST-1417,2024-08-01,600.0,5,Growth,active
CUST-1418,2024-08-01,720.0,6,Growth,active
CUST-1419,2024-08-01,3240.0,27,Growth,active
CUST-1420,2024-08-01,400.0,8,Starter,active
CUST-1421,2024-08-01,150.0,3,Starter,active
CUST-1422,2024-08-01,300.0,6,Starter,active
CUST-1423,2024-08-01,300.0,6,Starter,active
CUST-1424,2024-08-01,250.0,5,Starter,active
CUST-1425,2024-08-01,200.0,4,Starter,active
CUST-1426,2024-08-01,350.0,7,Starter,active
CUST-1427,2024-08-01,750.0,15,Starter,active
CUST-1428,2024-08-01,480.0,4,Growth,active
CUST-1429,2024-08-01,150.0,3,Starter,active
CUST-1430,2024-08-01,200.0,4,Starter,active
CUST-1431,2024-08-01,150.0,3,Starter,active
CUST-1432,2024-08-01,450.0,9,Starter,active
CUST-1433,2024-08-01,400.0,8,Starter,active
CUST-1434,2024-08-01,300.0,6,Starter,active
CUST-1435,2024-08-01,700.0,14,Starter,active
CUST-1436,2024-08-01,1750.0,7,Scale,active
CUST-1437,2024-08-01,250.0,5,Starter,active
CUST-1438,2024-08-01,700.0,14,Starter,active
CUST-1001,2024-09-01,4250.0,17,Scale,active
CUST-1002,2024-09-01,3700.0,74,Starter,active
CUST-1003,2024-09-01,6120.0,51,Growth,active
CUST-1004,2024-09-01,550.0,11,Starter,active
CUST-1005,2024-09-01,97000.0,388,Scale,active
CUST-1007,2024-09-01,500.0,10,Starter,active
CUST-1009,2024-09-01,8280.0,69,Growth,active
CUST-1010,2024-09-01,600.0,5,Growth,active
CUST-1013,2024-09-01,400.0,8,Starter,active
CUST-1014,2024-09-01,2450.0,49,Starter,active
CUST-1015,2024-09-01,2160.0,18,Growth,active
CUST-1016,2024-09-01,600.0,12,Starter,active
CUST-1017,2024-09-01,500.0,10,Starter,active
CUST-1018,2024-09-01,350.0,7,Starter,active
CUST-1019,2024-09-01,82250.0,329,Scale,active
CUST-1021,2024-09-01,650.0,13,Starter,active
CUST-1022,2024-09-01,8040.0,67,Growth,active
CUST-1024,2024-09-01,450.0,9,Starter,active
CUST-1025,2024-09-01,300.0,6,Starter,active
CUST-1026,2024-09-01,5280.0,44,Growth,active
CUST-1027,2024-09-01,750.0,15,Starter,active
CUST-1028,2024-09-01,960.0,8,Growth,active
CUST-1029,2024-09-01,250.0,5,Starter,active
CUST-1030,2024-09-01,600.0,12,Starter,active
CUST-1032,2024-09-01,720.0,6,Growth,active
CUST-1033,2024-09-01,480.0,4,Growth,active
CUST-1036,2024-09-01,1100.0,22,Starter,active
CUST-1037,2024-09-01,840.0,7,Growth,active
CUST-1039,2024-09-01,300.0,6,Starter,active
CUST-1040,2024-09-01,3150.0,63,Starter,active
CUST-1041,2024-09-01,350.0,7,Starter,active
CUST-1042,2024-09-01,1100.0,22,Starter,active
CUST-1043,2024-09-01,300.0,6,Starter,active
CUST-1044,2024-09-01,2950.0,59,Starter,active
CUST-1045,2024-09-01,750.0,15,Starter,active
CUST-1046,2024-09-01,450.0,9,Starter,active
CUST-1048,2024-09-01,360.0,3,Growth,active
CUST-1049,2024-09-01,6000.0,50,Growth,active
CUST-1050,2024-09-01,200.0,4,Starter,active
CUST-1051,2024-09-01,600.0,12,Starter,active
CUST-1052,2024-09-01,300.0,6,Starter,active
CUST-1054,2024-09-01,2160.0,18,Growth,active
CUST-1056,2024-09-01,500.0,10,Starter,active
CUST-1057,2024-09-01,300.0,6,Starter,active
CUST-1059,2024-09-01,6120.0,51,Growth,active
CUST-1060,2024-09-01,700.0,14,Starter,active
CUST-1061,2024-09-01,5400.0,45,Growth,active
CUST-1063,2024-09-01,59250.0,237,Scale,active
CUST-1064,2024-09-01,750.0,15,Starter,active
CUST-1065,2024-09-01,500.0,10,Starter,active
CUST-1066,2024-09-01,1560.0,13,Growth,active
CUST-1067,2024-09-01,750.0,15,Starter,active
CUST-1068,2024-09-01,5160.0,43,Growth,active
CUST-1069,2024-09-01,1200.0,10,Growth,active
CUST-1071,2024-09-01,53250.0,213,Scale,active
CUST-1073,2024-09-01,4080.0,34,Growth,active
CUST-1074,2024-09-01,21000.0,84,Scale,active
CUST-1075,2024-09-01,4000.0,16,Scale,active
CUST-1076,2024-09-01,2400.0,20,Growth,active
CUST-1077,2024-09-01,700.0,14,Starter,active
CUST-1078,2024-09-01,150.0,3,Starter,active
CUST-1082,2024-09-01,47520.0,396,Growth,active
CUST-1083,2024-09-01,1850.0,37,Starter,active
CUST-1084,2024-09-01,900.0,18,Starter,active
CUST-1085,2024-09-01,5640.0,47,Growth,active
CUST-1086,2024-09-01,750.0,15,Starter,active
CUST-1087,2024-09-01,500.0,10,Starter,active
CUST-1088,2024-09-01,700.0,14,Starter,active
CUST-1090,2024-09-01,6840.0,57,Growth,active
CUST-1091,2024-09-01,500.0,10,Starter,active
CUST-1092,2024-09-01,10080.0,84,Growth,active
CUST-1095,2024-09-01,6360.0,53,Growth,active
CUST-1096,2024-09-01,200.0,4,Starter,active
CUST-1097,2024-09-01,4080.0,34,Growth,active
CUST-1099,2024-09-01,4560.0,38,Growth,active
CUST-1100,2024-09-01,200.0,4,Starter,active
CUST-1101,2024-09-01,300.0,6,Starter,active
CUST-1102,2024-09-01,350.0,7,Starter,active
CUST-1103,2024-09-01,500.0,10,Starter,active
CUST-1104,2024-09-01,450.0,9,Starter,active
CUST-1106,2024-09-01,7200.0,60,Growth,active
CUST-1107,2024-09-01,400.0,8,Starter,active
CUST-1108,2024-09-01,250.0,5,Starter,active
CUST-1109,2024-09-01,1080.0,9,Growth,active
CUST-1110,2024-09-01,1320.0,11,Growth,active
CUST-1111,2024-09-01,2650.0,53,Starter,active
CUST-1112,2024-09-01,2750.0,11,Scale,active
CUST-1113,2024-09-01,1850.0,37,Starter,active
CUST-1114,2024-09-01,83250.0,333,Scale,active
CUST-1115,2024-09-01,720.0,6,Growth,active
CUST-1116,2024-09-01,150.0,3,Starter,active
CUST-1117,2024-09-01,4560.0,38,Growth,active
CUST-1118,2024-09-01,300.0,6,Starter,active
CUST-1119,2024-09-01,1200.0,10,Growth,active
CUST-1120,2024-09-01,700.0,14,Starter,active
CUST-1122,2024-09-01,8520.0,71,Growth,active
CUST-1124,2024-09-01,700.0,14,Starter,active
CUST-1125,2024-09-01,700.0,14,Starter,active
CUST-1126,2024-09-01,8760.0,73,Growth,active
CUST-1127,2024-09-01,600.0,12,Starter,active
CUST-1129,2024-09-01,1200.0,10,Growth,active
CUST-1130,2024-09-01,71750.0,287,Scale,active
CUST-1132,2024-09-01,1200.0,10,Growth,active
CUST-1133,2024-09-01,300.0,6,Starter,active
CUST-1135,2024-09-01,300.0,6,Starter,active
CUST-1136,2024-09-01,750.0,15,Starter,active
CUST-1137,2024-09-01,3360.0,28,Growth,active
CUST-1138,2024-09-01,500.0,10,Starter,active
CUST-1140,2024-09-01,700.0,14,Starter,active
CUST-1141,2024-09-01,550.0,11,Starter,active
CUST-1142,2024-09-01,1680.0,14,Growth,active
CUST-1144,2024-09-01,650.0,13,Starter,active
CUST-1145,2024-09-01,700.0,14,Starter,active
CUST-1146,2024-09-01,3240.0,27,Growth,active
CUST-1147,2024-09-01,650.0,13,Starter,active
CUST-1148,2024-09-01,18400.0,368,Starter,active
CUST-1150,2024-09-01,300.0,6,Starter,active
CUST-1151,2024-09-01,700.0,14,Starter,active
CUST-1152,2024-09-01,500.0,10,Starter,active
CUST-1153,2024-09-01,8520.0,71,Growth,active
CUST-1154,2024-09-01,850.0,17,Starter,active
CUST-1155,2024-09-01,720.0,6,Growth,active
CUST-1156,2024-09-01,8040.0,67,Growth,active
CUST-1158,2024-09-01,1200.0,10,Growth,active
CUST-1160,2024-09-01,6960.0,58,Growth,active
CUST-1161,2024-09-01,1080.0,9,Growth,active
CUST-1162,2024-09-01,350.0,7,Starter,active
CUST-1163,2024-09-01,34320.0,286,Growth,active
CUST-1165,2024-09-01,720.0,6,Growth,active
CUST-1166,2024-09-01,480.0,4,Growth,active
CUST-1167,2024-09-01,66500.0,266,Scale,active
CUST-1168,2024-09-01,720.0,6,Growth,active
CUST-1169,2024-09-01,200.0,4,Starter,active
CUST-1170,2024-09-01,750.0,15,Starter,active
CUST-1171,2024-09-01,300.0,6,Starter,active
CUST-1172,2024-09-01,3720.0,31,Growth,active
CUST-1173,2024-09-01,16500.0,66,Scale,active
CUST-1174,2024-09-01,720.0,6,Growth,active
CUST-1175,2024-09-01,400.0,8,Starter,active
CUST-1177,2024-09-01,900.0,18,Starter,active
CUST-1178,2024-09-01,800.0,16,Starter,active
CUST-1179,2024-09-01,2640.0,22,Growth,active
CUST-1180,2024-09-01,1200.0,24,Starter,active
CUST-1181,2024-09-01,1560.0,13,Growth,active
CUST-1182,2024-09-01,2000.0,8,Scale,active
CUST-1184,2024-09-01,700.0,14,Starter,active
CUST-1186,2024-09-01,1440.0,12,Growth,active
CUST-1187,2024-09-01,450.0,9,Starter,active
CUST-1188,2024-09-01,1440.0,12,Growth,active
CUST-1189,2024-09-01,750.0,15,Starter,active
CUST-1191,2024-09-01,2160.0,18,Growth,active
CUST-1192,2024-09-01,550.0,11,Starter,active
CUST-1194,2024-09-01,600.0,12,Starter,active
CUST-1195,2024-09-01,600.0,12,Starter,active
CUST-1196,2024-09-01,5640.0,47,Growth,active
CUST-1198,2024-09-01,87250.0,349,Scale,active
CUST-1199,2024-09-01,550.0,11,Starter,active
CUST-1200,2024-09-01,1200.0,10,Growth,active
CUST-1201,2024-09-01,480.0,4,Growth,active
CUST-1202,2024-09-01,3250.0,13,Scale,active
CUST-1203,2024-09-01,720.0,6,Growth,active
CUST-1205,2024-09-01,6360.0,53,Growth,active
CUST-1206,2024-09-01,2750.0,11,Scale,active
CUST-1207,2024-09-01,3960.0,33,Growth,active
CUST-1208,2024-09-01,360.0,3,Growth,active
CUST-1209,2024-09-01,1200.0,10,Growth,active
CUST-1210,2024-09-01,700.0,14,Starter,active
CUST-1211,2024-09-01,250.0,5,Starter,active
CUST-1212,2024-09-01,150.0,3,Starter,active
CUST-1213,2024-09-01,2040.0,17,Growth,active
CUST-1214,2024-09-01,450.0,9,Starter,active
CUST-1215,2024-09-01,550.0,11,Starter,active
CUST-1216,2024-09-01,480.0,4,Growth,active
CUST-1217,2024-09-01,700.0,14,Starter,active
CUST-1218,2024-09-01,8880.0,74,Growth,active
CUST-1219,2024-09-01,4560.0,38,Growth,active
CUST-1220,2024-09-01,150.0,3,Starter,active
CUST-1222,2024-09-01,450.0,9,Starter,active
CUST-1223,2024-09-01,650.0,13,Starter,active
CUST-1224,2024-09-01,450.0,9,Starter,active
CUST-1226,2024-09-01,960.0,8,Growth,active
CUST-1227,2024-09-01,650.0,13,Starter,active
CUST-1230,2024-09-01,750.0,15,Starter,active
CUST-1231,2024-09-01,8500.0,34,Scale,active
CUST-1232,2024-09-01,750.0,15,Starter,active
CUST-1233,2024-09-01,240.0,2,Growth,active
CUST-1234,2024-09-01,960.0,8,Growth,active
CUST-1235,2024-09-01,300.0,6,Starter,active
CUST-1236,2024-09-01,550.0,11,Starter,active
CUST-1237,2024-09-01,6480.0,54,Growth,active
CUST-1238,2024-09-01,3600.0,30,Growth,active
CUST-1239,2024-09-01,17750.0,71,Scale,active
CUST-1240,2024-09-01,150.0,3,Starter,active
CUST-1242,2024-09-01,700.0,14,Starter,active
CUST-1243,2024-09-01,360.0,3,Growth,active
CUST-1244,2024-09-01,250.0,5,Starter,active
CUST-1246,2024-09-01,840.0,7,Growth,active
CUST-1247,2024-09-01,750.0,15,Starter,active
CUST-1248,2024-09-01,550.0,11,Starter,active
CUST-1249,2024-09-01,400.0,8,Starter,active
CUST-1250,2024-09-01,350.0,7,Starter,active
CUST-1251,2024-09-01,1680.0,14,Growth,active
CUST-1252,2024-09-01,2000.0,8,Scale,active
CUST-1255,2024-09-01,7560.0,63,Growth,active
CUST-1256,2024-09-01,750.0,15,Starter,active
CUST-1258,2024-09-01,600.0,12,Starter,active
CUST-1259,2024-09-01,55750.0,223,Scale,active
CUST-1260,2024-09-01,350.0,7,Starter,active
CUST-1261,2024-09-01,1700.0,34,Starter,active
CUST-1262,2024-09-01,1800.0,15,Growth,active
CUST-1263,2024-09-01,200.0,4,Starter,active
CUST-1264,2024-09-01,700.0,14,Starter,active
CUST-1265,2024-09-01,2520.0,21,Growth,active
CUST-1266,2024-09-01,5160.0,43,Growth,active
CUST-1267,2024-09-01,250.0,5,Starter,active
CUST-1268,2024-09-01,600.0,12,Starter,active
CUST-1269,2024-09-01,300.0,6,Starter,active
CUST-1270,2024-09-01,450.0,9,Starter,active
CUST-1272,2024-09-01,2160.0,18,Growth,active
CUST-1273,2024-09-01,4920.0,41,Growth,active
CUST-1274,2024-09-01,1800.0,15,Growth,active
CUST-1275,2024-09-01,840.0,7,Growth,active
CUST-1276,2024-09-01,6360.0,53,Growth,active
CUST-1277,2024-09-01,350.0,7,Starter,active
CUST-1278,2024-09-01,7320.0,61,Growth,active
CUST-1280,2024-09-01,360.0,3,Growth,active
CUST-1281,2024-09-01,3480.0,29,Growth,active
CUST-1282,2024-09-01,400.0,8,Starter,active
CUST-1283,2024-09-01,700.0,14,Starter,active
CUST-1284,2024-09-01,1800.0,15,Growth,active
CUST-1286,2024-09-01,200.0,4,Starter,active
CUST-1287,2024-09-01,3240.0,27,Growth,active
CUST-1288,2024-09-01,9000.0,75,Growth,active
CUST-1289,2024-09-01,750.0,15,Starter,active
CUST-1290,2024-09-01,600.0,5,Growth,active
CUST-1291,2024-09-01,250.0,5,Starter,active
CUST-1292,2024-09-01,1680.0,14,Growth,active
CUST-1293,2024-09-01,110000.0,440,Scale,active
CUST-1294,2024-09-01,7440.0,62,Growth,active
CUST-1295,2024-09-01,250.0,5,Starter,active
CUST-1296,2024-09-01,1920.0,16,Growth,active
CUST-1297,2024-09-01,600.0,12,Starter,active
CUST-1298,2024-09-01,75000.0,300,Scale,active
CUST-1299,2024-09-01,1700.0,34,Starter,active
CUST-1300,2024-09-01,600.0,5,Growth,active
CUST-1301,2024-09-01,300.0,6,Starter,active
CUST-1302,2024-09-01,400.0,8,Starter,active
CUST-1303,2024-09-01,400.0,8,Starter,active
CUST-1304,2024-09-01,1680.0,14,Growth,active
CUST-1305,2024-09-01,2880.0,24,Growth,active
CUST-1306,2024-09-01,5520.0,46,Growth,active
CUST-1307,2024-09-01,350.0,7,Starter,active
CUST-1308,2024-09-01,1200.0,10,Growth,active
CUST-1309,2024-09-01,350.0,7,Starter,active
CUST-1310,2024-09-01,7080.0,59,Growth,active
CUST-1311,2024-09-01,68750.0,275,Scale,active
CUST-1312,2024-09-01,1560.0,13,Growth,active
CUST-1313,2024-09-01,900.0,18,Starter,active
CUST-1314,2024-09-01,3360.0,28,Growth,active
CUST-1315,2024-09-01,4800.0,40,Growth,active
CUST-1316,2024-09-01,1440.0,12,Growth,active
CUST-1317,2024-09-01,650.0,13,Starter,active
CUST-1318,2024-09-01,8760.0,73,Growth,active
CUST-1319,2024-09-01,150.0,3,Starter,active
CUST-1320,2024-09-01,840.0,7,Growth,active
CUST-1321,2024-09-01,250.0,5,Starter,active
CUST-1322,2024-09-01,11760.0,98,Growth,active
CUST-1323,2024-09-01,8250.0,33,Scale,active
CUST-1324,2024-09-01,600.0,12,Starter,active
CUST-1325,2024-09-01,650.0,13,Starter,active
CUST-1326,2024-09-01,6720.0,56,Growth,active
CUST-1327,2024-09-01,750.0,15,Starter,active
CUST-1328,2024-09-01,500.0,10,Starter,active
CUST-1329,2024-09-01,700.0,14,Starter,active
CUST-1330,2024-09-01,480.0,4,Growth,active
CUST-1331,2024-09-01,500.0,10,Starter,active
CUST-1332,2024-09-01,750.0,15,Starter,active
CUST-1333,2024-09-01,840.0,7,Growth,active
CUST-1334,2024-09-01,750.0,15,Starter,active
CUST-1335,2024-09-01,1440.0,12,Growth,active
CUST-1336,2024-09-01,2880.0,24,Growth,active
CUST-1337,2024-09-01,300.0,6,Starter,active
CUST-1338,2024-09-01,7320.0,61,Growth,active
CUST-1339,2024-09-01,750.0,3,Scale,active
CUST-1340,2024-09-01,6360.0,53,Growth,active
CUST-1341,2024-09-01,2000.0,8,Scale,active
CUST-1342,2024-09-01,650.0,13,Starter,active
CUST-1343,2024-09-01,1560.0,13,Growth,active
CUST-1344,2024-09-01,200.0,4,Starter,active
CUST-1345,2024-09-01,200.0,4,Starter,active
CUST-1346,2024-09-01,350.0,7,Starter,active
CUST-1348,2024-09-01,3800.0,76,Starter,active
CUST-1349,2024-09-01,200.0,4,Starter,active
CUST-1350,2024-09-01,750.0,15,Starter,active
CUST-1351,2024-09-01,840.0,7,Growth,active
CUST-1352,2024-09-01,1320.0,11,Growth,active
CUST-1353,2024-09-01,250.0,5,Starter,active
CUST-1354,2024-09-01,960.0,8,Growth,active
CUST-1355,2024-09-01,11500.0,46,Scale,active
CUST-1356,2024-09-01,80750.0,323,Scale,active
CUST-1357,2024-09-01,5280.0,44,Growth,active
CUST-1358,2024-09-01,2880.0,24,Growth,active
CUST-1359,2024-09-01,480.0,4,Growth,active
CUST-1361,2024-09-01,15500.0,62,Scale,active
CUST-1362,2024-09-01,3750.0,15,Scale,active
CUST-1363,2024-09-01,400.0,8,Starter,active
CUST-1364,2024-09-01,300.0,6,Starter,active
CUST-1365,2024-09-01,22800.0,190,Growth,active
CUST-1366,2024-09-01,200.0,4,Starter,active
CUST-1367,2024-09-01,350.0,7,Starter,active
CUST-1368,2024-09-01,500.0,10,Starter,active
CUST-1369,2024-09-01,360.0,3,Growth,active
CUST-1371,2024-09-01,3700.0,74,Starter,active
CUST-1372,2024-09-01,8000.0,32,Scale,active
CUST-1373,2024-09-01,650.0,13,Starter,active
CUST-1374,2024-09-01,150.0,3,Starter,active
CUST-1375,2024-09-01,600.0,12,Starter,active
CUST-1376,2024-09-01,1080.0,9,Growth,active
CUST-1377,2024-09-01,600.0,5,Growth,active
CUST-1378,2024-09-01,1680.0,14,Growth,active
CUST-1379,2024-09-01,600.0,12,Starter,active
CUST-1380,2024-09-01,550.0,11,Starter,active
CUST-1381,2024-09-01,3720.0,31,Growth,active
CUST-1382,2024-09-01,350.0,7,Starter,active
CUST-1383,2024-09-01,600.0,5,Growth,active
CUST-1384,2024-09-01,600.0,12,Starter,active
CUST-1386,2024-09-01,150.0,3,Starter,active
CUST-1387,2024-09-01,750.0,15,Starter,active
CUST-1388,2024-09-01,480.0,4,Growth,active
CUST-1389,2024-09-01,150.0,3,Starter,active
CUST-1390,2024-09-01,1560.0,13,Growth,active
CUST-1391,2024-09-01,1750.0,7,Scale,active
CUST-1392,2024-09-01,1320.0,11,Growth,active
CUST-1393,2024-09-01,600.0,12,Starter,active
CUST-1394,2024-09-01,720.0,6,Growth,active
CUST-1395,2024-09-01,150.0,3,Starter,active
CUST-1396,2024-09-01,450.0,9,Starter,active
CUST-1397,2024-09-01,5400.0,45,Growth,active
CUST-1398,2024-09-01,480.0,4,Growth,active
CUST-1399,2024-09-01,4560.0,38,Growth,active
CUST-1400,2024-09-01,6120.0,51,Growth,active
CUST-1401,2024-09-01,720.0,6,Growth,active
CUST-1402,2024-09-01,2500.0,50,Starter,active
CUST-1403,2024-09-01,650.0,13,Starter,active
CUST-1404,2024-09-01,2520.0,21,Growth,active
CUST-1405,2024-09-01,1680.0,14,Growth,active
CUST-1406,2024-09-01,150.0,3,Starter,active
CUST-1407,2024-09-01,11000.0,44,Scale,active
CUST-1408,2024-09-01,400.0,8,Starter,active
CUST-1409,2024-09-01,300.0,6,Starter,active
CUST-1410,2024-09-01,350.0,7,Starter,active
CUST-1411,2024-09-01,840.0,7,Growth,active
CUST-1412,2024-09-01,36240.0,302,Growth,active
CUST-1413,2024-09-01,7800.0,65,Growth,active
CUST-1414,2024-09-01,13000.0,52,Scale,active
CUST-1415,2024-09-01,450.0,9,Starter,active
CUST-1416,2024-09-01,1750.0,35,Starter,active
CUST-1417,2024-09-01,600.0,5,Growth,active
CUST-1419,2024-09-01,3240.0,27,Growth,active
CUST-1420,2024-09-01,400.0,8,Starter,active
CUST-1421,2024-09-01,150.0,3,Starter,active
CUST-1422,2024-09-01,300.0,6,Starter,active
CUST-1423,2024-09-01,350.0,7,Starter,active
CUST-1424,2024-09-01,250.0,5,Starter,active
CUST-1425,2024-09-01,200.0,4,Starter,active
CUST-1426,2024-09-01,350.0,7,Starter,active
CUST-1427,2024-09-01,750.0,15,Starter,active
CUST-1428,2024-09-01,480.0,4,Growth,active
CUST-1429,2024-09-01,150.0,3,Starter,active
CUST-1431,2024-09-01,150.0,3,Starter,active
CUST-1432,2024-09-01,450.0,9,Starter,active
CUST-1433,2024-09-01,400.0,8,Starter,active
CUST-1434,2024-09-01,300.0,6,Starter,active
CUST-1435,2024-09-01,700.0,14,Starter,active
CUST-1436,2024-09-01,1750.0,7,Scale,active
CUST-1437,2024-09-01,250.0,5,Starter,active
CUST-1439,2024-09-01,11250.0,45,Scale,active
CUST-1440,2024-09-01,450.0,9,Starter,active
CUST-1441,2024-09-01,1560.0,13,Growth,active
CUST-1442,2024-09-01,600.0,12,Starter,active
CUST-1443,2024-09-01,8520.0,71,Growth,active
CUST-1444,2024-09-01,1200.0,10,Growth,active
CUST-1445,2024-09-01,650.0,13,Starter,active
CUST-1446,2024-09-01,400.0,8,Starter,active
CUST-1447,2024-09-01,1920.0,16,Growth,active
CUST-1448,2024-09-01,300.0,6,Starter,active
CUST-1449,2024-09-01,840.0,7,Growth,active
CUST-1450,2024-09-01,840.0,7,Growth,active
CUST-1451,2024-09-01,250.0,5,Starter,active
CUST-1452,2024-09-01,450.0,9,Starter,active
CUST-1453,2024-09-01,3550.0,71,Starter,active
CUST-1454,2024-09-01,960.0,8,Growth,active
CUST-1455,2024-09-01,250.0,5,Starter,active
CUST-1456,2024-09-01,3600.0,72,Starter,active
CUST-1457,2024-09-01,550.0,11,Starter,active
CUST-1458,2024-09-01,200.0,4,Starter,active
CUST-1459,2024-09-01,650.0,13,Starter,active
CUST-1460,2024-09-01,17500.0,70,Scale,active
CUST-1461,2024-09-01,450.0,9,Starter,active
CUST-1462,2024-09-01,500.0,10,Starter,active
CUST-1463,2024-09-01,200.0,4,Starter,active
CUST-1464,2024-09-01,750.0,15,Starter,active
CUST-1465,2024-09-01,5760.0,48,Growth,active
CUST-1466,2024-09-01,300.0,6,Starter,active
CUST-1467,2024-09-01,450.0,9,Starter,active
CUST-1468,2024-09-01,550.0,11,Starter,active
CUST-1469,2024-09-01,650.0,13,Starter,active
CUST-1470,2024-09-01,750.0,15,Starter,active
CUST-1471,2024-09-01,250.0,5,Starter,active
CUST-1472,2024-09-01,600.0,12,Starter,active
CUST-1473,2024-09-01,1200.0,10,Growth,active
CUST-1474,2024-09-01,550.0,11,Starter,active
CUST-1475,2024-09-01,300.0,6,Starter,active
CUST-1476,2024-09-01,450.0,9,Starter,active
CUST-1477,2024-09-01,17500.0,70,Scale,active
CUST-1478,2024-09-01,750.0,15,Starter,active
CUST-1001,2024-10-01,4250.0,17,Scale,active
CUST-1002,2024-10-01,3700.0,74,Starter,active
CUST-1003,2024-10-01,6120.0,51,Growth,active
CUST-1004,2024-10-01,550.0,11,Starter,active
CUST-1005,2024-10-01,97000.0,388,Scale,active
CUST-1007,2024-10-01,500.0,10,Starter,active
CUST-1009,2024-10-01,8280.0,69,Growth,active
CUST-1010,2024-10-01,600.0,5,Growth,active
CUST-1013,2024-10-01,400.0,8,Starter,active
CUST-1014,2024-10-01,2450.0,49,Starter,active
CUST-1015,2024-10-01,2160.0,18,Growth,active
CUST-1016,2024-10-01,600.0,12,Starter,active
CUST-1017,2024-10-01,500.0,10,Starter,active
CUST-1018,2024-10-01,350.0,7,Starter,active
CUST-1019,2024-10-01,93000.0,372,Scale,active
CUST-1021,2024-10-01,650.0,13,Starter,active
CUST-1022,2024-10-01,8040.0,67,Growth,active
CUST-1024,2024-10-01,450.0,9,Starter,active
CUST-1025,2024-10-01,300.0,6,Starter,active
CUST-1026,2024-10-01,5280.0,44,Growth,active
CUST-1027,2024-10-01,750.0,15,Starter,active
CUST-1028,2024-10-01,960.0,8,Growth,active
CUST-1029,2024-10-01,250.0,5,Starter,active
CUST-1030,2024-10-01,600.0,12,Starter,active
CUST-1032,2024-10-01,720.0,6,Growth,active
CUST-1033,2024-10-01,480.0,4,Growth,active
CUST-1036,2024-10-01,1100.0,22,Starter,active
CUST-1037,2024-10-01,840.0,7,Growth,active
CUST-1039,2024-10-01,300.0,6,Starter,active
CUST-1040,2024-10-01,3150.0,63,Starter,active
CUST-1041,2024-10-01,350.0,7,Starter,active
CUST-1042,2024-10-01,1100.0,22,Starter,active
CUST-1043,2024-10-01,300.0,6,Starter,active
CUST-1044,2024-10-01,2950.0,59,Starter,active
CUST-1045,2024-10-01,750.0,15,Starter,active
CUST-1046,2024-10-01,450.0,9,Starter,active
CUST-1048,2024-10-01,360.0,3,Growth,active
CUST-1049,2024-10-01,6000.0,50,Growth,active
CUST-1050,2024-10-01,200.0,4,Starter,active
CUST-1051,2024-10-01,600.0,12,Starter,active
CUST-1052,2024-10-01,300.0,6,Starter,active
CUST-1054,2024-10-01,2160.0,18,Growth,active
CUST-1056,2024-10-01,500.0,10,Starter,active
CUST-1057,2024-10-01,300.0,6,Starter,active
CUST-1059,2024-10-01,6120.0,51,Growth,active
CUST-1060,2024-10-01,700.0,14,Starter,active
CUST-1061,2024-10-01,5400.0,45,Growth,active
CUST-1063,2024-10-01,59250.0,237,Scale,active
CUST-1064,2024-10-01,750.0,15,Starter,active
CUST-1065,2024-10-01,500.0,10,Starter,active
CUST-1066,2024-10-01,1560.0,13,Growth,active
CUST-1067,2024-10-01,750.0,15,Starter,active
CUST-1068,2024-10-01,5160.0,43,Growth,active
CUST-1069,2024-10-01,1200.0,10,Growth,active
CUST-1071,2024-10-01,53250.0,213,Scale,active
CUST-1073,2024-10-01,4080.0,34,Growth,active
CUST-1074,2024-10-01,21000.0,84,Scale,active
CUST-1075,2024-10-01,4000.0,16,Scale,active
CUST-1076,2024-10-01,2400.0,20,Growth,active
CUST-1077,2024-10-01,700.0,14,Starter,active
CUST-1078,2024-10-01,150.0,3,Starter,active
CUST-1082,2024-10-01,47520.0,396,Growth,active
CUST-1083,2024-10-01,1850.0,37,Starter,active
CUST-1084,2024-10-01,900.0,18,Starter,active
CUST-1085,2024-10-01,5640.0,47,Growth,active
CUST-1086,2024-10-01,750.0,15,Starter,active
CUST-1087,2024-10-01,500.0,10,Starter,active
CUST-1088,2024-10-01,700.0,14,Starter,active
CUST-1090,2024-10-01,6840.0,57,Growth,active
CUST-1091,2024-10-01,500.0,10,Starter,active
CUST-1092,2024-10-01,10080.0,84,Growth,active
CUST-1095,2024-10-01,6360.0,53,Growth,active
CUST-1096,2024-10-01,200.0,4,Starter,active
CUST-1097,2024-10-01,4080.0,34,Growth,active
CUST-1099,2024-10-01,4560.0,38,Growth,active
CUST-1100,2024-10-01,200.0,4,Starter,active
CUST-1101,2024-10-01,300.0,6,Starter,active
CUST-1102,2024-10-01,350.0,7,Starter,active
CUST-1103,2024-10-01,500.0,10,Starter,active
CUST-1104,2024-10-01,450.0,9,Starter,active
CUST-1106,2024-10-01,7200.0,60,Growth,active
CUST-1107,2024-10-01,400.0,8,Starter,active
CUST-1108,2024-10-01,250.0,5,Starter,active
CUST-1109,2024-10-01,1080.0,9,Growth,active
CUST-1110,2024-10-01,1320.0,11,Growth,active
CUST-1111,2024-10-01,2650.0,53,Starter,active
CUST-1112,2024-10-01,2750.0,11,Scale,active
CUST-1113,2024-10-01,1850.0,37,Starter,active
CUST-1114,2024-10-01,83250.0,333,Scale,active
CUST-1115,2024-10-01,720.0,6,Growth,active
CUST-1116,2024-10-01,150.0,3,Starter,active
CUST-1117,2024-10-01,4560.0,38,Growth,active
CUST-1118,2024-10-01,300.0,6,Starter,active
CUST-1119,2024-10-01,1200.0,10,Growth,active
CUST-1120,2024-10-01,700.0,14,Starter,active
CUST-1122,2024-10-01,8520.0,71,Growth,active
CUST-1124,2024-10-01,700.0,14,Starter,active
CUST-1125,2024-10-01,700.0,14,Starter,active
CUST-1126,2024-10-01,8760.0,73,Growth,active
CUST-1127,2024-10-01,600.0,12,Starter,active
CUST-1129,2024-10-01,1200.0,10,Growth,active
CUST-1130,2024-10-01,71750.0,287,Scale,active
CUST-1132,2024-10-01,1200.0,10,Growth,active
CUST-1133,2024-10-01,300.0,6,Starter,active
CUST-1135,2024-10-01,300.0,6,Starter,active
CUST-1136,2024-10-01,750.0,15,Starter,active
CUST-1137,2024-10-01,3360.0,28,Growth,active
CUST-1138,2024-10-01,500.0,10,Starter,active
CUST-1140,2024-10-01,650.0,13,Starter,active
CUST-1141,2024-10-01,550.0,11,Starter,active
CUST-1142,2024-10-01,1680.0,14,Growth,active
CUST-1144,2024-10-01,650.0,13,Starter,active
CUST-1145,2024-10-01,700.0,14,Starter,active
CUST-1146,2024-10-01,3480.0,29,Growth,active
CUST-1147,2024-10-01,650.0,13,Starter,active
CUST-1148,2024-10-01,18400.0,368,Starter,active
CUST-1150,2024-10-01,300.0,6,Starter,active
CUST-1151,2024-10-01,700.0,14,Starter,active
CUST-1152,2024-10-01,500.0,10,Starter,active
CUST-1153,2024-10-01,8520.0,71,Growth,active
CUST-1154,2024-10-01,850.0,17,Starter,active
CUST-1155,2024-10-01,720.0,6,Growth,active
CUST-1156,2024-10-01,8040.0,67,Growth,active
CUST-1158,2024-10-01,1200.0,10,Growth,active
CUST-1160,2024-10-01,6960.0,58,Growth,active
CUST-1161,2024-10-01,1080.0,9,Growth,active
CUST-1162,2024-10-01,350.0,7,Starter,active
CUST-1163,2024-10-01,34320.0,286,Growth,active
CUST-1165,2024-10-01,720.0,6,Growth,active
CUST-1166,2024-10-01,480.0,4,Growth,active
CUST-1167,2024-10-01,66500.0,266,Scale,active
CUST-1168,2024-10-01,720.0,6,Growth,active
CUST-1169,2024-10-01,200.0,4,Starter,active
CUST-1170,2024-10-01,750.0,15,Starter,active
CUST-1171,2024-10-01,300.0,6,Starter,active
CUST-1172,2024-10-01,3720.0,31,Growth,active
CUST-1173,2024-10-01,16500.0,66,Scale,active
CUST-1174,2024-10-01,720.0,6,Growth,active
CUST-1175,2024-10-01,400.0,8,Starter,active
CUST-1177,2024-10-01,900.0,18,Starter,active
CUST-1178,2024-10-01,800.0,16,Starter,active
CUST-1179,2024-10-01,2640.0,22,Growth,active
CUST-1180,2024-10-01,1200.0,24,Starter,active
CUST-1181,2024-10-01,1560.0,13,Growth,active
CUST-1182,2024-10-01,2000.0,8,Scale,active
CUST-1186,2024-10-01,1560.0,13,Growth,active
CUST-1187,2024-10-01,450.0,9,Starter,active
CUST-1188,2024-10-01,1440.0,12,Growth,active
CUST-1189,2024-10-01,750.0,15,Starter,active
CUST-1191,2024-10-01,2160.0,18,Growth,active
CUST-1192,2024-10-01,550.0,11,Starter,active
CUST-1194,2024-10-01,600.0,12,Starter,active
CUST-1195,2024-10-01,600.0,12,Starter,active
CUST-1196,2024-10-01,5640.0,47,Growth,active
CUST-1198,2024-10-01,87250.0,349,Scale,active
CUST-1199,2024-10-01,550.0,11,Starter,active
CUST-1200,2024-10-01,1200.0,10,Growth,active
CUST-1201,2024-10-01,480.0,4,Growth,active
CUST-1202,2024-10-01,3250.0,13,Scale,active
CUST-1203,2024-10-01,720.0,6,Growth,active
CUST-1205,2024-10-01,6360.0,53,Growth,active
CUST-1206,2024-10-01,2750.0,11,Scale,active
CUST-1207,2024-10-01,3960.0,33,Growth,active
CUST-1208,2024-10-01,360.0,3,Growth,active
CUST-1209,2024-10-01,1200.0,10,Growth,active
CUST-1210,2024-10-01,700.0,14,Starter,active
CUST-1211,2024-10-01,250.0,5,Starter,active
CUST-1212,2024-10-01,150.0,3,Starter,active
CUST-1213,2024-10-01,2040.0,17,Growth,active
CUST-1214,2024-10-01,450.0,9,Starter,active
CUST-1215,2024-10-01,550.0,11,Starter,active
CUST-1216,2024-10-01,480.0,4,Growth,active
CUST-1217,2024-10-01,700.0,14,Starter,active
CUST-1218,2024-10-01,8880.0,74,Growth,active
CUST-1219,2024-10-01,4560.0,38,Growth,active
CUST-1220,2024-10-01,150.0,3,Starter,active
CUST-1222,2024-10-01,450.0,9,Starter,active
CUST-1223,2024-10-01,650.0,13,Starter,active
CUST-1224,2024-10-01,450.0,9,Starter,active
CUST-1226,2024-10-01,960.0,8,Growth,active
CUST-1227,2024-10-01,650.0,13,Starter,active
CUST-1230,2024-10-01,950.0,19,Starter,active
CUST-1231,2024-10-01,8500.0,34,Scale,active
CUST-1232,2024-10-01,750.0,15,Starter,active
CUST-1233,2024-10-01,240.0,2,Growth,active
CUST-1234,2024-10-01,960.0,8,Growth,active
CUST-1235,2024-10-01,300.0,6,Starter,active
CUST-1236,2024-10-01,550.0,11,Starter,active
CUST-1237,2024-10-01,6480.0,54,Growth,active
CUST-1238,2024-10-01,3600.0,30,Growth,active
CUST-1239,2024-10-01,17750.0,71,Scale,active
CUST-1240,2024-10-01,150.0,3,Starter,active
CUST-1242,2024-10-01,700.0,14,Starter,active
CUST-1243,2024-10-01,360.0,3,Growth,active
CUST-1244,2024-10-01,250.0,5,Starter,active
CUST-1246,2024-10-01,840.0,7,Growth,active
CUST-1247,2024-10-01,750.0,15,Starter,active
CUST-1248,2024-10-01,550.0,11,Starter,active
CUST-1249,2024-10-01,400.0,8,Starter,active
CUST-1250,2024-10-01,350.0,7,Starter,active
CUST-1251,2024-10-01,1680.0,14,Growth,active
CUST-1252,2024-10-01,2000.0,8,Scale,active
CUST-1255,2024-10-01,7560.0,63,Growth,active
CUST-1256,2024-10-01,750.0,15,Starter,active
CUST-1258,2024-10-01,600.0,12,Starter,active
CUST-1259,2024-10-01,55750.0,223,Scale,active
CUST-1260,2024-10-01,350.0,7,Starter,active
CUST-1261,2024-10-01,1700.0,34,Starter,active
CUST-1262,2024-10-01,1800.0,15,Growth,active
CUST-1263,2024-10-01,200.0,4,Starter,active
CUST-1264,2024-10-01,700.0,14,Starter,active
CUST-1265,2024-10-01,2520.0,21,Growth,active
CUST-1266,2024-10-01,5160.0,43,Growth,active
CUST-1267,2024-10-01,250.0,5,Starter,active
CUST-1268,2024-10-01,600.0,12,Starter,active
CUST-1269,2024-10-01,300.0,6,Starter,active
CUST-1270,2024-10-01,450.0,9,Starter,active
CUST-1272,2024-10-01,2160.0,18,Growth,active
CUST-1273,2024-10-01,4920.0,41,Growth,active
CUST-1274,2024-10-01,1800.0,15,Growth,active
CUST-1275,2024-10-01,840.0,7,Growth,active
CUST-1276,2024-10-01,6360.0,53,Growth,active
CUST-1277,2024-10-01,350.0,7,Starter,active
CUST-1278,2024-10-01,7320.0,61,Growth,active
CUST-1280,2024-10-01,360.0,3,Growth,active
CUST-1281,2024-10-01,3480.0,29,Growth,active
CUST-1282,2024-10-01,400.0,8,Starter,active
CUST-1283,2024-10-01,700.0,14,Starter,active
CUST-1284,2024-10-01,1800.0,15,Growth,active
CUST-1286,2024-10-01,200.0,4,Starter,active
CUST-1287,2024-10-01,3240.0,27,Growth,active
CUST-1288,2024-10-01,9000.0,75,Growth,active
CUST-1289,2024-10-01,750.0,15,Starter,active
CUST-1290,2024-10-01,600.0,5,Growth,active
CUST-1291,2024-10-01,250.0,5,Starter,active
CUST-1292,2024-10-01,1680.0,14,Growth,active
CUST-1293,2024-10-01,110000.0,440,Scale,active
CUST-1294,2024-10-01,7440.0,62,Growth,active
CUST-1295,2024-10-01,250.0,5,Starter,active
CUST-1296,2024-10-01,1920.0,16,Growth,active
CUST-1297,2024-10-01,600.0,12,Starter,active
CUST-1298,2024-10-01,75000.0,300,Scale,active
CUST-1299,2024-10-01,1700.0,34,Starter,active
CUST-1300,2024-10-01,600.0,5,Growth,active
CUST-1301,2024-10-01,300.0,6,Starter,active
CUST-1302,2024-10-01,400.0,8,Starter,active
CUST-1303,2024-10-01,400.0,8,Starter,active
CUST-1304,2024-10-01,1680.0,14,Growth,active
CUST-1305,2024-10-01,2880.0,24,Growth,active
CUST-1306,2024-10-01,5520.0,46,Growth,active
CUST-1307,2024-10-01,350.0,7,Starter,active
CUST-1308,2024-10-01,1200.0,10,Growth,active
CUST-1309,2024-10-01,350.0,7,Starter,active
CUST-1310,2024-10-01,7080.0,59,Growth,active
CUST-1311,2024-10-01,68750.0,275,Scale,active
CUST-1312,2024-10-01,1560.0,13,Growth,active
CUST-1313,2024-10-01,900.0,18,Starter,active
CUST-1314,2024-10-01,3360.0,28,Growth,active
CUST-1315,2024-10-01,4800.0,40,Growth,active
CUST-1316,2024-10-01,1440.0,12,Growth,active
CUST-1317,2024-10-01,650.0,13,Starter,active
CUST-1318,2024-10-01,8760.0,73,Growth,active
CUST-1319,2024-10-01,150.0,3,Starter,active
CUST-1320,2024-10-01,840.0,7,Growth,active
CUST-1321,2024-10-01,250.0,5,Starter,active
CUST-1322,2024-10-01,11760.0,98,Growth,active
CUST-1323,2024-10-01,8250.0,33,Scale,active
CUST-1324,2024-10-01,600.0,12,Starter,active
CUST-1325,2024-10-01,650.0,13,Starter,active
CUST-1326,2024-10-01,6720.0,56,Growth,active
CUST-1327,2024-10-01,750.0,15,Starter,active
CUST-1328,2024-10-01,500.0,10,Starter,active
CUST-1329,2024-10-01,700.0,14,Starter,active
CUST-1330,2024-10-01,480.0,4,Growth,active
CUST-1331,2024-10-01,500.0,10,Starter,active
CUST-1332,2024-10-01,750.0,15,Starter,active
CUST-1333,2024-10-01,840.0,7,Growth,active
CUST-1334,2024-10-01,750.0,15,Starter,active
CUST-1335,2024-10-01,1440.0,12,Growth,active
CUST-1336,2024-10-01,2880.0,24,Growth,active
CUST-1337,2024-10-01,300.0,6,Starter,active
CUST-1338,2024-10-01,7320.0,61,Growth,active
CUST-1339,2024-10-01,750.0,3,Scale,active
CUST-1340,2024-10-01,6360.0,53,Growth,active
CUST-1341,2024-10-01,2000.0,8,Scale,active
CUST-1342,2024-10-01,650.0,13,Starter,active
CUST-1343,2024-10-01,1560.0,13,Growth,active
CUST-1344,2024-10-01,200.0,4,Starter,active
CUST-1345,2024-10-01,200.0,4,Starter,active
CUST-1346,2024-10-01,350.0,7,Starter,active
CUST-1348,2024-10-01,3800.0,76,Starter,active
CUST-1349,2024-10-01,200.0,4,Starter,active
CUST-1350,2024-10-01,750.0,15,Starter,active
CUST-1351,2024-10-01,840.0,7,Growth,active
CUST-1352,2024-10-01,1320.0,11,Growth,active
CUST-1353,2024-10-01,250.0,5,Starter,active
CUST-1354,2024-10-01,960.0,8,Growth,active
CUST-1355,2024-10-01,11500.0,46,Scale,active
CUST-1356,2024-10-01,80750.0,323,Scale,active
CUST-1357,2024-10-01,5280.0,44,Growth,active
CUST-1358,2024-10-01,2880.0,24,Growth,active
CUST-1359,2024-10-01,480.0,4,Growth,active
CUST-1361,2024-10-01,15500.0,62,Scale,active
CUST-1362,2024-10-01,3750.0,15,Scale,active
CUST-1363,2024-10-01,400.0,8,Starter,active
CUST-1364,2024-10-01,300.0,6,Starter,active
CUST-1365,2024-10-01,22800.0,190,Growth,active
CUST-1366,2024-10-01,200.0,4,Starter,active
CUST-1367,2024-10-01,350.0,7,Starter,active
CUST-1368,2024-10-01,500.0,10,Starter,active
CUST-1369,2024-10-01,480.0,4,Growth,active
CUST-1371,2024-10-01,3700.0,74,Starter,active
CUST-1372,2024-10-01,8000.0,32,Scale,active
CUST-1373,2024-10-01,650.0,13,Starter,active
CUST-1374,2024-10-01,150.0,3,Starter,active
CUST-1375,2024-10-01,600.0,12,Starter,active
CUST-1376,2024-10-01,1080.0,9,Growth,active
CUST-1377,2024-10-01,600.0,5,Growth,active
CUST-1378,2024-10-01,1680.0,14,Growth,active
CUST-1379,2024-10-01,600.0,12,Starter,active
CUST-1381,2024-10-01,3720.0,31,Growth,active
CUST-1382,2024-10-01,350.0,7,Starter,active
CUST-1383,2024-10-01,600.0,5,Growth,active
CUST-1384,2024-10-01,600.0,12,Starter,active
CUST-1386,2024-10-01,150.0,3,Starter,active
CUST-1387,2024-10-01,750.0,15,Starter,active
CUST-1389,2024-10-01,150.0,3,Starter,active
CUST-1390,2024-10-01,1560.0,13,Growth,active
CUST-1391,2024-10-01,1750.0,7,Scale,active
CUST-1392,2024-10-01,1320.0,11,Growth,active
CUST-1393,2024-10-01,600.0,12,Starter,active
CUST-1394,2024-10-01,720.0,6,Growth,active
CUST-1395,2024-10-01,150.0,3,Starter,active
CUST-1397,2024-10-01,5400.0,45,Growth,active
CUST-1398,2024-10-01,480.0,4,Growth,active
CUST-1399,2024-10-01,4560.0,38,Growth,active
CUST-1400,2024-10-01,6120.0,51,Growth,active
CUST-1401,2024-10-01,720.0,6,Growth,active
CUST-1402,2024-10-01,2500.0,50,Starter,active
CUST-1403,2024-10-01,650.0,13,Starter,active
CUST-1404,2024-10-01,2520.0,21,Growth,active
CUST-1405,2024-10-01,1680.0,14,Growth,active
CUST-1406,2024-10-01,150.0,3,Starter,active
CUST-1407,2024-10-01,11000.0,44,Scale,active
CUST-1408,2024-10-01,400.0,8,Starter,active
CUST-1409,2024-10-01,300.0,6,Starter,active
CUST-1410,2024-10-01,350.0,7,Starter,active
CUST-1411,2024-10-01,840.0,7,Growth,active
CUST-1412,2024-10-01,36240.0,302,Growth,active
CUST-1413,2024-10-01,7800.0,65,Growth,active
CUST-1414,2024-10-01,13000.0,52,Scale,active
CUST-1415,2024-10-01,450.0,9,Starter,active
CUST-1416,2024-10-01,1750.0,35,Starter,active
CUST-1417,2024-10-01,600.0,5,Growth,active
CUST-1419,2024-10-01,3240.0,27,Growth,active
CUST-1420,2024-10-01,400.0,8,Starter,active
CUST-1421,2024-10-01,150.0,3,Starter,active
CUST-1422,2024-10-01,300.0,6,Starter,active
CUST-1423,2024-10-01,350.0,7,Starter,active
CUST-1424,2024-10-01,250.0,5,Starter,active
CUST-1425,2024-10-01,200.0,4,Starter,active
CUST-1426,2024-10-01,350.0,7,Starter,active
CUST-1427,2024-10-01,750.0,15,Starter,active
CUST-1428,2024-10-01,480.0,4,Growth,active
CUST-1429,2024-10-01,150.0,3,Starter,active
CUST-1431,2024-10-01,150.0,3,Starter,active
CUST-1432,2024-10-01,450.0,9,Starter,active
CUST-1433,2024-10-01,400.0,8,Starter,active
CUST-1434,2024-10-01,300.0,6,Starter,active
CUST-1435,2024-10-01,700.0,14,Starter,active
CUST-1436,2024-10-01,1750.0,7,Scale,active
CUST-1437,2024-10-01,250.0,5,Starter,active
CUST-1439,2024-10-01,11250.0,45,Scale,active
CUST-1440,2024-10-01,450.0,9,Starter,active
CUST-1441,2024-10-01,1560.0,13,Growth,active
CUST-1442,2024-10-01,600.0,12,Starter,active
CUST-1443,2024-10-01,8520.0,71,Growth,active
CUST-1444,2024-10-01,1200.0,10,Growth,active
CUST-1445,2024-10-01,650.0,13,Starter,active
CUST-1446,2024-10-01,400.0,8,Starter,active
CUST-1447,2024-10-01,1920.0,16,Growth,active
CUST-1448,2024-10-01,300.0,6,Starter,active
CUST-1449,2024-10-01,840.0,7,Growth,active
CUST-1450,2024-10-01,840.0,7,Growth,active
CUST-1451,2024-10-01,250.0,5,Starter,active
CUST-1452,2024-10-01,450.0,9,Starter,active
CUST-1453,2024-10-01,3550.0,71,Starter,active
CUST-1454,2024-10-01,960.0,8,Growth,active
CUST-1455,2024-10-01,250.0,5,Starter,active
CUST-1456,2024-10-01,3600.0,72,Starter,active
CUST-1457,2024-10-01,550.0,11,Starter,active
CUST-1458,2024-10-01,200.0,4,Starter,active
CUST-1459,2024-10-01,650.0,13,Starter,active
CUST-1460,2024-10-01,17500.0,70,Scale,active
CUST-1461,2024-10-01,450.0,9,Starter,active
CUST-1463,2024-10-01,200.0,4,Starter,active
CUST-1464,2024-10-01,750.0,15,Starter,active
CUST-1465,2024-10-01,5760.0,48,Growth,active
CUST-1466,2024-10-01,300.0,6,Starter,active
CUST-1467,2024-10-01,450.0,9,Starter,active
CUST-1468,2024-10-01,550.0,11,Starter,active
CUST-1469,2024-10-01,550.0,11,Starter,active
CUST-1470,2024-10-01,750.0,15,Starter,active
CUST-1471,2024-10-01,250.0,5,Starter,active
CUST-1472,2024-10-01,600.0,12,Starter,active
CUST-1473,2024-10-01,1200.0,10,Growth,active
CUST-1474,2024-10-01,550.0,11,Starter,active
CUST-1475,2024-10-01,300.0,6,Starter,active
CUST-1476,2024-10-01,450.0,9,Starter,active
CUST-1477,2024-10-01,17500.0,70,Scale,active
CUST-1478,2024-10-01,750.0,15,Starter,active
CUST-1479,2024-10-01,650.0,13,Starter,active
CUST-1480,2024-10-01,450.0,9,Starter,active
CUST-1481,2024-10-01,3840.0,32,Growth,active
CUST-1482,2024-10-01,8160.0,68,Growth,active
CUST-1483,2024-10-01,360.0,3,Growth,active
CUST-1484,2024-10-01,400.0,8,Starter,active
CUST-1485,2024-10-01,500.0,10,Starter,active
CUST-1486,2024-10-01,150.0,3,Starter,active
CUST-1487,2024-10-01,200.0,4,Starter,active
CUST-1488,2024-10-01,1440.0,12,Growth,active
CUST-1489,2024-10-01,600.0,12,Starter,active
CUST-1490,2024-10-01,11500.0,46,Scale,active
CUST-1491,2024-10-01,750.0,15,Starter,active
CUST-1492,2024-10-01,1320.0,11,Growth,active
CUST-1493,2024-10-01,2450.0,49,Starter,active
CUST-1494,2024-10-01,720.0,6,Growth,active
CUST-1495,2024-10-01,60750.0,243,Scale,active
CUST-1496,2024-10-01,840.0,7,Growth,active
CUST-1497,2024-10-01,600.0,12,Starter,active
CUST-1498,2024-10-01,350.0,7,Starter,active
CUST-1499,2024-10-01,1080.0,9,Growth,active
CUST-1500,2024-10-01,1800.0,36,Starter,active
CUST-1501,2024-10-01,480.0,4,Growth,active
CUST-1001,2024-11-01,4250.0,17,Scale,active
CUST-1002,2024-11-01,3700.0,74,Starter,active
CUST-1003,2024-11-01,6120.0,51,Growth,active
CUST-1004,2024-11-01,550.0,11,Starter,active
CUST-1005,2024-11-01,97000.0,388,Scale,active
CUST-1007,2024-11-01,500.0,10,Starter,active
CUST-1009,2024-11-01,8280.0,69,Growth,active
CUST-1010,2024-11-01,600.0,5,Growth,active
CUST-1013,2024-11-01,400.0,8,Starter,active
CUST-1014,2024-11-01,2450.0,49,Starter,active
CUST-1015,2024-11-01,2160.0,18,Growth,active
CUST-1016,2024-11-01,600.0,12,Starter,active
CUST-1017,2024-11-01,500.0,10,Starter,active
CUST-1018,2024-11-01,350.0,7,Starter,active
CUST-1019,2024-11-01,93000.0,372,Scale,active
CUST-1021,2024-11-01,650.0,13,Starter,active
CUST-1022,2024-11-01,8040.0,67,Growth,active
CUST-1024,2024-11-01,450.0,9,Starter,active
CUST-1026,2024-11-01,5280.0,44,Growth,active
CUST-1027,2024-11-01,750.0,15,Starter,active
CUST-1028,2024-11-01,960.0,8,Growth,active
CUST-1029,2024-11-01,250.0,5,Starter,active
CUST-1030,2024-11-01,600.0,12,Starter,active
CUST-1032,2024-11-01,720.0,6,Growth,active
CUST-1033,2024-11-01,480.0,4,Growth,active
CUST-1036,2024-11-01,1350.0,27,Starter,active
CUST-1037,2024-11-01,840.0,7,Growth,active
CUST-1039,2024-11-01,300.0,6,Starter,active
CUST-1040,2024-11-01,3150.0,63,Starter,active
CUST-1041,2024-11-01,350.0,7,Starter,active
CUST-1042,2024-11-01,1100.0,22,Starter,active
CUST-1043,2024-11-01,300.0,6,Starter,active
CUST-1044,2024-11-01,2950.0,59,Starter,active
CUST-1045,2024-11-01,750.0,15,Starter,active
CUST-1046,2024-11-01,450.0,9,Starter,active
CUST-1048,2024-11-01,360.0,3,Growth,active
CUST-1049,2024-11-01,6600.0,55,Growth,active
CUST-1050,2024-11-01,200.0,4,Starter,active
CUST-1051,2024-11-01,600.0,12,Starter,active
CUST-1052,2024-11-01,300.0,6,Starter,active
CUST-1054,2024-11-01,2160.0,18,Growth,active
CUST-1056,2024-11-01,500.0,10,Starter,active
CUST-1057,2024-11-01,300.0,6,Starter,active
CUST-1059,2024-11-01,6120.0,51,Growth,active
CUST-1060,2024-11-01,700.0,14,Starter,active
CUST-1061,2024-11-01,5400.0,45,Growth,active
CUST-1063,2024-11-01,62500.0,250,Scale,active
CUST-1064,2024-11-01,750.0,15,Starter,active
CUST-1065,2024-11-01,500.0,10,Starter,active
CUST-1066,2024-11-01,1560.0,13,Growth,active
CUST-1067,2024-11-01,750.0,15,Starter,active
CUST-1068,2024-11-01,5160.0,43,Growth,active
CUST-1069,2024-11-01,1200.0,10,Growth,active
CUST-1071,2024-11-01,53250.0,213,Scale,active
CUST-1073,2024-11-01,4080.0,34,Growth,active
CUST-1074,2024-11-01,21000.0,84,Scale,active
CUST-1075,2024-11-01,4000.0,16,Scale,active
CUST-1076,2024-11-01,2400.0,20,Growth,active
CUST-1077,2024-11-01,700.0,14,Starter,active
CUST-1078,2024-11-01,150.0,3,Starter,active
CUST-1082,2024-11-01,47520.0,396,Growth,active
CUST-1083,2024-11-01,1850.0,37,Starter,active
CUST-1084,2024-11-01,900.0,18,Starter,active
CUST-1085,2024-11-01,5640.0,47,Growth,active
CUST-1086,2024-11-01,750.0,15,Starter,active
CUST-1087,2024-11-01,500.0,10,Starter,active
CUST-1088,2024-11-01,700.0,14,Starter,active
CUST-1090,2024-11-01,6840.0,57,Growth,active
CUST-1091,2024-11-01,500.0,10,Starter,active
CUST-1092,2024-11-01,10080.0,84,Growth,active
CUST-1095,2024-11-01,6360.0,53,Growth,active
CUST-1096,2024-11-01,200.0,4,Starter,active
CUST-1097,2024-11-01,4080.0,34,Growth,active
CUST-1099,2024-11-01,4560.0,38,Growth,active
CUST-1100,2024-11-01,200.0,4,Starter,active
CUST-1101,2024-11-01,300.0,6,Starter,active
CUST-1102,2024-11-01,350.0,7,Starter,active
CUST-1103,2024-11-01,500.0,10,Starter,active
CUST-1104,2024-11-01,450.0,9,Starter,active
CUST-1106,2024-11-01,7200.0,60,Growth,active
CUST-1107,2024-11-01,400.0,8,Starter,active
CUST-1108,2024-11-01,250.0,5,Starter,active
CUST-1109,2024-11-01,1080.0,9,Growth,active
CUST-1110,2024-11-01,1320.0,11,Growth,active
CUST-1111,2024-11-01,2650.0,53,Starter,active
CUST-1112,2024-11-01,2750.0,11,Scale,active
CUST-1113,2024-11-01,1850.0,37,Starter,active
CUST-1114,2024-11-01,83250.0,333,Scale,active
CUST-1115,2024-11-01,720.0,6,Growth,active
CUST-1116,2024-11-01,150.0,3,Starter,active
CUST-1117,2024-11-01,4560.0,38,Growth,active
CUST-1118,2024-11-01,300.0,6,Starter,active
CUST-1119,2024-11-01,1200.0,10,Growth,active
CUST-1120,2024-11-01,700.0,14,Starter,active
CUST-1122,2024-11-01,8520.0,71,Growth,active
CUST-1124,2024-11-01,650.0,13,Starter,active
CUST-1125,2024-11-01,700.0,14,Starter,active
CUST-1126,2024-11-01,8760.0,73,Growth,active
CUST-1127,2024-11-01,600.0,12,Starter,active
CUST-1129,2024-11-01,1200.0,10,Growth,active
CUST-1130,2024-11-01,71750.0,287,Scale,active
CUST-1132,2024-11-01,1200.0,10,Growth,active
CUST-1133,2024-11-01,300.0,6,Starter,active
CUST-1135,2024-11-01,300.0,6,Starter,active
CUST-1136,2024-11-01,750.0,15,Starter,active
CUST-1137,2024-11-01,3360.0,28,Growth,active
CUST-1138,2024-11-01,500.0,10,Starter,active
CUST-1140,2024-11-01,650.0,13,Starter,active
CUST-1141,2024-11-01,550.0,11,Starter,active
CUST-1142,2024-11-01,1680.0,14,Growth,active
CUST-1144,2024-11-01,650.0,13,Starter,active
CUST-1145,2024-11-01,700.0,14,Starter,active
CUST-1146,2024-11-01,3480.0,29,Growth,active
CUST-1147,2024-11-01,650.0,13,Starter,active
CUST-1148,2024-11-01,18400.0,368,Starter,active
CUST-1150,2024-11-01,300.0,6,Starter,active
CUST-1151,2024-11-01,700.0,14,Starter,active
CUST-1152,2024-11-01,500.0,10,Starter,active
CUST-1153,2024-11-01,8520.0,71,Growth,active
CUST-1154,2024-11-01,850.0,17,Starter,active
CUST-1155,2024-11-01,720.0,6,Growth,active
CUST-1156,2024-11-01,8040.0,67,Growth,active
CUST-1158,2024-11-01,1320.0,11,Growth,active
CUST-1160,2024-11-01,6960.0,58,Growth,active
CUST-1161,2024-11-01,1080.0,9,Growth,active
CUST-1162,2024-11-01,350.0,7,Starter,active
CUST-1163,2024-11-01,34320.0,286,Growth,active
CUST-1165,2024-11-01,720.0,6,Growth,active
CUST-1166,2024-11-01,480.0,4,Growth,active
CUST-1167,2024-11-01,82250.0,329,Scale,active
CUST-1168,2024-11-01,720.0,6,Growth,active
CUST-1169,2024-11-01,200.0,4,Starter,active
CUST-1170,2024-11-01,750.0,15,Starter,active
CUST-1171,2024-11-01,300.0,6,Starter,active
CUST-1172,2024-11-01,3720.0,31,Growth,active
CUST-1173,2024-11-01,16500.0,66,Scale,active
CUST-1174,2024-11-01,720.0,6,Growth,active
CUST-1175,2024-11-01,400.0,8,Starter,active
CUST-1177,2024-11-01,900.0,18,Starter,active
CUST-1178,2024-11-01,800.0,16,Starter,active
CUST-1179,2024-11-01,2640.0,22,Growth,active
CUST-1180,2024-11-01,1200.0,24,Starter,active
CUST-1181,2024-11-01,1560.0,13,Growth,active
CUST-1182,2024-11-01,2000.0,8,Scale,active
CUST-1186,2024-11-01,1560.0,13,Growth,active
CUST-1187,2024-11-01,450.0,9,Starter,active
CUST-1188,2024-11-01,1440.0,12,Growth,active
CUST-1189,2024-11-01,750.0,15,Starter,active
CUST-1192,2024-11-01,550.0,11,Starter,active
CUST-1194,2024-11-01,600.0,12,Starter,active
CUST-1195,2024-11-01,600.0,12,Starter,active
CUST-1196,2024-11-01,5640.0,47,Growth,active
CUST-1198,2024-11-01,87250.0,349,Scale,active
CUST-1199,2024-11-01,550.0,11,Starter,active
CUST-1200,2024-11-01,1200.0,10,Growth,active
CUST-1201,2024-11-01,480.0,4,Growth,active
CUST-1202,2024-11-01,3250.0,13,Scale,active
CUST-1203,2024-11-01,720.0,6,Growth,active
CUST-1205,2024-11-01,6360.0,53,Growth,active
CUST-1206,2024-11-01,2750.0,11,Scale,active
CUST-1207,2024-11-01,3960.0,33,Growth,active
CUST-1208,2024-11-01,360.0,3,Growth,active
CUST-1209,2024-11-01,1200.0,10,Growth,active
CUST-1210,2024-11-01,700.0,14,Starter,active
CUST-1211,2024-11-01,300.0,6,Starter,active
CUST-1212,2024-11-01,150.0,3,Starter,active
CUST-1213,2024-11-01,2040.0,17,Growth,active
CUST-1214,2024-11-01,450.0,9,Starter,active
CUST-1215,2024-11-01,550.0,11,Starter,active
CUST-1216,2024-11-01,480.0,4,Growth,active
CUST-1217,2024-11-01,800.0,16,Starter,active
CUST-1218,2024-11-01,8880.0,74,Growth,active
CUST-1219,2024-11-01,4560.0,38,Growth,active
CUST-1220,2024-11-01,150.0,3,Starter,active
CUST-1222,2024-11-01,450.0,9,Starter,active
CUST-1223,2024-11-01,650.0,13,Starter,active
CUST-1224,2024-11-01,450.0,9,Starter,active
CUST-1226,2024-11-01,960.0,8,Growth,active
CUST-1227,2024-11-01,650.0,13,Starter,active
CUST-1230,2024-11-01,950.0,19,Starter,active
CUST-1231,2024-11-01,8500.0,34,Scale,active
CUST-1232,2024-11-01,750.0,15,Starter,active
CUST-1233,2024-11-01,240.0,2,Growth,active
CUST-1234,2024-11-01,960.0,8,Growth,active
CUST-1235,2024-11-01,300.0,6,Starter,active
CUST-1236,2024-11-01,550.0,11,Starter,active
CUST-1237,2024-11-01,7440.0,62,Growth,active
CUST-1238,2024-11-01,3600.0,30,Growth,active
CUST-1239,2024-11-01,17750.0,71,Scale,active
CUST-1240,2024-11-01,150.0,3,Starter,active
CUST-1242,2024-11-01,700.0,14,Starter,active
CUST-1243,2024-11-01,360.0,3,Growth,active
CUST-1244,2024-11-01,250.0,5,Starter,active
CUST-1246,2024-11-01,840.0,7,Growth,active
CUST-1247,2024-11-01,750.0,15,Starter,active
CUST-1248,2024-11-01,550.0,11,Starter,active
CUST-1249,2024-11-01,400.0,8,Starter,active
CUST-1250,2024-11-01,350.0,7,Starter,active
CUST-1251,2024-11-01,1680.0,14,Growth,active
CUST-1252,2024-11-01,2000.0,8,Scale,active
CUST-1255,2024-11-01,7560.0,63,Growth,active
CUST-1256,2024-11-01,750.0,15,Starter,active
CUST-1259,2024-11-01,55750.0,223,Scale,active
CUST-1260,2024-11-01,350.0,7,Starter,active
CUST-1261,2024-11-01,1700.0,34,Starter,active
CUST-1262,2024-11-01,1800.0,15,Growth,active
CUST-1263,2024-11-01,200.0,4,Starter,active
CUST-1264,2024-11-01,700.0,14,Starter,active
CUST-1265,2024-11-01,2520.0,21,Growth,active
CUST-1266,2024-11-01,5160.0,43,Growth,active
CUST-1267,2024-11-01,250.0,5,Starter,active
CUST-1268,2024-11-01,600.0,12,Starter,active
CUST-1269,2024-11-01,300.0,6,Starter,active
CUST-1270,2024-11-01,450.0,9,Starter,active
CUST-1272,2024-11-01,2160.0,18,Growth,active
CUST-1273,2024-11-01,4920.0,41,Growth,active
CUST-1274,2024-11-01,1800.0,15,Growth,active
CUST-1275,2024-11-01,840.0,7,Growth,active
CUST-1276,2024-11-01,6360.0,53,Growth,active
CUST-1277,2024-11-01,350.0,7,Starter,active
CUST-1278,2024-11-01,7320.0,61,Growth,active
CUST-1280,2024-11-01,360.0,3,Growth,active
CUST-1281,2024-11-01,3480.0,29,Growth,active
CUST-1282,2024-11-01,400.0,8,Starter,active
CUST-1283,2024-11-01,700.0,14,Starter,active
CUST-1284,2024-11-01,1800.0,15,Growth,active
CUST-1286,2024-11-01,200.0,4,Starter,active
CUST-1287,2024-11-01,3240.0,27,Growth,active
CUST-1289,2024-11-01,750.0,15,Starter,active
CUST-1290,2024-11-01,600.0,5,Growth,active
CUST-1291,2024-11-01,250.0,5,Starter,active
CUST-1292,2024-11-01,1680.0,14,Growth,active
CUST-1293,2024-11-01,110000.0,440,Scale,active
CUST-1294,2024-11-01,7440.0,62,Growth,active
CUST-1295,2024-11-01,250.0,5,Starter,active
CUST-1296,2024-11-01,1920.0,16,Growth,active
CUST-1297,2024-11-01,600.0,12,Starter,active
CUST-1298,2024-11-01,75000.0,300,Scale,active
CUST-1299,2024-11-01,1700.0,34,Starter,active
CUST-1300,2024-11-01,600.0,5,Growth,active
CUST-1301,2024-11-01,300.0,6,Starter,active
CUST-1302,2024-11-01,400.0,8,Starter,active
CUST-1303,2024-11-01,400.0,8,Starter,active
CUST-1304,2024-11-01,1680.0,14,Growth,active
CUST-1305,2024-11-01,2880.0,24,Growth,active
CUST-1306,2024-11-01,5520.0,46,Growth,active
CUST-1307,2024-11-01,350.0,7,Starter,active
CUST-1308,2024-11-01,1200.0,10,Growth,active
CUST-1309,2024-11-01,350.0,7,Starter,active
CUST-1310,2024-11-01,7080.0,59,Growth,active
CUST-1311,2024-11-01,75500.0,302,Scale,active
CUST-1312,2024-11-01,1560.0,13,Growth,active
CUST-1313,2024-11-01,900.0,18,Starter,active
CUST-1314,2024-11-01,3360.0,28,Growth,active
CUST-1315,2024-11-01,4800.0,40,Growth,active
CUST-1316,2024-11-01,1440.0,12,Growth,active
CUST-1317,2024-11-01,650.0,13,Starter,active
CUST-1318,2024-11-01,8760.0,73,Growth,active
CUST-1319,2024-11-01,150.0,3,Starter,active
CUST-1320,2024-11-01,840.0,7,Growth,active
CUST-1321,2024-11-01,250.0,5,Starter,active
CUST-1322,2024-11-01,14520.0,121,Growth,active
CUST-1323,2024-11-01,8250.0,33,Scale,active
CUST-1324,2024-11-01,700.0,14,Starter,active
CUST-1325,2024-11-01,650.0,13,Starter,active
CUST-1326,2024-11-01,6720.0,56,Growth,active
CUST-1327,2024-11-01,750.0,15,Starter,active
CUST-1328,2024-11-01,500.0,10,Starter,active
CUST-1329,2024-11-01,700.0,14,Starter,active
CUST-1330,2024-11-01,480.0,4,Growth,active
CUST-1331,2024-11-01,500.0,10,Starter,active
CUST-1332,2024-11-01,750.0,15,Starter,active
CUST-1333,2024-11-01,840.0,7,Growth,active
CUST-1334,2024-11-01,750.0,15,Starter,active
CUST-1335,2024-11-01,1440.0,12,Growth,active
CUST-1336,2024-11-01,2880.0,24,Growth,active
CUST-1337,2024-11-01,300.0,6,Starter,active
CUST-1338,2024-11-01,7320.0,61,Growth,active
CUST-1339,2024-11-01,750.0,3,Scale,active
CUST-1340,2024-11-01,6360.0,53,Growth,active
CUST-1341,2024-11-01,2000.0,8,Scale,active
CUST-1342,2024-11-01,650.0,13,Starter,active
CUST-1343,2024-11-01,1560.0,13,Growth,active
CUST-1344,2024-11-01,200.0,4,Starter,active
CUST-1345,2024-11-01,200.0,4,Starter,active
CUST-1346,2024-11-01,350.0,7,Starter,active
CUST-1348,2024-11-01,3800.0,76,Starter,active
CUST-1349,2024-11-01,200.0,4,Starter,active
CUST-1350,2024-11-01,750.0,15,Starter,active
CUST-1351,2024-11-01,840.0,7,Growth,active
CUST-1352,2024-11-01,1080.0,9,Growth,active
CUST-1353,2024-11-01,250.0,5,Starter,active
CUST-1354,2024-11-01,960.0,8,Growth,active
CUST-1355,2024-11-01,11500.0,46,Scale,active
CUST-1356,2024-11-01,95500.0,382,Scale,active
CUST-1357,2024-11-01,5280.0,44,Growth,active
CUST-1358,2024-11-01,2880.0,24,Growth,active
CUST-1359,2024-11-01,360.0,3,Growth,active
CUST-1361,2024-11-01,15500.0,62,Scale,active
CUST-1362,2024-11-01,3750.0,15,Scale,active
CUST-1364,2024-11-01,300.0,6,Starter,active
CUST-1365,2024-11-01,22800.0,190,Growth,active
CUST-1366,2024-11-01,200.0,4,Starter,active
CUST-1367,2024-11-01,350.0,7,Starter,active
CUST-1368,2024-11-01,500.0,10,Starter,active
CUST-1369,2024-11-01,480.0,4,Growth,active
CUST-1371,2024-11-01,3700.0,74,Starter,active
CUST-1372,2024-11-01,8000.0,32,Scale,active
CUST-1373,2024-11-01,650.0,13,Starter,active
CUST-1374,2024-11-01,150.0,3,Starter,active
CUST-1375,2024-11-01,600.0,12,Starter,active
CUST-1376,2024-11-01,1080.0,9,Growth,active
CUST-1377,2024-11-01,600.0,5,Growth,active
CUST-1379,2024-11-01,600.0,12,Starter,active
CUST-1381,2024-11-01,3720.0,31,Growth,active
CUST-1382,2024-11-01,350.0,7,Starter,active
CUST-1383,2024-11-01,600.0,5,Growth,active
CUST-1384,2024-11-01,600.0,12,Starter,active
CUST-1386,2024-11-01,150.0,3,Starter,active
CUST-1387,2024-11-01,750.0,15,Starter,active
CUST-1389,2024-11-01,150.0,3,Starter,active
CUST-1390,2024-11-01,1560.0,13,Growth,active
CUST-1391,2024-11-01,1750.0,7,Scale,active
CUST-1392,2024-11-01,1320.0,11,Growth,active
CUST-1393,2024-11-01,600.0,12,Starter,active
CUST-1394,2024-11-01,720.0,6,Growth,active
CUST-1397,2024-11-01,5400.0,45,Growth,active
CUST-1398,2024-11-01,480.0,4,Growth,active
CUST-1399,2024-11-01,4560.0,38,Growth,active
CUST-1400,2024-11-01,6120.0,51,Growth,active
CUST-1401,2024-11-01,840.0,7,Growth,active
CUST-1402,2024-11-01,2500.0,50,Starter,active
CUST-1403,2024-11-01,650.0,13,Starter,active
CUST-1404,2024-11-01,2520.0,21,Growth,active
CUST-1405,2024-11-01,1440.0,12,Growth,active
CUST-1406,2024-11-01,150.0,3,Starter,active
CUST-1407,2024-11-01,11000.0,44,Scale,active
CUST-1408,2024-11-01,400.0,8,Starter,active
CUST-1409,2024-11-01,300.0,6,Starter,active
CUST-1410,2024-11-01,350.0,7,Starter,active
CUST-1411,2024-11-01,840.0,7,Growth,active
CUST-1412,2024-11-01,36240.0,302,Growth,active
CUST-1413,2024-11-01,7800.0,65,Growth,active
CUST-1414,2024-11-01,13000.0,52,Scale,active
CUST-1415,2024-11-01,450.0,9,Starter,active
CUST-1416,2024-11-01,1750.0,35,Starter,active
CUST-1419,2024-11-01,3240.0,27,Growth,active
CUST-1420,2024-11-01,400.0,8,Starter,active
CUST-1421,2024-11-01,150.0,3,Starter,active
CUST-1422,2024-11-01,300.0,6,Starter,active
CUST-1423,2024-11-01,350.0,7,Starter,active
CUST-1424,2024-11-01,250.0,5,Starter,active
CUST-1425,2024-11-01,200.0,4,Starter,active
CUST-1426,2024-11-01,350.0,7,Starter,active
CUST-1427,2024-11-01,750.0,15,Starter,active
CUST-1428,2024-11-01,480.0,4,Growth,active
CUST-1429,2024-11-01,150.0,3,Starter,active
CUST-1431,2024-11-01,150.0,3,Starter,active
CUST-1432,2024-11-01,450.0,9,Starter,active
CUST-1433,2024-11-01,400.0,8,Starter,active
CUST-1434,2024-11-01,300.0,6,Starter,active
CUST-1435,2024-11-01,700.0,14,Starter,active
CUST-1436,2024-11-01,1750.0,7,Scale,active
CUST-1437,2024-11-01,250.0,5,Starter,active
CUST-1439,2024-11-01,11250.0,45,Scale,active
CUST-1440,2024-11-01,450.0,9,Starter,active
CUST-1441,2024-11-01,1560.0,13,Growth,active
CUST-1442,2024-11-01,600.0,12,Starter,active
CUST-1443,2024-11-01,8520.0,71,Growth,active
CUST-1444,2024-11-01,1200.0,10,Growth,active
CUST-1445,2024-11-01,650.0,13,Starter,active
CUST-1446,2024-11-01,400.0,8,Starter,active
CUST-1447,2024-11-01,1920.0,16,Growth,active
CUST-1448,2024-11-01,300.0,6,Starter,active
CUST-1449,2024-11-01,840.0,7,Growth,active
CUST-1450,2024-11-01,840.0,7,Growth,active
CUST-1451,2024-11-01,250.0,5,Starter,active
CUST-1452,2024-11-01,450.0,9,Starter,active
CUST-1453,2024-11-01,3550.0,71,Starter,active
CUST-1454,2024-11-01,960.0,8,Growth,active
CUST-1455,2024-11-01,250.0,5,Starter,active
CUST-1456,2024-11-01,3600.0,72,Starter,active
CUST-1457,2024-11-01,550.0,11,Starter,active
CUST-1458,2024-11-01,200.0,4,Starter,active
CUST-1459,2024-11-01,750.0,15,Starter,active
CUST-1460,2024-11-01,19250.0,77,Scale,active
CUST-1461,2024-11-01,450.0,9,Starter,active
CUST-1463,2024-11-01,200.0,4,Starter,active
CUST-1464,2024-11-01,750.0,15,Starter,active
CUST-1465,2024-11-01,5760.0,48,Growth,active
CUST-1466,2024-11-01,300.0,6,Starter,active
CUST-1467,2024-11-01,450.0,9,Starter,active
CUST-1468,2024-11-01,550.0,11,Starter,active
CUST-1469,2024-11-01,550.0,11,Starter,active
CUST-1470,2024-11-01,750.0,15,Starter,active
CUST-1471,2024-11-01,250.0,5,Starter,active
CUST-1472,2024-11-01,600.0,12,Starter,active
CUST-1473,2024-11-01,1200.0,10,Growth,active
CUST-1474,2024-11-01,550.0,11,Starter,active
CUST-1475,2024-11-01,300.0,6,Starter,active
CUST-1476,2024-11-01,450.0,9,Starter,active
CUST-1477,2024-11-01,17500.0,70,Scale,active
CUST-1478,2024-11-01,750.0,15,Starter,active
CUST-1479,2024-11-01,650.0,13,Starter,active
CUST-1480,2024-11-01,450.0,9,Starter,active
CUST-1481,2024-11-01,3840.0,32,Growth,active
CUST-1482,2024-11-01,8160.0,68,Growth,active
CUST-1483,2024-11-01,360.0,3,Growth,active
CUST-1484,2024-11-01,400.0,8,Starter,active
CUST-1485,2024-11-01,500.0,10,Starter,active
CUST-1486,2024-11-01,150.0,3,Starter,active
CUST-1487,2024-11-01,200.0,4,Starter,active
CUST-1488,2024-11-01,1440.0,12,Growth,active
CUST-1489,2024-11-01,600.0,12,Starter,active
CUST-1490,2024-11-01,11500.0,46,Scale,active
CUST-1491,2024-11-01,750.0,15,Starter,active
CUST-1492,2024-11-01,1320.0,11,Growth,active
CUST-1493,2024-11-01,2450.0,49,Starter,active
CUST-1494,2024-11-01,720.0,6,Growth,active
CUST-1495,2024-11-01,60750.0,243,Scale,active
CUST-1496,2024-11-01,840.0,7,Growth,active
CUST-1497,2024-11-01,600.0,12,Starter,active
CUST-1498,2024-11-01,350.0,7,Starter,active
CUST-1499,2024-11-01,1080.0,9,Growth,active
CUST-1500,2024-11-01,2250.0,45,Starter,active
CUST-1501,2024-11-01,480.0,4,Growth,active
CUST-1502,2024-11-01,7560.0,63,Growth,active
CUST-1503,2024-11-01,1920.0,16,Growth,active
CUST-1504,2024-11-01,2000.0,8,Scale,active
CUST-1505,2024-11-01,6120.0,51,Growth,active
CUST-1506,2024-11-01,450.0,9,Starter,active
CUST-1507,2024-11-01,300.0,6,Starter,active
CUST-1508,2024-11-01,750.0,15,Starter,active
CUST-1509,2024-11-01,7920.0,66,Growth,active
CUST-1510,2024-11-01,39120.0,326,Growth,active
CUST-1511,2024-11-01,1560.0,13,Growth,active
CUST-1512,2024-11-01,850.0,17,Starter,active
CUST-1513,2024-11-01,200.0,4,Starter,active
CUST-1514,2024-11-01,2750.0,11,Scale,active
CUST-1515,2024-11-01,480.0,4,Growth,active
CUST-1516,2024-11-01,5160.0,43,Growth,active
CUST-1517,2024-11-01,840.0,7,Growth,active
CUST-1518,2024-11-01,300.0,6,Starter,active
CUST-1519,2024-11-01,350.0,7,Starter,active
CUST-1520,2024-11-01,7320.0,61,Growth,active
CUST-1521,2024-11-01,450.0,9,Starter,active
CUST-1522,2024-11-01,480.0,4,Growth,active
CUST-1523,2024-11-01,700.0,14,Starter,active
CUST-1524,2024-11-01,300.0,6,Starter,active
CUST-1001,2024-12-01,4250.0,17,Scale,active
CUST-1003,2024-12-01,6120.0,51,Growth,active
CUST-1004,2024-12-01,550.0,11,Starter,active
CUST-1005,2024-12-01,97000.0,388,Scale,active
CUST-1007,2024-12-01,500.0,10,Starter,active
CUST-1009,2024-12-01,8280.0,69,Growth,active
CUST-1010,2024-12-01,600.0,5,Growth,active
CUST-1013,2024-12-01,400.0,8,Starter,active
CUST-1014,2024-12-01,2450.0,49,Starter,active
CUST-1015,2024-12-01,2160.0,18,Growth,active
CUST-1016,2024-12-01,600.0,12,Starter,active
CUST-1017,2024-12-01,500.0,10,Starter,active
CUST-1018,2024-12-01,400.0,8,Starter,active
CUST-1019,2024-12-01,93000.0,372,Scale,active
CUST-1021,2024-12-01,650.0,13,Starter,active
CUST-1022,2024-12-01,8040.0,67,Growth,active
CUST-1024,2024-12-01,450.0,9,Starter,active
CUST-1026,2024-12-01,5280.0,44,Growth,active
CUST-1027,2024-12-01,750.0,15,Starter,active
CUST-1028,2024-12-01,960.0,8,Growth,active
CUST-1029,2024-12-01,250.0,5,Starter,active
CUST-1030,2024-12-01,600.0,12,Starter,active
CUST-1032,2024-12-01,840.0,7,Growth,active
CUST-1033,2024-12-01,480.0,4,Growth,active
CUST-1036,2024-12-01,1350.0,27,Starter,active
CUST-1037,2024-12-01,840.0,7,Growth,active
CUST-1039,2024-12-01,300.0,6,Starter,active
CUST-1040,2024-12-01,3150.0,63,Starter,active
CUST-1041,2024-12-01,350.0,7,Starter,active
CUST-1042,2024-12-01,1100.0,22,Starter,active
CUST-1043,2024-12-01,300.0,6,Starter,active
CUST-1044,2024-12-01,2950.0,59,Starter,active
CUST-1045,2024-12-01,750.0,15,Starter,active
CUST-1046,2024-12-01,450.0,9,Starter,active
CUST-1048,2024-12-01,360.0,3,Growth,active
CUST-1049,2024-12-01,6600.0,55,Growth,active
CUST-1050,2024-12-01,200.0,4,Starter,active
CUST-1051,2024-12-01,600.0,12,Starter,active
CUST-1052,2024-12-01,300.0,6,Starter,active
CUST-1054,2024-12-01,2160.0,18,Growth,active
CUST-1056,2024-12-01,500.0,10,Starter,active
CUST-1057,2024-12-01,300.0,6,Starter,active
CUST-1059,2024-12-01,6120.0,51,Growth,active
CUST-1060,2024-12-01,700.0,14,Starter,active
CUST-1061,2024-12-01,5400.0,45,Growth,active
CUST-1063,2024-12-01,62500.0,250,Scale,active
CUST-1064,2024-12-01,750.0,15,Starter,active
CUST-1065,2024-12-01,500.0,10,Starter,active
CUST-1066,2024-12-01,1560.0,13,Growth,active
CUST-1067,2024-12-01,750.0,15,Starter,active
CUST-1068,2024-12-01,5160.0,43,Growth,active
CUST-1069,2024-12-01,1200.0,10,Growth,active
CUST-1071,2024-12-01,53250.0,213,Scale,active
CUST-1073,2024-12-01,4080.0,34,Growth,active
CUST-1074,2024-12-01,21000.0,84,Scale,active
CUST-1075,2024-12-01,4000.0,16,Scale,active
CUST-1076,2024-12-01,2400.0,20,Growth,active
CUST-1077,2024-12-01,700.0,14,Starter,active
CUST-1078,2024-12-01,150.0,3,Starter,active
CUST-1082,2024-12-01,47520.0,396,Growth,active
CUST-1083,2024-12-01,1850.0,37,Starter,active
CUST-1084,2024-12-01,900.0,18,Starter,active
CUST-1085,2024-12-01,5640.0,47,Growth,active
CUST-1086,2024-12-01,750.0,15,Starter,active
CUST-1087,2024-12-01,500.0,10,Starter,active
CUST-1088,2024-12-01,700.0,14,Starter,active
CUST-1090,2024-12-01,6840.0,57,Growth,active
CUST-1091,2024-12-01,500.0,10,Starter,active
CUST-1092,2024-12-01,10080.0,84,Growth,active
CUST-1095,2024-12-01,6360.0,53,Growth,active
CUST-1096,2024-12-01,200.0,4,Starter,active
CUST-1097,2024-12-01,4080.0,34,Growth,active
CUST-1099,2024-12-01,4560.0,38,Growth,active
CUST-1100,2024-12-01,200.0,4,Starter,active
CUST-1101,2024-12-01,300.0,6,Starter,active
CUST-1102,2024-12-01,350.0,7,Starter,active
CUST-1103,2024-12-01,500.0,10,Starter,active
CUST-1104,2024-12-01,450.0,9,Starter,active
CUST-1106,2024-12-01,7200.0,60,Growth,active
CUST-1107,2024-12-01,400.0,8,Starter,active
CUST-1108,2024-12-01,250.0,5,Starter,active
CUST-1109,2024-12-01,1080.0,9,Growth,active
CUST-1110,2024-12-01,1320.0,11,Growth,active
CUST-1111,2024-12-01,2650.0,53,Starter,active
CUST-1112,2024-12-01,2750.0,11,Scale,active
CUST-1113,2024-12-01,1850.0,37,Starter,active
CUST-1114,2024-12-01,83250.0,333,Scale,active
CUST-1115,2024-12-01,720.0,6,Growth,active
CUST-1116,2024-12-01,150.0,3,Starter,active
CUST-1117,2024-12-01,4560.0,38,Growth,active
CUST-1118,2024-12-01,300.0,6,Starter,active
CUST-1119,2024-12-01,1200.0,10,Growth,active
CUST-1120,2024-12-01,700.0,14,Starter,active
CUST-1122,2024-12-01,8520.0,71,Growth,active
CUST-1124,2024-12-01,650.0,13,Starter,active
CUST-1125,2024-12-01,700.0,14,Starter,active
CUST-1126,2024-12-01,8760.0,73,Growth,active
CUST-1127,2024-12-01,600.0,12,Starter,active
CUST-1129,2024-12-01,1200.0,10,Growth,active
CUST-1130,2024-12-01,82750.0,331,Scale,active
CUST-1132,2024-12-01,1200.0,10,Growth,active
CUST-1133,2024-12-01,300.0,6,Starter,active
CUST-1135,2024-12-01,300.0,6,Starter,active
CUST-1136,2024-12-01,750.0,15,Starter,active
CUST-1137,2024-12-01,3360.0,28,Growth,active
CUST-1138,2024-12-01,500.0,10,Starter,active
CUST-1140,2024-12-01,650.0,13,Starter,active
CUST-1141,2024-12-01,550.0,11,Starter,active
CUST-1142,2024-12-01,1920.0,16,Growth,active
CUST-1144,2024-12-01,650.0,13,Starter,active
CUST-1145,2024-12-01,700.0,14,Starter,active
CUST-1146,2024-12-01,3480.0,29,Growth,active
CUST-1147,2024-12-01,650.0,13,Starter,active
CUST-1148,2024-12-01,22200.0,444,Starter,active
CUST-1150,2024-12-01,300.0,6,Starter,active
CUST-1151,2024-12-01,700.0,14,Starter,active
CUST-1152,2024-12-01,500.0,10,Starter,active
CUST-1153,2024-12-01,8520.0,71,Growth,active
CUST-1154,2024-12-01,850.0,17,Starter,active
CUST-1155,2024-12-01,720.0,6,Growth,active
CUST-1156,2024-12-01,8040.0,67,Growth,active
CUST-1158,2024-12-01,1320.0,11,Growth,active
CUST-1160,2024-12-01,6960.0,58,Growth,active
CUST-1161,2024-12-01,1080.0,9,Growth,active
CUST-1162,2024-12-01,350.0,7,Starter,active
CUST-1163,2024-12-01,34320.0,286,Growth,active
CUST-1165,2024-12-01,720.0,6,Growth,active
CUST-1166,2024-12-01,480.0,4,Growth,active
CUST-1167,2024-12-01,82250.0,329,Scale,active
CUST-1168,2024-12-01,720.0,6,Growth,active
CUST-1169,2024-12-01,200.0,4,Starter,active
CUST-1170,2024-12-01,750.0,15,Starter,active
CUST-1171,2024-12-01,300.0,6,Starter,active
CUST-1172,2024-12-01,3720.0,31,Growth,active
CUST-1173,2024-12-01,16500.0,66,Scale,active
CUST-1174,2024-12-01,720.0,6,Growth,active
CUST-1175,2024-12-01,400.0,8,Starter,active
CUST-1177,2024-12-01,900.0,18,Starter,active
CUST-1178,2024-12-01,800.0,16,Starter,active
CUST-1179,2024-12-01,2640.0,22,Growth,active
CUST-1180,2024-12-01,1200.0,24,Starter,active
CUST-1181,2024-12-01,1560.0,13,Growth,active
CUST-1182,2024-12-01,2000.0,8,Scale,active
CUST-1186,2024-12-01,1560.0,13,Growth,active
CUST-1187,2024-12-01,450.0,9,Starter,active
CUST-1188,2024-12-01,1320.0,11,Growth,active
CUST-1189,2024-12-01,750.0,15,Starter,active
CUST-1192,2024-12-01,550.0,11,Starter,active
CUST-1194,2024-12-01,600.0,12,Starter,active
CUST-1195,2024-12-01,600.0,12,Starter,active
CUST-1196,2024-12-01,5640.0,47,Growth,active
CUST-1198,2024-12-01,87250.0,349,Scale,active
CUST-1199,2024-12-01,550.0,11,Starter,active
CUST-1200,2024-12-01,1200.0,10,Growth,active
CUST-1201,2024-12-01,480.0,4,Growth,active
CUST-1202,2024-12-01,3250.0,13,Scale,active
CUST-1203,2024-12-01,720.0,6,Growth,active
CUST-1205,2024-12-01,6360.0,53,Growth,active
CUST-1206,2024-12-01,2750.0,11,Scale,active
CUST-1207,2024-12-01,3960.0,33,Growth,active
CUST-1208,2024-12-01,360.0,3,Growth,active
CUST-1209,2024-12-01,1200.0,10,Growth,active
CUST-1210,2024-12-01,700.0,14,Starter,active
CUST-1211,2024-12-01,300.0,6,Starter,active
CUST-1212,2024-12-01,150.0,3,Starter,active
CUST-1213,2024-12-01,2040.0,17,Growth,active
CUST-1214,2024-12-01,450.0,9,Starter,active
CUST-1215,2024-12-01,550.0,11,Starter,active
CUST-1216,2024-12-01,480.0,4,Growth,active
CUST-1217,2024-12-01,800.0,16,Starter,active
CUST-1218,2024-12-01,8880.0,74,Growth,active
CUST-1219,2024-12-01,4560.0,38,Growth,active
CUST-1220,2024-12-01,150.0,3,Starter,active
CUST-1222,2024-12-01,450.0,9,Starter,active
CUST-1223,2024-12-01,650.0,13,Starter,active
CUST-1224,2024-12-01,450.0,9,Starter,active
CUST-1226,2024-12-01,960.0,8,Growth,active
CUST-1227,2024-12-01,650.0,13,Starter,active
CUST-1230,2024-12-01,950.0,19,Starter,active
CUST-1231,2024-12-01,8500.0,34,Scale,active
CUST-1232,2024-12-01,750.0,15,Starter,active
CUST-1233,2024-12-01,240.0,2,Growth,active
CUST-1234,2024-12-01,960.0,8,Growth,active
CUST-1235,2024-12-01,300.0,6,Starter,active
CUST-1236,2024-12-01,550.0,11,Starter,active
CUST-1237,2024-12-01,7440.0,62,Growth,active
CUST-1238,2024-12-01,3600.0,30,Growth,active
CUST-1239,2024-12-01,17750.0,71,Scale,active
CUST-1240,2024-12-01,150.0,3,Starter,active
CUST-1242,2024-12-01,700.0,14,Starter,active
CUST-1243,2024-12-01,360.0,3,Growth,active
CUST-1244,2024-12-01,250.0,5,Starter,active
CUST-1246,2024-12-01,840.0,7,Growth,active
CUST-1247,2024-12-01,750.0,15,Starter,active
CUST-1248,2024-12-01,550.0,11,Starter,active
CUST-1249,2024-12-01,400.0,8,Starter,active
CUST-1250,2024-12-01,350.0,7,Starter,active
CUST-1251,2024-12-01,1680.0,14,Growth,active
CUST-1252,2024-12-01,2000.0,8,Scale,active
CUST-1255,2024-12-01,6480.0,54,Growth,active
CUST-1256,2024-12-01,750.0,15,Starter,active
CUST-1259,2024-12-01,55750.0,223,Scale,active
CUST-1260,2024-12-01,350.0,7,Starter,active
CUST-1261,2024-12-01,1700.0,34,Starter,active
CUST-1262,2024-12-01,1800.0,15,Growth,active
CUST-1263,2024-12-01,200.0,4,Starter,active
CUST-1264,2024-12-01,700.0,14,Starter,active
CUST-1265,2024-12-01,2520.0,21,Growth,active
CUST-1266,2024-12-01,5160.0,43,Growth,active
CUST-1267,2024-12-01,250.0,5,Starter,active
CUST-1268,2024-12-01,700.0,14,Starter,active
CUST-1269,2024-12-01,300.0,6,Starter,active
CUST-1270,2024-12-01,450.0,9,Starter,active
CUST-1272,2024-12-01,2160.0,18,Growth,active
CUST-1273,2024-12-01,4920.0,41,Growth,active
CUST-1274,2024-12-01,1800.0,15,Growth,active
CUST-1275,2024-12-01,840.0,7,Growth,active
CUST-1276,2024-12-01,6360.0,53,Growth,active
CUST-1277,2024-12-01,350.0,7,Starter,active
CUST-1278,2024-12-01,6000.0,50,Growth,active
CUST-1280,2024-12-01,480.0,4,Growth,active
CUST-1281,2024-12-01,3480.0,29,Growth,active
CUST-1282,2024-12-01,400.0,8,Starter,active
CUST-1283,2024-12-01,700.0,14,Starter,active
CUST-1284,2024-12-01,1800.0,15,Growth,active
CUST-1286,2024-12-01,200.0,4,Starter,active
CUST-1287,2024-12-01,3240.0,27,Growth,active
CUST-1289,2024-12-01,750.0,15,Starter,active
CUST-1290,2024-12-01,600.0,5,Growth,active
CUST-1291,2024-12-01,250.0,5,Starter,active
CUST-1292,2024-12-01,1680.0,14,Growth,active
CUST-1293,2024-12-01,110000.0,440,Scale,active
CUST-1294,2024-12-01,7440.0,62,Growth,active
CUST-1295,2024-12-01,250.0,5,Starter,active
CUST-1296,2024-12-01,1920.0,16,Growth,active
CUST-1297,2024-12-01,600.0,12,Starter,active
CUST-1298,2024-12-01,75000.0,300,Scale,active
CUST-1300,2024-12-01,600.0,5,Growth,active
CUST-1301,2024-12-01,250.0,5,Starter,active
CUST-1302,2024-12-01,400.0,8,Starter,active
CUST-1303,2024-12-01,400.0,8,Starter,active
CUST-1305,2024-12-01,2880.0,24,Growth,active
CUST-1306,2024-12-01,5520.0,46,Growth,active
CUST-1307,2024-12-01,350.0,7,Starter,active
CUST-1308,2024-12-01,1200.0,10,Growth,active
CUST-1309,2024-12-01,350.0,7,Starter,active
CUST-1310,2024-12-01,7080.0,59,Growth,active
CUST-1311,2024-12-01,75500.0,302,Scale,active
CUST-1312,2024-12-01,1560.0,13,Growth,active
CUST-1313,2024-12-01,900.0,18,Starter,active
CUST-1314,2024-12-01,3360.0,28,Growth,active
CUST-1315,2024-12-01,4800.0,40,Growth,active
CUST-1316,2024-12-01,1440.0,12,Growth,active
CUST-1317,2024-12-01,650.0,13,Starter,active
CUST-1318,2024-12-01,8760.0,73,Growth,active
CUST-1319,2024-12-01,150.0,3,Starter,active
CUST-1320,2024-12-01,840.0,7,Growth,active
CUST-1321,2024-12-01,250.0,5,Starter,active
CUST-1322,2024-12-01,16320.0,136,Growth,active
CUST-1323,2024-12-01,8250.0,33,Scale,active
CUST-1324,2024-12-01,700.0,14,Starter,active
CUST-1325,2024-12-01,650.0,13,Starter,active
CUST-1326,2024-12-01,6720.0,56,Growth,active
CUST-1327,2024-12-01,750.0,15,Starter,active
CUST-1328,2024-12-01,500.0,10,Starter,active
CUST-1329,2024-12-01,700.0,14,Starter,active
CUST-1330,2024-12-01,480.0,4,Growth,active
CUST-1331,2024-12-01,500.0,10,Starter,active
CUST-1332,2024-12-01,750.0,15,Starter,active
CUST-1333,2024-12-01,840.0,7,Growth,active
CUST-1334,2024-12-01,750.0,15,Starter,active
CUST-1335,2024-12-01,1440.0,12,Growth,active
CUST-1336,2024-12-01,2880.0,24,Growth,active
CUST-1337,2024-12-01,300.0,6,Starter,active
CUST-1338,2024-12-01,7320.0,61,Growth,active
CUST-1339,2024-12-01,750.0,3,Scale,active
CUST-1340,2024-12-01,6360.0,53,Growth,active
CUST-1341,2024-12-01,2000.0,8,Scale,active
CUST-1342,2024-12-01,650.0,13,Starter,active
CUST-1343,2024-12-01,1560.0,13,Growth,active
CUST-1344,2024-12-01,200.0,4,Starter,active
CUST-1345,2024-12-01,200.0,4,Starter,active
CUST-1346,2024-12-01,350.0,7,Starter,active
CUST-1348,2024-12-01,4400.0,88,Starter,active
CUST-1349,2024-12-01,200.0,4,Starter,active
CUST-1350,2024-12-01,750.0,15,Starter,active
CUST-1351,2024-12-01,840.0,7,Growth,active
CUST-1352,2024-12-01,1080.0,9,Growth,active
CUST-1353,2024-12-01,250.0,5,Starter,active
CUST-1354,2024-12-01,960.0,8,Growth,active
CUST-1355,2024-12-01,11500.0,46,Scale,active
CUST-1356,2024-12-01,95500.0,382,Scale,active
CUST-1357,2024-12-01,5280.0,44,Growth,active
CUST-1358,2024-12-01,2880.0,24,Growth,active
CUST-1359,2024-12-01,360.0,3,Growth,active
CUST-1361,2024-12-01,15500.0,62,Scale,active
CUST-1362,2024-12-01,3750.0,15,Scale,active
CUST-1364,2024-12-01,300.0,6,Starter,active
CUST-1365,2024-12-01,22800.0,190,Growth,active
CUST-1366,2024-12-01,200.0,4,Starter,active
CUST-1367,2024-12-01,350.0,7,Starter,active
CUST-1368,2024-12-01,500.0,10,Starter,active
CUST-1369,2024-12-01,480.0,4,Growth,active
CUST-1371,2024-12-01,3700.0,74,Starter,active
CUST-1372,2024-12-01,8000.0,32,Scale,active
CUST-1373,2024-12-01,650.0,13,Starter,active
CUST-1374,2024-12-01,150.0,3,Starter,active
CUST-1375,2024-12-01,600.0,12,Starter,active
CUST-1376,2024-12-01,1080.0,9,Growth,active
CUST-1377,2024-12-01,600.0,5,Growth,active
CUST-1379,2024-12-01,600.0,12,Starter,active
CUST-1381,2024-12-01,3720.0,31,Growth,active
CUST-1382,2024-12-01,350.0,7,Starter,active
CUST-1383,2024-12-01,600.0,5,Growth,active
CUST-1384,2024-12-01,600.0,12,Starter,active
CUST-1386,2024-12-01,150.0,3,Starter,active
CUST-1387,2024-12-01,900.0,18,Starter,active
CUST-1389,2024-12-01,150.0,3,Starter,active
CUST-1391,2024-12-01,1750.0,7,Scale,active
CUST-1392,2024-12-01,1320.0,11,Growth,active
CUST-1393,2024-12-01,600.0,12,Starter,active
CUST-1394,2024-12-01,720.0,6,Growth,active
CUST-1397,2024-12-01,5400.0,45,Growth,active
CUST-1398,2024-12-01,480.0,4,Growth,active
CUST-1399,2024-12-01,4560.0,38,Growth,active
CUST-1400,2024-12-01,6120.0,51,Growth,active
CUST-1401,2024-12-01,1080.0,9,Growth,active
CUST-1402,2024-12-01,2500.0,50,Starter,active
CUST-1403,2024-12-01,650.0,13,Starter,active
CUST-1404,2024-12-01,2520.0,21,Growth,active
CUST-1405,2024-12-01,1440.0,12,Growth,active
CUST-1406,2024-12-01,150.0,3,Starter,active
CUST-1407,2024-12-01,11000.0,44,Scale,active
CUST-1408,2024-12-01,400.0,8,Starter,active
CUST-1409,2024-12-01,300.0,6,Starter,active
CUST-1410,2024-12-01,350.0,7,Starter,active
CUST-1411,2024-12-01,840.0,7,Growth,active
CUST-1412,2024-12-01,36240.0,302,Growth,active
CUST-1413,2024-12-01,7800.0,65,Growth,active
CUST-1414,2024-12-01,15500.0,62,Scale,active
CUST-1415,2024-12-01,450.0,9,Starter,active
CUST-1416,2024-12-01,1750.0,35,Starter,active
CUST-1419,2024-12-01,3240.0,27,Growth,active
CUST-1420,2024-12-01,400.0,8,Starter,active
CUST-1421,2024-12-01,150.0,3,Starter,active
CUST-1422,2024-12-01,300.0,6,Starter,active
CUST-1423,2024-12-01,350.0,7,Starter,active
CUST-1424,2024-12-01,250.0,5,Starter,active
CUST-1425,2024-12-01,200.0,4,Starter,active
CUST-1426,2024-12-01,350.0,7,Starter,active
CUST-1427,2024-12-01,750.0,15,Starter,active
CUST-1428,2024-12-01,480.0,4,Growth,active
CUST-1429,2024-12-01,150.0,3,Starter,active
CUST-1431,2024-12-01,150.0,3,Starter,active
CUST-1432,2024-12-01,450.0,9,Starter,active
CUST-1433,2024-12-01,400.0,8,Starter,active
CUST-1434,2024-12-01,300.0,6,Starter,active
CUST-1435,2024-12-01,700.0,14,Starter,active
CUST-1436,2024-12-01,1750.0,7,Scale,active
CUST-1437,2024-12-01,250.0,5,Starter,active
CUST-1439,2024-12-01,11250.0,45,Scale,active
CUST-1440,2024-12-01,450.0,9,Starter,active
CUST-1441,2024-12-01,1560.0,13,Growth,active
CUST-1442,2024-12-01,600.0,12,Starter,active
CUST-1443,2024-12-01,8520.0,71,Growth,active
CUST-1444,2024-12-01,1200.0,10,Growth,active
CUST-1445,2024-12-01,650.0,13,Starter,active
CUST-1446,2024-12-01,400.0,8,Starter,active
CUST-1447,2024-12-01,1920.0,16,Growth,active
CUST-1448,2024-12-01,300.0,6,Starter,active
CUST-1449,2024-12-01,840.0,7,Growth,active
CUST-1450,2024-12-01,840.0,7,Growth,active
CUST-1451,2024-12-01,250.0,5,Starter,active
CUST-1452,2024-12-01,500.0,10,Starter,active
CUST-1453,2024-12-01,3550.0,71,Starter,active
CUST-1454,2024-12-01,960.0,8,Growth,active
CUST-1455,2024-12-01,250.0,5,Starter,active
CUST-1456,2024-12-01,3600.0,72,Starter,active
CUST-1457,2024-12-01,550.0,11,Starter,active
CUST-1458,2024-12-01,200.0,4,Starter,active
CUST-1459,2024-12-01,750.0,15,Starter,active
CUST-1460,2024-12-01,19250.0,77,Scale,active
CUST-1461,2024-12-01,450.0,9,Starter,active
CUST-1463,2024-12-01,200.0,4,Starter,active
CUST-1464,2024-12-01,750.0,15,Starter,active
CUST-1465,2024-12-01,5760.0,48,Growth,active
CUST-1466,2024-12-01,300.0,6,Starter,active
CUST-1467,2024-12-01,450.0,9,Starter,active
CUST-1468,2024-12-01,550.0,11,Starter,active
CUST-1469,2024-12-01,550.0,11,Starter,active
CUST-1470,2024-12-01,750.0,15,Starter,active
CUST-1471,2024-12-01,250.0,5,Starter,active
CUST-1472,2024-12-01,600.0,12,Starter,active
CUST-1473,2024-12-01,1200.0,10,Growth,active
CUST-1474,2024-12-01,550.0,11,Starter,active
CUST-1475,2024-12-01,300.0,6,Starter,active
CUST-1476,2024-12-01,450.0,9,Starter,active
CUST-1477,2024-12-01,20250.0,81,Scale,active
CUST-1478,2024-12-01,750.0,15,Starter,active
CUST-1479,2024-12-01,650.0,13,Starter,active
CUST-1480,2024-12-01,450.0,9,Starter,active
CUST-1481,2024-12-01,3840.0,32,Growth,active
CUST-1482,2024-12-01,8160.0,68,Growth,active
CUST-1483,2024-12-01,360.0,3,Growth,active
CUST-1484,2024-12-01,400.0,8,Starter,active
CUST-1485,2024-12-01,500.0,10,Starter,active
CUST-1486,2024-12-01,150.0,3,Starter,active
CUST-1487,2024-12-01,200.0,4,Starter,active
CUST-1488,2024-12-01,1440.0,12,Growth,active
CUST-1489,2024-12-01,600.0,12,Starter,active
CUST-1490,2024-12-01,11500.0,46,Scale,active
CUST-1491,2024-12-01,750.0,15,Starter,active
CUST-1492,2024-12-01,1320.0,11,Growth,active
CUST-1493,2024-12-01,2450.0,49,Starter,active
CUST-1494,2024-12-01,720.0,6,Growth,active
CUST-1495,2024-12-01,60750.0,243,Scale,active
CUST-1496,2024-12-01,840.0,7,Growth,active
CUST-1497,2024-12-01,600.0,12,Starter,active
CUST-1498,2024-12-01,350.0,7,Starter,active
CUST-1499,2024-12-01,1080.0,9,Growth,active
CUST-1500,2024-12-01,2250.0,45,Starter,active
CUST-1501,2024-12-01,480.0,4,Growth,active
CUST-1502,2024-12-01,7560.0,63,Growth,active
CUST-1503,2024-12-01,1920.0,16,Growth,active
CUST-1504,2024-12-01,2000.0,8,Scale,active
CUST-1506,2024-12-01,450.0,9,Starter,active
CUST-1507,2024-12-01,300.0,6,Starter,active
CUST-1508,2024-12-01,750.0,15,Starter,active
CUST-1509,2024-12-01,7920.0,66,Growth,active
CUST-1510,2024-12-01,39120.0,326,Growth,active
CUST-1511,2024-12-01,1560.0,13,Growth,active
CUST-1512,2024-12-01,850.0,17,Starter,active
CUST-1513,2024-12-01,200.0,4,Starter,active
CUST-1514,2024-12-01,2750.0,11,Scale,active
CUST-1515,2024-12-01,480.0,4,Growth,active
CUST-1516,2024-12-01,5160.0,43,Growth,active
CUST-1517,2024-12-01,840.0,7,Growth,active
CUST-1518,2024-12-01,300.0,6,Starter,active
CUST-1519,2024-12-01,400.0,8,Starter,active
CUST-1520,2024-12-01,7920.0,66,Growth,active
CUST-1521,2024-12-01,450.0,9,Starter,active
CUST-1522,2024-12-01,480.0,4,Growth,active
CUST-1523,2024-12-01,700.0,14,Starter,active
CUST-1524,2024-12-01,300.0,6,Starter,active
CUST-1525,2024-12-01,350.0,7,Starter,active
CUST-1526,2024-12-01,750.0,15,Starter,active
CUST-1527,2024-12-01,400.0,8,Starter,active
CUST-1528,2024-12-01,1320.0,11,Growth,active
CUST-1529,2024-12-01,1200.0,10,Growth,active
CUST-1530,2024-12-01,5880.0,49,Growth,active
CUST-1531,2024-12-01,1680.0,14,Growth,active
CUST-1532,2024-12-01,750.0,15,Starter,active
CUST-1533,2024-12-01,350.0,7,Starter,active
CUST-1534,2024-12-01,250.0,5,Starter,active
CUST-1535,2024-12-01,250.0,5,Starter,active
CUST-1536,2024-12-01,650.0,13,Starter,active
CUST-1537,2024-12-01,12600.0,105,Growth,active
CUST-1538,2024-12-01,700.0,14,Starter,active
CUST-1539,2024-12-01,17500.0,70,Scale,active
CUST-1540,2024-12-01,300.0,6,Starter,active
CUST-1541,2024-12-01,300.0,6,Starter,active
CUST-1542,2024-12-01,1560.0,13,Growth,active
CUST-1543,2024-12-01,250.0,5,Starter,active
CUST-1544,2024-12-01,150.0,3,Starter,active
CUST-1001,2025-01-01,4250.0,17,Scale,active
CUST-1003,2025-01-01,6120.0,51,Growth,active
CUST-1004,2025-01-01,550.0,11,Starter,active
CUST-1005,2025-01-01,97000.0,388,Scale,active
CUST-1007,2025-01-01,600.0,12,Starter,active
CUST-1009,2025-01-01,8280.0,69,Growth,active
CUST-1010,2025-01-01,600.0,5,Growth,active
CUST-1013,2025-01-01,400.0,8,Starter,active
CUST-1014,2025-01-01,2450.0,49,Starter,active
CUST-1015,2025-01-01,2160.0,18,Growth,active
CUST-1016,2025-01-01,600.0,12,Starter,active
CUST-1017,2025-01-01,500.0,10,Starter,active
CUST-1018,2025-01-01,400.0,8,Starter,active
CUST-1019,2025-01-01,93000.0,372,Scale,active
CUST-1021,2025-01-01,650.0,13,Starter,active
CUST-1022,2025-01-01,8040.0,67,Growth,active
CUST-1024,2025-01-01,450.0,9,Starter,active
CUST-1026,2025-01-01,5760.0,48,Growth,active
CUST-1027,2025-01-01,750.0,15,Starter,active
CUST-1028,2025-01-01,840.0,7,Growth,active
CUST-1029,2025-01-01,250.0,5,Starter,active
CUST-1030,2025-01-01,600.0,12,Starter,active
CUST-1032,2025-01-01,840.0,7,Growth,active
CUST-1033,2025-01-01,480.0,4,Growth,active
CUST-1037,2025-01-01,840.0,7,Growth,active
CUST-1039,2025-01-01,300.0,6,Starter,active
CUST-1040,2025-01-01,3150.0,63,Starter,active
CUST-1041,2025-01-01,350.0,7,Starter,active
CUST-1042,2025-01-01,1100.0,22,Starter,active
CUST-1043,2025-01-01,300.0,6,Starter,active
CUST-1044,2025-01-01,2950.0,59,Starter,active
CUST-1045,2025-01-01,750.0,15,Starter,active
CUST-1046,2025-01-01,450.0,9,Starter,active
CUST-1048,2025-01-01,360.0,3,Growth,active
CUST-1049,2025-01-01,6600.0,55,Growth,active
CUST-1050,2025-01-01,200.0,4,Starter,active
CUST-1051,2025-01-01,600.0,12,Starter,active
CUST-1052,2025-01-01,300.0,6,Starter,active
CUST-1054,2025-01-01,2160.0,18,Growth,active
CUST-1056,2025-01-01,500.0,10,Starter,active
CUST-1057,2025-01-01,300.0,6,Starter,active
CUST-1059,2025-01-01,6120.0,51,Growth,active
CUST-1060,2025-01-01,700.0,14,Starter,active
CUST-1061,2025-01-01,5400.0,45,Growth,active
CUST-1063,2025-01-01,62500.0,250,Scale,active
CUST-1064,2025-01-01,750.0,15,Starter,active
CUST-1065,2025-01-01,500.0,10,Starter,active
CUST-1066,2025-01-01,1560.0,13,Growth,active
CUST-1067,2025-01-01,750.0,15,Starter,active
CUST-1068,2025-01-01,5160.0,43,Growth,active
CUST-1069,2025-01-01,1200.0,10,Growth,active
CUST-1071,2025-01-01,53250.0,213,Scale,active
CUST-1073,2025-01-01,4080.0,34,Growth,active
CUST-1074,2025-01-01,21000.0,84,Scale,active
CUST-1075,2025-01-01,4000.0,16,Scale,active
CUST-1076,2025-01-01,2400.0,20,Growth,active
CUST-1077,2025-01-01,700.0,14,Starter,active
CUST-1078,2025-01-01,150.0,3,Starter,active
CUST-1082,2025-01-01,57480.0,479,Growth,active
CUST-1083,2025-01-01,1850.0,37,Starter,active
CUST-1084,2025-01-01,900.0,18,Starter,active
CUST-1085,2025-01-01,5640.0,47,Growth,active
CUST-1086,2025-01-01,750.0,15,Starter,active
CUST-1087,2025-01-01,500.0,10,Starter,active
CUST-1088,2025-01-01,700.0,14,Starter,active
CUST-1090,2025-01-01,6840.0,57,Growth,active
CUST-1091,2025-01-01,500.0,10,Starter,active
CUST-1092,2025-01-01,10080.0,84,Growth,active
CUST-1095,2025-01-01,6360.0,53,Growth,active
CUST-1096,2025-01-01,200.0,4,Starter,active
CUST-1097,2025-01-01,4080.0,34,Growth,active
CUST-1099,2025-01-01,4560.0,38,Growth,active
CUST-1100,2025-01-01,200.0,4,Starter,active
CUST-1101,2025-01-01,300.0,6,Starter,active
CUST-1102,2025-01-01,350.0,7,Starter,active
CUST-1103,2025-01-01,500.0,10,Starter,active
CUST-1104,2025-01-01,450.0,9,Starter,active
CUST-1106,2025-01-01,7200.0,60,Growth,active
CUST-1107,2025-01-01,400.0,8,Starter,active
CUST-1108,2025-01-01,250.0,5,Starter,active
CUST-1109,2025-01-01,1080.0,9,Growth,active
CUST-1110,2025-01-01,1320.0,11,Growth,active
CUST-1111,2025-01-01,2650.0,53,Starter,active
CUST-1112,2025-01-01,2750.0,11,Scale,active
CUST-1113,2025-01-01,1850.0,37,Starter,active
CUST-1114,2025-01-01,83250.0,333,Scale,active
CUST-1115,2025-01-01,720.0,6,Growth,active
CUST-1116,2025-01-01,150.0,3,Starter,active
CUST-1117,2025-01-01,4560.0,38,Growth,active
CUST-1118,2025-01-01,300.0,6,Starter,active
CUST-1119,2025-01-01,1200.0,10,Growth,active
CUST-1120,2025-01-01,700.0,14,Starter,active
CUST-1122,2025-01-01,8520.0,71,Growth,active
CUST-1124,2025-01-01,650.0,13,Starter,active
CUST-1125,2025-01-01,650.0,13,Starter,active
CUST-1126,2025-01-01,8760.0,73,Growth,active
CUST-1127,2025-01-01,600.0,12,Starter,active
CUST-1129,2025-01-01,1200.0,10,Growth,active
CUST-1130,2025-01-01,82750.0,331,Scale,active
CUST-1132,2025-01-01,1200.0,10,Growth,active
CUST-1133,2025-01-01,300.0,6,Starter,active
CUST-1135,2025-01-01,300.0,6,Starter,active
CUST-1136,2025-01-01,750.0,15,Starter,active
CUST-1137,2025-01-01,4080.0,34,Growth,active
CUST-1138,2025-01-01,500.0,10,Starter,active
CUST-1140,2025-01-01,650.0,13,Starter,active
CUST-1141,2025-01-01,550.0,11,Starter,active
CUST-1142,2025-01-01,1920.0,16,Growth,active
CUST-1144,2025-01-01,650.0,13,Starter,active
CUST-1145,2025-01-01,700.0,14,Starter,active
CUST-1146,2025-01-01,3120.0,26,Growth,active
CUST-1147,2025-01-01,650.0,13,Starter,active
CUST-1148,2025-01-01,22200.0,444,Starter,active
CUST-1150,2025-01-01,300.0,6,Starter,active
CUST-1151,2025-01-01,700.0,14,Starter,active
CUST-1152,2025-01-01,500.0,10,Starter,active
CUST-1153,2025-01-01,8520.0,71,Growth,active
CUST-1154,2025-01-01,850.0,17,Starter,active
CUST-1155,2025-01-01,720.0,6,Growth,active
CUST-1156,2025-01-01,8040.0,67,Growth,active
CUST-1158,2025-01-01,1320.0,11,Growth,active
CUST-1160,2025-01-01,6960.0,58,Growth,active
CUST-1161,2025-01-01,1080.0,9,Growth,active
CUST-1162,2025-01-01,350.0,7,Starter,active
CUST-1163,2025-01-01,34320.0,286,Growth,active
CUST-1165,2025-01-01,720.0,6,Growth,active
CUST-1166,2025-01-01,480.0,4,Growth,active
CUST-1167,2025-01-01,82250.0,329,Scale,active
CUST-1168,2025-01-01,720.0,6,Growth,active
CUST-1170,2025-01-01,750.0,15,Starter,active
CUST-1171,2025-01-01,300.0,6,Starter,active
CUST-1172,2025-01-01,3720.0,31,Growth,active
CUST-1173,2025-01-01,16500.0,66,Scale,active
CUST-1174,2025-01-01,720.0,6,Growth,active
CUST-1175,2025-01-01,400.0,8,Starter,active
CUST-1177,2025-01-01,900.0,18,Starter,active
CUST-1178,2025-01-01,800.0,16,Starter,active
CUST-1179,2025-01-01,2640.0,22,Growth,active
CUST-1180,2025-01-01,1200.0,24,Starter,active
CUST-1181,2025-01-01,1560.0,13,Growth,active
CUST-1182,2025-01-01,2000.0,8,Scale,active
CUST-1186,2025-01-01,1560.0,13,Growth,active
CUST-1187,2025-01-01,450.0,9,Starter,active
CUST-1188,2025-01-01,1320.0,11,Growth,active
CUST-1189,2025-01-01,750.0,15,Starter,active
CUST-1192,2025-01-01,550.0,11,Starter,active
CUST-1194,2025-01-01,600.0,12,Starter,active
CUST-1195,2025-01-01,600.0,12,Starter,active
CUST-1196,2025-01-01,5640.0,47,Growth,active
CUST-1198,2025-01-01,87250.0,349,Scale,active
CUST-1199,2025-01-01,550.0,11,Starter,active
CUST-1200,2025-01-01,1200.0,10,Growth,active
CUST-1201,2025-01-01,480.0,4,Growth,active
CUST-1202,2025-01-01,3250.0,13,Scale,active
CUST-1203,2025-01-01,720.0,6,Growth,active
CUST-1205,2025-01-01,6360.0,53,Growth,active
CUST-1206,2025-01-01,2750.0,11,Scale,active
CUST-1207,2025-01-01,3960.0,33,Growth,active
CUST-1208,2025-01-01,360.0,3,Growth,active
CUST-1209,2025-01-01,1200.0,10,Growth,active
CUST-1210,2025-01-01,700.0,14,Starter,active
CUST-1211,2025-01-01,300.0,6,Starter,active
CUST-1212,2025-01-01,150.0,3,Starter,active
CUST-1213,2025-01-01,2040.0,17,Growth,active
CUST-1214,2025-01-01,450.0,9,Starter,active
CUST-1215,2025-01-01,500.0,10,Starter,active
CUST-1216,2025-01-01,480.0,4,Growth,active
CUST-1217,2025-01-01,800.0,16,Starter,active
CUST-1218,2025-01-01,8880.0,74,Growth,active
CUST-1219,2025-01-01,4560.0,38,Growth,active
CUST-1220,2025-01-01,150.0,3,Starter,active
CUST-1222,2025-01-01,450.0,9,Starter,active
CUST-1223,2025-01-01,650.0,13,Starter,active
CUST-1224,2025-01-01,450.0,9,Starter,active
CUST-1226,2025-01-01,960.0,8,Growth,active
CUST-1227,2025-01-01,650.0,13,Starter,active
CUST-1230,2025-01-01,950.0,19,Starter,active
CUST-1231,2025-01-01,8500.0,34,Scale,active
CUST-1232,2025-01-01,750.0,15,Starter,active
CUST-1233,2025-01-01,240.0,2,Growth,active
CUST-1234,2025-01-01,960.0,8,Growth,active
CUST-1235,2025-01-01,300.0,6,Starter,active
CUST-1236,2025-01-01,550.0,11,Starter,active
CUST-1237,2025-01-01,7440.0,62,Growth,active
CUST-1238,2025-01-01,4320.0,36,Growth,active
CUST-1239,2025-01-01,17750.0,71,Scale,active
CUST-1240,2025-01-01,150.0,3,Starter,active
CUST-1242,2025-01-01,700.0,14,Starter,active
CUST-1243,2025-01-01,360.0,3,Growth,active
CUST-1244,2025-01-01,250.0,5,Starter,active
CUST-1246,2025-01-01,840.0,7,Growth,active
CUST-1247,2025-01-01,750.0,15,Starter,active
CUST-1248,2025-01-01,550.0,11,Starter,active
CUST-1249,2025-01-01,400.0,8,Starter,active
CUST-1250,2025-01-01,350.0,7,Starter,active
CUST-1251,2025-01-01,1680.0,14,Growth,active
CUST-1252,2025-01-01,2000.0,8,Scale,active
CUST-1255,2025-01-01,6480.0,54,Growth,active
CUST-1256,2025-01-01,750.0,15,Starter,active
CUST-1259,2025-01-01,55750.0,223,Scale,active
CUST-1260,2025-01-01,350.0,7,Starter,active
CUST-1261,2025-01-01,1700.0,34,Starter,active
CUST-1262,2025-01-01,1800.0,15,Growth,active
CUST-1263,2025-01-01,200.0,4,Starter,active
CUST-1264,2025-01-01,700.0,14,Starter,active
CUST-1265,2025-01-01,2520.0,21,Growth,active
CUST-1266,2025-01-01,5160.0,43,Growth,active
CUST-1267,2025-01-01,250.0,5,Starter,active
CUST-1268,2025-01-01,700.0,14,Starter,active
CUST-1269,2025-01-01,300.0,6,Starter,active
CUST-1270,2025-01-01,450.0,9,Starter,active
CUST-1272,2025-01-01,2160.0,18,Growth,active
CUST-1273,2025-01-01,4920.0,41,Growth,active
CUST-1274,2025-01-01,1800.0,15,Growth,active
CUST-1275,2025-01-01,840.0,7,Growth,active
CUST-1276,2025-01-01,6360.0,53,Growth,active
CUST-1277,2025-01-01,350.0,7,Starter,active
CUST-1278,2025-01-01,6000.0,50,Growth,active
CUST-1280,2025-01-01,480.0,4,Growth,active
CUST-1281,2025-01-01,3480.0,29,Growth,active
CUST-1282,2025-01-01,400.0,8,Starter,active
CUST-1283,2025-01-01,700.0,14,Starter,active
CUST-1284,2025-01-01,1800.0,15,Growth,active
CUST-1286,2025-01-01,200.0,4,Starter,active
CUST-1287,2025-01-01,3240.0,27,Growth,active
CUST-1289,2025-01-01,750.0,15,Starter,active
CUST-1290,2025-01-01,600.0,5,Growth,active
CUST-1291,2025-01-01,250.0,5,Starter,active
CUST-1292,2025-01-01,1680.0,14,Growth,active
CUST-1293,2025-01-01,110000.0,440,Scale,active
CUST-1294,2025-01-01,7440.0,62,Growth,active
CUST-1295,2025-01-01,250.0,5,Starter,active
CUST-1296,2025-01-01,1920.0,16,Growth,active
CUST-1297,2025-01-01,600.0,12,Starter,active
CUST-1298,2025-01-01,75000.0,300,Scale,active
CUST-1300,2025-01-01,600.0,5,Growth,active
CUST-1301,2025-01-01,250.0,5,Starter,active
CUST-1302,2025-01-01,400.0,8,Starter,active
CUST-1303,2025-01-01,400.0,8,Starter,active
CUST-1305,2025-01-01,2880.0,24,Growth,active
CUST-1306,2025-01-01,5520.0,46,Growth,active
CUST-1307,2025-01-01,350.0,7,Starter,active
CUST-1308,2025-01-01,1200.0,10,Growth,active
CUST-1309,2025-01-01,300.0,6,Starter,active
CUST-1310,2025-01-01,8520.0,71,Growth,active
CUST-1311,2025-01-01,75500.0,302,Scale,active
CUST-1312,2025-01-01,1560.0,13,Growth,active
CUST-1313,2025-01-01,900.0,18,Starter,active
CUST-1314,2025-01-01,3360.0,28,Growth,active
CUST-1315,2025-01-01,4800.0,40,Growth,active
CUST-1316,2025-01-01,1440.0,12,Growth,active
CUST-1317,2025-01-01,650.0,13,Starter,active
CUST-1318,2025-01-01,8760.0,73,Growth,active
CUST-1319,2025-01-01,150.0,3,Starter,active
CUST-1320,2025-01-01,840.0,7,Growth,active
CUST-1321,2025-01-01,250.0,5,Starter,active
CUST-1322,2025-01-01,16320.0,136,Growth,active
CUST-1323,2025-01-01,8250.0,33,Scale,active
CUST-1324,2025-01-01,700.0,14,Starter,active
CUST-1325,2025-01-01,650.0,13,Starter,active
CUST-1326,2025-01-01,6720.0,56,Growth,active
CUST-1327,2025-01-01,750.0,15,Starter,active
CUST-1328,2025-01-01,500.0,10,Starter,active
CUST-1329,2025-01-01,700.0,14,Starter,active
CUST-1330,2025-01-01,480.0,4,Growth,active
CUST-1331,2025-01-01,500.0,10,Starter,active
CUST-1332,2025-01-01,750.0,15,Starter,active
CUST-1333,2025-01-01,840.0,7,Growth,active
CUST-1334,2025-01-01,750.0,15,Starter,active
CUST-1335,2025-01-01,1440.0,12,Growth,active
CUST-1336,2025-01-01,2880.0,24,Growth,active
CUST-1337,2025-01-01,300.0,6,Starter,active
CUST-1338,2025-01-01,7320.0,61,Growth,active
CUST-1339,2025-01-01,750.0,3,Scale,active
CUST-1340,2025-01-01,6360.0,53,Growth,active
CUST-1341,2025-01-01,2000.0,8,Scale,active
CUST-1342,2025-01-01,650.0,13,Starter,active
CUST-1343,2025-01-01,1560.0,13,Growth,active
CUST-1344,2025-01-01,150.0,3,Starter,active
CUST-1345,2025-01-01,200.0,4,Starter,active
CUST-1346,2025-01-01,350.0,7,Starter,active
CUST-1348,2025-01-01,4400.0,88,Starter,active
CUST-1349,2025-01-01,200.0,4,Starter,active
CUST-1350,2025-01-01,750.0,15,Starter,active
CUST-1351,2025-01-01,840.0,7,Growth,active
CUST-1352,2025-01-01,1080.0,9,Growth,active
CUST-1353,2025-01-01,250.0,5,Starter,active
CUST-1354,2025-01-01,960.0,8,Growth,active
CUST-1355,2025-01-01,11500.0,46,Scale,active
CUST-1356,2025-01-01,95500.0,382,Scale,active
CUST-1357,2025-01-01,5280.0,44,Growth,active
CUST-1358,2025-01-01,2880.0,24,Growth,active
CUST-1359,2025-01-01,360.0,3,Growth,active
CUST-1361,2025-01-01,15500.0,62,Scale,active
CUST-1362,2025-01-01,4250.0,17,Scale,active
CUST-1364,2025-01-01,300.0,6,Starter,active
CUST-1365,2025-01-01,22800.0,190,Growth,active
CUST-1366,2025-01-01,200.0,4,Starter,active
CUST-1367,2025-01-01,350.0,7,Starter,active
CUST-1368,2025-01-01,500.0,10,Starter,active
CUST-1369,2025-01-01,480.0,4,Growth,active
CUST-1371,2025-01-01,3700.0,74,Starter,active
CUST-1372,2025-01-01,8000.0,32,Scale,active
CUST-1373,2025-01-01,650.0,13,Starter,active
CUST-1374,2025-01-01,150.0,3,Starter,active
CUST-1375,2025-01-01,600.0,12,Starter,active
CUST-1376,2025-01-01,1080.0,9,Growth,active
CUST-1377,2025-01-01,600.0,5,Growth,active
CUST-1379,2025-01-01,600.0,12,Starter,active
CUST-1381,2025-01-01,3720.0,31,Growth,active
CUST-1382,2025-01-01,350.0,7,Starter,active
CUST-1383,2025-01-01,600.0,5,Growth,active
CUST-1384,2025-01-01,600.0,12,Starter,active
CUST-1386,2025-01-01,150.0,3,Starter,active
CUST-1387,2025-01-01,900.0,18,Starter,active
CUST-1389,2025-01-01,150.0,3,Starter,active
CUST-1391,2025-01-01,1750.0,7,Scale,active
CUST-1392,2025-01-01,1320.0,11,Growth,active
CUST-1393,2025-01-01,600.0,12,Starter,active
CUST-1394,2025-01-01,720.0,6,Growth,active
CUST-1397,2025-01-01,5400.0,45,Growth,active
CUST-1398,2025-01-01,480.0,4,Growth,active
CUST-1399,2025-01-01,4560.0,38,Growth,active
CUST-1400,2025-01-01,6120.0,51,Growth,active
CUST-1401,2025-01-01,1080.0,9,Growth,active
CUST-1402,2025-01-01,2500.0,50,Starter,active
CUST-1403,2025-01-01,650.0,13,Starter,active
CUST-1404,2025-01-01,2520.0,21,Growth,active
CUST-1405,2025-01-01,1440.0,12,Growth,active
CUST-1406,2025-01-01,150.0,3,Starter,active
CUST-1407,2025-01-01,11000.0,44,Scale,active
CUST-1408,2025-01-01,400.0,8,Starter,active
CUST-1409,2025-01-01,300.0,6,Starter,active
CUST-1410,2025-01-01,350.0,7,Starter,active
CUST-1411,2025-01-01,840.0,7,Growth,active
CUST-1412,2025-01-01,36240.0,302,Growth,active
CUST-1413,2025-01-01,7800.0,65,Growth,active
CUST-1414,2025-01-01,18000.0,72,Scale,active
CUST-1415,2025-01-01,450.0,9,Starter,active
CUST-1416,2025-01-01,1750.0,35,Starter,active
CUST-1419,2025-01-01,3240.0,27,Growth,active
CUST-1420,2025-01-01,400.0,8,Starter,active
CUST-1421,2025-01-01,150.0,3,Starter,active
CUST-1422,2025-01-01,300.0,6,Starter,active
CUST-1423,2025-01-01,350.0,7,Starter,active
CUST-1424,2025-01-01,250.0,5,Starter,active
CUST-1425,2025-01-01,200.0,4,Starter,active
CUST-1426,2025-01-01,350.0,7,Starter,active
CUST-1427,2025-01-01,750.0,15,Starter,active
CUST-1428,2025-01-01,480.0,4,Growth,active
CUST-1429,2025-01-01,150.0,3,Starter,active
CUST-1431,2025-01-01,150.0,3,Starter,active
CUST-1432,2025-01-01,550.0,11,Starter,active
CUST-1433,2025-01-01,400.0,8,Starter,active
CUST-1434,2025-01-01,300.0,6,Starter,active
CUST-1435,2025-01-01,700.0,14,Starter,active
CUST-1436,2025-01-01,2000.0,8,Scale,active
CUST-1437,2025-01-01,250.0,5,Starter,active
CUST-1439,2025-01-01,11250.0,45,Scale,active
CUST-1440,2025-01-01,450.0,9,Starter,active
CUST-1441,2025-01-01,1560.0,13,Growth,active
CUST-1442,2025-01-01,600.0,12,Starter,active
CUST-1443,2025-01-01,8520.0,71,Growth,active
CUST-1444,2025-01-01,1200.0,10,Growth,active
CUST-1445,2025-01-01,650.0,13,Starter,active
CUST-1446,2025-01-01,400.0,8,Starter,active
CUST-1447,2025-01-01,1920.0,16,Growth,active
CUST-1448,2025-01-01,300.0,6,Starter,active
CUST-1449,2025-01-01,840.0,7,Growth,active
CUST-1450,2025-01-01,840.0,7,Growth,active
CUST-1451,2025-01-01,250.0,5,Starter,active
CUST-1452,2025-01-01,500.0,10,Starter,active
CUST-1453,2025-01-01,3550.0,71,Starter,active
CUST-1454,2025-01-01,960.0,8,Growth,active
CUST-1455,2025-01-01,250.0,5,Starter,active
CUST-1456,2025-01-01,3600.0,72,Starter,active
CUST-1457,2025-01-01,550.0,11,Starter,active
CUST-1458,2025-01-01,200.0,4,Starter,active
CUST-1459,2025-01-01,750.0,15,Starter,active
CUST-1460,2025-01-01,19250.0,77,Scale,active
CUST-1461,2025-01-01,450.0,9,Starter,active
CUST-1463,2025-01-01,200.0,4,Starter,active
CUST-1464,2025-01-01,750.0,15,Starter,active
CUST-1465,2025-01-01,5760.0,48,Growth,active
CUST-1466,2025-01-01,300.0,6,Starter,active
CUST-1467,2025-01-01,450.0,9,Starter,active
CUST-1468,2025-01-01,550.0,11,Starter,active
CUST-1469,2025-01-01,550.0,11,Starter,active
CUST-1470,2025-01-01,750.0,15,Starter,active
CUST-1471,2025-01-01,250.0,5,Starter,active
CUST-1472,2025-01-01,600.0,12,Starter,active
CUST-1473,2025-01-01,1200.0,10,Growth,active
CUST-1474,2025-01-01,550.0,11,Starter,active
CUST-1475,2025-01-01,300.0,6,Starter,active
CUST-1476,2025-01-01,450.0,9,Starter,active
CUST-1477,2025-01-01,20250.0,81,Scale,active
CUST-1478,2025-01-01,750.0,15,Starter,active
CUST-1479,2025-01-01,650.0,13,Starter,active
CUST-1480,2025-01-01,450.0,9,Starter,active
CUST-1481,2025-01-01,3840.0,32,Growth,active
CUST-1482,2025-01-01,8160.0,68,Growth,active
CUST-1483,2025-01-01,360.0,3,Growth,active
CUST-1484,2025-01-01,400.0,8,Starter,active
CUST-1485,2025-01-01,500.0,10,Starter,active
CUST-1486,2025-01-01,150.0,3,Starter,active
CUST-1487,2025-01-01,200.0,4,Starter,active
CUST-1488,2025-01-01,1440.0,12,Growth,active
CUST-1489,2025-01-01,600.0,12,Starter,active
CUST-1490,2025-01-01,11500.0,46,Scale,active
CUST-1491,2025-01-01,750.0,15,Starter,active
CUST-1492,2025-01-01,1320.0,11,Growth,active
CUST-1493,2025-01-01,2450.0,49,Starter,active
CUST-1494,2025-01-01,720.0,6,Growth,active
CUST-1495,2025-01-01,60750.0,243,Scale,active
CUST-1496,2025-01-01,840.0,7,Growth,active
CUST-1497,2025-01-01,600.0,12,Starter,active
CUST-1498,2025-01-01,350.0,7,Starter,active
CUST-1499,2025-01-01,1080.0,9,Growth,active
CUST-1500,2025-01-01,2250.0,45,Starter,active
CUST-1501,2025-01-01,480.0,4,Growth,active
CUST-1502,2025-01-01,7560.0,63,Growth,active
CUST-1503,2025-01-01,1920.0,16,Growth,active
CUST-1504,2025-01-01,2000.0,8,Scale,active
CUST-1506,2025-01-01,450.0,9,Starter,active
CUST-1507,2025-01-01,300.0,6,Starter,active
CUST-1508,2025-01-01,750.0,15,Starter,active
CUST-1509,2025-01-01,7920.0,66,Growth,active
CUST-1510,2025-01-01,39120.0,326,Growth,active
CUST-1511,2025-01-01,1560.0,13,Growth,active
CUST-1512,2025-01-01,850.0,17,Starter,active
CUST-1513,2025-01-01,200.0,4,Starter,active
CUST-1514,2025-01-01,2750.0,11,Scale,active
CUST-1515,2025-01-01,480.0,4,Growth,active
CUST-1516,2025-01-01,5160.0,43,Growth,active
CUST-1517,2025-01-01,840.0,7,Growth,active
CUST-1518,2025-01-01,350.0,7,Starter,active
CUST-1519,2025-01-01,400.0,8,Starter,active
CUST-1520,2025-01-01,7920.0,66,Growth,active
CUST-1521,2025-01-01,450.0,9,Starter,active
CUST-1522,2025-01-01,480.0,4,Growth,active
CUST-1523,2025-01-01,700.0,14,Starter,active
CUST-1524,2025-01-01,300.0,6,Starter,active
CUST-1525,2025-01-01,350.0,7,Starter,active
CUST-1526,2025-01-01,750.0,15,Starter,active
CUST-1527,2025-01-01,400.0,8,Starter,active
CUST-1528,2025-01-01,1200.0,10,Growth,active
CUST-1529,2025-01-01,1200.0,10,Growth,active
CUST-1530,2025-01-01,5880.0,49,Growth,active
CUST-1531,2025-01-01,1680.0,14,Growth,active
CUST-1532,2025-01-01,750.0,15,Starter,active
CUST-1533,2025-01-01,350.0,7,Starter,active
CUST-1534,2025-01-01,250.0,5,Starter,active
CUST-1535,2025-01-01,250.0,5,Starter,active
CUST-1536,2025-01-01,650.0,13,Starter,active
CUST-1537,2025-01-01,12600.0,105,Growth,active
CUST-1538,2025-01-01,700.0,14,Starter,active
CUST-1539,2025-01-01,17500.0,70,Scale,active
CUST-1540,2025-01-01,300.0,6,Starter,active
CUST-1541,2025-01-01,300.0,6,Starter,active
CUST-1542,2025-01-01,1560.0,13,Growth,active
CUST-1543,2025-01-01,250.0,5,Starter,active
CUST-1544,2025-01-01,150.0,3,Starter,active
CUST-1545,2025-01-01,150.0,3,Starter,active
CUST-1546,2025-01-01,35750.0,143,Scale,active
CUST-1547,2025-01-01,6600.0,55,Growth,active
CUST-1548,2025-01-01,4750.0,19,Scale,active
CUST-1549,2025-01-01,720.0,6,Growth,active
CUST-1550,2025-01-01,300.0,6,Starter,active
CUST-1551,2025-01-01,360.0,3,Growth,active
CUST-1552,2025-01-01,650.0,13,Starter,active
CUST-1553,2025-01-01,500.0,10,Starter,active
CUST-1554,2025-01-01,8520.0,71,Growth,active
CUST-1555,2025-01-01,250.0,5,Starter,active
CUST-1556,2025-01-01,6480.0,54,Growth,active
CUST-1557,2025-01-01,650.0,13,Starter,active
CUST-1558,2025-01-01,700.0,14,Starter,active
CUST-1559,2025-01-01,360.0,3,Growth,active
CUST-1560,2025-01-01,8160.0,68,Growth,active
CUST-1561,2025-01-01,300.0,6,Starter,active
CUST-1562,2025-01-01,350.0,7,Starter,active
CUST-1001,2025-02-01,4250.0,17,Scale,active
CUST-1003,2025-02-01,6120.0,51,Growth,active
CUST-1004,2025-02-01,550.0,11,Starter,active
CUST-1005,2025-02-01,97000.0,388,Scale,active
CUST-1007,2025-02-01,600.0,12,Starter,active
CUST-1009,2025-02-01,8280.0,69,Growth,active
CUST-1010,2025-02-01,600.0,5,Growth,active
CUST-1013,2025-02-01,400.0,8,Starter,active
CUST-1014,2025-02-01,2450.0,49,Starter,active
CUST-1015,2025-02-01,2160.0,18,Growth,active
CUST-1016,2025-02-01,600.0,12,Starter,active
CUST-1017,2025-02-01,500.0,10,Starter,active
CUST-1018,2025-02-01,400.0,8,Starter,active
CUST-1019,2025-02-01,93000.0,372,Scale,active
CUST-1021,2025-02-01,650.0,13,Starter,active
CUST-1022,2025-02-01,8040.0,67,Growth,active
CUST-1024,2025-02-01,450.0,9,Starter,active
CUST-1026,2025-02-01,5760.0,48,Growth,active
CUST-1027,2025-02-01,750.0,15,Starter,active
CUST-1028,2025-02-01,840.0,7,Growth,active
CUST-1029,2025-02-01,250.0,5,Starter,active
CUST-1030,2025-02-01,600.0,12,Starter,active
CUST-1032,2025-02-01,840.0,7,Growth,active
CUST-1033,2025-02-01,480.0,4,Growth,active
CUST-1037,2025-02-01,840.0,7,Growth,active
CUST-1039,2025-02-01,300.0,6,Starter,active
CUST-1040,2025-02-01,3150.0,63,Starter,active
CUST-1041,2025-02-01,350.0,7,Starter,active
CUST-1042,2025-02-01,1100.0,22,Starter,active
CUST-1043,2025-02-01,300.0,6,Starter,active
CUST-1044,2025-02-01,2950.0,59,Starter,active
CUST-1045,2025-02-01,900.0,18,Starter,active
CUST-1046,2025-02-01,450.0,9,Starter,active
CUST-1048,2025-02-01,360.0,3,Growth,active
CUST-1049,2025-02-01,6600.0,55,Growth,active
CUST-1050,2025-02-01,200.0,4,Starter,active
CUST-1051,2025-02-01,600.0,12,Starter,active
CUST-1052,2025-02-01,350.0,7,Starter,active
CUST-1054,2025-02-01,2160.0,18,Growth,active
CUST-1056,2025-02-01,500.0,10,Starter,active
CUST-1057,2025-02-01,300.0,6,Starter,active
CUST-1059,2025-02-01,6120.0,51,Growth,active
CUST-1060,2025-02-01,700.0,14,Starter,active
CUST-1061,2025-02-01,5400.0,45,Growth,active
CUST-1063,2025-02-01,62500.0,250,Scale,active
CUST-1064,2025-02-01,750.0,15,Starter,active
CUST-1065,2025-02-01,500.0,10,Starter,active
CUST-1066,2025-02-01,1560.0,13,Growth,active
CUST-1067,2025-02-01,750.0,15,Starter,active
CUST-1068,2025-02-01,5160.0,43,Growth,active
CUST-1069,2025-02-01,1200.0,10,Growth,active
CUST-1071,2025-02-01,53250.0,213,Scale,active
CUST-1073,2025-02-01,4440.0,37,Growth,active
CUST-1074,2025-02-01,21000.0,84,Scale,active
CUST-1075,2025-02-01,4000.0,16,Scale,active
CUST-1076,2025-02-01,2400.0,20,Growth,active
CUST-1077,2025-02-01,700.0,14,Starter,active
CUST-1078,2025-02-01,150.0,3,Starter,active
CUST-1082,2025-02-01,57480.0,479,Growth,active
CUST-1083,2025-02-01,1850.0,37,Starter,active
CUST-1084,2025-02-01,900.0,18,Starter,active
CUST-1085,2025-02-01,5640.0,47,Growth,active
CUST-1086,2025-02-01,750.0,15,Starter,active
CUST-1087,2025-02-01,500.0,10,Starter,active
CUST-1088,2025-02-01,700.0,14,Starter,active
CUST-1090,2025-02-01,6840.0,57,Growth,active
CUST-1091,2025-02-01,500.0,10,Starter,active
CUST-1092,2025-02-01,10080.0,84,Growth,active
CUST-1095,2025-02-01,6360.0,53,Growth,active
CUST-1096,2025-02-01,200.0,4,Starter,active
CUST-1097,2025-02-01,4080.0,34,Growth,active
CUST-1099,2025-02-01,4560.0,38,Growth,active
CUST-1101,2025-02-01,300.0,6,Starter,active
CUST-1102,2025-02-01,350.0,7,Starter,active
CUST-1103,2025-02-01,500.0,10,Starter,active
CUST-1104,2025-02-01,450.0,9,Starter,active
CUST-1106,2025-02-01,7200.0,60,Growth,active
CUST-1107,2025-02-01,400.0,8,Starter,active
CUST-1108,2025-02-01,250.0,5,Starter,active
CUST-1109,2025-02-01,1080.0,9,Growth,active
CUST-1110,2025-02-01,1320.0,11,Growth,active
CUST-1111,2025-02-01,2650.0,53,Starter,active
CUST-1112,2025-02-01,2750.0,11,Scale,active
CUST-1113,2025-02-01,1850.0,37,Starter,active
CUST-1114,2025-02-01,83250.0,333,Scale,active
CUST-1115,2025-02-01,720.0,6,Growth,active
CUST-1116,2025-02-01,150.0,3,Starter,active
CUST-1117,2025-02-01,4560.0,38,Growth,active
CUST-1118,2025-02-01,300.0,6,Starter,active
CUST-1119,2025-02-01,1200.0,10,Growth,active
CUST-1120,2025-02-01,700.0,14,Starter,active
CUST-1122,2025-02-01,8520.0,71,Growth,active
CUST-1124,2025-02-01,650.0,13,Starter,active
CUST-1125,2025-02-01,650.0,13,Starter,active
CUST-1126,2025-02-01,8760.0,73,Growth,active
CUST-1127,2025-02-01,600.0,12,Starter,active
CUST-1129,2025-02-01,1200.0,10,Growth,active
CUST-1130,2025-02-01,82750.0,331,Scale,active
CUST-1132,2025-02-01,1200.0,10,Growth,active
CUST-1133,2025-02-01,300.0,6,Starter,active
CUST-1135,2025-02-01,300.0,6,Starter,active
CUST-1136,2025-02-01,750.0,15,Starter,active
CUST-1137,2025-02-01,4080.0,34,Growth,active
CUST-1138,2025-02-01,500.0,10,Starter,active
CUST-1140,2025-02-01,650.0,13,Starter,active
CUST-1141,2025-02-01,550.0,11,Starter,active
CUST-1142,2025-02-01,1920.0,16,Growth,active
CUST-1144,2025-02-01,650.0,13,Starter,active
CUST-1145,2025-02-01,700.0,14,Starter,active
CUST-1146,2025-02-01,3120.0,26,Growth,active
CUST-1147,2025-02-01,650.0,13,Starter,active
CUST-1148,2025-02-01,22200.0,444,Starter,active
CUST-1150,2025-02-01,300.0,6,Starter,active
CUST-1151,2025-02-01,700.0,14,Starter,active
CUST-1152,2025-02-01,500.0,10,Starter,active
CUST-1153,2025-02-01,9360.0,78,Growth,active
CUST-1154,2025-02-01,850.0,17,Starter,active
CUST-1155,2025-02-01,720.0,6,Growth,active
CUST-1156,2025-02-01,8040.0,67,Growth,active
CUST-1158,2025-02-01,1320.0,11,Growth,active
CUST-1160,2025-02-01,6960.0,58,Growth,active
CUST-1161,2025-02-01,1080.0,9,Growth,active
CUST-1162,2025-02-01,350.0,7,Starter,active
CUST-1163,2025-02-01,34320.0,286,Growth,active
CUST-1165,2025-02-01,720.0,6,Growth,active
CUST-1166,2025-02-01,480.0,4,Growth,active
CUST-1167,2025-02-01,82250.0,329,Scale,active
CUST-1168,2025-02-01,720.0,6,Growth,active
CUST-1170,2025-02-01,750.0,15,Starter,active
CUST-1171,2025-02-01,300.0,6,Starter,active
CUST-1172,2025-02-01,3720.0,31,Growth,active
CUST-1173,2025-02-01,16500.0,66,Scale,active
CUST-1174,2025-02-01,720.0,6,Growth,active
CUST-1175,2025-02-01,400.0,8,Starter,active
CUST-1177,2025-02-01,900.0,18,Starter,active
CUST-1178,2025-02-01,800.0,16,Starter,active
CUST-1179,2025-02-01,2640.0,22,Growth,active
CUST-1180,2025-02-01,1200.0,24,Starter,active
CUST-1181,2025-02-01,1560.0,13,Growth,active
CUST-1182,2025-02-01,2000.0,8,Scale,active
CUST-1186,2025-02-01,1560.0,13,Growth,active
CUST-1187,2025-02-01,450.0,9,Starter,active
CUST-1188,2025-02-01,1320.0,11,Growth,active
CUST-1189,2025-02-01,750.0,15,Starter,active
CUST-1192,2025-02-01,550.0,11,Starter,active
CUST-1194,2025-02-01,750.0,15,Starter,active
CUST-1195,2025-02-01,600.0,12,Starter,active
CUST-1196,2025-02-01,5640.0,47,Growth,active
CUST-1198,2025-02-01,87250.0,349,Scale,active
CUST-1199,2025-02-01,600.0,12,Starter,active
CUST-1200,2025-02-01,1440.0,12,Growth,active
CUST-1201,2025-02-01,480.0,4,Growth,active
CUST-1202,2025-02-01,4000.0,16,Scale,active
CUST-1203,2025-02-01,720.0,6,Growth,active
CUST-1205,2025-02-01,6360.0,53,Growth,active
CUST-1206,2025-02-01,2750.0,11,Scale,active
CUST-1207,2025-02-01,3960.0,33,Growth,active
CUST-1208,2025-02-01,360.0,3,Growth,active
CUST-1209,2025-02-01,1200.0,10,Growth,active
CUST-1210,2025-02-01,700.0,14,Starter,active
CUST-1211,2025-02-01,300.0,6,Starter,active
CUST-1212,2025-02-01,150.0,3,Starter,active
CUST-1213,2025-02-01,2040.0,17,Growth,active
CUST-1215,2025-02-01,500.0,10,Starter,active
CUST-1216,2025-02-01,480.0,4,Growth,active
CUST-1217,2025-02-01,800.0,16,Starter,active
CUST-1218,2025-02-01,8880.0,74,Growth,active
CUST-1219,2025-02-01,4560.0,38,Growth,active
CUST-1220,2025-02-01,150.0,3,Starter,active
CUST-1222,2025-02-01,450.0,9,Starter,active
CUST-1223,2025-02-01,650.0,13,Starter,active
CUST-1224,2025-02-01,450.0,9,Starter,active
CUST-1226,2025-02-01,960.0,8,Growth,active
CUST-1227,2025-02-01,650.0,13,Starter,active
CUST-1230,2025-02-01,950.0,19,Starter,active
CUST-1231,2025-02-01,8500.0,34,Scale,active
CUST-1232,2025-02-01,750.0,15,Starter,active
CUST-1233,2025-02-01,240.0,2,Growth,active
CUST-1234,2025-02-01,960.0,8,Growth,active
CUST-1235,2025-02-01,300.0,6,Starter,active
CUST-1236,2025-02-01,550.0,11,Starter,active
CUST-1237,2025-02-01,7440.0,62,Growth,active
CUST-1238,2025-02-01,4320.0,36,Growth,active
CUST-1239,2025-02-01,17750.0,71,Scale,active
CUST-1240,2025-02-01,150.0,3,Starter,active
CUST-1242,2025-02-01,700.0,14,Starter,active
CUST-1243,2025-02-01,360.0,3,Growth,active
CUST-1244,2025-02-01,250.0,5,Starter,active
CUST-1246,2025-02-01,840.0,7,Growth,active
CUST-1247,2025-02-01,750.0,15,Starter,active
CUST-1248,2025-02-01,550.0,11,Starter,active
CUST-1249,2025-02-01,400.0,8,Starter,active
CUST-1250,2025-02-01,350.0,7,Starter,active
CUST-1251,2025-02-01,1680.0,14,Growth,active
CUST-1252,2025-02-01,2000.0,8,Scale,active
CUST-1255,2025-02-01,6480.0,54,Growth,active
CUST-1256,2025-02-01,750.0,15,Starter,active
CUST-1259,2025-02-01,67500.0,270,Scale,active
CUST-1260,2025-02-01,350.0,7,Starter,active
CUST-1261,2025-02-01,1700.0,34,Starter,active
CUST-1262,2025-02-01,1800.0,15,Growth,active
CUST-1263,2025-02-01,200.0,4,Starter,active
CUST-1264,2025-02-01,700.0,14,Starter,active
CUST-1266,2025-02-01,5160.0,43,Growth,active
CUST-1267,2025-02-01,250.0,5,Starter,active
CUST-1268,2025-02-01,700.0,14,Starter,active
CUST-1269,2025-02-01,300.0,6,Starter,active
CUST-1270,2025-02-01,450.0,9,Starter,active
CUST-1272,2025-02-01,2160.0,18,Growth,active
CUST-1273,2025-02-01,4920.0,41,Growth,active
CUST-1274,2025-02-01,1800.0,15,Growth,active
CUST-1275,2025-02-01,840.0,7,Growth,active
CUST-1276,2025-02-01,6360.0,53,Growth,active
CUST-1277,2025-02-01,350.0,7,Starter,active
CUST-1278,2025-02-01,6000.0,50,Growth,active
CUST-1280,2025-02-01,480.0,4,Growth,active
CUST-1281,2025-02-01,3480.0,29,Growth,active
CUST-1282,2025-02-01,400.0,8,Starter,active
CUST-1283,2025-02-01,700.0,14,Starter,active
CUST-1284,2025-02-01,1800.0,15,Growth,active
CUST-1286,2025-02-01,200.0,4,Starter,active
CUST-1287,2025-02-01,3240.0,27,Growth,active
CUST-1289,2025-02-01,750.0,15,Starter,active
CUST-1290,2025-02-01,600.0,5,Growth,active
CUST-1291,2025-02-01,250.0,5,Starter,active
CUST-1292,2025-02-01,1680.0,14,Growth,active
CUST-1293,2025-02-01,110000.0,440,Scale,active
CUST-1294,2025-02-01,7440.0,62,Growth,active
CUST-1295,2025-02-01,300.0,6,Starter,active
CUST-1296,2025-02-01,1920.0,16,Growth,active
CUST-1297,2025-02-01,600.0,12,Starter,active
CUST-1298,2025-02-01,87250.0,349,Scale,active
CUST-1300,2025-02-01,600.0,5,Growth,active
CUST-1301,2025-02-01,250.0,5,Starter,active
CUST-1302,2025-02-01,400.0,8,Starter,active
CUST-1303,2025-02-01,400.0,8,Starter,active
CUST-1305,2025-02-01,2880.0,24,Growth,active
CUST-1306,2025-02-01,5520.0,46,Growth,active
CUST-1307,2025-02-01,350.0,7,Starter,active
CUST-1308,2025-02-01,1200.0,10,Growth,active
CUST-1309,2025-02-01,300.0,6,Starter,active
CUST-1310,2025-02-01,8520.0,71,Growth,active
CUST-1311,2025-02-01,75500.0,302,Scale,active
CUST-1312,2025-02-01,1560.0,13,Growth,active
CUST-1313,2025-02-01,950.0,19,Starter,active
CUST-1314,2025-02-01,3360.0,28,Growth,active
CUST-1315,2025-02-01,4800.0,40,Growth,active
CUST-1316,2025-02-01,1440.0,12,Growth,active
CUST-1317,2025-02-01,650.0,13,Starter,active
CUST-1318,2025-02-01,8760.0,73,Growth,active
CUST-1319,2025-02-01,150.0,3,Starter,active
CUST-1320,2025-02-01,840.0,7,Growth,active
CUST-1321,2025-02-01,250.0,5,Starter,active
CUST-1322,2025-02-01,16320.0,136,Growth,active
CUST-1323,2025-02-01,8250.0,33,Scale,active
CUST-1324,2025-02-01,700.0,14,Starter,active
CUST-1325,2025-02-01,650.0,13,Starter,active
CUST-1326,2025-02-01,6720.0,56,Growth,active
CUST-1327,2025-02-01,750.0,15,Starter,active
CUST-1328,2025-02-01,500.0,10,Starter,active
CUST-1329,2025-02-01,700.0,14,Starter,active
CUST-1330,2025-02-01,480.0,4,Growth,active
CUST-1331,2025-02-01,500.0,10,Starter,active
CUST-1332,2025-02-01,750.0,15,Starter,active
CUST-1333,2025-02-01,840.0,7,Growth,active
CUST-1334,2025-02-01,750.0,15,Starter,active
CUST-1335,2025-02-01,1440.0,12,Growth,active
CUST-1336,2025-02-01,2880.0,24,Growth,active
CUST-1337,2025-02-01,300.0,6,Starter,active
CUST-1338,2025-02-01,7320.0,61,Growth,active
CUST-1339,2025-02-01,750.0,3,Scale,active
CUST-1340,2025-02-01,6360.0,53,Growth,active
CUST-1341,2025-02-01,2000.0,8,Scale,active
CUST-1342,2025-02-01,650.0,13,Starter,active
CUST-1343,2025-02-01,1560.0,13,Growth,active
CUST-1344,2025-02-01,150.0,3,Starter,active
CUST-1345,2025-02-01,200.0,4,Starter,active
CUST-1348,2025-02-01,4400.0,88,Starter,active
CUST-1349,2025-02-01,200.0,4,Starter,active
CUST-1350,2025-02-01,750.0,15,Starter,active
CUST-1351,2025-02-01,840.0,7,Growth,active
CUST-1352,2025-02-01,1080.0,9,Growth,active
CUST-1353,2025-02-01,250.0,5,Starter,active
CUST-1354,2025-02-01,960.0,8,Growth,active
CUST-1355,2025-02-01,11500.0,46,Scale,active
CUST-1356,2025-02-01,95500.0,382,Scale,active
CUST-1357,2025-02-01,5280.0,44,Growth,active
CUST-1358,2025-02-01,2880.0,24,Growth,active
CUST-1359,2025-02-01,360.0,3,Growth,active
CUST-1361,2025-02-01,15500.0,62,Scale,active
CUST-1362,2025-02-01,4250.0,17,Scale,active
CUST-1364,2025-02-01,250.0,5,Starter,active
CUST-1365,2025-02-01,22800.0,190,Growth,active
CUST-1366,2025-02-01,200.0,4,Starter,active
CUST-1367,2025-02-01,350.0,7,Starter,active
CUST-1368,2025-02-01,500.0,10,Starter,active
CUST-1369,2025-02-01,480.0,4,Growth,active
CUST-1371,2025-02-01,3700.0,74,Starter,active
CUST-1372,2025-02-01,8000.0,32,Scale,active
CUST-1373,2025-02-01,650.0,13,Starter,active
CUST-1374,2025-02-01,150.0,3,Starter,active
CUST-1375,2025-02-01,600.0,12,Starter,active
CUST-1376,2025-02-01,1080.0,9,Growth,active
CUST-1377,2025-02-01,600.0,5,Growth,active
CUST-1379,2025-02-01,600.0,12,Starter,active
CUST-1381,2025-02-01,4320.0,36,Growth,active
CUST-1382,2025-02-01,350.0,7,Starter,active
CUST-1383,2025-02-01,600.0,5,Growth,active
CUST-1384,2025-02-01,600.0,12,Starter,active
CUST-1386,2025-02-01,150.0,3,Starter,active
CUST-1387,2025-02-01,900.0,18,Starter,active
CUST-1389,2025-02-01,150.0,3,Starter,active
CUST-1391,2025-02-01,1750.0,7,Scale,active
CUST-1392,2025-02-01,1320.0,11,Growth,active
CUST-1393,2025-02-01,600.0,12,Starter,active
CUST-1394,2025-02-01,720.0,6,Growth,active
CUST-1397,2025-02-01,5400.0,45,Growth,active
CUST-1398,2025-02-01,480.0,4,Growth,active
CUST-1399,2025-02-01,4560.0,38,Growth,active
CUST-1400,2025-02-01,6120.0,51,Growth,active
CUST-1401,2025-02-01,1080.0,9,Growth,active
CUST-1402,2025-02-01,2500.0,50,Starter,active
CUST-1403,2025-02-01,650.0,13,Starter,active
CUST-1404,2025-02-01,2520.0,21,Growth,active
CUST-1405,2025-02-01,1440.0,12,Growth,active
CUST-1406,2025-02-01,150.0,3,Starter,active
CUST-1407,2025-02-01,11000.0,44,Scale,active
CUST-1408,2025-02-01,400.0,8,Starter,active
CUST-1409,2025-02-01,300.0,6,Starter,active
CUST-1410,2025-02-01,350.0,7,Starter,active
CUST-1411,2025-02-01,840.0,7,Growth,active
CUST-1412,2025-02-01,36240.0,302,Growth,active
CUST-1413,2025-02-01,7800.0,65,Growth,active
CUST-1414,2025-02-01,18000.0,72,Scale,active
CUST-1415,2025-02-01,450.0,9,Starter,active
CUST-1416,2025-02-01,1750.0,35,Starter,active
CUST-1419,2025-02-01,3240.0,27,Growth,active
CUST-1420,2025-02-01,400.0,8,Starter,active
CUST-1421,2025-02-01,150.0,3,Starter,active
CUST-1422,2025-02-01,300.0,6,Starter,active
CUST-1423,2025-02-01,350.0,7,Starter,active
CUST-1424,2025-02-01,250.0,5,Starter,active
CUST-1425,2025-02-01,200.0,4,Starter,active
CUST-1426,2025-02-01,350.0,7,Starter,active
CUST-1427,2025-02-01,750.0,15,Starter,active
CUST-1428,2025-02-01,480.0,4,Growth,active
CUST-1429,2025-02-01,150.0,3,Starter,active
CUST-1431,2025-02-01,150.0,3,Starter,active
CUST-1432,2025-02-01,650.0,13,Starter,active
CUST-1433,2025-02-01,400.0,8,Starter,active
CUST-1434,2025-02-01,300.0,6,Starter,active
CUST-1435,2025-02-01,700.0,14,Starter,active
CUST-1436,2025-02-01,2000.0,8,Scale,active
CUST-1437,2025-02-01,250.0,5,Starter,active
CUST-1439,2025-02-01,11250.0,45,Scale,active
CUST-1440,2025-02-01,450.0,9,Starter,active
CUST-1441,2025-02-01,1560.0,13,Growth,active
CUST-1442,2025-02-01,600.0,12,Starter,active
CUST-1443,2025-02-01,8520.0,71,Growth,active
CUST-1444,2025-02-01,1200.0,10,Growth,active
CUST-1445,2025-02-01,750.0,15,Starter,active
CUST-1446,2025-02-01,400.0,8,Starter,active
CUST-1447,2025-02-01,1920.0,16,Growth,active
CUST-1448,2025-02-01,300.0,6,Starter,active
CUST-1449,2025-02-01,840.0,7,Growth,active
CUST-1450,2025-02-01,840.0,7,Growth,active
CUST-1451,2025-02-01,250.0,5,Starter,active
CUST-1452,2025-02-01,500.0,10,Starter,active
CUST-1453,2025-02-01,3550.0,71,Starter,active
CUST-1454,2025-02-01,960.0,8,Growth,active
CUST-1455,2025-02-01,250.0,5,Starter,active
CUST-1456,2025-02-01,4300.0,86,Starter,active
CUST-1457,2025-02-01,550.0,11,Starter,active
CUST-1458,2025-02-01,200.0,4,Starter,active
CUST-1459,2025-02-01,750.0,15,Starter,active
CUST-1460,2025-02-01,19250.0,77,Scale,active
CUST-1461,2025-02-01,450.0,9,Starter,active
CUST-1463,2025-02-01,200.0,4,Starter,active
CUST-1464,2025-02-01,750.0,15,Starter,active
CUST-1465,2025-02-01,5760.0,48,Growth,active
CUST-1466,2025-02-01,300.0,6,Starter,active
CUST-1467,2025-02-01,450.0,9,Starter,active
CUST-1468,2025-02-01,550.0,11,Starter,active
CUST-1469,2025-02-01,550.0,11,Starter,active
CUST-1470,2025-02-01,750.0,15,Starter,active
CUST-1471,2025-02-01,250.0,5,Starter,active
CUST-1472,2025-02-01,600.0,12,Starter,active
CUST-1473,2025-02-01,1200.0,10,Growth,active
CUST-1474,2025-02-01,550.0,11,Starter,active
CUST-1475,2025-02-01,300.0,6,Starter,active
CUST-1476,2025-02-01,450.0,9,Starter,active
CUST-1477,2025-02-01,20250.0,81,Scale,active
CUST-1479,2025-02-01,650.0,13,Starter,active
CUST-1480,2025-02-01,450.0,9,Starter,active
CUST-1481,2025-02-01,3840.0,32,Growth,active
CUST-1482,2025-02-01,8160.0,68,Growth,active
CUST-1483,2025-02-01,360.0,3,Growth,active
CUST-1484,2025-02-01,400.0,8,Starter,active
CUST-1485,2025-02-01,500.0,10,Starter,active
CUST-1486,2025-02-01,150.0,3,Starter,active
CUST-1487,2025-02-01,200.0,4,Starter,active
CUST-1488,2025-02-01,1440.0,12,Growth,active
CUST-1489,2025-02-01,600.0,12,Starter,active
CUST-1490,2025-02-01,11500.0,46,Scale,active
CUST-1491,2025-02-01,750.0,15,Starter,active
CUST-1492,2025-02-01,1320.0,11,Growth,active
CUST-1493,2025-02-01,2450.0,49,Starter,active
CUST-1495,2025-02-01,73250.0,293,Scale,active
CUST-1496,2025-02-01,840.0,7,Growth,active
CUST-1497,2025-02-01,600.0,12,Starter,active
CUST-1498,2025-02-01,350.0,7,Starter,active
CUST-1499,2025-02-01,1080.0,9,Growth,active
CUST-1500,2025-02-01,2250.0,45,Starter,active
CUST-1501,2025-02-01,480.0,4,Growth,active
CUST-1502,2025-02-01,7560.0,63,Growth,active
CUST-1503,2025-02-01,1920.0,16,Growth,active
CUST-1504,2025-02-01,2000.0,8,Scale,active
CUST-1506,2025-02-01,450.0,9,Starter,active
CUST-1507,2025-02-01,300.0,6,Starter,active
CUST-1508,2025-02-01,750.0,15,Starter,active
CUST-1509,2025-02-01,7920.0,66,Growth,active
CUST-1510,2025-02-01,39120.0,326,Growth,active
CUST-1511,2025-02-01,1560.0,13,Growth,active
CUST-1512,2025-02-01,950.0,19,Starter,active
CUST-1513,2025-02-01,200.0,4,Starter,active
CUST-1514,2025-02-01,2750.0,11,Scale,active
CUST-1516,2025-02-01,5640.0,47,Growth,active
CUST-1517,2025-02-01,960.0,8,Growth,active
CUST-1518,2025-02-01,350.0,7,Starter,active
CUST-1519,2025-02-01,400.0,8,Starter,active
CUST-1520,2025-02-01,7920.0,66,Growth,active
CUST-1521,2025-02-01,450.0,9,Starter,active
CUST-1522,2025-02-01,480.0,4,Growth,active
CUST-1523,2025-02-01,700.0,14,Starter,active
CUST-1524,2025-02-01,300.0,6,Starter,active
CUST-1525,2025-02-01,350.0,7,Starter,active
CUST-1526,2025-02-01,750.0,15,Starter,active
CUST-1527,2025-02-01,400.0,8,Starter,active
CUST-1528,2025-02-01,1200.0,10,Growth,active
CUST-1529,2025-02-01,1200.0,10,Growth,active
CUST-1530,2025-02-01,5880.0,49,Growth,active
CUST-1531,2025-02-01,1680.0,14,Growth,active
CUST-1532,2025-02-01,750.0,15,Starter,active
CUST-1533,2025-02-01,350.0,7,Starter,active
CUST-1534,2025-02-01,250.0,5,Starter,active
CUST-1535,2025-02-01,250.0,5,Starter,active
CUST-1536,2025-02-01,650.0,13,Starter,active
CUST-1537,2025-02-01,12600.0,105,Growth,active
CUST-1538,2025-02-01,700.0,14,Starter,active
CUST-1539,2025-02-01,17500.0,70,Scale,active
CUST-1540,2025-02-01,300.0,6,Starter,active
CUST-1541,2025-02-01,300.0,6,Starter,active
CUST-1542,2025-02-01,1560.0,13,Growth,active
CUST-1543,2025-02-01,250.0,5,Starter,active
CUST-1544,2025-02-01,150.0,3,Starter,active
CUST-1545,2025-02-01,150.0,3,Starter,active
CUST-1546,2025-02-01,35750.0,143,Scale,active
CUST-1547,2025-02-01,6600.0,55,Growth,active
CUST-1548,2025-02-01,4750.0,19,Scale,active
CUST-1549,2025-02-01,720.0,6,Growth,active
CUST-1550,2025-02-01,300.0,6,Starter,active
CUST-1551,2025-02-01,360.0,3,Growth,active
CUST-1552,2025-02-01,650.0,13,Starter,active
CUST-1553,2025-02-01,500.0,10,Starter,active
CUST-1554,2025-02-01,8520.0,71,Growth,active
CUST-1556,2025-02-01,6480.0,54,Growth,active
CUST-1557,2025-02-01,650.0,13,Starter,active
CUST-1558,2025-02-01,700.0,14,Starter,active
CUST-1559,2025-02-01,360.0,3,Growth,active
CUST-1560,2025-02-01,8160.0,68,Growth,active
CUST-1561,2025-02-01,300.0,6,Starter,active
CUST-1562,2025-02-01,350.0,7,Starter,active
CUST-1563,2025-02-01,5500.0,22,Scale,active
CUST-1564,2025-02-01,200.0,4,Starter,active
CUST-1565,2025-02-01,23500.0,94,Scale,active
CUST-1566,2025-02-01,550.0,11,Starter,active
CUST-1567,2025-02-01,200.0,4,Starter,active
CUST-1568,2025-02-01,300.0,6,Starter,active
CUST-1569,2025-02-01,300.0,6,Starter,active
CUST-1570,2025-02-01,750.0,15,Starter,active
CUST-1571,2025-02-01,950.0,19,Starter,active
CUST-1572,2025-02-01,300.0,6,Starter,active
CUST-1573,2025-02-01,8250.0,33,Scale,active
CUST-1574,2025-02-01,500.0,10,Starter,active
CUST-1575,2025-02-01,650.0,13,Starter,active
CUST-1576,2025-02-01,2760.0,23,Growth,active
CUST-1577,2025-02-01,2750.0,11,Scale,active
CUST-1578,2025-02-01,1800.0,15,Growth,active
CUST-1579,2025-02-01,650.0,13,Starter,active
CUST-1580,2025-02-01,360.0,3,Growth,active
CUST-1001,2025-03-01,4250.0,17,Scale,active
CUST-1003,2025-03-01,6120.0,51,Growth,active
CUST-1004,2025-03-01,550.0,11,Starter,active
CUST-1005,2025-03-01,97000.0,388,Scale,active
CUST-1007,2025-03-01,600.0,12,Starter,active
CUST-1009,2025-03-01,8280.0,69,Growth,active
CUST-1010,2025-03-01,600.0,5,Growth,active
CUST-1013,2025-03-01,400.0,8,Starter,active
CUST-1014,2025-03-01,3050.0,61,Starter,active
CUST-1015,2025-03-01,2160.0,18,Growth,active
CUST-1016,2025-03-01,600.0,12,Starter,active
CUST-1017,2025-03-01,500.0,10,Starter,active
CUST-1018,2025-03-01,400.0,8,Starter,active
CUST-1019,2025-03-01,93000.0,372,Scale,active
CUST-1021,2025-03-01,650.0,13,Starter,active
CUST-1022,2025-03-01,8040.0,67,Growth,active
CUST-1024,2025-03-01,450.0,9,Starter,active
CUST-1026,2025-03-01,5760.0,48,Growth,active
CUST-1027,2025-03-01,750.0,15,Starter,active
CUST-1028,2025-03-01,840.0,7,Growth,active
CUST-1029,2025-03-01,250.0,5,Starter,active
CUST-1030,2025-03-01,600.0,12,Starter,active
CUST-1032,2025-03-01,840.0,7,Growth,active
CUST-1033,2025-03-01,480.0,4,Growth,active
CUST-1037,2025-03-01,840.0,7,Growth,active
CUST-1039,2025-03-01,300.0,6,Starter,active
CUST-1040,2025-03-01,3150.0,63,Starter,active
CUST-1041,2025-03-01,350.0,7,Starter,active
CUST-1042,2025-03-01,1100.0,22,Starter,active
CUST-1043,2025-03-01,300.0,6,Starter,active
CUST-1044,2025-03-01,3450.0,69,Starter,active
CUST-1045,2025-03-01,900.0,18,Starter,active
CUST-1046,2025-03-01,450.0,9,Starter,active
CUST-1048,2025-03-01,360.0,3,Growth,active
CUST-1049,2025-03-01,6600.0,55,Growth,active
CUST-1050,2025-03-01,200.0,4,Starter,active
CUST-1051,2025-03-01,600.0,12,Starter,active
CUST-1052,2025-03-01,350.0,7,Starter,active
CUST-1054,2025-03-01,2160.0,18,Growth,active
CUST-1056,2025-03-01,600.0,12,Starter,active
CUST-1057,2025-03-01,300.0,6,Starter,active
CUST-1059,2025-03-01,6120.0,51,Growth,active
CUST-1060,2025-03-01,700.0,14,Starter,active
CUST-1061,2025-03-01,5400.0,45,Growth,active
CUST-1063,2025-03-01,62500.0,250,Scale,active
CUST-1064,2025-03-01,750.0,15,Starter,active
CUST-1065,2025-03-01,500.0,10,Starter,active
CUST-1066,2025-03-01,1560.0,13,Growth,active
CUST-1067,2025-03-01,750.0,15,Starter,active
CUST-1068,2025-03-01,4200.0,35,Growth,active
CUST-1069,2025-03-01,1200.0,10,Growth,active
CUST-1071,2025-03-01,53250.0,213,Scale,active
CUST-1073,2025-03-01,4440.0,37,Growth,active
CUST-1074,2025-03-01,21000.0,84,Scale,active
CUST-1075,2025-03-01,4000.0,16,Scale,active
CUST-1076,2025-03-01,2400.0,20,Growth,active
CUST-1077,2025-03-01,700.0,14,Starter,active
CUST-1078,2025-03-01,150.0,3,Starter,active
CUST-1082,2025-03-01,57480.0,479,Growth,active
CUST-1083,2025-03-01,1850.0,37,Starter,active
CUST-1084,2025-03-01,900.0,18,Starter,active
CUST-1085,2025-03-01,5640.0,47,Growth,active
CUST-1086,2025-03-01,750.0,15,Starter,active
CUST-1087,2025-03-01,500.0,10,Starter,active
CUST-1088,2025-03-01,700.0,14,Starter,active
CUST-1090,2025-03-01,6840.0,57,Growth,active
CUST-1091,2025-03-01,500.0,10,Starter,active
CUST-1092,2025-03-01,10080.0,84,Growth,active
CUST-1095,2025-03-01,6360.0,53,Growth,active
CUST-1096,2025-03-01,200.0,4,Starter,active
CUST-1097,2025-03-01,4080.0,34,Growth,active
CUST-1099,2025-03-01,4560.0,38,Growth,active
CUST-1101,2025-03-01,300.0,6,Starter,active
CUST-1102,2025-03-01,350.0,7,Starter,active
CUST-1103,2025-03-01,500.0,10,Starter,active
CUST-1104,2025-03-01,450.0,9,Starter,active
CUST-1106,2025-03-01,7200.0,60,Growth,active
CUST-1107,2025-03-01,400.0,8,Starter,active
CUST-1108,2025-03-01,250.0,5,Starter,active
CUST-1109,2025-03-01,1080.0,9,Growth,active
CUST-1110,2025-03-01,1320.0,11,Growth,active
CUST-1111,2025-03-01,2650.0,53,Starter,active
CUST-1112,2025-03-01,2750.0,11,Scale,active
CUST-1113,2025-03-01,2050.0,41,Starter,active
CUST-1114,2025-03-01,83250.0,333,Scale,active
CUST-1115,2025-03-01,720.0,6,Growth,active
CUST-1116,2025-03-01,150.0,3,Starter,active
CUST-1117,2025-03-01,4560.0,38,Growth,active
CUST-1118,2025-03-01,300.0,6,Starter,active
CUST-1119,2025-03-01,1200.0,10,Growth,active
CUST-1120,2025-03-01,700.0,14,Starter,active
CUST-1122,2025-03-01,8520.0,71,Growth,active
CUST-1124,2025-03-01,650.0,13,Starter,active
CUST-1125,2025-03-01,650.0,13,Starter,active
CUST-1126,2025-03-01,8760.0,73,Growth,active
CUST-1127,2025-03-01,600.0,12,Starter,active
CUST-1129,2025-03-01,1200.0,10,Growth,active
CUST-1130,2025-03-01,82750.0,331,Scale,active
CUST-1132,2025-03-01,1200.0,10,Growth,active
CUST-1133,2025-03-01,300.0,6,Starter,active
CUST-1135,2025-03-01,300.0,6,Starter,active
CUST-1136,2025-03-01,750.0,15,Starter,active
CUST-1137,2025-03-01,4080.0,34,Growth,active
CUST-1138,2025-03-01,500.0,10,Starter,active
CUST-1140,2025-03-01,650.0,13,Starter,active
CUST-1141,2025-03-01,550.0,11,Starter,active
CUST-1142,2025-03-01,1920.0,16,Growth,active
CUST-1144,2025-03-01,650.0,13,Starter,active
CUST-1145,2025-03-01,700.0,14,Starter,active
CUST-1146,2025-03-01,3120.0,26,Growth,active
CUST-1147,2025-03-01,650.0,13,Starter,active
CUST-1148,2025-03-01,22200.0,444,Starter,active
CUST-1150,2025-03-01,300.0,6,Starter,active
CUST-1151,2025-03-01,700.0,14,Starter,active
CUST-1152,2025-03-01,500.0,10,Starter,active
CUST-1153,2025-03-01,9360.0,78,Growth,active
CUST-1154,2025-03-01,850.0,17,Starter,active
CUST-1155,2025-03-01,720.0,6,Growth,active
CUST-1156,2025-03-01,8040.0,67,Growth,active
CUST-1158,2025-03-01,1320.0,11,Growth,active
CUST-1160,2025-03-01,6960.0,58,Growth,active
CUST-1161,2025-03-01,1080.0,9,Growth,active
CUST-1162,2025-03-01,350.0,7,Starter,active
CUST-1163,2025-03-01,34320.0,286,Growth,active
CUST-1165,2025-03-01,720.0,6,Growth,active
CUST-1166,2025-03-01,480.0,4,Growth,active
CUST-1167,2025-03-01,94750.0,379,Scale,active
CUST-1168,2025-03-01,720.0,6,Growth,active
CUST-1170,2025-03-01,750.0,15,Starter,active
CUST-1171,2025-03-01,300.0,6,Starter,active
CUST-1172,2025-03-01,3720.0,31,Growth,active
CUST-1173,2025-03-01,16500.0,66,Scale,active
CUST-1174,2025-03-01,720.0,6,Growth,active
CUST-1175,2025-03-01,400.0,8,Starter,active
CUST-1177,2025-03-01,900.0,18,Starter,active
CUST-1178,2025-03-01,800.0,16,Starter,active
CUST-1179,2025-03-01,2640.0,22,Growth,active
CUST-1180,2025-03-01,1200.0,24,Starter,active
CUST-1181,2025-03-01,1800.0,15,Growth,active
CUST-1182,2025-03-01,2000.0,8,Scale,active
CUST-1186,2025-03-01,1560.0,13,Growth,active
CUST-1187,2025-03-01,450.0,9,Starter,active
CUST-1188,2025-03-01,1320.0,11,Growth,active
CUST-1189,2025-03-01,750.0,15,Starter,active
CUST-1192,2025-03-01,550.0,11,Starter,active
CUST-1194,2025-03-01,750.0,15,Starter,active
CUST-1195,2025-03-01,600.0,12,Starter,active
CUST-1196,2025-03-01,5040.0,42,Growth,active
CUST-1198,2025-03-01,87250.0,349,Scale,active
CUST-1199,2025-03-01,600.0,12,Starter,active
CUST-1200,2025-03-01,1560.0,13,Growth,active
CUST-1201,2025-03-01,480.0,4,Growth,active
CUST-1202,2025-03-01,4000.0,16,Scale,active
CUST-1203,2025-03-01,600.0,5,Growth,active
CUST-1205,2025-03-01,6360.0,53,Growth,active
CUST-1206,2025-03-01,2750.0,11,Scale,active
CUST-1207,2025-03-01,3960.0,33,Growth,active
CUST-1208,2025-03-01,360.0,3,Growth,active
CUST-1209,2025-03-01,1200.0,10,Growth,active
CUST-1211,2025-03-01,300.0,6,Starter,active
CUST-1212,2025-03-01,150.0,3,Starter,active
CUST-1213,2025-03-01,2040.0,17,Growth,active
CUST-1215,2025-03-01,500.0,10,Starter,active
CUST-1216,2025-03-01,480.0,4,Growth,active
CUST-1217,2025-03-01,800.0,16,Starter,active
CUST-1218,2025-03-01,8880.0,74,Growth,active
CUST-1219,2025-03-01,4560.0,38,Growth,active
CUST-1220,2025-03-01,150.0,3,Starter,active
CUST-1222,2025-03-01,450.0,9,Starter,active
CUST-1223,2025-03-01,650.0,13,Starter,active
CUST-1224,2025-03-01,450.0,9,Starter,active
CUST-1226,2025-03-01,960.0,8,Growth,active
CUST-1227,2025-03-01,650.0,13,Starter,active
CUST-1230,2025-03-01,950.0,19,Starter,active
CUST-1231,2025-03-01,8500.0,34,Scale,active
CUST-1232,2025-03-01,750.0,15,Starter,active
CUST-1233,2025-03-01,240.0,2,Growth,active
CUST-1234,2025-03-01,960.0,8,Growth,active
CUST-1235,2025-03-01,300.0,6,Starter,active
CUST-1236,2025-03-01,550.0,11,Starter,active
CUST-1237,2025-03-01,7440.0,62,Growth,active
CUST-1238,2025-03-01,4320.0,36,Growth,active
CUST-1239,2025-03-01,17750.0,71,Scale,active
CUST-1240,2025-03-01,150.0,3,Starter,active
CUST-1242,2025-03-01,700.0,14,Starter,active
CUST-1243,2025-03-01,360.0,3,Growth,active
CUST-1244,2025-03-01,250.0,5,Starter,active
CUST-1246,2025-03-01,840.0,7,Growth,active
CUST-1247,2025-03-01,750.0,15,Starter,active
CUST-1248,2025-03-01,550.0,11,Starter,active
CUST-1249,2025-03-01,400.0,8,Starter,active
CUST-1250,2025-03-01,350.0,7,Starter,active
CUST-1251,2025-03-01,1920.0,16,Growth,active
CUST-1252,2025-03-01,2000.0,8,Scale,active
CUST-1255,2025-03-01,6480.0,54,Growth,active
CUST-1256,2025-03-01,750.0,15,Starter,active
CUST-1259,2025-03-01,82250.0,329,Scale,active
CUST-1260,2025-03-01,350.0,7,Starter,active
CUST-1261,2025-03-01,1700.0,34,Starter,active
CUST-1262,2025-03-01,1800.0,15,Growth,active
CUST-1263,2025-03-01,200.0,4,Starter,active
CUST-1264,2025-03-01,700.0,14,Starter,active
CUST-1266,2025-03-01,5160.0,43,Growth,active
CUST-1267,2025-03-01,250.0,5,Starter,active
CUST-1268,2025-03-01,700.0,14,Starter,active
CUST-1269,2025-03-01,300.0,6,Starter,active
CUST-1270,2025-03-01,450.0,9,Starter,active
CUST-1272,2025-03-01,2160.0,18,Growth,active
CUST-1273,2025-03-01,4920.0,41,Growth,active
CUST-1274,2025-03-01,1800.0,15,Growth,active
CUST-1275,2025-03-01,840.0,7,Growth,active
CUST-1276,2025-03-01,6360.0,53,Growth,active
CUST-1277,2025-03-01,350.0,7,Starter,active
CUST-1278,2025-03-01,5040.0,42,Growth,active
CUST-1280,2025-03-01,480.0,4,Growth,active
CUST-1281,2025-03-01,3480.0,29,Growth,active
CUST-1282,2025-03-01,400.0,8,Starter,active
CUST-1283,2025-03-01,700.0,14,Starter,active
CUST-1284,2025-03-01,1800.0,15,Growth,active
CUST-1286,2025-03-01,200.0,4,Starter,active
CUST-1289,2025-03-01,750.0,15,Starter,active
CUST-1290,2025-03-01,600.0,5,Growth,active
CUST-1291,2025-03-01,250.0,5,Starter,active
CUST-1292,2025-03-01,1680.0,14,Growth,active
CUST-1293,2025-03-01,110000.0,440,Scale,active
CUST-1294,2025-03-01,7440.0,62,Growth,active
CUST-1295,2025-03-01,300.0,6,Starter,active
CUST-1296,2025-03-01,1920.0,16,Growth,active
CUST-1297,2025-03-01,600.0,12,Starter,active
CUST-1298,2025-03-01,87250.0,349,Scale,active
CUST-1300,2025-03-01,600.0,5,Growth,active
CUST-1301,2025-03-01,250.0,5,Starter,active
CUST-1302,2025-03-01,400.0,8,Starter,active
CUST-1303,2025-03-01,400.0,8,Starter,active
CUST-1305,2025-03-01,2880.0,24,Growth,active
CUST-1306,2025-03-01,5520.0,46,Growth,active
CUST-1307,2025-03-01,350.0,7,Starter,active
CUST-1308,2025-03-01,1200.0,10,Growth,active
CUST-1309,2025-03-01,300.0,6,Starter,active
CUST-1310,2025-03-01,8520.0,71,Growth,active
CUST-1311,2025-03-01,75500.0,302,Scale,active
CUST-1312,2025-03-01,1560.0,13,Growth,active
CUST-1313,2025-03-01,1200.0,24,Starter,active
CUST-1314,2025-03-01,3360.0,28,Growth,active
CUST-1315,2025-03-01,4800.0,40,Growth,active
CUST-1316,2025-03-01,1440.0,12,Growth,active
CUST-1317,2025-03-01,650.0,13,Starter,active
CUST-1318,2025-03-01,8760.0,73,Growth,active
CUST-1319,2025-03-01,150.0,3,Starter,active
CUST-1320,2025-03-01,840.0,7,Growth,active
CUST-1321,2025-03-01,250.0,5,Starter,active
CUST-1322,2025-03-01,16320.0,136,Growth,active
CUST-1323,2025-03-01,8250.0,33,Scale,active
CUST-1324,2025-03-01,700.0,14,Starter,active
CUST-1325,2025-03-01,650.0,13,Starter,active
CUST-1326,2025-03-01,7920.0,66,Growth,active
CUST-1327,2025-03-01,800.0,16,Starter,active
CUST-1328,2025-03-01,500.0,10,Starter,active
CUST-1329,2025-03-01,700.0,14,Starter,active
CUST-1330,2025-03-01,480.0,4,Growth,active
CUST-1331,2025-03-01,500.0,10,Starter,active
CUST-1332,2025-03-01,750.0,15,Starter,active
CUST-1333,2025-03-01,840.0,7,Growth,active
CUST-1334,2025-03-01,750.0,15,Starter,active
CUST-1335,2025-03-01,1440.0,12,Growth,active
CUST-1336,2025-03-01,2880.0,24,Growth,active
CUST-1337,2025-03-01,300.0,6,Starter,active
CUST-1338,2025-03-01,7320.0,61,Growth,active
CUST-1339,2025-03-01,750.0,3,Scale,active
CUST-1340,2025-03-01,6360.0,53,Growth,active
CUST-1341,2025-03-01,2000.0,8,Scale,active
CUST-1342,2025-03-01,650.0,13,Starter,active
CUST-1343,2025-03-01,1560.0,13,Growth,active
CUST-1344,2025-03-01,150.0,3,Starter,active
CUST-1345,2025-03-01,200.0,4,Starter,active
CUST-1348,2025-03-01,4400.0,88,Starter,active
CUST-1349,2025-03-01,200.0,4,Starter,active
CUST-1350,2025-03-01,750.0,15,Starter,active
CUST-1351,2025-03-01,840.0,7,Growth,active
CUST-1352,2025-03-01,1080.0,9,Growth,active
CUST-1353,2025-03-01,250.0,5,Starter,active
CUST-1354,2025-03-01,960.0,8,Growth,active
CUST-1355,2025-03-01,11500.0,46,Scale,active
CUST-1356,2025-03-01,95500.0,382,Scale,active
CUST-1357,2025-03-01,6480.0,54,Growth,active
CUST-1358,2025-03-01,2880.0,24,Growth,active
CUST-1359,2025-03-01,360.0,3,Growth,active
CUST-1361,2025-03-01,18000.0,72,Scale,active
CUST-1362,2025-03-01,4250.0,17,Scale,active
CUST-1364,2025-03-01,250.0,5,Starter,active
CUST-1365,2025-03-01,22800.0,190,Growth,active
CUST-1366,2025-03-01,200.0,4,Starter,active
CUST-1367,2025-03-01,350.0,7,Starter,active
CUST-1368,2025-03-01,500.0,10,Starter,active
CUST-1369,2025-03-01,480.0,4,Growth,active
CUST-1371,2025-03-01,3700.0,74,Starter,active
CUST-1372,2025-03-01,8000.0,32,Scale,active
CUST-1373,2025-03-01,650.0,13,Starter,active
CUST-1374,2025-03-01,150.0,3,Starter,active
CUST-1375,2025-03-01,600.0,12,Starter,active
CUST-1376,2025-03-01,1080.0,9,Growth,active
CUST-1377,2025-03-01,600.0,5,Growth,active
CUST-1379,2025-03-01,600.0,12,Starter,active
CUST-1381,2025-03-01,4320.0,36,Growth,active
CUST-1382,2025-03-01,350.0,7,Starter,active
CUST-1383,2025-03-01,600.0,5,Growth,active
CUST-1384,2025-03-01,600.0,12,Starter,active
CUST-1386,2025-03-01,150.0,3,Starter,active
CUST-1387,2025-03-01,900.0,18,Starter,active
CUST-1389,2025-03-01,150.0,3,Starter,active
CUST-1391,2025-03-01,1750.0,7,Scale,active
CUST-1393,2025-03-01,600.0,12,Starter,active
CUST-1394,2025-03-01,720.0,6,Growth,active
CUST-1397,2025-03-01,5400.0,45,Growth,active
CUST-1398,2025-03-01,480.0,4,Growth,active
CUST-1399,2025-03-01,4560.0,38,Growth,active
CUST-1400,2025-03-01,6120.0,51,Growth,active
CUST-1401,2025-03-01,1080.0,9,Growth,active
CUST-1402,2025-03-01,2500.0,50,Starter,active
CUST-1403,2025-03-01,650.0,13,Starter,active
CUST-1404,2025-03-01,2520.0,21,Growth,active
CUST-1405,2025-03-01,1440.0,12,Growth,active
CUST-1406,2025-03-01,150.0,3,Starter,active
CUST-1407,2025-03-01,11000.0,44,Scale,active
CUST-1408,2025-03-01,400.0,8,Starter,active
CUST-1409,2025-03-01,300.0,6,Starter,active
CUST-1410,2025-03-01,350.0,7,Starter,active
CUST-1411,2025-03-01,840.0,7,Growth,active
CUST-1412,2025-03-01,36240.0,302,Growth,active
CUST-1413,2025-03-01,7800.0,65,Growth,active
CUST-1414,2025-03-01,18000.0,72,Scale,active
CUST-1415,2025-03-01,450.0,9,Starter,active
CUST-1416,2025-03-01,1750.0,35,Starter,active
CUST-1419,2025-03-01,3240.0,27,Growth,active
CUST-1420,2025-03-01,450.0,9,Starter,active
CUST-1421,2025-03-01,150.0,3,Starter,active
CUST-1422,2025-03-01,300.0,6,Starter,active
CUST-1423,2025-03-01,350.0,7,Starter,active
CUST-1424,2025-03-01,250.0,5,Starter,active
CUST-1425,2025-03-01,200.0,4,Starter,active
CUST-1427,2025-03-01,750.0,15,Starter,active
CUST-1428,2025-03-01,480.0,4,Growth,active
CUST-1429,2025-03-01,150.0,3,Starter,active
CUST-1431,2025-03-01,150.0,3,Starter,active
CUST-1432,2025-03-01,650.0,13,Starter,active
CUST-1433,2025-03-01,450.0,9,Starter,active
CUST-1434,2025-03-01,300.0,6,Starter,active
CUST-1436,2025-03-01,2000.0,8,Scale,active
CUST-1437,2025-03-01,250.0,5,Starter,active
CUST-1439,2025-03-01,13500.0,54,Scale,active
CUST-1440,2025-03-01,450.0,9,Starter,active
CUST-1441,2025-03-01,1560.0,13,Growth,active
CUST-1442,2025-03-01,600.0,12,Starter,active
CUST-1443,2025-03-01,8520.0,71,Growth,active
CUST-1444,2025-03-01,1200.0,10,Growth,active
CUST-1445,2025-03-01,750.0,15,Starter,active
CUST-1446,2025-03-01,400.0,8,Starter,active
CUST-1447,2025-03-01,1920.0,16,Growth,active
CUST-1448,2025-03-01,300.0,6,Starter,active
CUST-1449,2025-03-01,840.0,7,Growth,active
CUST-1450,2025-03-01,840.0,7,Growth,active
CUST-1451,2025-03-01,250.0,5,Starter,active
CUST-1452,2025-03-01,500.0,10,Starter,active
CUST-1453,2025-03-01,3550.0,71,Starter,active
CUST-1455,2025-03-01,250.0,5,Starter,active
CUST-1456,2025-03-01,5100.0,102,Starter,active
CUST-1457,2025-03-01,550.0,11,Starter,active
CUST-1458,2025-03-01,200.0,4,Starter,active
CUST-1459,2025-03-01,750.0,15,Starter,active
CUST-1460,2025-03-01,19250.0,77,Scale,active
CUST-1461,2025-03-01,450.0,9,Starter,active
CUST-1463,2025-03-01,200.0,4,Starter,active
CUST-1464,2025-03-01,750.0,15,Starter,active
CUST-1465,2025-03-01,5760.0,48,Growth,active
CUST-1466,2025-03-01,300.0,6,Starter,active
CUST-1467,2025-03-01,550.0,11,Starter,active
CUST-1468,2025-03-01,550.0,11,Starter,active
CUST-1469,2025-03-01,550.0,11,Starter,active
CUST-1470,2025-03-01,750.0,15,Starter,active
CUST-1471,2025-03-01,250.0,5,Starter,active
CUST-1472,2025-03-01,600.0,12,Starter,active
CUST-1473,2025-03-01,1200.0,10,Growth,active
CUST-1474,2025-03-01,550.0,11,Starter,active
CUST-1475,2025-03-01,300.0,6,Starter,active
CUST-1476,2025-03-01,450.0,9,Starter,active
CUST-1477,2025-03-01,20250.0,81,Scale,active
CUST-1479,2025-03-01,650.0,13,Starter,active
CUST-1480,2025-03-01,450.0,9,Starter,active
CUST-1481,2025-03-01,3840.0,32,Growth,active
CUST-1482,2025-03-01,8160.0,68,Growth,active
CUST-1483,2025-03-01,360.0,3,Growth,active
CUST-1484,2025-03-01,400.0,8,Starter,active
CUST-1485,2025-03-01,500.0,10,Starter,active
CUST-1486,2025-03-01,150.0,3,Starter,active
CUST-1487,2025-03-01,200.0,4,Starter,active
CUST-1488,2025-03-01,1440.0,12,Growth,active
CUST-1489,2025-03-01,600.0,12,Starter,active
CUST-1490,2025-03-01,11500.0,46,Scale,active
CUST-1491,2025-03-01,750.0,15,Starter,active
CUST-1492,2025-03-01,1320.0,11,Growth,active
CUST-1493,2025-03-01,2450.0,49,Starter,active
CUST-1495,2025-03-01,73250.0,293,Scale,active
CUST-1496,2025-03-01,840.0,7,Growth,active
CUST-1497,2025-03-01,600.0,12,Starter,active
CUST-1498,2025-03-01,350.0,7,Starter,active
CUST-1499,2025-03-01,1080.0,9,Growth,active
CUST-1500,2025-03-01,2250.0,45,Starter,active
CUST-1501,2025-03-01,360.0,3,Growth,active
CUST-1502,2025-03-01,7560.0,63,Growth,active
CUST-1503,2025-03-01,1920.0,16,Growth,active
CUST-1504,2025-03-01,2250.0,9,Scale,active
CUST-1506,2025-03-01,450.0,9,Starter,active
CUST-1507,2025-03-01,300.0,6,Starter,active
CUST-1508,2025-03-01,750.0,15,Starter,active
CUST-1509,2025-03-01,7920.0,66,Growth,active
CUST-1510,2025-03-01,39120.0,326,Growth,active
CUST-1511,2025-03-01,1560.0,13,Growth,active
CUST-1512,2025-03-01,950.0,19,Starter,active
CUST-1513,2025-03-01,200.0,4,Starter,active
CUST-1514,2025-03-01,2750.0,11,Scale,active
CUST-1516,2025-03-01,5640.0,47,Growth,active
CUST-1517,2025-03-01,960.0,8,Growth,active
CUST-1518,2025-03-01,350.0,7,Starter,active
CUST-1519,2025-03-01,400.0,8,Starter,active
CUST-1520,2025-03-01,7920.0,66,Growth,active
CUST-1521,2025-03-01,450.0,9,Starter,active
CUST-1522,2025-03-01,480.0,4,Growth,active
CUST-1523,2025-03-01,700.0,14,Starter,active
CUST-1524,2025-03-01,300.0,6,Starter,active
CUST-1525,2025-03-01,350.0,7,Starter,active
CUST-1526,2025-03-01,800.0,16,Starter,active
CUST-1527,2025-03-01,400.0,8,Starter,active
CUST-1528,2025-03-01,1200.0,10,Growth,active
CUST-1529,2025-03-01,1200.0,10,Growth,active
CUST-1530,2025-03-01,5880.0,49,Growth,active
CUST-1531,2025-03-01,1680.0,14,Growth,active
CUST-1532,2025-03-01,750.0,15,Starter,active
CUST-1533,2025-03-01,350.0,7,Starter,active
CUST-1534,2025-03-01,250.0,5,Starter,active
CUST-1535,2025-03-01,250.0,5,Starter,active
CUST-1536,2025-03-01,600.0,12,Starter,active
CUST-1537,2025-03-01,12600.0,105,Growth,active
CUST-1538,2025-03-01,700.0,14,Starter,active
CUST-1539,2025-03-01,17500.0,70,Scale,active
CUST-1540,2025-03-01,300.0,6,Starter,active
CUST-1541,2025-03-01,300.0,6,Starter,active
CUST-1542,2025-03-01,1560.0,13,Growth,active
CUST-1543,2025-03-01,250.0,5,Starter,active
CUST-1544,2025-03-01,150.0,3,Starter,active
CUST-1545,2025-03-01,150.0,3,Starter,active
CUST-1546,2025-03-01,35750.0,143,Scale,active
CUST-1547,2025-03-01,6600.0,55,Growth,active
CUST-1548,2025-03-01,4750.0,19,Scale,active
CUST-1549,2025-03-01,720.0,6,Growth,active
CUST-1550,2025-03-01,300.0,6,Starter,active
CUST-1551,2025-03-01,360.0,3,Growth,active
CUST-1552,2025-03-01,650.0,13,Starter,active
CUST-1553,2025-03-01,500.0,10,Starter,active
CUST-1554,2025-03-01,8520.0,71,Growth,active
CUST-1556,2025-03-01,6480.0,54,Growth,active
CUST-1557,2025-03-01,650.0,13,Starter,active
CUST-1558,2025-03-01,700.0,14,Starter,active
CUST-1559,2025-03-01,360.0,3,Growth,active
CUST-1560,2025-03-01,8160.0,68,Growth,active
CUST-1561,2025-03-01,350.0,7,Starter,active
CUST-1562,2025-03-01,350.0,7,Starter,active
CUST-1563,2025-03-01,6500.0,26,Scale,active
CUST-1564,2025-03-01,200.0,4,Starter,active
CUST-1565,2025-03-01,23500.0,94,Scale,active
CUST-1566,2025-03-01,550.0,11,Starter,active
CUST-1567,2025-03-01,200.0,4,Starter,active
CUST-1568,2025-03-01,300.0,6,Starter,active
CUST-1569,2025-03-01,300.0,6,Starter,active
CUST-1570,2025-03-01,750.0,15,Starter,active
CUST-1571,2025-03-01,1150.0,23,Starter,active
CUST-1572,2025-03-01,300.0,6,Starter,active
CUST-1573,2025-03-01,8250.0,33,Scale,active
CUST-1574,2025-03-01,500.0,10,Starter,active
CUST-1575,2025-03-01,650.0,13,Starter,active
CUST-1576,2025-03-01,2760.0,23,Growth,active
CUST-1577,2025-03-01,2500.0,10,Scale,active
CUST-1578,2025-03-01,1800.0,15,Growth,active
CUST-1579,2025-03-01,650.0,13,Starter,active
CUST-1580,2025-03-01,360.0,3,Growth,active
CUST-1581,2025-03-01,450.0,9,Starter,active
CUST-1582,2025-03-01,400.0,8,Starter,active
CUST-1583,2025-03-01,5640.0,47,Growth,active
CUST-1584,2025-03-01,150.0,3,Starter,active
CUST-1585,2025-03-01,3300.0,66,Starter,active
CUST-1586,2025-03-01,150.0,3,Starter,active
CUST-1587,2025-03-01,1800.0,15,Growth,active
CUST-1588,2025-03-01,550.0,11,Starter,active
CUST-1589,2025-03-01,720.0,6,Growth,active
CUST-1590,2025-03-01,8500.0,34,Scale,active
CUST-1591,2025-03-01,1200.0,10,Growth,active
CUST-1592,2025-03-01,750.0,15,Starter,active
CUST-1593,2025-03-01,250.0,5,Starter,active
CUST-1594,2025-03-01,600.0,12,Starter,active
CUST-1595,2025-03-01,3600.0,72,Starter,active
CUST-1596,2025-03-01,6480.0,54,Growth,active
CUST-1597,2025-03-01,450.0,9,Starter,active
CUST-1598,2025-03-01,200.0,4,Starter,active
CUST-1599,2025-03-01,1440.0,12,Growth,active
CUST-1600,2025-03-01,58250.0,233,Scale,active
CUST-1001,2025-04-01,4250.0,17,Scale,active
CUST-1003,2025-04-01,6120.0,51,Growth,active
CUST-1004,2025-04-01,550.0,11,Starter,active
CUST-1005,2025-04-01,117000.0,468,Scale,active
CUST-1007,2025-04-01,600.0,12,Starter,active
CUST-1009,2025-04-01,8280.0,69,Growth,active
CUST-1010,2025-04-01,600.0,5,Growth,active
CUST-1013,2025-04-01,400.0,8,Starter,active
CUST-1014,2025-04-01,3050.0,61,Starter,active
CUST-1015,2025-04-01,2160.0,18,Growth,active
CUST-1016,2025-04-01,600.0,12,Starter,active
CUST-1018,2025-04-01,400.0,8,Starter,active
CUST-1019,2025-04-01,93000.0,372,Scale,active
CUST-1021,2025-04-01,650.0,13,Starter,active
CUST-1022,2025-04-01,8040.0,67,Growth,active
CUST-1024,2025-04-01,450.0,9,Starter,active
CUST-1026,2025-04-01,5760.0,48,Growth,active
CUST-1027,2025-04-01,750.0,15,Starter,active
CUST-1028,2025-04-01,840.0,7,Growth,active
CUST-1029,2025-04-01,250.0,5,Starter,active
CUST-1030,2025-04-01,600.0,12,Starter,active
CUST-1032,2025-04-01,840.0,7,Growth,active
CUST-1033,2025-04-01,480.0,4,Growth,active
CUST-1037,2025-04-01,840.0,7,Growth,active
CUST-1039,2025-04-01,300.0,6,Starter,active
CUST-1040,2025-04-01,3150.0,63,Starter,active
CUST-1041,2025-04-01,350.0,7,Starter,active
CUST-1042,2025-04-01,1100.0,22,Starter,active
CUST-1043,2025-04-01,300.0,6,Starter,active
CUST-1044,2025-04-01,3450.0,69,Starter,active
CUST-1045,2025-04-01,900.0,18,Starter,active
CUST-1046,2025-04-01,450.0,9,Starter,active
CUST-1048,2025-04-01,360.0,3,Growth,active
CUST-1049,2025-04-01,6600.0,55,Growth,active
CUST-1050,2025-04-01,200.0,4,Starter,active
CUST-1051,2025-04-01,600.0,12,Starter,active
CUST-1052,2025-04-01,350.0,7,Starter,active
CUST-1054,2025-04-01,2160.0,18,Growth,active
CUST-1056,2025-04-01,600.0,12,Starter,active
CUST-1057,2025-04-01,300.0,6,Starter,active
CUST-1059,2025-04-01,6120.0,51,Growth,active
CUST-1060,2025-04-01,700.0,14,Starter,active
CUST-1061,2025-04-01,5400.0,45,Growth,active
CUST-1063,2025-04-01,62500.0,250,Scale,active
CUST-1064,2025-04-01,750.0,15,Starter,active
CUST-1065,2025-04-01,500.0,10,Starter,active
CUST-1066,2025-04-01,1560.0,13,Growth,active
CUST-1067,2025-04-01,750.0,15,Starter,active
CUST-1068,2025-04-01,4200.0,35,Growth,active
CUST-1069,2025-04-01,1200.0,10,Growth,active
CUST-1071,2025-04-01,53250.0,213,Scale,active
CUST-1073,2025-04-01,4440.0,37,Growth,active
CUST-1074,2025-04-01,21000.0,84,Scale,active
CUST-1075,2025-04-01,4000.0,16,Scale,active
CUST-1076,2025-04-01,2400.0,20,Growth,active
CUST-1077,2025-04-01,700.0,14,Starter,active
CUST-1078,2025-04-01,150.0,3,Starter,active
CUST-1082,2025-04-01,62640.0,522,Growth,active
CUST-1083,2025-04-01,1850.0,37,Starter,active
CUST-1084,2025-04-01,900.0,18,Starter,active
CUST-1085,2025-04-01,5640.0,47,Growth,active
CUST-1086,2025-04-01,750.0,15,Starter,active
CUST-1087,2025-04-01,500.0,10,Starter,active
CUST-1088,2025-04-01,700.0,14,Starter,active
CUST-1090,2025-04-01,6840.0,57,Growth,active
CUST-1091,2025-04-01,500.0,10,Starter,active
CUST-1092,2025-04-01,10080.0,84,Growth,active
CUST-1095,2025-04-01,6360.0,53,Growth,active
CUST-1096,2025-04-01,200.0,4,Starter,active
CUST-1097,2025-04-01,4080.0,34,Growth,active
CUST-1099,2025-04-01,4560.0,38,Growth,active
CUST-1101,2025-04-01,300.0,6,Starter,active
CUST-1102,2025-04-01,350.0,7,Starter,active
CUST-1103,2025-04-01,500.0,10,Starter,active
CUST-1104,2025-04-01,450.0,9,Starter,active
CUST-1106,2025-04-01,8880.0,74,Growth,active
CUST-1107,2025-04-01,400.0,8,Starter,active
CUST-1108,2025-04-01,250.0,5,Starter,active
CUST-1109,2025-04-01,1080.0,9,Growth,active
CUST-1110,2025-04-01,1320.0,11,Growth,active
CUST-1111,2025-04-01,2650.0,53,Starter,active
CUST-1112,2025-04-01,2750.0,11,Scale,active
CUST-1113,2025-04-01,2050.0,41,Starter,active
CUST-1114,2025-04-01,91000.0,364,Scale,active
CUST-1115,2025-04-01,720.0,6,Growth,active
CUST-1116,2025-04-01,150.0,3,Starter,active
CUST-1117,2025-04-01,5640.0,47,Growth,active
CUST-1118,2025-04-01,300.0,6,Starter,active
CUST-1119,2025-04-01,1200.0,10,Growth,active
CUST-1120,2025-04-01,700.0,14,Starter,active
CUST-1122,2025-04-01,8520.0,71,Growth,active
CUST-1124,2025-04-01,650.0,13,Starter,active
CUST-1125,2025-04-01,650.0,13,Starter,active
CUST-1126,2025-04-01,8760.0,73,Growth,active
CUST-1127,2025-04-01,600.0,12,Starter,active
CUST-1129,2025-04-01,1200.0,10,Growth,active
CUST-1130,2025-04-01,82750.0,331,Scale,active
CUST-1132,2025-04-01,1200.0,10,Growth,active
CUST-1133,2025-04-01,300.0,6,Starter,active
CUST-1135,2025-04-01,300.0,6,Starter,active
CUST-1136,2025-04-01,750.0,15,Starter,active
CUST-1137,2025-04-01,4080.0,34,Growth,active
CUST-1138,2025-04-01,500.0,10,Starter,active
CUST-1140,2025-04-01,650.0,13,Starter,active
CUST-1141,2025-04-01,550.0,11,Starter,active
CUST-1142,2025-04-01,1920.0,16,Growth,active
CUST-1144,2025-04-01,650.0,13,Starter,active
CUST-1145,2025-04-01,700.0,14,Starter,active
CUST-1146,2025-04-01,3120.0,26,Growth,active
CUST-1147,2025-04-01,650.0,13,Starter,active
CUST-1148,2025-04-01,25750.0,515,Starter,active
CUST-1150,2025-04-01,300.0,6,Starter,active
CUST-1151,2025-04-01,700.0,14,Starter,active
CUST-1152,2025-04-01,500.0,10,Starter,active
CUST-1153,2025-04-01,9360.0,78,Growth,active
CUST-1154,2025-04-01,900.0,18,Starter,active
CUST-1155,2025-04-01,720.0,6,Growth,active
CUST-1156,2025-04-01,8040.0,67,Growth,active
CUST-1158,2025-04-01,1320.0,11,Growth,active
CUST-1160,2025-04-01,6960.0,58,Growth,active
CUST-1161,2025-04-01,1080.0,9,Growth,active
CUST-1162,2025-04-01,350.0,7,Starter,active
CUST-1163,2025-04-01,34320.0,286,Growth,active
CUST-1165,2025-04-01,720.0,6,Growth,active
CUST-1166,2025-04-01,480.0,4,Growth,active
CUST-1167,2025-04-01,94750.0,379,Scale,active
CUST-1168,2025-04-01,720.0,6,Growth,active
CUST-1170,2025-04-01,750.0,15,Starter,active
CUST-1171,2025-04-01,300.0,6,Starter,active
CUST-1172,2025-04-01,3720.0,31,Growth,active
CUST-1173,2025-04-01,16500.0,66,Scale,active
CUST-1174,2025-04-01,720.0,6,Growth,active
CUST-1175,2025-04-01,400.0,8,Starter,active
CUST-1177,2025-04-01,1000.0,20,Starter,active
CUST-1178,2025-04-01,800.0,16,Starter,active
CUST-1179,2025-04-01,2640.0,22,Growth,active
CUST-1180,2025-04-01,1350.0,27,Starter,active
CUST-1181,2025-04-01,1800.0,15,Growth,active
CUST-1182,2025-04-01,2000.0,8,Scale,active
CUST-1186,2025-04-01,1560.0,13,Growth,active
CUST-1187,2025-04-01,450.0,9,Starter,active
CUST-1188,2025-04-01,1320.0,11,Growth,active
CUST-1189,2025-04-01,750.0,15,Starter,active
CUST-1192,2025-04-01,550.0,11,Starter,active
CUST-1194,2025-04-01,750.0,15,Starter,active
CUST-1195,2025-04-01,600.0,12,Starter,active
CUST-1196,2025-04-01,5040.0,42,Growth,active
CUST-1198,2025-04-01,87250.0,349,Scale,active
CUST-1199,2025-04-01,600.0,12,Starter,active
CUST-1200,2025-04-01,1560.0,13,Growth,active
CUST-1201,2025-04-01,480.0,4,Growth,active
CUST-1202,2025-04-01,4000.0,16,Scale,active
CUST-1203,2025-04-01,600.0,5,Growth,active
CUST-1205,2025-04-01,6360.0,53,Growth,active
CUST-1206,2025-04-01,2750.0,11,Scale,active
CUST-1207,2025-04-01,4800.0,40,Growth,active
CUST-1208,2025-04-01,360.0,3,Growth,active
CUST-1209,2025-04-01,1200.0,10,Growth,active
CUST-1211,2025-04-01,300.0,6,Starter,active
CUST-1212,2025-04-01,200.0,4,Starter,active
CUST-1213,2025-04-01,2040.0,17,Growth,active
CUST-1215,2025-04-01,500.0,10,Starter,active
CUST-1216,2025-04-01,480.0,4,Growth,active
CUST-1217,2025-04-01,800.0,16,Starter,active
CUST-1218,2025-04-01,8880.0,74,Growth,active
CUST-1219,2025-04-01,4560.0,38,Growth,active
CUST-1220,2025-04-01,150.0,3,Starter,active
CUST-1222,2025-04-01,450.0,9,Starter,active
CUST-1223,2025-04-01,650.0,13,Starter,active
CUST-1224,2025-04-01,450.0,9,Starter,active
CUST-1226,2025-04-01,960.0,8,Growth,active
CUST-1227,2025-04-01,650.0,13,Starter,active
CUST-1230,2025-04-01,950.0,19,Starter,active
CUST-1231,2025-04-01,8500.0,34,Scale,active
CUST-1232,2025-04-01,700.0,14,Starter,active
CUST-1233,2025-04-01,240.0,2,Growth,active
CUST-1234,2025-04-01,960.0,8,Growth,active
CUST-1235,2025-04-01,300.0,6,Starter,active
CUST-1236,2025-04-01,550.0,11,Starter,active
CUST-1237,2025-04-01,7440.0,62,Growth,active
CUST-1239,2025-04-01,17750.0,71,Scale,active
CUST-1240,2025-04-01,150.0,3,Starter,active
CUST-1242,2025-04-01,700.0,14,Starter,active
CUST-1243,2025-04-01,360.0,3,Growth,active
CUST-1244,2025-04-01,250.0,5,Starter,active
CUST-1246,2025-04-01,840.0,7,Growth,active
CUST-1247,2025-04-01,750.0,15,Starter,active
CUST-1248,2025-04-01,550.0,11,Starter,active
CUST-1249,2025-04-01,400.0,8,Starter,active
CUST-1250,2025-04-01,350.0,7,Starter,active
CUST-1251,2025-04-01,1920.0,16,Growth,active
CUST-1252,2025-04-01,2000.0,8,Scale,active
CUST-1255,2025-04-01,6480.0,54,Growth,active
CUST-1256,2025-04-01,900.0,18,Starter,active
CUST-1259,2025-04-01,82250.0,329,Scale,active
CUST-1260,2025-04-01,350.0,7,Starter,active
CUST-1261,2025-04-01,1950.0,39,Starter,active
CUST-1262,2025-04-01,1800.0,15,Growth,active
CUST-1263,2025-04-01,200.0,4,Starter,active
CUST-1264,2025-04-01,700.0,14,Starter,active
CUST-1266,2025-04-01,5160.0,43,Growth,active
CUST-1267,2025-04-01,250.0,5,Starter,active
CUST-1268,2025-04-01,700.0,14,Starter,active
CUST-1269,2025-04-01,300.0,6,Starter,active
CUST-1270,2025-04-01,450.0,9,Starter,active
CUST-1272,2025-04-01,2160.0,18,Growth,active
CUST-1273,2025-04-01,4920.0,41,Growth,active
CUST-1274,2025-04-01,1800.0,15,Growth,active
CUST-1275,2025-04-01,840.0,7,Growth,active
CUST-1276,2025-04-01,6360.0,53,Growth,active
CUST-1278,2025-04-01,5040.0,42,Growth,active
CUST-1280,2025-04-01,480.0,4,Growth,active
CUST-1281,2025-04-01,3480.0,29,Growth,active
CUST-1282,2025-04-01,400.0,8,Starter,active
CUST-1283,2025-04-01,850.0,17,Starter,active
CUST-1284,2025-04-01,1800.0,15,Growth,active
CUST-1286,2025-04-01,200.0,4,Starter,active
CUST-1289,2025-04-01,750.0,15,Starter,active
CUST-1290,2025-04-01,600.0,5,Growth,active
CUST-1292,2025-04-01,1680.0,14,Growth,active
CUST-1293,2025-04-01,110000.0,440,Scale,active
CUST-1294,2025-04-01,7440.0,62,Growth,active
CUST-1295,2025-04-01,300.0,6,Starter,active
CUST-1296,2025-04-01,1920.0,16,Growth,active
CUST-1297,2025-04-01,600.0,12,Starter,active
CUST-1298,2025-04-01,87250.0,349,Scale,active
CUST-1300,2025-04-01,600.0,5,Growth,active
CUST-1301,2025-04-01,250.0,5,Starter,active
CUST-1302,2025-04-01,400.0,8,Starter,active
CUST-1303,2025-04-01,400.0,8,Starter,active
CUST-1305,2025-04-01,2880.0,24,Growth,active
CUST-1306,2025-04-01,5520.0,46,Growth,active
CUST-1307,2025-04-01,350.0,7,Starter,active
CUST-1308,2025-04-01,1200.0,10,Growth,active
CUST-1309,2025-04-01,300.0,6,Starter,active
CUST-1310,2025-04-01,8520.0,71,Growth,active
CUST-1311,2025-04-01,75500.0,302,Scale,active
CUST-1312,2025-04-01,1560.0,13,Growth,active
CUST-1313,2025-04-01,1200.0,24,Starter,active
CUST-1314,2025-04-01,3360.0,28,Growth,active
CUST-1315,2025-04-01,4800.0,40,Growth,active
CUST-1316,2025-04-01,1440.0,12,Growth,active
CUST-1317,2025-04-01,650.0,13,Starter,active
CUST-1318,2025-04-01,8760.0,73,Growth,active
CUST-1319,2025-04-01,150.0,3,Starter,active
CUST-1320,2025-04-01,840.0,7,Growth,active
CUST-1321,2025-04-01,250.0,5,Starter,active
CUST-1322,2025-04-01,16320.0,136,Growth,active
CUST-1323,2025-04-01,8250.0,33,Scale,active
CUST-1324,2025-04-01,700.0,14,Starter,active
CUST-1325,2025-04-01,650.0,13,Starter,active
CUST-1326,2025-04-01,7920.0,66,Growth,active
CUST-1327,2025-04-01,800.0,16,Starter,active
CUST-1328,2025-04-01,500.0,10,Starter,active
CUST-1329,2025-04-01,700.0,14,Starter,active
CUST-1330,2025-04-01,480.0,4,Growth,active
CUST-1331,2025-04-01,500.0,10,Starter,active
CUST-1332,2025-04-01,750.0,15,Starter,active
CUST-1333,2025-04-01,840.0,7,Growth,active
CUST-1334,2025-04-01,750.0,15,Starter,active
CUST-1335,2025-04-01,1440.0,12,Growth,active
CUST-1336,2025-04-01,2880.0,24,Growth,active
CUST-1337,2025-04-01,300.0,6,Starter,active
CUST-1338,2025-04-01,7320.0,61,Growth,active
CUST-1339,2025-04-01,750.0,3,Scale,active
CUST-1340,2025-04-01,6360.0,53,Growth,active
CUST-1341,2025-04-01,2000.0,8,Scale,active
CUST-1342,2025-04-01,650.0,13,Starter,active
CUST-1343,2025-04-01,1560.0,13,Growth,active
CUST-1344,2025-04-01,150.0,3,Starter,active
CUST-1345,2025-04-01,200.0,4,Starter,active
CUST-1348,2025-04-01,4400.0,88,Starter,active
CUST-1349,2025-04-01,200.0,4,Starter,active
CUST-1350,2025-04-01,750.0,15,Starter,active
CUST-1351,2025-04-01,840.0,7,Growth,active
CUST-1352,2025-04-01,1080.0,9,Growth,active
CUST-1353,2025-04-01,250.0,5,Starter,active
CUST-1354,2025-04-01,960.0,8,Growth,active
CUST-1355,2025-04-01,11500.0,46,Scale,active
CUST-1356,2025-04-01,95500.0,382,Scale,active
CUST-1357,2025-04-01,6480.0,54,Growth,active
CUST-1358,2025-04-01,2880.0,24,Growth,active
CUST-1359,2025-04-01,360.0,3,Growth,active
CUST-1361,2025-04-01,18000.0,72,Scale,active
CUST-1362,2025-04-01,4250.0,17,Scale,active
CUST-1364,2025-04-01,250.0,5,Starter,active
CUST-1365,2025-04-01,22800.0,190,Growth,active
CUST-1366,2025-04-01,200.0,4,Starter,active
CUST-1367,2025-04-01,400.0,8,Starter,active
CUST-1368,2025-04-01,600.0,12,Starter,active
CUST-1369,2025-04-01,480.0,4,Growth,active
CUST-1371,2025-04-01,3700.0,74,Starter,active
CUST-1372,2025-04-01,8000.0,32,Scale,active
CUST-1373,2025-04-01,650.0,13,Starter,active
CUST-1374,2025-04-01,150.0,3,Starter,active
CUST-1375,2025-04-01,600.0,12,Starter,active
CUST-1376,2025-04-01,1080.0,9,Growth,active
CUST-1377,2025-04-01,600.0,5,Growth,active
CUST-1379,2025-04-01,600.0,12,Starter,active
CUST-1381,2025-04-01,4320.0,36,Growth,active
CUST-1382,2025-04-01,350.0,7,Starter,active
CUST-1383,2025-04-01,600.0,5,Growth,active
CUST-1384,2025-04-01,600.0,12,Starter,active
CUST-1386,2025-04-01,200.0,4,Starter,active
CUST-1387,2025-04-01,900.0,18,Starter,active
CUST-1389,2025-04-01,150.0,3,Starter,active
CUST-1391,2025-04-01,2000.0,8,Scale,active
CUST-1393,2025-04-01,600.0,12,Starter,active
CUST-1394,2025-04-01,720.0,6,Growth,active
CUST-1397,2025-04-01,5400.0,45,Growth,active
CUST-1398,2025-04-01,480.0,4,Growth,active
CUST-1399,2025-04-01,4560.0,38,Growth,active
CUST-1400,2025-04-01,6120.0,51,Growth,active
CUST-1401,2025-04-01,1080.0,9,Growth,active
CUST-1402,2025-04-01,2500.0,50,Starter,active
CUST-1403,2025-04-01,650.0,13,Starter,active
CUST-1404,2025-04-01,2520.0,21,Growth,active
CUST-1405,2025-04-01,1440.0,12,Growth,active
CUST-1406,2025-04-01,150.0,3,Starter,active
CUST-1407,2025-04-01,11000.0,44,Scale,active
CUST-1408,2025-04-01,400.0,8,Starter,active
CUST-1409,2025-04-01,300.0,6,Starter,active
CUST-1410,2025-04-01,350.0,7,Starter,active
CUST-1411,2025-04-01,840.0,7,Growth,active
CUST-1412,2025-04-01,36240.0,302,Growth,active
CUST-1413,2025-04-01,7800.0,65,Growth,active
CUST-1414,2025-04-01,18000.0,72,Scale,active
CUST-1415,2025-04-01,450.0,9,Starter,active
CUST-1416,2025-04-01,1750.0,35,Starter,active
CUST-1419,2025-04-01,3240.0,27,Growth,active
CUST-1420,2025-04-01,450.0,9,Starter,active
CUST-1421,2025-04-01,150.0,3,Starter,active
CUST-1422,2025-04-01,300.0,6,Starter,active
CUST-1423,2025-04-01,450.0,9,Starter,active
CUST-1424,2025-04-01,250.0,5,Starter,active
CUST-1425,2025-04-01,200.0,4,Starter,active
CUST-1427,2025-04-01,750.0,15,Starter,active
CUST-1428,2025-04-01,480.0,4,Growth,active
CUST-1431,2025-04-01,200.0,4,Starter,active
CUST-1432,2025-04-01,650.0,13,Starter,active
CUST-1433,2025-04-01,450.0,9,Starter,active
CUST-1434,2025-04-01,300.0,6,Starter,active
CUST-1436,2025-04-01,2000.0,8,Scale,active
CUST-1437,2025-04-01,250.0,5,Starter,active
CUST-1439,2025-04-01,13500.0,54,Scale,active
CUST-1440,2025-04-01,450.0,9,Starter,active
CUST-1441,2025-04-01,1560.0,13,Growth,active
CUST-1442,2025-04-01,600.0,12,Starter,active
CUST-1443,2025-04-01,8520.0,71,Growth,active
CUST-1444,2025-04-01,1200.0,10,Growth,active
CUST-1445,2025-04-01,750.0,15,Starter,active
CUST-1446,2025-04-01,400.0,8,Starter,active
CUST-1447,2025-04-01,2400.0,20,Growth,active
CUST-1448,2025-04-01,300.0,6,Starter,active
CUST-1449,2025-04-01,840.0,7,Growth,active
CUST-1450,2025-04-01,840.0,7,Growth,active
CUST-1451,2025-04-01,250.0,5,Starter,active
CUST-1452,2025-04-01,500.0,10,Starter,active
CUST-1453,2025-04-01,3550.0,71,Starter,active
CUST-1455,2025-04-01,250.0,5,Starter,active
CUST-1456,2025-04-01,5100.0,102,Starter,active
CUST-1457,2025-04-01,600.0,12,Starter,active
CUST-1458,2025-04-01,200.0,4,Starter,active
CUST-1459,2025-04-01,750.0,15,Starter,active
CUST-1460,2025-04-01,19250.0,77,Scale,active
CUST-1461,2025-04-01,450.0,9,Starter,active
CUST-1464,2025-04-01,750.0,15,Starter,active
CUST-1465,2025-04-01,5760.0,48,Growth,active
CUST-1466,2025-04-01,300.0,6,Starter,active
CUST-1467,2025-04-01,550.0,11,Starter,active
CUST-1468,2025-04-01,550.0,11,Starter,active
CUST-1469,2025-04-01,550.0,11,Starter,active
CUST-1470,2025-04-01,750.0,15,Starter,active
CUST-1471,2025-04-01,250.0,5,Starter,active
CUST-1472,2025-04-01,600.0,12,Starter,active
CUST-1473,2025-04-01,1200.0,10,Growth,active
CUST-1474,2025-04-01,550.0,11,Starter,active
CUST-1475,2025-04-01,300.0,6,Starter,active
CUST-1476,2025-04-01,450.0,9,Starter,active
CUST-1477,2025-04-01,20250.0,81,Scale,active
CUST-1479,2025-04-01,650.0,13,Starter,active
CUST-1480,2025-04-01,450.0,9,Starter,active
CUST-1481,2025-04-01,3840.0,32,Growth,active
CUST-1482,2025-04-01,8160.0,68,Growth,active
CUST-1484,2025-04-01,400.0,8,Starter,active
CUST-1485,2025-04-01,500.0,10,Starter,active
CUST-1486,2025-04-01,150.0,3,Starter,active
CUST-1487,2025-04-01,200.0,4,Starter,active
CUST-1489,2025-04-01,600.0,12,Starter,active
CUST-1490,2025-04-01,11500.0,46,Scale,active
CUST-1491,2025-04-01,750.0,15,Starter,active
CUST-1492,2025-04-01,1320.0,11,Growth,active
CUST-1493,2025-04-01,2450.0,49,Starter,active
CUST-1495,2025-04-01,73250.0,293,Scale,active
CUST-1496,2025-04-01,840.0,7,Growth,active
CUST-1497,2025-04-01,600.0,12,Starter,active
CUST-1498,2025-04-01,350.0,7,Starter,active
CUST-1499,2025-04-01,1080.0,9,Growth,active
CUST-1500,2025-04-01,2250.0,45,Starter,active
CUST-1501,2025-04-01,360.0,3,Growth,active
CUST-1502,2025-04-01,7560.0,63,Growth,active
CUST-1504,2025-04-01,2250.0,9,Scale,active
CUST-1506,2025-04-01,450.0,9,Starter,active
CUST-1507,2025-04-01,300.0,6,Starter,active
CUST-1508,2025-04-01,750.0,15,Starter,active
CUST-1509,2025-04-01,7920.0,66,Growth,active
CUST-1510,2025-04-01,39120.0,326,Growth,active
CUST-1511,2025-04-01,1560.0,13,Growth,active
CUST-1512,2025-04-01,950.0,19,Starter,active
CUST-1513,2025-04-01,200.0,4,Starter,active
CUST-1514,2025-04-01,2750.0,11,Scale,active
CUST-1516,2025-04-01,5640.0,47,Growth,active
CUST-1517,2025-04-01,840.0,7,Growth,active
CUST-1518,2025-04-01,350.0,7,Starter,active
CUST-1519,2025-04-01,400.0,8,Starter,active
CUST-1520,2025-04-01,7920.0,66,Growth,active
CUST-1521,2025-04-01,450.0,9,Starter,active
CUST-1522,2025-04-01,480.0,4,Growth,active
CUST-1523,2025-04-01,650.0,13,Starter,active
CUST-1524,2025-04-01,300.0,6,Starter,active
CUST-1525,2025-04-01,350.0,7,Starter,active
CUST-1526,2025-04-01,800.0,16,Starter,active
CUST-1527,2025-04-01,400.0,8,Starter,active
CUST-1528,2025-04-01,1440.0,12,Growth,active
CUST-1529,2025-04-01,1200.0,10,Growth,active
CUST-1530,2025-04-01,5880.0,49,Growth,active
CUST-1531,2025-04-01,1680.0,14,Growth,active
CUST-1532,2025-04-01,750.0,15,Starter,active
CUST-1533,2025-04-01,350.0,7,Starter,active
CUST-1534,2025-04-01,250.0,5,Starter,active
CUST-1535,2025-04-01,250.0,5,Starter,active
CUST-1536,2025-04-01,600.0,12,Starter,active
CUST-1537,2025-04-01,12600.0,105,Growth,active
CUST-1538,2025-04-01,700.0,14,Starter,active
CUST-1539,2025-04-01,17500.0,70,Scale,active
CUST-1540,2025-04-01,300.0,6,Starter,active
CUST-1541,2025-04-01,300.0,6,Starter,active
CUST-1542,2025-04-01,1560.0,13,Growth,active
CUST-1543,2025-04-01,250.0,5,Starter,active
CUST-1544,2025-04-01,150.0,3,Starter,active
CUST-1545,2025-04-01,150.0,3,Starter,active
CUST-1546,2025-04-01,35750.0,143,Scale,active
CUST-1547,2025-04-01,6600.0,55,Growth,active
CUST-1548,2025-04-01,4750.0,19,Scale,active
CUST-1549,2025-04-01,720.0,6,Growth,active
CUST-1550,2025-04-01,300.0,6,Starter,active
CUST-1551,2025-04-01,360.0,3,Growth,active
CUST-1552,2025-04-01,650.0,13,Starter,active
CUST-1553,2025-04-01,500.0,10,Starter,active
CUST-1554,2025-04-01,8520.0,71,Growth,active
CUST-1556,2025-04-01,6480.0,54,Growth,active
CUST-1557,2025-04-01,650.0,13,Starter,active
CUST-1558,2025-04-01,700.0,14,Starter,active
CUST-1559,2025-04-01,360.0,3,Growth,active
CUST-1560,2025-04-01,8160.0,68,Growth,active
CUST-1561,2025-04-01,350.0,7,Starter,active
CUST-1562,2025-04-01,350.0,7,Starter,active
CUST-1563,2025-04-01,6500.0,26,Scale,active
CUST-1564,2025-04-01,200.0,4,Starter,active
CUST-1565,2025-04-01,23500.0,94,Scale,active
CUST-1566,2025-04-01,550.0,11,Starter,active
CUST-1567,2025-04-01,200.0,4,Starter,active
CUST-1568,2025-04-01,300.0,6,Starter,active
CUST-1569,2025-04-01,300.0,6,Starter,active
CUST-1570,2025-04-01,750.0,15,Starter,active
CUST-1571,2025-04-01,1050.0,21,Starter,active
CUST-1572,2025-04-01,300.0,6,Starter,active
CUST-1573,2025-04-01,8250.0,33,Scale,active
CUST-1574,2025-04-01,500.0,10,Starter,active
CUST-1575,2025-04-01,650.0,13,Starter,active
CUST-1576,2025-04-01,2760.0,23,Growth,active
CUST-1577,2025-04-01,2500.0,10,Scale,active
CUST-1578,2025-04-01,1800.0,15,Growth,active
CUST-1579,2025-04-01,650.0,13,Starter,active
CUST-1580,2025-04-01,360.0,3,Growth,active
CUST-1581,2025-04-01,450.0,9,Starter,active
CUST-1583,2025-04-01,5640.0,47,Growth,active
CUST-1584,2025-04-01,150.0,3,Starter,active
CUST-1585,2025-04-01,3300.0,66,Starter,active
CUST-1586,2025-04-01,150.0,3,Starter,active
CUST-1587,2025-04-01,1800.0,15,Growth,active
CUST-1588,2025-04-01,550.0,11,Starter,active
CUST-1589,2025-04-01,720.0,6,Growth,active
CUST-1590,2025-04-01,8500.0,34,Scale,active
CUST-1592,2025-04-01,750.0,15,Starter,active
CUST-1593,2025-04-01,250.0,5,Starter,active
CUST-1594,2025-04-01,550.0,11,Starter,active
CUST-1595,2025-04-01,3600.0,72,Starter,active
CUST-1596,2025-04-01,6480.0,54,Growth,active
CUST-1597,2025-04-01,450.0,9,Starter,active
CUST-1598,2025-04-01,200.0,4,Starter,active
CUST-1599,2025-04-01,1440.0,12,Growth,active
CUST-1600,2025-04-01,58250.0,233,Scale,active
CUST-1601,2025-04-01,8160.0,68,Growth,active
CUST-1602,2025-04-01,150.0,3,Starter,active
CUST-1603,2025-04-01,4920.0,41,Growth,active
CUST-1604,2025-04-01,600.0,12,Starter,active
CUST-1605,2025-04-01,3240.0,27,Growth,active
CUST-1606,2025-04-01,1680.0,14,Growth,active
CUST-1607,2025-04-01,350.0,7,Starter,active
CUST-1608,2025-04-01,720.0,6,Growth,active
CUST-1609,2025-04-01,480.0,4,Growth,active
CUST-1610,2025-04-01,400.0,8,Starter,active
CUST-1611,2025-04-01,500.0,10,Starter,active
CUST-1612,2025-04-01,350.0,7,Starter,active
CUST-1613,2025-04-01,350.0,7,Starter,active
CUST-1614,2025-04-01,2040.0,17,Growth,active
CUST-1615,2025-04-01,4250.0,17,Scale,active
CUST-1616,2025-04-01,700.0,14,Starter,active
CUST-1617,2025-04-01,400.0,8,Starter,active
CUST-1618,2025-04-01,800.0,16,Starter,active
CUST-1619,2025-04-01,960.0,8,Growth,active
CUST-1620,2025-04-01,8160.0,68,Growth,active
CUST-1001,2025-05-01,4250.0,17,Scale,active
CUST-1003,2025-05-01,6120.0,51,Growth,active
CUST-1004,2025-05-01,550.0,11,Starter,active
CUST-1005,2025-05-01,117000.0,468,Scale,active
CUST-1007,2025-05-01,600.0,12,Starter,active
CUST-1009,2025-05-01,8280.0,69,Growth,active
CUST-1010,2025-05-01,600.0,5,Growth,active
CUST-1013,2025-05-01,400.0,8,Starter,active
CUST-1014,2025-05-01,3050.0,61,Starter,active
CUST-1015,2025-05-01,2160.0,18,Growth,active
CUST-1016,2025-05-01,600.0,12,Starter,active
CUST-1018,2025-05-01,400.0,8,Starter,active
CUST-1019,2025-05-01,93000.0,372,Scale,active
CUST-1021,2025-05-01,650.0,13,Starter,active
CUST-1022,2025-05-01,8040.0,67,Growth,active
CUST-1024,2025-05-01,350.0,7,Starter,active
CUST-1026,2025-05-01,5760.0,48,Growth,active
CUST-1027,2025-05-01,750.0,15,Starter,active
CUST-1028,2025-05-01,840.0,7,Growth,active
CUST-1029,2025-05-01,250.0,5,Starter,active
CUST-1030,2025-05-01,600.0,12,Starter,active
CUST-1032,2025-05-01,840.0,7,Growth,active
CUST-1033,2025-05-01,480.0,4,Growth,active
CUST-1037,2025-05-01,840.0,7,Growth,active
CUST-1039,2025-05-01,300.0,6,Starter,active
CUST-1040,2025-05-01,3150.0,63,Starter,active
CUST-1041,2025-05-01,350.0,7,Starter,active
CUST-1042,2025-05-01,1100.0,22,Starter,active
CUST-1043,2025-05-01,300.0,6,Starter,active
CUST-1044,2025-05-01,4050.0,81,Starter,active
CUST-1045,2025-05-01,1000.0,20,Starter,active
CUST-1046,2025-05-01,450.0,9,Starter,active
CUST-1048,2025-05-01,360.0,3,Growth,active
CUST-1049,2025-05-01,7800.0,65,Growth,active
CUST-1051,2025-05-01,600.0,12,Starter,active
CUST-1052,2025-05-01,350.0,7,Starter,active
CUST-1054,2025-05-01,2160.0,18,Growth,active
CUST-1056,2025-05-01,600.0,12,Starter,active
CUST-1057,2025-05-01,300.0,6,Starter,active
CUST-1059,2025-05-01,6120.0,51,Growth,active
CUST-1060,2025-05-01,700.0,14,Starter,active
CUST-1061,2025-05-01,5400.0,45,Growth,active
CUST-1063,2025-05-01,62500.0,250,Scale,active
CUST-1064,2025-05-01,750.0,15,Starter,active
CUST-1065,2025-05-01,500.0,10,Starter,active
CUST-1066,2025-05-01,1560.0,13,Growth,active
CUST-1067,2025-05-01,750.0,15,Starter,active
CUST-1068,2025-05-01,4200.0,35,Growth,active
CUST-1069,2025-05-01,1200.0,10,Growth,active
CUST-1071,2025-05-01,53250.0,213,Scale,active
CUST-1073,2025-05-01,4440.0,37,Growth,active
CUST-1074,2025-05-01,21000.0,84,Scale,active
CUST-1075,2025-05-01,4000.0,16,Scale,active
CUST-1076,2025-05-01,2400.0,20,Growth,active
CUST-1077,2025-05-01,700.0,14,Starter,active
CUST-1078,2025-05-01,150.0,3,Starter,active
CUST-1082,2025-05-01,62640.0,522,Growth,active
CUST-1083,2025-05-01,1850.0,37,Starter,active
CUST-1084,2025-05-01,900.0,18,Starter,active
CUST-1085,2025-05-01,5640.0,47,Growth,active
CUST-1086,2025-05-01,750.0,15,Starter,active
CUST-1087,2025-05-01,500.0,10,Starter,active
CUST-1088,2025-05-01,700.0,14,Starter,active
CUST-1090,2025-05-01,6840.0,57,Growth,active
CUST-1091,2025-05-01,500.0,10,Starter,active
CUST-1092,2025-05-01,10080.0,84,Growth,active
CUST-1095,2025-05-01,6360.0,53,Growth,active
CUST-1096,2025-05-01,200.0,4,Starter,active
CUST-1097,2025-05-01,4080.0,34,Growth,active
CUST-1099,2025-05-01,4560.0,38,Growth,active
CUST-1101,2025-05-01,300.0,6,Starter,active
CUST-1102,2025-05-01,350.0,7,Starter,active
CUST-1103,2025-05-01,500.0,10,Starter,active
CUST-1104,2025-05-01,450.0,9,Starter,active
CUST-1106,2025-05-01,8880.0,74,Growth,active
CUST-1107,2025-05-01,400.0,8,Starter,active
CUST-1109,2025-05-01,1080.0,9,Growth,active
CUST-1110,2025-05-01,1320.0,11,Growth,active
CUST-1111,2025-05-01,2650.0,53,Starter,active
CUST-1112,2025-05-01,2750.0,11,Scale,active
CUST-1113,2025-05-01,2050.0,41,Starter,active
CUST-1114,2025-05-01,91000.0,364,Scale,active
CUST-1115,2025-05-01,720.0,6,Growth,active
CUST-1116,2025-05-01,150.0,3,Starter,active
CUST-1117,2025-05-01,5640.0,47,Growth,active
CUST-1118,2025-05-01,300.0,6,Starter,active
CUST-1119,2025-05-01,1200.0,10,Growth,active
CUST-1120,2025-05-01,700.0,14,Starter,active
CUST-1122,2025-05-01,8520.0,71,Growth,active
CUST-1124,2025-05-01,650.0,13,Starter,active
CUST-1125,2025-05-01,650.0,13,Starter,active
CUST-1126,2025-05-01,8760.0,73,Growth,active
CUST-1127,2025-05-01,600.0,12,Starter,active
CUST-1129,2025-05-01,1200.0,10,Growth,active
CUST-1130,2025-05-01,82750.0,331,Scale,active
CUST-1133,2025-05-01,300.0,6,Starter,active
CUST-1135,2025-05-01,300.0,6,Starter,active
CUST-1136,2025-05-01,750.0,15,Starter,active
CUST-1137,2025-05-01,4080.0,34,Growth,active
CUST-1138,2025-05-01,500.0,10,Starter,active
CUST-1140,2025-05-01,650.0,13,Starter,active
CUST-1141,2025-05-01,550.0,11,Starter,active
CUST-1142,2025-05-01,1920.0,16,Growth,active
CUST-1144,2025-05-01,650.0,13,Starter,active
CUST-1145,2025-05-01,700.0,14,Starter,active
CUST-1146,2025-05-01,3120.0,26,Growth,active
CUST-1147,2025-05-01,650.0,13,Starter,active
CUST-1148,2025-05-01,25750.0,515,Starter,active
CUST-1150,2025-05-01,300.0,6,Starter,active
CUST-1151,2025-05-01,700.0,14,Starter,active
CUST-1152,2025-05-01,500.0,10,Starter,active
CUST-1153,2025-05-01,9360.0,78,Growth,active
CUST-1154,2025-05-01,900.0,18,Starter,active
CUST-1155,2025-05-01,720.0,6,Growth,active
CUST-1156,2025-05-01,8040.0,67,Growth,active
CUST-1158,2025-05-01,1320.0,11,Growth,active
CUST-1160,2025-05-01,6960.0,58,Growth,active
CUST-1161,2025-05-01,1320.0,11,Growth,active
CUST-1162,2025-05-01,350.0,7,Starter,active
CUST-1163,2025-05-01,34320.0,286,Growth,active
CUST-1165,2025-05-01,720.0,6,Growth,active
CUST-1166,2025-05-01,480.0,4,Growth,active
CUST-1167,2025-05-01,94750.0,379,Scale,active
CUST-1168,2025-05-01,720.0,6,Growth,active
CUST-1170,2025-05-01,750.0,15,Starter,active
CUST-1171,2025-05-01,300.0,6,Starter,active
CUST-1172,2025-05-01,4560.0,38,Growth,active
CUST-1173,2025-05-01,16500.0,66,Scale,active
CUST-1174,2025-05-01,720.0,6,Growth,active
CUST-1175,2025-05-01,400.0,8,Starter,active
CUST-1177,2025-05-01,1000.0,20,Starter,active
CUST-1178,2025-05-01,800.0,16,Starter,active
CUST-1179,2025-05-01,2640.0,22,Growth,active
CUST-1180,2025-05-01,1350.0,27,Starter,active
CUST-1181,2025-05-01,1800.0,15,Growth,active
CUST-1182,2025-05-01,2000.0,8,Scale,active
CUST-1186,2025-05-01,1560.0,13,Growth,active
CUST-1187,2025-05-01,450.0,9,Starter,active
CUST-1188,2025-05-01,1320.0,11,Growth,active
CUST-1189,2025-05-01,750.0,15,Starter,active
CUST-1192,2025-05-01,550.0,11,Starter,active
CUST-1194,2025-05-01,750.0,15,Starter,active
CUST-1195,2025-05-01,600.0,12,Starter,active
CUST-1196,2025-05-01,5040.0,42,Growth,active
CUST-1198,2025-05-01,87250.0,349,Scale,active
CUST-1199,2025-05-01,600.0,12,Starter,active
CUST-1200,2025-05-01,1560.0,13,Growth,active
CUST-1201,2025-05-01,480.0,4,Growth,active
CUST-1202,2025-05-01,4000.0,16,Scale,active
CUST-1203,2025-05-01,600.0,5,Growth,active
CUST-1205,2025-05-01,6360.0,53,Growth,active
CUST-1206,2025-05-01,2750.0,11,Scale,active
CUST-1207,2025-05-01,4800.0,40,Growth,active
CUST-1208,2025-05-01,360.0,3,Growth,active
CUST-1209,2025-05-01,1200.0,10,Growth,active
CUST-1211,2025-05-01,300.0,6,Starter,active
CUST-1212,2025-05-01,200.0,4,Starter,active
CUST-1213,2025-05-01,2040.0,17,Growth,active
CUST-1215,2025-05-01,500.0,10,Starter,active
CUST-1216,2025-05-01,480.0,4,Growth,active
CUST-1217,2025-05-01,800.0,16,Starter,active
CUST-1218,2025-05-01,8880.0,74,Growth,active
CUST-1219,2025-05-01,4560.0,38,Growth,active
CUST-1220,2025-05-01,150.0,3,Starter,active
CUST-1222,2025-05-01,450.0,9,Starter,active
CUST-1223,2025-05-01,650.0,13,Starter,active
CUST-1226,2025-05-01,840.0,7,Growth,active
CUST-1227,2025-05-01,650.0,13,Starter,active
CUST-1230,2025-05-01,950.0,19,Starter,active
CUST-1231,2025-05-01,8500.0,34,Scale,active
CUST-1232,2025-05-01,700.0,14,Starter,active
CUST-1233,2025-05-01,240.0,2,Growth,active
CUST-1234,2025-05-01,960.0,8,Growth,active
CUST-1235,2025-05-01,300.0,6,Starter,active
CUST-1236,2025-05-01,550.0,11,Starter,active
CUST-1237,2025-05-01,7440.0,62,Growth,active
CUST-1239,2025-05-01,17750.0,71,Scale,active
CUST-1240,2025-05-01,150.0,3,Starter,active
CUST-1242,2025-05-01,700.0,14,Starter,active
CUST-1243,2025-05-01,360.0,3,Growth,active
CUST-1244,2025-05-01,250.0,5,Starter,active
CUST-1246,2025-05-01,840.0,7,Growth,active
CUST-1247,2025-05-01,750.0,15,Starter,active
CUST-1249,2025-05-01,400.0,8,Starter,active
CUST-1250,2025-05-01,350.0,7,Starter,active
CUST-1251,2025-05-01,1920.0,16,Growth,active
CUST-1252,2025-05-01,2500.0,10,Scale,active
CUST-1255,2025-05-01,6480.0,54,Growth,active
CUST-1256,2025-05-01,900.0,18,Starter,active
CUST-1259,2025-05-01,82250.0,329,Scale,active
CUST-1260,2025-05-01,350.0,7,Starter,active
CUST-1261,2025-05-01,1950.0,39,Starter,active
CUST-1262,2025-05-01,1800.0,15,Growth,active
CUST-1263,2025-05-01,200.0,4,Starter,active
CUST-1264,2025-05-01,700.0,14,Starter,active
CUST-1266,2025-05-01,5160.0,43,Growth,active
CUST-1267,2025-05-01,250.0,5,Starter,active
CUST-1268,2025-05-01,700.0,14,Starter,active
CUST-1269,2025-05-01,300.0,6,Starter,active
CUST-1270,2025-05-01,450.0,9,Starter,active
CUST-1272,2025-05-01,2160.0,18,Growth,active
CUST-1273,2025-05-01,4920.0,41,Growth,active
CUST-1274,2025-05-01,2280.0,19,Growth,active
CUST-1275,2025-05-01,840.0,7,Growth,active
CUST-1276,2025-05-01,6360.0,53,Growth,active
CUST-1278,2025-05-01,5040.0,42,Growth,active
CUST-1280,2025-05-01,480.0,4,Growth,active
CUST-1281,2025-05-01,3480.0,29,Growth,active
CUST-1282,2025-05-01,400.0,8,Starter,active
CUST-1283,2025-05-01,850.0,17,Starter,active
CUST-1284,2025-05-01,1800.0,15,Growth,active
CUST-1286,2025-05-01,200.0,4,Starter,active
CUST-1289,2025-05-01,750.0,15,Starter,active
CUST-1290,2025-05-01,600.0,5,Growth,active
CUST-1292,2025-05-01,1680.0,14,Growth,active
CUST-1293,2025-05-01,110000.0,440,Scale,active
CUST-1294,2025-05-01,7440.0,62,Growth,active
CUST-1296,2025-05-01,1920.0,16,Growth,active
CUST-1297,2025-05-01,600.0,12,Starter,active
CUST-1298,2025-05-01,87250.0,349,Scale,active
CUST-1300,2025-05-01,600.0,5,Growth,active
CUST-1301,2025-05-01,250.0,5,Starter,active
CUST-1302,2025-05-01,400.0,8,Starter,active
CUST-1303,2025-05-01,400.0,8,Starter,active
CUST-1305,2025-05-01,2880.0,24,Growth,active
CUST-1306,2025-05-01,5520.0,46,Growth,active
CUST-1307,2025-05-01,350.0,7,Starter,active
CUST-1308,2025-05-01,1200.0,10,Growth,active
CUST-1309,2025-05-01,300.0,6,Starter,active
CUST-1310,2025-05-01,8520.0,71,Growth,active
CUST-1311,2025-05-01,75500.0,302,Scale,active
CUST-1312,2025-05-01,1560.0,13,Growth,active
CUST-1313,2025-05-01,1200.0,24,Starter,active
CUST-1314,2025-05-01,3360.0,28,Growth,active
CUST-1315,2025-05-01,4800.0,40,Growth,active
CUST-1316,2025-05-01,1440.0,12,Growth,active
CUST-1317,2025-05-01,650.0,13,Starter,active
CUST-1318,2025-05-01,8760.0,73,Growth,active
CUST-1319,2025-05-01,150.0,3,Starter,active
CUST-1320,2025-05-01,840.0,7,Growth,active
CUST-1321,2025-05-01,250.0,5,Starter,active
CUST-1322,2025-05-01,16320.0,136,Growth,active
CUST-1323,2025-05-01,8250.0,33,Scale,active
CUST-1324,2025-05-01,700.0,14,Starter,active
CUST-1325,2025-05-01,650.0,13,Starter,active
CUST-1326,2025-05-01,7920.0,66,Growth,active
CUST-1327,2025-05-01,800.0,16,Starter,active
CUST-1328,2025-05-01,500.0,10,Starter,active
CUST-1329,2025-05-01,700.0,14,Starter,active
CUST-1330,2025-05-01,480.0,4,Growth,active
CUST-1331,2025-05-01,500.0,10,Starter,active
CUST-1332,2025-05-01,750.0,15,Starter,active
CUST-1333,2025-05-01,840.0,7,Growth,active
CUST-1334,2025-05-01,750.0,15,Starter,active
CUST-1335,2025-05-01,1440.0,12,Growth,active
CUST-1336,2025-05-01,2880.0,24,Growth,active
CUST-1337,2025-05-01,300.0,6,Starter,active
CUST-1339,2025-05-01,750.0,3,Scale,active
CUST-1340,2025-05-01,6360.0,53,Growth,active
CUST-1341,2025-05-01,2000.0,8,Scale,active
CUST-1342,2025-05-01,650.0,13,Starter,active
CUST-1343,2025-05-01,1560.0,13,Growth,active
CUST-1344,2025-05-01,150.0,3,Starter,active
CUST-1345,2025-05-01,200.0,4,Starter,active
CUST-1349,2025-05-01,200.0,4,Starter,active
CUST-1350,2025-05-01,750.0,15,Starter,active
CUST-1351,2025-05-01,840.0,7,Growth,active
CUST-1352,2025-05-01,1080.0,9,Growth,active
CUST-1354,2025-05-01,960.0,8,Growth,active
CUST-1355,2025-05-01,11500.0,46,Scale,active
CUST-1356,2025-05-01,95500.0,382,Scale,active
CUST-1357,2025-05-01,6480.0,54,Growth,active
CUST-1358,2025-05-01,2880.0,24,Growth,active
CUST-1359,2025-05-01,360.0,3,Growth,active
CUST-1361,2025-05-01,18000.0,72,Scale,active
CUST-1362,2025-05-01,4250.0,17,Scale,active
CUST-1364,2025-05-01,250.0,5,Starter,active
CUST-1365,2025-05-01,25560.0,213,Growth,active
CUST-1366,2025-05-01,200.0,4,Starter,active
CUST-1367,2025-05-01,400.0,8,Starter,active
CUST-1368,2025-05-01,600.0,12,Starter,active
CUST-1369,2025-05-01,480.0,4,Growth,active
CUST-1371,2025-05-01,3700.0,74,Starter,active
CUST-1372,2025-05-01,8000.0,32,Scale,active
CUST-1373,2025-05-01,650.0,13,Starter,active
CUST-1374,2025-05-01,150.0,3,Starter,active
CUST-1375,2025-05-01,600.0,12,Starter,active
CUST-1376,2025-05-01,1080.0,9,Growth,active
CUST-1377,2025-05-01,600.0,5,Growth,active
CUST-1379,2025-05-01,600.0,12,Starter,active
CUST-1381,2025-05-01,4320.0,36,Growth,active
CUST-1382,2025-05-01,350.0,7,Starter,active
CUST-1383,2025-05-01,600.0,5,Growth,active
CUST-1384,2025-05-01,600.0,12,Starter,active
CUST-1386,2025-05-01,200.0,4,Starter,active
CUST-1387,2025-05-01,900.0,18,Starter,active
CUST-1389,2025-05-01,150.0,3,Starter,active
CUST-1391,2025-05-01,2000.0,8,Scale,active
CUST-1393,2025-05-01,600.0,12,Starter,active
CUST-1394,2025-05-01,720.0,6,Growth,active
CUST-1397,2025-05-01,5400.0,45,Growth,active
CUST-1398,2025-05-01,480.0,4,Growth,active
CUST-1399,2025-05-01,4560.0,38,Growth,active
CUST-1400,2025-05-01,6120.0,51,Growth,active
CUST-1401,2025-05-01,1080.0,9,Growth,active
CUST-1402,2025-05-01,2500.0,50,Starter,active
CUST-1403,2025-05-01,650.0,13,Starter,active
CUST-1404,2025-05-01,2520.0,21,Growth,active
CUST-1405,2025-05-01,1440.0,12,Growth,active
CUST-1406,2025-05-01,150.0,3,Starter,active
CUST-1407,2025-05-01,11000.0,44,Scale,active
CUST-1408,2025-05-01,400.0,8,Starter,active
CUST-1409,2025-05-01,300.0,6,Starter,active
CUST-1410,2025-05-01,350.0,7,Starter,active
CUST-1411,2025-05-01,960.0,8,Growth,active
CUST-1412,2025-05-01,36240.0,302,Growth,active
CUST-1413,2025-05-01,7800.0,65,Growth,active
CUST-1414,2025-05-01,18000.0,72,Scale,active
CUST-1415,2025-05-01,450.0,9,Starter,active
CUST-1416,2025-05-01,1750.0,35,Starter,active
CUST-1419,2025-05-01,3240.0,27,Growth,active
CUST-1421,2025-05-01,150.0,3,Starter,active
CUST-1422,2025-05-01,300.0,6,Starter,active
CUST-1423,2025-05-01,450.0,9,Starter,active
CUST-1424,2025-05-01,250.0,5,Starter,active
CUST-1425,2025-05-01,200.0,4,Starter,active
CUST-1427,2025-05-01,750.0,15,Starter,active
CUST-1428,2025-05-01,480.0,4,Growth,active
CUST-1431,2025-05-01,200.0,4,Starter,active
CUST-1432,2025-05-01,650.0,13,Starter,active
CUST-1434,2025-05-01,300.0,6,Starter,active
CUST-1436,2025-05-01,2000.0,8,Scale,active
CUST-1437,2025-05-01,250.0,5,Starter,active
CUST-1439,2025-05-01,13500.0,54,Scale,active
CUST-1440,2025-05-01,450.0,9,Starter,active
CUST-1441,2025-05-01,1560.0,13,Growth,active
CUST-1442,2025-05-01,600.0,12,Starter,active
CUST-1443,2025-05-01,8520.0,71,Growth,active
CUST-1444,2025-05-01,1200.0,10,Growth,active
CUST-1445,2025-05-01,750.0,15,Starter,active
CUST-1446,2025-05-01,400.0,8,Starter,active
CUST-1447,2025-05-01,2400.0,20,Growth,active
CUST-1448,2025-05-01,300.0,6,Starter,active
CUST-1449,2025-05-01,840.0,7,Growth,active
CUST-1450,2025-05-01,840.0,7,Growth,active
CUST-1451,2025-05-01,250.0,5,Starter,active
CUST-1452,2025-05-01,500.0,10,Starter,active
CUST-1453,2025-05-01,3550.0,71,Starter,active
CUST-1455,2025-05-01,250.0,5,Starter,active
CUST-1456,2025-05-01,5100.0,102,Starter,active
CUST-1457,2025-05-01,600.0,12,Starter,active
CUST-1458,2025-05-01,200.0,4,Starter,active
CUST-1459,2025-05-01,750.0,15,Starter,active
CUST-1460,2025-05-01,19250.0,77,Scale,active
CUST-1461,2025-05-01,450.0,9,Starter,active
CUST-1464,2025-05-01,750.0,15,Starter,active
CUST-1465,2025-05-01,5760.0,48,Growth,active
CUST-1466,2025-05-01,300.0,6,Starter,active
CUST-1467,2025-05-01,550.0,11,Starter,active
CUST-1468,2025-05-01,550.0,11,Starter,active
CUST-1469,2025-05-01,550.0,11,Starter,active
CUST-1471,2025-05-01,250.0,5,Starter,active
CUST-1472,2025-05-01,600.0,12,Starter,active
CUST-1473,2025-05-01,1200.0,10,Growth,active
CUST-1474,2025-05-01,550.0,11,Starter,active
CUST-1475,2025-05-01,300.0,6,Starter,active
CUST-1476,2025-05-01,450.0,9,Starter,active
CUST-1477,2025-05-01,20250.0,81,Scale,active
CUST-1479,2025-05-01,650.0,13,Starter,active
CUST-1480,2025-05-01,450.0,9,Starter,active
CUST-1481,2025-05-01,3840.0,32,Growth,active
CUST-1482,2025-05-01,8160.0,68,Growth,active
CUST-1484,2025-05-01,400.0,8,Starter,active
CUST-1485,2025-05-01,500.0,10,Starter,active
CUST-1486,2025-05-01,150.0,3,Starter,active
CUST-1487,2025-05-01,250.0,5,Starter,active
CUST-1489,2025-05-01,600.0,12,Starter,active
CUST-1490,2025-05-01,11500.0,46,Scale,active
CUST-1491,2025-05-01,750.0,15,Starter,active
CUST-1492,2025-05-01,1320.0,11,Growth,active
CUST-1493,2025-05-01,2450.0,49,Starter,active
CUST-1495,2025-05-01,73250.0,293,Scale,active
CUST-1496,2025-05-01,840.0,7,Growth,active
CUST-1497,2025-05-01,600.0,12,Starter,active
CUST-1498,2025-05-01,350.0,7,Starter,active
CUST-1499,2025-05-01,1080.0,9,Growth,active
CUST-1500,2025-05-01,2250.0,45,Starter,active
CUST-1502,2025-05-01,9240.0,77,Growth,active
CUST-1504,2025-05-01,2250.0,9,Scale,active
CUST-1506,2025-05-01,450.0,9,Starter,active
CUST-1507,2025-05-01,300.0,6,Starter,active
CUST-1508,2025-05-01,750.0,15,Starter,active
CUST-1509,2025-05-01,7920.0,66,Growth,active
CUST-1510,2025-05-01,39120.0,326,Growth,active
CUST-1511,2025-05-01,1560.0,13,Growth,active
CUST-1512,2025-05-01,950.0,19,Starter,active
CUST-1513,2025-05-01,200.0,4,Starter,active
CUST-1514,2025-05-01,2750.0,11,Scale,active
CUST-1516,2025-05-01,5640.0,47,Growth,active
CUST-1517,2025-05-01,840.0,7,Growth,active
CUST-1518,2025-05-01,350.0,7,Starter,active
CUST-1519,2025-05-01,400.0,8,Starter,active
CUST-1520,2025-05-01,7920.0,66,Growth,active
CUST-1521,2025-05-01,500.0,10,Starter,active
CUST-1522,2025-05-01,480.0,4,Growth,active
CUST-1523,2025-05-01,650.0,13,Starter,active
CUST-1524,2025-05-01,300.0,6,Starter,active
CUST-1525,2025-05-01,350.0,7,Starter,active
CUST-1526,2025-05-01,800.0,16,Starter,active
CUST-1527,2025-05-01,400.0,8,Starter,active
CUST-1528,2025-05-01,1440.0,12,Growth,active
CUST-1529,2025-05-01,1200.0,10,Growth,active
CUST-1530,2025-05-01,5880.0,49,Growth,active
CUST-1531,2025-05-01,1680.0,14,Growth,active
CUST-1532,2025-05-01,700.0,14,Starter,active
CUST-1533,2025-05-01,350.0,7,Starter,active
CUST-1534,2025-05-01,250.0,5,Starter,active
CUST-1535,2025-05-01,250.0,5,Starter,active
CUST-1536,2025-05-01,600.0,12,Starter,active
CUST-1537,2025-05-01,12600.0,105,Growth,active
CUST-1538,2025-05-01,700.0,14,Starter,active
CUST-1539,2025-05-01,17500.0,70,Scale,active
CUST-1540,2025-05-01,300.0,6,Starter,active
CUST-1541,2025-05-01,300.0,6,Starter,active
CUST-1542,2025-05-01,1560.0,13,Growth,active
CUST-1543,2025-05-01,250.0,5,Starter,active
CUST-1544,2025-05-01,150.0,3,Starter,active
CUST-1545,2025-05-01,150.0,3,Starter,active
CUST-1546,2025-05-01,35750.0,143,Scale,active
CUST-1547,2025-05-01,6600.0,55,Growth,active
CUST-1548,2025-05-01,4750.0,19,Scale,active
CUST-1550,2025-05-01,300.0,6,Starter,active
CUST-1551,2025-05-01,360.0,3,Growth,active
CUST-1552,2025-05-01,650.0,13,Starter,active
CUST-1553,2025-05-01,500.0,10,Starter,active
CUST-1554,2025-05-01,8520.0,71,Growth,active
CUST-1556,2025-05-01,7800.0,65,Growth,active
CUST-1557,2025-05-01,650.0,13,Starter,active
CUST-1558,2025-05-01,700.0,14,Starter,active
CUST-1560,2025-05-01,8160.0,68,Growth,active
CUST-1561,2025-05-01,350.0,7,Starter,active
CUST-1562,2025-05-01,350.0,7,Starter,active
CUST-1563,2025-05-01,6500.0,26,Scale,active
CUST-1564,2025-05-01,200.0,4,Starter,active
CUST-1565,2025-05-01,23500.0,94,Scale,active
CUST-1566,2025-05-01,550.0,11,Starter,active
CUST-1567,2025-05-01,200.0,4,Starter,active
CUST-1568,2025-05-01,300.0,6,Starter,active
CUST-1569,2025-05-01,300.0,6,Starter,active
CUST-1570,2025-05-01,750.0,15,Starter,active
CUST-1571,2025-05-01,1050.0,21,Starter,active
CUST-1572,2025-05-01,300.0,6,Starter,active
CUST-1573,2025-05-01,8250.0,33,Scale,active
CUST-1574,2025-05-01,500.0,10,Starter,active
CUST-1575,2025-05-01,650.0,13,Starter,active
CUST-1576,2025-05-01,2760.0,23,Growth,active
CUST-1577,2025-05-01,2500.0,10,Scale,active
CUST-1578,2025-05-01,1800.0,15,Growth,active
CUST-1579,2025-05-01,750.0,15,Starter,active
CUST-1580,2025-05-01,360.0,3,Growth,active
CUST-1581,2025-05-01,450.0,9,Starter,active
CUST-1583,2025-05-01,5640.0,47,Growth,active
CUST-1584,2025-05-01,150.0,3,Starter,active
CUST-1585,2025-05-01,3300.0,66,Starter,active
CUST-1586,2025-05-01,150.0,3,Starter,active
CUST-1587,2025-05-01,1800.0,15,Growth,active
CUST-1588,2025-05-01,650.0,13,Starter,active
CUST-1589,2025-05-01,720.0,6,Growth,active
CUST-1590,2025-05-01,8500.0,34,Scale,active
CUST-1592,2025-05-01,750.0,15,Starter,active
CUST-1593,2025-05-01,250.0,5,Starter,active
CUST-1594,2025-05-01,550.0,11,Starter,active
CUST-1595,2025-05-01,3600.0,72,Starter,active
CUST-1596,2025-05-01,6480.0,54,Growth,active
CUST-1597,2025-05-01,450.0,9,Starter,active
CUST-1598,2025-05-01,200.0,4,Starter,active
CUST-1599,2025-05-01,1440.0,12,Growth,active
CUST-1600,2025-05-01,58250.0,233,Scale,active
CUST-1601,2025-05-01,8160.0,68,Growth,active
CUST-1602,2025-05-01,150.0,3,Starter,active
CUST-1603,2025-05-01,4920.0,41,Growth,active
CUST-1604,2025-05-01,600.0,12,Starter,active
CUST-1605,2025-05-01,3240.0,27,Growth,active
CUST-1606,2025-05-01,1680.0,14,Growth,active
CUST-1607,2025-05-01,350.0,7,Starter,active
CUST-1608,2025-05-01,720.0,6,Growth,active
CUST-1609,2025-05-01,480.0,4,Growth,active
CUST-1610,2025-05-01,400.0,8,Starter,active
CUST-1611,2025-05-01,500.0,10,Starter,active
CUST-1612,2025-05-01,350.0,7,Starter,active
CUST-1613,2025-05-01,350.0,7,Starter,active
CUST-1614,2025-05-01,2040.0,17,Growth,active
CUST-1615,2025-05-01,4250.0,17,Scale,active
CUST-1616,2025-05-01,800.0,16,Starter,active
CUST-1617,2025-05-01,400.0,8,Starter,active
CUST-1618,2025-05-01,800.0,16,Starter,active
CUST-1619,2025-05-01,960.0,8,Growth,active
CUST-1620,2025-05-01,8160.0,68,Growth,active
CUST-1621,2025-05-01,450.0,9,Starter,active
CUST-1622,2025-05-01,300.0,6,Starter,active
CUST-1623,2025-05-01,350.0,7,Starter,active
CUST-1624,2025-05-01,2400.0,20,Growth,active
CUST-1625,2025-05-01,14880.0,124,Growth,active
CUST-1626,2025-05-01,350.0,7,Starter,active
CUST-1627,2025-05-01,150.0,3,Starter,active
CUST-1628,2025-05-01,4200.0,35,Growth,active
CUST-1629,2025-05-01,34750.0,139,Scale,active
CUST-1630,2025-05-01,650.0,13,Starter,active
CUST-1631,2025-05-01,5280.0,44,Growth,active
CUST-1632,2025-05-01,400.0,8,Starter,active
CUST-1633,2025-05-01,8000.0,32,Scale,active
CUST-1634,2025-05-01,6960.0,58,Growth,active
CUST-1635,2025-05-01,3840.0,32,Growth,active
CUST-1636,2025-05-01,1680.0,14,Growth,active
CUST-1637,2025-05-01,750.0,15,Starter,active
CUST-1638,2025-05-01,6480.0,54,Growth,active
CUST-1639,2025-05-01,480.0,4,Growth,active
CUST-1640,2025-05-01,3550.0,71,Starter,active
CUST-1001,2025-06-01,4250.0,17,Scale,active
CUST-1003,2025-06-01,6120.0,51,Growth,active
CUST-1004,2025-06-01,550.0,11,Starter,active
CUST-1005,2025-06-01,117000.0,468,Scale,active
CUST-1007,2025-06-01,600.0,12,Starter,active
CUST-1009,2025-06-01,8280.0,69,Growth,active
CUST-1010,2025-06-01,600.0,5,Growth,active
CUST-1013,2025-06-01,400.0,8,Starter,active
CUST-1014,2025-06-01,3050.0,61,Starter,active
CUST-1015,2025-06-01,2160.0,18,Growth,active
CUST-1016,2025-06-01,600.0,12,Starter,active
CUST-1018,2025-06-01,400.0,8,Starter,active
CUST-1019,2025-06-01,93000.0,372,Scale,active
CUST-1021,2025-06-01,650.0,13,Starter,active
CUST-1024,2025-06-01,300.0,6,Starter,active
CUST-1026,2025-06-01,5760.0,48,Growth,active
CUST-1027,2025-06-01,750.0,15,Starter,active
CUST-1028,2025-06-01,840.0,7,Growth,active
CUST-1029,2025-06-01,250.0,5,Starter,active
CUST-1030,2025-06-01,600.0,12,Starter,active
CUST-1032,2025-06-01,840.0,7,Growth,active
CUST-1033,2025-06-01,480.0,4,Growth,active
CUST-1037,2025-06-01,840.0,7,Growth,active
CUST-1039,2025-06-01,300.0,6,Starter,active
CUST-1040,2025-06-01,3150.0,63,Starter,active
CUST-1041,2025-06-01,350.0,7,Starter,active
CUST-1042,2025-06-01,1100.0,22,Starter,active
CUST-1043,2025-06-01,300.0,6,Starter,active
CUST-1044,2025-06-01,4050.0,81,Starter,active
CUST-1045,2025-06-01,1000.0,20,Starter,active
CUST-1046,2025-06-01,450.0,9,Starter,active
CUST-1048,2025-06-01,360.0,3,Growth,active
CUST-1049,2025-06-01,7800.0,65,Growth,active
CUST-1051,2025-06-01,600.0,12,Starter,active
CUST-1052,2025-06-01,350.0,7,Starter,active
CUST-1054,2025-06-01,2160.0,18,Growth,active
CUST-1056,2025-06-01,600.0,12,Starter,active
CUST-1057,2025-06-01,300.0,6,Starter,active
CUST-1059,2025-06-01,6120.0,51,Growth,active
CUST-1060,2025-06-01,700.0,14,Starter,active
CUST-1061,2025-06-01,6720.0,56,Growth,active
CUST-1063,2025-06-01,62500.0,250,Scale,active
CUST-1064,2025-06-01,750.0,15,Starter,active
CUST-1065,2025-06-01,500.0,10,Starter,active
CUST-1066,2025-06-01,1560.0,13,Growth,active
CUST-1067,2025-06-01,750.0,15,Starter,active
CUST-1068,2025-06-01,4200.0,35,Growth,active
CUST-1069,2025-06-01,1200.0,10,Growth,active
CUST-1071,2025-06-01,53250.0,213,Scale,active
CUST-1073,2025-06-01,4440.0,37,Growth,active
CUST-1074,2025-06-01,21000.0,84,Scale,active
CUST-1075,2025-06-01,4000.0,16,Scale,active
CUST-1076,2025-06-01,2400.0,20,Growth,active
CUST-1077,2025-06-01,700.0,14,Starter,active
CUST-1078,2025-06-01,150.0,3,Starter,active
CUST-1082,2025-06-01,62640.0,522,Growth,active
CUST-1083,2025-06-01,1850.0,37,Starter,active
CUST-1084,2025-06-01,900.0,18,Starter,active
CUST-1085,2025-06-01,5640.0,47,Growth,active
CUST-1086,2025-06-01,750.0,15,Starter,active
CUST-1087,2025-06-01,500.0,10,Starter,active
CUST-1088,2025-06-01,700.0,14,Starter,active
CUST-1090,2025-06-01,6840.0,57,Growth,active
CUST-1091,2025-06-01,500.0,10,Starter,active
CUST-1092,2025-06-01,10080.0,84,Growth,active
CUST-1095,2025-06-01,6360.0,53,Growth,active
CUST-1096,2025-06-01,200.0,4,Starter,active
CUST-1097,2025-06-01,4080.0,34,Growth,active
CUST-1099,2025-06-01,4560.0,38,Growth,active
CUST-1101,2025-06-01,300.0,6,Starter,active
CUST-1102,2025-06-01,350.0,7,Starter,active
CUST-1103,2025-06-01,500.0,10,Starter,active
CUST-1104,2025-06-01,450.0,9,Starter,active
CUST-1106,2025-06-01,9480.0,79,Growth,active
CUST-1107,2025-06-01,400.0,8,Starter,active
CUST-1109,2025-06-01,1080.0,9,Growth,active
CUST-1110,2025-06-01,1320.0,11,Growth,active
CUST-1111,2025-06-01,2650.0,53,Starter,active
CUST-1112,2025-06-01,2750.0,11,Scale,active
CUST-1113,2025-06-01,2050.0,41,Starter,active
CUST-1114,2025-06-01,91000.0,364,Scale,active
CUST-1115,2025-06-01,720.0,6,Growth,active
CUST-1116,2025-06-01,150.0,3,Starter,active
CUST-1117,2025-06-01,5640.0,47,Growth,active
CUST-1118,2025-06-01,300.0,6,Starter,active
CUST-1119,2025-06-01,1200.0,10,Growth,active
CUST-1120,2025-06-01,700.0,14,Starter,active
CUST-1122,2025-06-01,8520.0,71,Growth,active
CUST-1124,2025-06-01,650.0,13,Starter,active
CUST-1125,2025-06-01,700.0,14,Starter,active
CUST-1126,2025-06-01,8760.0,73,Growth,active
CUST-1127,2025-06-01,600.0,12,Starter,active
CUST-1129,2025-06-01,1200.0,10,Growth,active
CUST-1130,2025-06-01,82750.0,331,Scale,active
CUST-1133,2025-06-01,300.0,6,Starter,active
CUST-1135,2025-06-01,300.0,6,Starter,active
CUST-1136,2025-06-01,750.0,15,Starter,active
CUST-1137,2025-06-01,4080.0,34,Growth,active
CUST-1138,2025-06-01,500.0,10,Starter,active
CUST-1140,2025-06-01,650.0,13,Starter,active
CUST-1141,2025-06-01,550.0,11,Starter,active
CUST-1142,2025-06-01,1920.0,16,Growth,active
CUST-1144,2025-06-01,650.0,13,Starter,active
CUST-1145,2025-06-01,700.0,14,Starter,active
CUST-1146,2025-06-01,3120.0,26,Growth,active
CUST-1147,2025-06-01,650.0,13,Starter,active
CUST-1148,2025-06-01,25750.0,515,Starter,active
CUST-1150,2025-06-01,300.0,6,Starter,active
CUST-1151,2025-06-01,700.0,14,Starter,active
CUST-1152,2025-06-01,500.0,10,Starter,active
CUST-1153,2025-06-01,9360.0,78,Growth,active
CUST-1154,2025-06-01,900.0,18,Starter,active
CUST-1155,2025-06-01,720.0,6,Growth,active
CUST-1156,2025-06-01,8040.0,67,Growth,active
CUST-1158,2025-06-01,1320.0,11,Growth,active
CUST-1160,2025-06-01,6960.0,58,Growth,active
CUST-1161,2025-06-01,1320.0,11,Growth,active
CUST-1162,2025-06-01,350.0,7,Starter,active
CUST-1163,2025-06-01,34320.0,286,Growth,active
CUST-1165,2025-06-01,720.0,6,Growth,active
CUST-1166,2025-06-01,480.0,4,Growth,active
CUST-1167,2025-06-01,111750.0,447,Scale,active
CUST-1168,2025-06-01,720.0,6,Growth,active
CUST-1170,2025-06-01,750.0,15,Starter,active
CUST-1171,2025-06-01,300.0,6,Starter,active
CUST-1172,2025-06-01,4560.0,38,Growth,active
CUST-1173,2025-06-01,16500.0,66,Scale,active
CUST-1174,2025-06-01,720.0,6,Growth,active
CUST-1175,2025-06-01,400.0,8,Starter,active
CUST-1177,2025-06-01,1000.0,20,Starter,active
CUST-1178,2025-06-01,800.0,16,Starter,active
CUST-1179,2025-06-01,2640.0,22,Growth,active
CUST-1180,2025-06-01,1350.0,27,Starter,active
CUST-1181,2025-06-01,1800.0,15,Growth,active
CUST-1182,2025-06-01,2000.0,8,Scale,active
CUST-1186,2025-06-01,1560.0,13,Growth,active
CUST-1187,2025-06-01,450.0,9,Starter,active
CUST-1188,2025-06-01,1320.0,11,Growth,active
CUST-1189,2025-06-01,750.0,15,Starter,active
CUST-1192,2025-06-01,550.0,11,Starter,active
CUST-1194,2025-06-01,750.0,15,Starter,active
CUST-1195,2025-06-01,600.0,12,Starter,active
CUST-1196,2025-06-01,5040.0,42,Growth,active
CUST-1198,2025-06-01,87250.0,349,Scale,active
CUST-1199,2025-06-01,600.0,12,Starter,active
CUST-1200,2025-06-01,1560.0,13,Growth,active
CUST-1201,2025-06-01,480.0,4,Growth,active
CUST-1202,2025-06-01,4000.0,16,Scale,active
CUST-1203,2025-06-01,600.0,5,Growth,active
CUST-1205,2025-06-01,6360.0,53,Growth,active
CUST-1206,2025-06-01,2750.0,11,Scale,active
CUST-1207,2025-06-01,4800.0,40,Growth,active
CUST-1208,2025-06-01,360.0,3,Growth,active
CUST-1209,2025-06-01,1200.0,10,Growth,active
CUST-1211,2025-06-01,300.0,6,Starter,active
CUST-1212,2025-06-01,200.0,4,Starter,active
CUST-1215,2025-06-01,500.0,10,Starter,active
CUST-1216,2025-06-01,480.0,4,Growth,active
CUST-1217,2025-06-01,800.0,16,Starter,active
CUST-1218,2025-06-01,8880.0,74,Growth,active
CUST-1219,2025-06-01,4560.0,38,Growth,active
CUST-1220,2025-06-01,150.0,3,Starter,active
CUST-1222,2025-06-01,450.0,9,Starter,active
CUST-1223,2025-06-01,650.0,13,Starter,active
CUST-1226,2025-06-01,840.0,7,Growth,active
CUST-1227,2025-06-01,650.0,13,Starter,active
CUST-1230,2025-06-01,950.0,19,Starter,active
CUST-1231,2025-06-01,8500.0,34,Scale,active
CUST-1233,2025-06-01,240.0,2,Growth,active
CUST-1234,2025-06-01,960.0,8,Growth,active
CUST-1235,2025-06-01,300.0,6,Starter,active
CUST-1236,2025-06-01,550.0,11,Starter,active
CUST-1237,2025-06-01,7440.0,62,Growth,active
CUST-1239,2025-06-01,17750.0,71,Scale,active
CUST-1240,2025-06-01,150.0,3,Starter,active
CUST-1242,2025-06-01,700.0,14,Starter,active
CUST-1243,2025-06-01,360.0,3,Growth,active
CUST-1244,2025-06-01,250.0,5,Starter,active
CUST-1246,2025-06-01,840.0,7,Growth,active
CUST-1247,2025-06-01,750.0,15,Starter,active
CUST-1249,2025-06-01,400.0,8,Starter,active
CUST-1250,2025-06-01,350.0,7,Starter,active
CUST-1251,2025-06-01,1920.0,16,Growth,active
CUST-1252,2025-06-01,2500.0,10,Scale,active
CUST-1255,2025-06-01,6480.0,54,Growth,active
CUST-1259,2025-06-01,82250.0,329,Scale,active
CUST-1260,2025-06-01,350.0,7,Starter,active
CUST-1261,2025-06-01,1950.0,39,Starter,active
CUST-1262,2025-06-01,1800.0,15,Growth,active
CUST-1263,2025-06-01,200.0,4,Starter,active
CUST-1264,2025-06-01,700.0,14,Starter,active
CUST-1266,2025-06-01,5160.0,43,Growth,active
CUST-1267,2025-06-01,250.0,5,Starter,active
CUST-1268,2025-06-01,700.0,14,Starter,active
CUST-1269,2025-06-01,300.0,6,Starter,active
CUST-1270,2025-06-01,450.0,9,Starter,active
CUST-1272,2025-06-01,2160.0,18,Growth,active
CUST-1273,2025-06-01,4920.0,41,Growth,active
CUST-1274,2025-06-01,2280.0,19,Growth,active
CUST-1275,2025-06-01,840.0,7,Growth,active
CUST-1276,2025-06-01,6360.0,53,Growth,active
CUST-1278,2025-06-01,5040.0,42,Growth,active
CUST-1280,2025-06-01,480.0,4,Growth,active
CUST-1281,2025-06-01,3480.0,29,Growth,active
CUST-1282,2025-06-01,400.0,8,Starter,active
CUST-1283,2025-06-01,700.0,14,Starter,active
CUST-1284,2025-06-01,1800.0,15,Growth,active
CUST-1286,2025-06-01,200.0,4,Starter,active
CUST-1289,2025-06-01,750.0,15,Starter,active
CUST-1290,2025-06-01,600.0,5,Growth,active
CUST-1292,2025-06-01,1680.0,14,Growth,active
CUST-1293,2025-06-01,110000.0,440,Scale,active
CUST-1294,2025-06-01,7440.0,62,Growth,active
CUST-1296,2025-06-01,1920.0,16,Growth,active
CUST-1297,2025-06-01,600.0,12,Starter,active
CUST-1298,2025-06-01,87250.0,349,Scale,active
CUST-1300,2025-06-01,600.0,5,Growth,active
CUST-1301,2025-06-01,250.0,5,Starter,active
CUST-1302,2025-06-01,400.0,8,Starter,active
CUST-1303,2025-06-01,400.0,8,Starter,active
CUST-1305,2025-06-01,2880.0,24,Growth,active
CUST-1306,2025-06-01,5520.0,46,Growth,active
CUST-1309,2025-06-01,300.0,6,Starter,active
CUST-1310,2025-06-01,8520.0,71,Growth,active
CUST-1311,2025-06-01,75500.0,302,Scale,active
CUST-1312,2025-06-01,1560.0,13,Growth,active
CUST-1313,2025-06-01,1200.0,24,Starter,active
CUST-1314,2025-06-01,3360.0,28,Growth,active
CUST-1315,2025-06-01,4800.0,40,Growth,active
CUST-1316,2025-06-01,1680.0,14,Growth,active
CUST-1317,2025-06-01,650.0,13,Starter,active
CUST-1318,2025-06-01,8760.0,73,Growth,active
CUST-1319,2025-06-01,150.0,3,Starter,active
CUST-1320,2025-06-01,840.0,7,Growth,active
CUST-1321,2025-06-01,250.0,5,Starter,active
CUST-1322,2025-06-01,16320.0,136,Growth,active
CUST-1323,2025-06-01,8250.0,33,Scale,active
CUST-1324,2025-06-01,700.0,14,Starter,active
CUST-1325,2025-06-01,750.0,15,Starter,active
CUST-1326,2025-06-01,7920.0,66,Growth,active
CUST-1327,2025-06-01,800.0,16,Starter,active
CUST-1328,2025-06-01,500.0,10,Starter,active
CUST-1329,2025-06-01,700.0,14,Starter,active
CUST-1330,2025-06-01,480.0,4,Growth,active
CUST-1331,2025-06-01,600.0,12,Starter,active
CUST-1332,2025-06-01,750.0,15,Starter,active
CUST-1333,2025-06-01,840.0,7,Growth,active
CUST-1334,2025-06-01,750.0,15,Starter,active
CUST-1335,2025-06-01,1440.0,12,Growth,active
CUST-1336,2025-06-01,2880.0,24,Growth,active
CUST-1337,2025-06-01,300.0,6,Starter,active
CUST-1339,2025-06-01,750.0,3,Scale,active
CUST-1340,2025-06-01,6360.0,53,Growth,active
CUST-1341,2025-06-01,2000.0,8,Scale,active
CUST-1342,2025-06-01,650.0,13,Starter,active
CUST-1343,2025-06-01,1560.0,13,Growth,active
CUST-1344,2025-06-01,150.0,3,Starter,active
CUST-1345,2025-06-01,200.0,4,Starter,active
CUST-1349,2025-06-01,200.0,4,Starter,active
CUST-1350,2025-06-01,750.0,15,Starter,active
CUST-1351,2025-06-01,840.0,7,Growth,active
CUST-1352,2025-06-01,1080.0,9,Growth,active
CUST-1354,2025-06-01,960.0,8,Growth,active
CUST-1355,2025-06-01,11500.0,46,Scale,active
CUST-1356,2025-06-01,118250.0,473,Scale,active
CUST-1357,2025-06-01,7320.0,61,Growth,active
CUST-1358,2025-06-01,2880.0,24,Growth,active
CUST-1359,2025-06-01,360.0,3,Growth,active
CUST-1361,2025-06-01,18000.0,72,Scale,active
CUST-1362,2025-06-01,4250.0,17,Scale,active
CUST-1364,2025-06-01,250.0,5,Starter,active
CUST-1365,2025-06-01,25560.0,213,Growth,active
CUST-1366,2025-06-01,200.0,4,Starter,active
CUST-1367,2025-06-01,400.0,8,Starter,active
CUST-1368,2025-06-01,600.0,12,Starter,active
CUST-1369,2025-06-01,480.0,4,Growth,active
CUST-1371,2025-06-01,3700.0,74,Starter,active
CUST-1372,2025-06-01,8000.0,32,Scale,active
CUST-1373,2025-06-01,650.0,13,Starter,active
CUST-1374,2025-06-01,150.0,3,Starter,active
CUST-1375,2025-06-01,600.0,12,Starter,active
CUST-1376,2025-06-01,1080.0,9,Growth,active
CUST-1377,2025-06-01,600.0,5,Growth,active
CUST-1379,2025-06-01,600.0,12,Starter,active
CUST-1381,2025-06-01,4320.0,36,Growth,active
CUST-1382,2025-06-01,350.0,7,Starter,active
CUST-1383,2025-06-01,600.0,5,Growth,active
CUST-1384,2025-06-01,600.0,12,Starter,active
CUST-1386,2025-06-01,200.0,4,Starter,active
CUST-1387,2025-06-01,900.0,18,Starter,active
CUST-1389,2025-06-01,150.0,3,Starter,active
CUST-1391,2025-06-01,2000.0,8,Scale,active
CUST-1393,2025-06-01,600.0,12,Starter,active
CUST-1394,2025-06-01,720.0,6,Growth,active
CUST-1397,2025-06-01,5400.0,45,Growth,active
CUST-1398,2025-06-01,480.0,4,Growth,active
CUST-1399,2025-06-01,4560.0,38,Growth,active
CUST-1400,2025-06-01,6120.0,51,Growth,active
CUST-1401,2025-06-01,1080.0,9,Growth,active
CUST-1402,2025-06-01,2500.0,50,Starter,active
CUST-1403,2025-06-01,650.0,13,Starter,active
CUST-1404,2025-06-01,2520.0,21,Growth,active
CUST-1405,2025-06-01,1440.0,12,Growth,active
CUST-1406,2025-06-01,150.0,3,Starter,active
CUST-1407,2025-06-01,12500.0,50,Scale,active
CUST-1408,2025-06-01,400.0,8,Starter,active
CUST-1409,2025-06-01,300.0,6,Starter,active
CUST-1410,2025-06-01,350.0,7,Starter,active
CUST-1411,2025-06-01,960.0,8,Growth,active
CUST-1412,2025-06-01,36240.0,302,Growth,active
CUST-1413,2025-06-01,7800.0,65,Growth,active
CUST-1414,2025-06-01,18000.0,72,Scale,active
CUST-1415,2025-06-01,450.0,9,Starter,active
CUST-1416,2025-06-01,1750.0,35,Starter,active
CUST-1419,2025-06-01,3240.0,27,Growth,active
CUST-1422,2025-06-01,300.0,6,Starter,active
CUST-1423,2025-06-01,450.0,9,Starter,active
CUST-1424,2025-06-01,250.0,5,Starter,active
CUST-1425,2025-06-01,200.0,4,Starter,active
CUST-1427,2025-06-01,750.0,15,Starter,active
CUST-1428,2025-06-01,480.0,4,Growth,active
CUST-1431,2025-06-01,200.0,4,Starter,active
CUST-1432,2025-06-01,650.0,13,Starter,active
CUST-1434,2025-06-01,300.0,6,Starter,active
CUST-1436,2025-06-01,2250.0,9,Scale,active
CUST-1437,2025-06-01,250.0,5,Starter,active
CUST-1439,2025-06-01,13500.0,54,Scale,active
CUST-1440,2025-06-01,450.0,9,Starter,active
CUST-1441,2025-06-01,1560.0,13,Growth,active
CUST-1442,2025-06-01,600.0,12,Starter,active
CUST-1444,2025-06-01,1200.0,10,Growth,active
CUST-1445,2025-06-01,750.0,15,Starter,active
CUST-1446,2025-06-01,400.0,8,Starter,active
CUST-1447,2025-06-01,2400.0,20,Growth,active
CUST-1448,2025-06-01,300.0,6,Starter,active
CUST-1449,2025-06-01,840.0,7,Growth,active
CUST-1450,2025-06-01,840.0,7,Growth,active
CUST-1451,2025-06-01,250.0,5,Starter,active
CUST-1452,2025-06-01,500.0,10,Starter,active
CUST-1453,2025-06-01,3550.0,71,Starter,active
CUST-1455,2025-06-01,250.0,5,Starter,active
CUST-1456,2025-06-01,5800.0,116,Starter,active
CUST-1457,2025-06-01,600.0,12,Starter,active
CUST-1458,2025-06-01,200.0,4,Starter,active
CUST-1459,2025-06-01,750.0,15,Starter,active
CUST-1460,2025-06-01,19250.0,77,Scale,active
CUST-1461,2025-06-01,450.0,9,Starter,active
CUST-1464,2025-06-01,750.0,15,Starter,active
CUST-1465,2025-06-01,5760.0,48,Growth,active
CUST-1466,2025-06-01,300.0,6,Starter,active
CUST-1467,2025-06-01,550.0,11,Starter,active
CUST-1468,2025-06-01,550.0,11,Starter,active
CUST-1469,2025-06-01,550.0,11,Starter,active
CUST-1471,2025-06-01,250.0,5,Starter,active
CUST-1472,2025-06-01,600.0,12,Starter,active
CUST-1473,2025-06-01,1200.0,10,Growth,active
CUST-1474,2025-06-01,550.0,11,Starter,active
CUST-1475,2025-06-01,300.0,6,Starter,active
CUST-1476,2025-06-01,450.0,9,Starter,active
CUST-1477,2025-06-01,20250.0,81,Scale,active
CUST-1479,2025-06-01,650.0,13,Starter,active
CUST-1480,2025-06-01,450.0,9,Starter,active
CUST-1481,2025-06-01,3840.0,32,Growth,active
CUST-1482,2025-06-01,8160.0,68,Growth,active
CUST-1484,2025-06-01,400.0,8,Starter,active
CUST-1485,2025-06-01,500.0,10,Starter,active
CUST-1486,2025-06-01,150.0,3,Starter,active
CUST-1487,2025-06-01,250.0,5,Starter,active
CUST-1489,2025-06-01,600.0,12,Starter,active
CUST-1490,2025-06-01,14000.0,56,Scale,active
CUST-1491,2025-06-01,750.0,15,Starter,active
CUST-1492,2025-06-01,1320.0,11,Growth,active
CUST-1493,2025-06-01,2450.0,49,Starter,active
CUST-1495,2025-06-01,73250.0,293,Scale,active
CUST-1496,2025-06-01,840.0,7,Growth,active
CUST-1497,2025-06-01,600.0,12,Starter,active
CUST-1498,2025-06-01,350.0,7,Starter,active
CUST-1499,2025-06-01,1080.0,9,Growth,active
CUST-1500,2025-06-01,2250.0,45,Starter,active
CUST-1502,2025-06-01,9240.0,77,Growth,active
CUST-1504,2025-06-01,2250.0,9,Scale,active
CUST-1506,2025-06-01,450.0,9,Starter,active
CUST-1507,2025-06-01,300.0,6,Starter,active
CUST-1508,2025-06-01,750.0,15,Starter,active
CUST-1509,2025-06-01,7920.0,66,Growth,active
CUST-1510,2025-06-01,39120.0,326,Growth,active
CUST-1511,2025-06-01,1560.0,13,Growth,active
CUST-1512,2025-06-01,950.0,19,Starter,active
CUST-1513,2025-06-01,200.0,4,Starter,active
CUST-1514,2025-06-01,2750.0,11,Scale,active
CUST-1516,2025-06-01,5640.0,47,Growth,active
CUST-1517,2025-06-01,840.0,7,Growth,active
CUST-1518,2025-06-01,350.0,7,Starter,active
CUST-1519,2025-06-01,400.0,8,Starter,active
CUST-1520,2025-06-01,7920.0,66,Growth,active
CUST-1521,2025-06-01,500.0,10,Starter,active
CUST-1522,2025-06-01,480.0,4,Growth,active
CUST-1523,2025-06-01,650.0,13,Starter,active
CUST-1524,2025-06-01,300.0,6,Starter,active
CUST-1525,2025-06-01,350.0,7,Starter,active
CUST-1526,2025-06-01,800.0,16,Starter,active
CUST-1527,2025-06-01,400.0,8,Starter,active
CUST-1528,2025-06-01,1440.0,12,Growth,active
CUST-1529,2025-06-01,1200.0,10,Growth,active
CUST-1530,2025-06-01,5880.0,49,Growth,active
CUST-1531,2025-06-01,1680.0,14,Growth,active
CUST-1532,2025-06-01,700.0,14,Starter,active
CUST-1533,2025-06-01,350.0,7,Starter,active
CUST-1534,2025-06-01,250.0,5,Starter,active
CUST-1535,2025-06-01,250.0,5,Starter,active
CUST-1536,2025-06-01,600.0,12,Starter,active
CUST-1537,2025-06-01,12600.0,105,Growth,active
CUST-1538,2025-06-01,700.0,14,Starter,active
CUST-1539,2025-06-01,17500.0,70,Scale,active
CUST-1540,2025-06-01,300.0,6,Starter,active
CUST-1541,2025-06-01,300.0,6,Starter,active
CUST-1542,2025-06-01,1560.0,13,Growth,active
CUST-1543,2025-06-01,250.0,5,Starter,active
CUST-1544,2025-06-01,150.0,3,Starter,active
CUST-1545,2025-06-01,150.0,3,Starter,active
CUST-1546,2025-06-01,35750.0,143,Scale,active
CUST-1547,2025-06-01,6600.0,55,Growth,active
CUST-1548,2025-06-01,4750.0,19,Scale,active
CUST-1550,2025-06-01,300.0,6,Starter,active
CUST-1551,2025-06-01,360.0,3,Growth,active
CUST-1552,2025-06-01,650.0,13,Starter,active
CUST-1553,2025-06-01,500.0,10,Starter,active
CUST-1554,2025-06-01,8520.0,71,Growth,active
CUST-1556,2025-06-01,7800.0,65,Growth,active
CUST-1557,2025-06-01,650.0,13,Starter,active
CUST-1558,2025-06-01,700.0,14,Starter,active
CUST-1560,2025-06-01,7320.0,61,Growth,active
CUST-1561,2025-06-01,350.0,7,Starter,active
CUST-1562,2025-06-01,350.0,7,Starter,active
CUST-1563,2025-06-01,6500.0,26,Scale,active
CUST-1564,2025-06-01,200.0,4,Starter,active
CUST-1565,2025-06-01,21000.0,84,Scale,active
CUST-1566,2025-06-01,550.0,11,Starter,active
CUST-1567,2025-06-01,200.0,4,Starter,active
CUST-1568,2025-06-01,300.0,6,Starter,active
CUST-1569,2025-06-01,300.0,6,Starter,active
CUST-1570,2025-06-01,750.0,15,Starter,active
CUST-1571,2025-06-01,1050.0,21,Starter,active
CUST-1572,2025-06-01,300.0,6,Starter,active
CUST-1573,2025-06-01,8250.0,33,Scale,active
CUST-1574,2025-06-01,500.0,10,Starter,active
CUST-1575,2025-06-01,650.0,13,Starter,active
CUST-1576,2025-06-01,3240.0,27,Growth,active
CUST-1577,2025-06-01,2500.0,10,Scale,active
CUST-1578,2025-06-01,1800.0,15,Growth,active
CUST-1579,2025-06-01,750.0,15,Starter,active
CUST-1580,2025-06-01,360.0,3,Growth,active
CUST-1581,2025-06-01,450.0,9,Starter,active
CUST-1583,2025-06-01,5640.0,47,Growth,active
CUST-1584,2025-06-01,150.0,3,Starter,active
CUST-1585,2025-06-01,3300.0,66,Starter,active
CUST-1586,2025-06-01,150.0,3,Starter,active
CUST-1587,2025-06-01,1800.0,15,Growth,active
CUST-1588,2025-06-01,650.0,13,Starter,active
CUST-1589,2025-06-01,720.0,6,Growth,active
CUST-1590,2025-06-01,8500.0,34,Scale,active
CUST-1592,2025-06-01,750.0,15,Starter,active
CUST-1593,2025-06-01,250.0,5,Starter,active
CUST-1594,2025-06-01,550.0,11,Starter,active
CUST-1595,2025-06-01,3600.0,72,Starter,active
CUST-1596,2025-06-01,6480.0,54,Growth,active
CUST-1597,2025-06-01,450.0,9,Starter,active
CUST-1598,2025-06-01,200.0,4,Starter,active
CUST-1599,2025-06-01,1440.0,12,Growth,active
CUST-1600,2025-06-01,58250.0,233,Scale,active
CUST-1601,2025-06-01,8160.0,68,Growth,active
CUST-1602,2025-06-01,150.0,3,Starter,active
CUST-1603,2025-06-01,4920.0,41,Growth,active
CUST-1604,2025-06-01,600.0,12,Starter,active
CUST-1606,2025-06-01,1680.0,14,Growth,active
CUST-1607,2025-06-01,350.0,7,Starter,active
CUST-1608,2025-06-01,720.0,6,Growth,active
CUST-1609,2025-06-01,480.0,4,Growth,active
CUST-1610,2025-06-01,400.0,8,Starter,active
CUST-1611,2025-06-01,500.0,10,Starter,active
CUST-1612,2025-06-01,350.0,7,Starter,active
CUST-1613,2025-06-01,350.0,7,Starter,active
CUST-1614,2025-06-01,2040.0,17,Growth,active
CUST-1615,2025-06-01,4250.0,17,Scale,active
CUST-1616,2025-06-01,800.0,16,Starter,active
CUST-1617,2025-06-01,400.0,8,Starter,active
CUST-1618,2025-06-01,800.0,16,Starter,active
CUST-1619,2025-06-01,960.0,8,Growth,active
CUST-1620,2025-06-01,8160.0,68,Growth,active
CUST-1621,2025-06-01,450.0,9,Starter,active
CUST-1622,2025-06-01,300.0,6,Starter,active
CUST-1623,2025-06-01,350.0,7,Starter,active
CUST-1624,2025-06-01,2400.0,20,Growth,active
CUST-1625,2025-06-01,14880.0,124,Growth,active
CUST-1626,2025-06-01,350.0,7,Starter,active
CUST-1627,2025-06-01,150.0,3,Starter,active
CUST-1628,2025-06-01,4200.0,35,Growth,active
CUST-1629,2025-06-01,34750.0,139,Scale,active
CUST-1630,2025-06-01,650.0,13,Starter,active
CUST-1631,2025-06-01,5280.0,44,Growth,active
CUST-1632,2025-06-01,400.0,8,Starter,active
CUST-1633,2025-06-01,8000.0,32,Scale,active
CUST-1634,2025-06-01,6960.0,58,Growth,active
CUST-1636,2025-06-01,1680.0,14,Growth,active
CUST-1637,2025-06-01,750.0,15,Starter,active
CUST-1638,2025-06-01,6480.0,54,Growth,active
CUST-1639,2025-06-01,480.0,4,Growth,active
CUST-1640,2025-06-01,3550.0,71,Starter,active
CUST-1641,2025-06-01,500.0,10,Starter,active
CUST-1642,2025-06-01,960.0,8,Growth,active
CUST-1643,2025-06-01,550.0,11,Starter,active
CUST-1644,2025-06-01,250.0,5,Starter,active
CUST-1645,2025-06-01,6480.0,54,Growth,active
CUST-1646,2025-06-01,1800.0,15,Growth,active
CUST-1647,2025-06-01,1800.0,15,Growth,active
CUST-1648,2025-06-01,550.0,11,Starter,active
CUST-1649,2025-06-01,20000.0,80,Scale,active
CUST-1650,2025-06-01,3960.0,33,Growth,active
CUST-1651,2025-06-01,600.0,12,Starter,active
CUST-1652,2025-06-01,7320.0,61,Growth,active
CUST-1653,2025-06-01,960.0,8,Growth,active
CUST-1654,2025-06-01,1750.0,35,Starter,active
CUST-1655,2025-06-01,6720.0,56,Growth,active
CUST-1656,2025-06-01,450.0,9,Starter,active
CUST-1657,2025-06-01,400.0,8,Starter,active
CUST-1658,2025-06-01,700.0,14,Starter,active
CUST-1659,2025-06-01,37440.0,312,Growth,active
CUST-1660,2025-06-01,550.0,11,Starter,active
CUST-1001,2025-07-01,4250.0,17,Scale,active
CUST-1003,2025-07-01,6120.0,51,Growth,active
CUST-1004,2025-07-01,550.0,11,Starter,active
CUST-1005,2025-07-01,117000.0,468,Scale,active
CUST-1007,2025-07-01,600.0,12,Starter,active
CUST-1009,2025-07-01,8280.0,69,Growth,active
CUST-1010,2025-07-01,600.0,5,Growth,active
CUST-1013,2025-07-01,400.0,8,Starter,active
CUST-1014,2025-07-01,3050.0,61,Starter,active
CUST-1015,2025-07-01,2160.0,18,Growth,active
CUST-1016,2025-07-01,600.0,12,Starter,active
CUST-1018,2025-07-01,400.0,8,Starter,active
CUST-1019,2025-07-01,93000.0,372,Scale,active
CUST-1021,2025-07-01,650.0,13,Starter,active
CUST-1024,2025-07-01,300.0,6,Starter,active
CUST-1026,2025-07-01,5760.0,48,Growth,active
CUST-1027,2025-07-01,800.0,16,Starter,active
CUST-1028,2025-07-01,840.0,7,Growth,active
CUST-1029,2025-07-01,300.0,6,Starter,active
CUST-1030,2025-07-01,600.0,12,Starter,active
CUST-1032,2025-07-01,840.0,7,Growth,active
CUST-1033,2025-07-01,480.0,4,Growth,active
CUST-1037,2025-07-01,840.0,7,Growth,active
CUST-1039,2025-07-01,300.0,6,Starter,active
CUST-1040,2025-07-01,3150.0,63,Starter,active
CUST-1041,2025-07-01,350.0,7,Starter,active
CUST-1042,2025-07-01,1100.0,22,Starter,active
CUST-1043,2025-07-01,300.0,6,Starter,active
CUST-1044,2025-07-01,4050.0,81,Starter,active
CUST-1045,2025-07-01,1000.0,20,Starter,active
CUST-1046,2025-07-01,450.0,9,Starter,active
CUST-1048,2025-07-01,360.0,3,Growth,active
CUST-1049,2025-07-01,7800.0,65,Growth,active
CUST-1051,2025-07-01,600.0,12,Starter,active
CUST-1052,2025-07-01,350.0,7,Starter,active
CUST-1054,2025-07-01,2160.0,18,Growth,active
CUST-1056,2025-07-01,600.0,12,Starter,active
CUST-1057,2025-07-01,300.0,6,Starter,active
CUST-1059,2025-07-01,6120.0,51,Growth,active
CUST-1060,2025-07-01,700.0,14,Starter,active
CUST-1061,2025-07-01,6720.0,56,Growth,active
CUST-1063,2025-07-01,62500.0,250,Scale,active
CUST-1064,2025-07-01,750.0,15,Starter,active
CUST-1065,2025-07-01,500.0,10,Starter,active
CUST-1066,2025-07-01,1560.0,13,Growth,active
CUST-1067,2025-07-01,750.0,15,Starter,active
CUST-1068,2025-07-01,4200.0,35,Growth,active
CUST-1069,2025-07-01,1200.0,10,Growth,active
CUST-1071,2025-07-01,53250.0,213,Scale,active
CUST-1073,2025-07-01,4440.0,37,Growth,active
CUST-1074,2025-07-01,21000.0,84,Scale,active
CUST-1075,2025-07-01,4000.0,16,Scale,active
CUST-1076,2025-07-01,2400.0,20,Growth,active
CUST-1077,2025-07-01,700.0,14,Starter,active
CUST-1078,2025-07-01,150.0,3,Starter,active
CUST-1082,2025-07-01,62640.0,522,Growth,active
CUST-1083,2025-07-01,1850.0,37,Starter,active
CUST-1084,2025-07-01,900.0,18,Starter,active
CUST-1085,2025-07-01,5640.0,47,Growth,active
CUST-1086,2025-07-01,750.0,15,Starter,active
CUST-1087,2025-07-01,500.0,10,Starter,active
CUST-1088,2025-07-01,700.0,14,Starter,active
CUST-1090,2025-07-01,6840.0,57,Growth,active
CUST-1091,2025-07-01,500.0,10,Starter,active
CUST-1092,2025-07-01,10080.0,84,Growth,active
CUST-1095,2025-07-01,6360.0,53,Growth,active
CUST-1096,2025-07-01,200.0,4,Starter,active
CUST-1097,2025-07-01,4080.0,34,Growth,active
CUST-1099,2025-07-01,4560.0,38,Growth,active
CUST-1101,2025-07-01,300.0,6,Starter,active
CUST-1102,2025-07-01,350.0,7,Starter,active
CUST-1103,2025-07-01,500.0,10,Starter,active
CUST-1104,2025-07-01,450.0,9,Starter,active
CUST-1106,2025-07-01,9480.0,79,Growth,active
CUST-1107,2025-07-01,400.0,8,Starter,active
CUST-1109,2025-07-01,1080.0,9,Growth,active
CUST-1110,2025-07-01,1320.0,11,Growth,active
CUST-1111,2025-07-01,2650.0,53,Starter,active
CUST-1112,2025-07-01,2750.0,11,Scale,active
CUST-1113,2025-07-01,2050.0,41,Starter,active
CUST-1114,2025-07-01,91000.0,364,Scale,active
CUST-1115,2025-07-01,720.0,6,Growth,active
CUST-1116,2025-07-01,150.0,3,Starter,active
CUST-1117,2025-07-01,5640.0,47,Growth,active
CUST-1118,2025-07-01,300.0,6,Starter,active
CUST-1119,2025-07-01,1200.0,10,Growth,active
CUST-1120,2025-07-01,700.0,14,Starter,active
CUST-1122,2025-07-01,8520.0,71,Growth,active
CUST-1124,2025-07-01,650.0,13,Starter,active
CUST-1125,2025-07-01,700.0,14,Starter,active
CUST-1126,2025-07-01,8760.0,73,Growth,active
CUST-1127,2025-07-01,600.0,12,Starter,active
CUST-1129,2025-07-01,1200.0,10,Growth,active
CUST-1130,2025-07-01,82750.0,331,Scale,active
CUST-1133,2025-07-01,300.0,6,Starter,active
CUST-1135,2025-07-01,300.0,6,Starter,active
CUST-1136,2025-07-01,750.0,15,Starter,active
CUST-1137,2025-07-01,4080.0,34,Growth,active
CUST-1140,2025-07-01,650.0,13,Starter,active
CUST-1141,2025-07-01,550.0,11,Starter,active
CUST-1142,2025-07-01,1920.0,16,Growth,active
CUST-1144,2025-07-01,650.0,13,Starter,active
CUST-1145,2025-07-01,700.0,14,Starter,active
CUST-1146,2025-07-01,3600.0,30,Growth,active
CUST-1147,2025-07-01,650.0,13,Starter,active
CUST-1148,2025-07-01,25750.0,515,Starter,active
CUST-1150,2025-07-01,300.0,6,Starter,active
CUST-1152,2025-07-01,500.0,10,Starter,active
CUST-1153,2025-07-01,9360.0,78,Growth,active
CUST-1154,2025-07-01,900.0,18,Starter,active
CUST-1155,2025-07-01,720.0,6,Growth,active
CUST-1156,2025-07-01,8040.0,67,Growth,active
CUST-1158,2025-07-01,1320.0,11,Growth,active
CUST-1160,2025-07-01,6960.0,58,Growth,active
CUST-1161,2025-07-01,1320.0,11,Growth,active
CUST-1162,2025-07-01,350.0,7,Starter,active
CUST-1163,2025-07-01,34320.0,286,Growth,active
CUST-1165,2025-07-01,720.0,6,Growth,active
CUST-1166,2025-07-01,480.0,4,Growth,active
CUST-1167,2025-07-01,121500.0,486,Scale,active
CUST-1168,2025-07-01,720.0,6,Growth,active
CUST-1170,2025-07-01,750.0,15,Starter,active
CUST-1171,2025-07-01,300.0,6,Starter,active
CUST-1172,2025-07-01,4560.0,38,Growth,active
CUST-1173,2025-07-01,16500.0,66,Scale,active
CUST-1174,2025-07-01,720.0,6,Growth,active
CUST-1175,2025-07-01,400.0,8,Starter,active
CUST-1177,2025-07-01,1000.0,20,Starter,active
CUST-1178,2025-07-01,800.0,16,Starter,active
CUST-1179,2025-07-01,2640.0,22,Growth,active
CUST-1180,2025-07-01,1350.0,27,Starter,active
CUST-1181,2025-07-01,1800.0,15,Growth,active
CUST-1182,2025-07-01,2000.0,8,Scale,active
CUST-1186,2025-07-01,1560.0,13,Growth,active
CUST-1187,2025-07-01,450.0,9,Starter,active
CUST-1188,2025-07-01,1320.0,11,Growth,active
CUST-1189,2025-07-01,750.0,15,Starter,active
CUST-1192,2025-07-01,550.0,11,Starter,active
CUST-1194,2025-07-01,750.0,15,Starter,active
CUST-1195,2025-07-01,600.0,12,Starter,active
CUST-1196,2025-07-01,5040.0,42,Growth,active
CUST-1198,2025-07-01,87250.0,349,Scale,active
CUST-1199,2025-07-01,600.0,12,Starter,active
CUST-1200,2025-07-01,1560.0,13,Growth,active
CUST-1201,2025-07-01,480.0,4,Growth,active
CUST-1202,2025-07-01,4000.0,16,Scale,active
CUST-1203,2025-07-01,600.0,5,Growth,active
CUST-1205,2025-07-01,6360.0,53,Growth,active
CUST-1206,2025-07-01,2750.0,11,Scale,active
CUST-1207,2025-07-01,4800.0,40,Growth,active
CUST-1208,2025-07-01,360.0,3,Growth,active
CUST-1209,2025-07-01,1440.0,12,Growth,active
CUST-1211,2025-07-01,300.0,6,Starter,active
CUST-1212,2025-07-01,200.0,4,Starter,active
CUST-1215,2025-07-01,500.0,10,Starter,active
CUST-1216,2025-07-01,480.0,4,Growth,active
CUST-1217,2025-07-01,800.0,16,Starter,active
CUST-1218,2025-07-01,8880.0,74,Growth,active
CUST-1219,2025-07-01,4560.0,38,Growth,active
CUST-1220,2025-07-01,150.0,3,Starter,active
CUST-1222,2025-07-01,450.0,9,Starter,active
CUST-1223,2025-07-01,650.0,13,Starter,active
CUST-1226,2025-07-01,840.0,7,Growth,active
CUST-1227,2025-07-01,650.0,13,Starter,active
CUST-1230,2025-07-01,950.0,19,Starter,active
CUST-1231,2025-07-01,8500.0,34,Scale,active
CUST-1233,2025-07-01,240.0,2,Growth,active
CUST-1234,2025-07-01,960.0,8,Growth,active
CUST-1235,2025-07-01,300.0,6,Starter,active
CUST-1236,2025-07-01,550.0,11,Starter,active
CUST-1237,2025-07-01,7440.0,62,Growth,active
CUST-1239,2025-07-01,17750.0,71,Scale,active
CUST-1240,2025-07-01,150.0,3,Starter,active
CUST-1242,2025-07-01,700.0,14,Starter,active
CUST-1243,2025-07-01,360.0,3,Growth,active
CUST-1244,2025-07-01,250.0,5,Starter,active
CUST-1246,2025-07-01,840.0,7,Growth,active
CUST-1247,2025-07-01,750.0,15,Starter,active
CUST-1249,2025-07-01,400.0,8,Starter,active
CUST-1250,2025-07-01,350.0,7,Starter,active
CUST-1251,2025-07-01,1920.0,16,Growth,active
CUST-1252,2025-07-01,2500.0,10,Scale,active
CUST-1255,2025-07-01,6480.0,54,Growth,active
CUST-1259,2025-07-01,82250.0,329,Scale,active
CUST-1260,2025-07-01,350.0,7,Starter,active
CUST-1261,2025-07-01,1950.0,39,Starter,active
CUST-1262,2025-07-01,1800.0,15,Growth,active
CUST-1263,2025-07-01,200.0,4,Starter,active
CUST-1264,2025-07-01,700.0,14,Starter,active
CUST-1266,2025-07-01,5160.0,43,Growth,active
CUST-1267,2025-07-01,250.0,5,Starter,active
CUST-1268,2025-07-01,700.0,14,Starter,active
CUST-1269,2025-07-01,300.0,6,Starter,active
CUST-1270,2025-07-01,450.0,9,Starter,active
CUST-1272,2025-07-01,2160.0,18,Growth,active
CUST-1273,2025-07-01,4920.0,41,Growth,active
CUST-1274,2025-07-01,2280.0,19,Growth,active
CUST-1275,2025-07-01,840.0,7,Growth,active
CUST-1276,2025-07-01,6360.0,53,Growth,active
CUST-1278,2025-07-01,5040.0,42,Growth,active
CUST-1280,2025-07-01,480.0,4,Growth,active
CUST-1281,2025-07-01,3480.0,29,Growth,active
CUST-1282,2025-07-01,400.0,8,Starter,active
CUST-1283,2025-07-01,700.0,14,Starter,active
CUST-1284,2025-07-01,1800.0,15,Growth,active
CUST-1286,2025-07-01,200.0,4,Starter,active
CUST-1289,2025-07-01,750.0,15,Starter,active
CUST-1290,2025-07-01,720.0,6,Growth,active
CUST-1292,2025-07-01,1680.0,14,Growth,active
CUST-1293,2025-07-01,110000.0,440,Scale,active
CUST-1294,2025-07-01,7440.0,62,Growth,active
CUST-1296,2025-07-01,1920.0,16,Growth,active
CUST-1297,2025-07-01,600.0,12,Starter,active
CUST-1298,2025-07-01,87250.0,349,Scale,active
CUST-1300,2025-07-01,600.0,5,Growth,active
CUST-1301,2025-07-01,250.0,5,Starter,active
CUST-1302,2025-07-01,400.0,8,Starter,active
CUST-1303,2025-07-01,400.0,8,Starter,active
CUST-1305,2025-07-01,2880.0,24,Growth,active
CUST-1306,2025-07-01,5520.0,46,Growth,active
CUST-1309,2025-07-01,300.0,6,Starter,active
CUST-1310,2025-07-01,8520.0,71,Growth,active
CUST-1311,2025-07-01,75500.0,302,Scale,active
CUST-1312,2025-07-01,1560.0,13,Growth,active
CUST-1313,2025-07-01,1200.0,24,Starter,active
CUST-1314,2025-07-01,3360.0,28,Growth,active
CUST-1315,2025-07-01,4440.0,37,Growth,active
CUST-1316,2025-07-01,1680.0,14,Growth,active
CUST-1317,2025-07-01,550.0,11,Starter,active
CUST-1318,2025-07-01,8760.0,73,Growth,active
CUST-1319,2025-07-01,150.0,3,Starter,active
CUST-1320,2025-07-01,840.0,7,Growth,active
CUST-1321,2025-07-01,250.0,5,Starter,active
CUST-1322,2025-07-01,16320.0,136,Growth,active
CUST-1323,2025-07-01,8250.0,33,Scale,active
CUST-1324,2025-07-01,700.0,14,Starter,active
CUST-1325,2025-07-01,750.0,15,Starter,active
CUST-1326,2025-07-01,7920.0,66,Growth,active
CUST-1327,2025-07-01,800.0,16,Starter,active
CUST-1328,2025-07-01,500.0,10,Starter,active
CUST-1329,2025-07-01,700.0,14,Starter,active
CUST-1330,2025-07-01,480.0,4,Growth,active
CUST-1331,2025-07-01,600.0,12,Starter,active
CUST-1332,2025-07-01,750.0,15,Starter,active
CUST-1333,2025-07-01,840.0,7,Growth,active
CUST-1334,2025-07-01,750.0,15,Starter,active
CUST-1335,2025-07-01,1440.0,12,Growth,active
CUST-1336,2025-07-01,3360.0,28,Growth,active
CUST-1337,2025-07-01,300.0,6,Starter,active
CUST-1339,2025-07-01,750.0,3,Scale,active
CUST-1340,2025-07-01,6360.0,53,Growth,active
CUST-1341,2025-07-01,2000.0,8,Scale,active
CUST-1342,2025-07-01,650.0,13,Starter,active
CUST-1343,2025-07-01,1560.0,13,Growth,active
CUST-1344,2025-07-01,150.0,3,Starter,active
CUST-1345,2025-07-01,200.0,4,Starter,active
CUST-1349,2025-07-01,200.0,4,Starter,active
CUST-1350,2025-07-01,750.0,15,Starter,active
CUST-1351,2025-07-01,840.0,7,Growth,active
CUST-1352,2025-07-01,1080.0,9,Growth,active
CUST-1354,2025-07-01,960.0,8,Growth,active
CUST-1355,2025-07-01,11500.0,46,Scale,active
CUST-1356,2025-07-01,118250.0,473,Scale,active
CUST-1357,2025-07-01,7320.0,61,Growth,active
CUST-1358,2025-07-01,2880.0,24,Growth,active
CUST-1359,2025-07-01,360.0,3,Growth,active
CUST-1361,2025-07-01,18000.0,72,Scale,active
CUST-1362,2025-07-01,4250.0,17,Scale,active
CUST-1364,2025-07-01,250.0,5,Starter,active
CUST-1365,2025-07-01,25560.0,213,Growth,active
CUST-1366,2025-07-01,200.0,4,Starter,active
CUST-1367,2025-07-01,400.0,8,Starter,active
CUST-1368,2025-07-01,600.0,12,Starter,active
CUST-1369,2025-07-01,480.0,4,Growth,active
CUST-1371,2025-07-01,3700.0,74,Starter,active
CUST-1372,2025-07-01,8000.0,32,Scale,active
CUST-1373,2025-07-01,650.0,13,Starter,active
CUST-1374,2025-07-01,150.0,3,Starter,active
CUST-1375,2025-07-01,600.0,12,Starter,active
CUST-1376,2025-07-01,1080.0,9,Growth,active
CUST-1377,2025-07-01,600.0,5,Growth,active
CUST-1379,2025-07-01,600.0,12,Starter,active
CUST-1381,2025-07-01,4320.0,36,Growth,active
CUST-1382,2025-07-01,350.0,7,Starter,active
CUST-1383,2025-07-01,600.0,5,Growth,active
CUST-1384,2025-07-01,600.0,12,Starter,active
CUST-1386,2025-07-01,200.0,4,Starter,active
CUST-1387,2025-07-01,900.0,18,Starter,active
CUST-1389,2025-07-01,150.0,3,Starter,active
CUST-1391,2025-07-01,2000.0,8,Scale,active
CUST-1393,2025-07-01,600.0,12,Starter,active
CUST-1394,2025-07-01,720.0,6,Growth,active
CUST-1397,2025-07-01,6600.0,55,Growth,active
CUST-1398,2025-07-01,480.0,4,Growth,active
CUST-1399,2025-07-01,5400.0,45,Growth,active
CUST-1400,2025-07-01,6120.0,51,Growth,active
CUST-1401,2025-07-01,1080.0,9,Growth,active
CUST-1402,2025-07-01,2500.0,50,Starter,active
CUST-1403,2025-07-01,650.0,13,Starter,active
CUST-1404,2025-07-01,2520.0,21,Growth,active
CUST-1405,2025-07-01,1440.0,12,Growth,active
CUST-1406,2025-07-01,150.0,3,Starter,active
CUST-1407,2025-07-01,12500.0,50,Scale,active
CUST-1408,2025-07-01,400.0,8,Starter,active
CUST-1409,2025-07-01,300.0,6,Starter,active
CUST-1410,2025-07-01,350.0,7,Starter,active
CUST-1411,2025-07-01,960.0,8,Growth,active
CUST-1412,2025-07-01,36240.0,302,Growth,active
CUST-1413,2025-07-01,7800.0,65,Growth,active
CUST-1414,2025-07-01,18000.0,72,Scale,active
CUST-1415,2025-07-01,450.0,9,Starter,active
CUST-1416,2025-07-01,1750.0,35,Starter,active
CUST-1419,2025-07-01,3240.0,27,Growth,active
CUST-1422,2025-07-01,300.0,6,Starter,active
CUST-1423,2025-07-01,450.0,9,Starter,active
CUST-1424,2025-07-01,250.0,5,Starter,active
CUST-1425,2025-07-01,200.0,4,Starter,active
CUST-1427,2025-07-01,750.0,15,Starter,active
CUST-1428,2025-07-01,480.0,4,Growth,active
CUST-1431,2025-07-01,200.0,4,Starter,active
CUST-1432,2025-07-01,650.0,13,Starter,active
CUST-1434,2025-07-01,300.0,6,Starter,active
CUST-1436,2025-07-01,2250.0,9,Scale,active
CUST-1437,2025-07-01,250.0,5,Starter,active
CUST-1439,2025-07-01,13500.0,54,Scale,active
CUST-1440,2025-07-01,450.0,9,Starter,active
CUST-1441,2025-07-01,1560.0,13,Growth,active
CUST-1442,2025-07-01,600.0,12,Starter,active
CUST-1444,2025-07-01,1200.0,10,Growth,active
CUST-1445,2025-07-01,750.0,15,Starter,active
CUST-1446,2025-07-01,400.0,8,Starter,active
CUST-1447,2025-07-01,2400.0,20,Growth,active
CUST-1448,2025-07-01,300.0,6,Starter,active
CUST-1449,2025-07-01,840.0,7,Growth,active
CUST-1450,2025-07-01,840.0,7,Growth,active
CUST-1451,2025-07-01,250.0,5,Starter,active
CUST-1452,2025-07-01,500.0,10,Starter,active
CUST-1453,2025-07-01,3550.0,71,Starter,active
CUST-1455,2025-07-01,250.0,5,Starter,active
CUST-1456,2025-07-01,5800.0,116,Starter,active
CUST-1457,2025-07-01,600.0,12,Starter,active
CUST-1458,2025-07-01,200.0,4,Starter,active
CUST-1459,2025-07-01,750.0,15,Starter,active
CUST-1460,2025-07-01,19250.0,77,Scale,active
CUST-1461,2025-07-01,450.0,9,Starter,active
CUST-1464,2025-07-01,750.0,15,Starter,active
CUST-1465,2025-07-01,5760.0,48,Growth,active
CUST-1466,2025-07-01,300.0,6,Starter,active
CUST-1467,2025-07-01,550.0,11,Starter,active
CUST-1468,2025-07-01,550.0,11,Starter,active
CUST-1469,2025-07-01,550.0,11,Starter,active
CUST-1471,2025-07-01,250.0,5,Starter,active
CUST-1472,2025-07-01,600.0,12,Starter,active
CUST-1473,2025-07-01,1200.0,10,Growth,active
CUST-1474,2025-07-01,550.0,11,Starter,active
CUST-1475,2025-07-01,300.0,6,Starter,active
CUST-1476,2025-07-01,450.0,9,Starter,active
CUST-1477,2025-07-01,20250.0,81,Scale,active
CUST-1479,2025-07-01,650.0,13,Starter,active
CUST-1480,2025-07-01,450.0,9,Starter,active
CUST-1481,2025-07-01,3840.0,32,Growth,active
CUST-1482,2025-07-01,8160.0,68,Growth,active
CUST-1484,2025-07-01,500.0,10,Starter,active
CUST-1485,2025-07-01,500.0,10,Starter,active
CUST-1486,2025-07-01,150.0,3,Starter,active
CUST-1487,2025-07-01,250.0,5,Starter,active
CUST-1489,2025-07-01,600.0,12,Starter,active
CUST-1490,2025-07-01,14000.0,56,Scale,active
CUST-1491,2025-07-01,750.0,15,Starter,active
CUST-1492,2025-07-01,1320.0,11,Growth,active
CUST-1493,2025-07-01,2450.0,49,Starter,active
CUST-1495,2025-07-01,73250.0,293,Scale,active
CUST-1496,2025-07-01,840.0,7,Growth,active
CUST-1497,2025-07-01,600.0,12,Starter,active
CUST-1498,2025-07-01,350.0,7,Starter,active
CUST-1499,2025-07-01,1080.0,9,Growth,active
CUST-1500,2025-07-01,2250.0,45,Starter,active
CUST-1502,2025-07-01,9240.0,77,Growth,active
CUST-1504,2025-07-01,2250.0,9,Scale,active
CUST-1506,2025-07-01,450.0,9,Starter,active
CUST-1507,2025-07-01,300.0,6,Starter,active
CUST-1508,2025-07-01,750.0,15,Starter,active
CUST-1509,2025-07-01,7920.0,66,Growth,active
CUST-1510,2025-07-01,39120.0,326,Growth,active
CUST-1511,2025-07-01,1560.0,13,Growth,active
CUST-1512,2025-07-01,950.0,19,Starter,active
CUST-1513,2025-07-01,200.0,4,Starter,active
CUST-1514,2025-07-01,2750.0,11,Scale,active
CUST-1516,2025-07-01,5640.0,47,Growth,active
CUST-1517,2025-07-01,840.0,7,Growth,active
CUST-1518,2025-07-01,350.0,7,Starter,active
CUST-1519,2025-07-01,400.0,8,Starter,active
CUST-1520,2025-07-01,7920.0,66,Growth,active
CUST-1522,2025-07-01,480.0,4,Growth,active
CUST-1523,2025-07-01,650.0,13,Starter,active
CUST-1524,2025-07-01,300.0,6,Starter,active
CUST-1525,2025-07-01,350.0,7,Starter,active
CUST-1526,2025-07-01,800.0,16,Starter,active
CUST-1527,2025-07-01,400.0,8,Starter,active
CUST-1528,2025-07-01,1440.0,12,Growth,active
CUST-1529,2025-07-01,1440.0,12,Growth,active
CUST-1530,2025-07-01,6720.0,56,Growth,active
CUST-1531,2025-07-01,1680.0,14,Growth,active
CUST-1532,2025-07-01,700.0,14,Starter,active
CUST-1533,2025-07-01,350.0,7,Starter,active
CUST-1534,2025-07-01,250.0,5,Starter,active
CUST-1535,2025-07-01,250.0,5,Starter,active
CUST-1536,2025-07-01,600.0,12,Starter,active
CUST-1537,2025-07-01,12600.0,105,Growth,active
CUST-1538,2025-07-01,700.0,14,Starter,active
CUST-1539,2025-07-01,17500.0,70,Scale,active
CUST-1540,2025-07-01,300.0,6,Starter,active
CUST-1541,2025-07-01,300.0,6,Starter,active
CUST-1542,2025-07-01,1560.0,13,Growth,active
CUST-1543,2025-07-01,250.0,5,Starter,active
CUST-1544,2025-07-01,150.0,3,Starter,active
CUST-1545,2025-07-01,150.0,3,Starter,active
CUST-1546,2025-07-01,35750.0,143,Scale,active
CUST-1547,2025-07-01,6600.0,55,Growth,active
CUST-1548,2025-07-01,4750.0,19,Scale,active
CUST-1550,2025-07-01,300.0,6,Starter,active
CUST-1551,2025-07-01,360.0,3,Growth,active
CUST-1552,2025-07-01,650.0,13,Starter,active
CUST-1553,2025-07-01,500.0,10,Starter,active
CUST-1554,2025-07-01,8520.0,71,Growth,active
CUST-1556,2025-07-01,7800.0,65,Growth,active
CUST-1557,2025-07-01,650.0,13,Starter,active
CUST-1558,2025-07-01,700.0,14,Starter,active
CUST-1560,2025-07-01,7320.0,61,Growth,active
CUST-1561,2025-07-01,350.0,7,Starter,active
CUST-1562,2025-07-01,350.0,7,Starter,active
CUST-1563,2025-07-01,6500.0,26,Scale,active
CUST-1564,2025-07-01,200.0,4,Starter,active
CUST-1565,2025-07-01,21000.0,84,Scale,active
CUST-1566,2025-07-01,550.0,11,Starter,active
CUST-1567,2025-07-01,200.0,4,Starter,active
CUST-1568,2025-07-01,300.0,6,Starter,active
CUST-1569,2025-07-01,300.0,6,Starter,active
CUST-1570,2025-07-01,750.0,15,Starter,active
CUST-1571,2025-07-01,1050.0,21,Starter,active
CUST-1572,2025-07-01,300.0,6,Starter,active
CUST-1573,2025-07-01,8250.0,33,Scale,active
CUST-1574,2025-07-01,500.0,10,Starter,active
CUST-1575,2025-07-01,650.0,13,Starter,active
CUST-1576,2025-07-01,3240.0,27,Growth,active
CUST-1577,2025-07-01,2500.0,10,Scale,active
CUST-1578,2025-07-01,1800.0,15,Growth,active
CUST-1579,2025-07-01,750.0,15,Starter,active
CUST-1580,2025-07-01,360.0,3,Growth,active
CUST-1581,2025-07-01,450.0,9,Starter,active
CUST-1583,2025-07-01,5640.0,47,Growth,active
CUST-1584,2025-07-01,150.0,3,Starter,active
CUST-1585,2025-07-01,3300.0,66,Starter,active
CUST-1586,2025-07-01,150.0,3,Starter,active
CUST-1587,2025-07-01,1800.0,15,Growth,active
CUST-1588,2025-07-01,650.0,13,Starter,active
CUST-1589,2025-07-01,720.0,6,Growth,active
CUST-1590,2025-07-01,8500.0,34,Scale,active
CUST-1592,2025-07-01,750.0,15,Starter,active
CUST-1593,2025-07-01,250.0,5,Starter,active
CUST-1594,2025-07-01,550.0,11,Starter,active
CUST-1595,2025-07-01,3600.0,72,Starter,active
CUST-1596,2025-07-01,6480.0,54,Growth,active
CUST-1597,2025-07-01,450.0,9,Starter,active
CUST-1598,2025-07-01,200.0,4,Starter,active
CUST-1599,2025-07-01,1440.0,12,Growth,active
CUST-1600,2025-07-01,58250.0,233,Scale,active
CUST-1601,2025-07-01,8160.0,68,Growth,active
CUST-1602,2025-07-01,150.0,3,Starter,active
CUST-1603,2025-07-01,4920.0,41,Growth,active
CUST-1604,2025-07-01,600.0,12,Starter,active
CUST-1606,2025-07-01,1680.0,14,Growth,active
CUST-1607,2025-07-01,350.0,7,Starter,active
CUST-1608,2025-07-01,720.0,6,Growth,active
CUST-1609,2025-07-01,480.0,4,Growth,active
CUST-1610,2025-07-01,400.0,8,Starter,active
CUST-1611,2025-07-01,500.0,10,Starter,active
CUST-1612,2025-07-01,350.0,7,Starter,active
CUST-1613,2025-07-01,350.0,7,Starter,active
CUST-1614,2025-07-01,2040.0,17,Growth,active
CUST-1615,2025-07-01,3500.0,14,Scale,active
CUST-1616,2025-07-01,800.0,16,Starter,active
CUST-1617,2025-07-01,400.0,8,Starter,active
CUST-1618,2025-07-01,800.0,16,Starter,active
CUST-1619,2025-07-01,840.0,7,Growth,active
CUST-1620,2025-07-01,8160.0,68,Growth,active
CUST-1621,2025-07-01,450.0,9,Starter,active
CUST-1622,2025-07-01,300.0,6,Starter,active
CUST-1623,2025-07-01,400.0,8,Starter,active
CUST-1624,2025-07-01,2400.0,20,Growth,active
CUST-1625,2025-07-01,14880.0,124,Growth,active
CUST-1626,2025-07-01,350.0,7,Starter,active
CUST-1627,2025-07-01,150.0,3,Starter,active
CUST-1628,2025-07-01,4200.0,35,Growth,active
CUST-1629,2025-07-01,34750.0,139,Scale,active
CUST-1630,2025-07-01,650.0,13,Starter,active
CUST-1631,2025-07-01,5280.0,44,Growth,active
CUST-1632,2025-07-01,400.0,8,Starter,active
CUST-1633,2025-07-01,8000.0,32,Scale,active
CUST-1634,2025-07-01,6960.0,58,Growth,active
CUST-1636,2025-07-01,1680.0,14,Growth,active
CUST-1637,2025-07-01,750.0,15,Starter,active
CUST-1638,2025-07-01,6480.0,54,Growth,active
CUST-1639,2025-07-01,480.0,4,Growth,active
CUST-1640,2025-07-01,3550.0,71,Starter,active
CUST-1641,2025-07-01,500.0,10,Starter,active
CUST-1642,2025-07-01,840.0,7,Growth,active
CUST-1643,2025-07-01,550.0,11,Starter,active
CUST-1644,2025-07-01,250.0,5,Starter,active
CUST-1645,2025-07-01,6480.0,54,Growth,active
CUST-1646,2025-07-01,1800.0,15,Growth,active
CUST-1647,2025-07-01,1800.0,15,Growth,active
CUST-1648,2025-07-01,550.0,11,Starter,active
CUST-1649,2025-07-01,20000.0,80,Scale,active
CUST-1650,2025-07-01,4320.0,36,Growth,active
CUST-1651,2025-07-01,600.0,12,Starter,active
CUST-1652,2025-07-01,7320.0,61,Growth,active
CUST-1653,2025-07-01,960.0,8,Growth,active
CUST-1654,2025-07-01,2150.0,43,Starter,active
CUST-1655,2025-07-01,6720.0,56,Growth,active
CUST-1656,2025-07-01,450.0,9,Starter,active
CUST-1657,2025-07-01,400.0,8,Starter,active
CUST-1658,2025-07-01,700.0,14,Starter,active
CUST-1659,2025-07-01,37440.0,312,Growth,active
CUST-1660,2025-07-01,550.0,11,Starter,active
CUST-1661,2025-07-01,650.0,13,Starter,active
CUST-1662,2025-07-01,2160.0,18,Growth,active
CUST-1663,2025-07-01,400.0,8,Starter,active
CUST-1664,2025-07-01,840.0,7,Growth,active
CUST-1665,2025-07-01,700.0,14,Starter,active
CUST-1666,2025-07-01,4800.0,40,Growth,active
CUST-1667,2025-07-01,350.0,7,Starter,active
CUST-1668,2025-07-01,350.0,7,Starter,active
CUST-1669,2025-07-01,8520.0,71,Growth,active
CUST-1670,2025-07-01,2160.0,18,Growth,active
CUST-1671,2025-07-01,1200.0,10,Growth,active
CUST-1672,2025-07-01,150.0,3,Starter,active
CUST-1673,2025-07-01,150.0,3,Starter,active
CUST-1674,2025-07-01,300.0,6,Starter,active
CUST-1675,2025-07-01,1440.0,12,Growth,active
CUST-1676,2025-07-01,9000.0,75,Growth,active
CUST-1677,2025-07-01,5880.0,49,Growth,active
CUST-1678,2025-07-01,10250.0,41,Scale,active
CUST-1679,2025-07-01,10500.0,42,Scale,active
CUST-1680,2025-07-01,32250.0,129,Scale,active
CUST-1001,2025-08-01,4250.0,17,Scale,active
CUST-1003,2025-08-01,6120.0,51,Growth,active
CUST-1004,2025-08-01,550.0,11,Starter,active
CUST-1005,2025-08-01,117000.0,468,Scale,active
CUST-1007,2025-08-01,600.0,12,Starter,active
CUST-1009,2025-08-01,8280.0,69,Growth,active
CUST-1010,2025-08-01,600.0,5,Growth,active
CUST-1013,2025-08-01,400.0,8,Starter,active
CUST-1014,2025-08-01,3050.0,61,Starter,active
CUST-1015,2025-08-01,2160.0,18,Growth,active
CUST-1016,2025-08-01,600.0,12,Starter,active
CUST-1018,2025-08-01,400.0,8,Starter,active
CUST-1019,2025-08-01,93000.0,372,Scale,active
CUST-1021,2025-08-01,650.0,13,Starter,active
CUST-1024,2025-08-01,300.0,6,Starter,active
CUST-1026,2025-08-01,5760.0,48,Growth,active
CUST-1027,2025-08-01,800.0,16,Starter,active
CUST-1028,2025-08-01,840.0,7,Growth,active
CUST-1029,2025-08-01,300.0,6,Starter,active
CUST-1030,2025-08-01,600.0,12,Starter,active
CUST-1032,2025-08-01,840.0,7,Growth,active
CUST-1033,2025-08-01,480.0,4,Growth,active
CUST-1037,2025-08-01,840.0,7,Growth,active
CUST-1039,2025-08-01,300.0,6,Starter,active
CUST-1040,2025-08-01,3850.0,77,Starter,active
CUST-1041,2025-08-01,350.0,7,Starter,active
CUST-1042,2025-08-01,1100.0,22,Starter,active
CUST-1043,2025-08-01,300.0,6,Starter,active
CUST-1044,2025-08-01,4050.0,81,Starter,active
CUST-1045,2025-08-01,1000.0,20,Starter,active
CUST-1046,2025-08-01,450.0,9,Starter,active
CUST-1048,2025-08-01,360.0,3,Growth,active
CUST-1049,2025-08-01,7800.0,65,Growth,active
CUST-1051,2025-08-01,600.0,12,Starter,active
CUST-1052,2025-08-01,350.0,7,Starter,active
CUST-1054,2025-08-01,2160.0,18,Growth,active
CUST-1056,2025-08-01,600.0,12,Starter,active
CUST-1057,2025-08-01,300.0,6,Starter,active
CUST-1059,2025-08-01,6120.0,51,Growth,active
CUST-1060,2025-08-01,700.0,14,Starter,active
CUST-1061,2025-08-01,6720.0,56,Growth,active
CUST-1063,2025-08-01,62500.0,250,Scale,active
CUST-1064,2025-08-01,750.0,15,Starter,active
CUST-1065,2025-08-01,500.0,10,Starter,active
CUST-1066,2025-08-01,1560.0,13,Growth,active
CUST-1068,2025-08-01,4200.0,35,Growth,active
CUST-1069,2025-08-01,1200.0,10,Growth,active
CUST-1071,2025-08-01,53250.0,213,Scale,active
CUST-1073,2025-08-01,4440.0,37,Growth,active
CUST-1074,2025-08-01,21000.0,84,Scale,active
CUST-1075,2025-08-01,4000.0,16,Scale,active
CUST-1076,2025-08-01,2400.0,20,Growth,active
CUST-1077,2025-08-01,700.0,14,Starter,active
CUST-1078,2025-08-01,150.0,3,Starter,active
CUST-1082,2025-08-01,74520.0,621,Growth,active
CUST-1083,2025-08-01,1850.0,37,Starter,active
CUST-1084,2025-08-01,900.0,18,Starter,active
CUST-1085,2025-08-01,5640.0,47,Growth,active
CUST-1086,2025-08-01,750.0,15,Starter,active
CUST-1087,2025-08-01,500.0,10,Starter,active
CUST-1088,2025-08-01,700.0,14,Starter,active
CUST-1090,2025-08-01,6000.0,50,Growth,active
CUST-1091,2025-08-01,500.0,10,Starter,active
CUST-1095,2025-08-01,6360.0,53,Growth,active
CUST-1096,2025-08-01,200.0,4,Starter,active
CUST-1097,2025-08-01,4080.0,34,Growth,active
CUST-1099,2025-08-01,4560.0,38,Growth,active
CUST-1101,2025-08-01,300.0,6,Starter,active
CUST-1102,2025-08-01,350.0,7,Starter,active
CUST-1103,2025-08-01,500.0,10,Starter,active
CUST-1104,2025-08-01,450.0,9,Starter,active
CUST-1106,2025-08-01,9480.0,79,Growth,active
CUST-1109,2025-08-01,1080.0,9,Growth,active
CUST-1110,2025-08-01,1320.0,11,Growth,active
CUST-1111,2025-08-01,2650.0,53,Starter,active
CUST-1112,2025-08-01,2750.0,11,Scale,active
CUST-1113,2025-08-01,2050.0,41,Starter,active
CUST-1114,2025-08-01,91000.0,364,Scale,active
CUST-1115,2025-08-01,720.0,6,Growth,active
CUST-1116,2025-08-01,150.0,3,Starter,active
CUST-1117,2025-08-01,5640.0,47,Growth,active
CUST-1118,2025-08-01,300.0,6,Starter,active
CUST-1119,2025-08-01,1200.0,10,Growth,active
CUST-1120,2025-08-01,700.0,14,Starter,active
CUST-1122,2025-08-01,8520.0,71,Growth,active
CUST-1124,2025-08-01,650.0,13,Starter,active
CUST-1125,2025-08-01,700.0,14,Starter,active
CUST-1126,2025-08-01,8760.0,73,Growth,active
CUST-1127,2025-08-01,600.0,12,Starter,active
CUST-1129,2025-08-01,1200.0,10,Growth,active
CUST-1130,2025-08-01,82750.0,331,Scale,active
CUST-1133,2025-08-01,300.0,6,Starter,active
CUST-1135,2025-08-01,300.0,6,Starter,active
CUST-1136,2025-08-01,750.0,15,Starter,active
CUST-1137,2025-08-01,4080.0,34,Growth,active
CUST-1140,2025-08-01,650.0,13,Starter,active
CUST-1141,2025-08-01,550.0,11,Starter,active
CUST-1142,2025-08-01,1920.0,16,Growth,active
CUST-1144,2025-08-01,650.0,13,Starter,active
CUST-1145,2025-08-01,700.0,14,Starter,active
CUST-1146,2025-08-01,3600.0,30,Growth,active
CUST-1147,2025-08-01,650.0,13,Starter,active
CUST-1148,2025-08-01,25750.0,515,Starter,active
CUST-1150,2025-08-01,300.0,6,Starter,active
CUST-1152,2025-08-01,550.0,11,Starter,active
CUST-1153,2025-08-01,9360.0,78,Growth,active
CUST-1154,2025-08-01,900.0,18,Starter,active
CUST-1155,2025-08-01,720.0,6,Growth,active
CUST-1156,2025-08-01,8040.0,67,Growth,active
CUST-1158,2025-08-01,1320.0,11,Growth,active
CUST-1160,2025-08-01,6960.0,58,Growth,active
CUST-1161,2025-08-01,1320.0,11,Growth,active
CUST-1162,2025-08-01,350.0,7,Starter,active
CUST-1163,2025-08-01,34320.0,286,Growth,active
CUST-1165,2025-08-01,720.0,6,Growth,active
CUST-1166,2025-08-01,480.0,4,Growth,active
CUST-1167,2025-08-01,121500.0,486,Scale,active
CUST-1168,2025-08-01,720.0,6,Growth,active
CUST-1170,2025-08-01,750.0,15,Starter,active
CUST-1171,2025-08-01,300.0,6,Starter,active
CUST-1172,2025-08-01,4560.0,38,Growth,active
CUST-1173,2025-08-01,16500.0,66,Scale,active
CUST-1174,2025-08-01,720.0,6,Growth,active
CUST-1175,2025-08-01,400.0,8,Starter,active
CUST-1177,2025-08-01,1000.0,20,Starter,active
CUST-1178,2025-08-01,800.0,16,Starter,active
CUST-1179,2025-08-01,2640.0,22,Growth,active
CUST-1180,2025-08-01,1350.0,27,Starter,active
CUST-1181,2025-08-01,1800.0,15,Growth,active
CUST-1182,2025-08-01,2000.0,8,Scale,active
CUST-1186,2025-08-01,1560.0,13,Growth,active
CUST-1187,2025-08-01,450.0,9,Starter,active
CUST-1188,2025-08-01,1320.0,11,Growth,active
CUST-1189,2025-08-01,750.0,15,Starter,active
CUST-1192,2025-08-01,600.0,12,Starter,active
CUST-1194,2025-08-01,750.0,15,Starter,active
CUST-1195,2025-08-01,600.0,12,Starter,active
CUST-1196,2025-08-01,5040.0,42,Growth,active
CUST-1198,2025-08-01,87250.0,349,Scale,active
CUST-1199,2025-08-01,600.0,12,Starter,active
CUST-1200,2025-08-01,1560.0,13,Growth,active
CUST-1201,2025-08-01,480.0,4,Growth,active
CUST-1202,2025-08-01,4000.0,16,Scale,active
CUST-1203,2025-08-01,600.0,5,Growth,active
CUST-1205,2025-08-01,6360.0,53,Growth,active
CUST-1206,2025-08-01,2750.0,11,Scale,active
CUST-1207,2025-08-01,4800.0,40,Growth,active
CUST-1208,2025-08-01,360.0,3,Growth,active
CUST-1209,2025-08-01,1440.0,12,Growth,active
CUST-1211,2025-08-01,300.0,6,Starter,active
CUST-1212,2025-08-01,200.0,4,Starter,active
CUST-1215,2025-08-01,500.0,10,Starter,active
CUST-1217,2025-08-01,800.0,16,Starter,active
CUST-1218,2025-08-01,8880.0,74,Growth,active
CUST-1219,2025-08-01,4560.0,38,Growth,active
CUST-1220,2025-08-01,150.0,3,Starter,active
CUST-1222,2025-08-01,450.0,9,Starter,active
CUST-1223,2025-08-01,650.0,13,Starter,active
CUST-1226,2025-08-01,840.0,7,Growth,active
CUST-1227,2025-08-01,650.0,13,Starter,active
CUST-1230,2025-08-01,950.0,19,Starter,active
CUST-1231,2025-08-01,8500.0,34,Scale,active
CUST-1233,2025-08-01,240.0,2,Growth,active
CUST-1234,2025-08-01,960.0,8,Growth,active
CUST-1235,2025-08-01,300.0,6,Starter,active
CUST-1236,2025-08-01,550.0,11,Starter,active
CUST-1237,2025-08-01,7440.0,62,Growth,active
CUST-1239,2025-08-01,17750.0,71,Scale,active
CUST-1240,2025-08-01,150.0,3,Starter,active
CUST-1243,2025-08-01,360.0,3,Growth,active
CUST-1244,2025-08-01,250.0,5,Starter,active
CUST-1246,2025-08-01,840.0,7,Growth,active
CUST-1247,2025-08-01,750.0,15,Starter,active
CUST-1249,2025-08-01,400.0,8,Starter,active
CUST-1250,2025-08-01,350.0,7,Starter,active
CUST-1251,2025-08-01,1920.0,16,Growth,active
CUST-1252,2025-08-01,2500.0,10,Scale,active
CUST-1255,2025-08-01,6480.0,54,Growth,active
CUST-1259,2025-08-01,82250.0,329,Scale,active
CUST-1260,2025-08-01,350.0,7,Starter,active
CUST-1261,2025-08-01,1950.0,39,Starter,active
CUST-1262,2025-08-01,1800.0,15,Growth,active
CUST-1263,2025-08-01,200.0,4,Starter,active
CUST-1264,2025-08-01,700.0,14,Starter,active
CUST-1266,2025-08-01,5160.0,43,Growth,active
CUST-1267,2025-08-01,250.0,5,Starter,active
CUST-1268,2025-08-01,700.0,14,Starter,active
CUST-1269,2025-08-01,300.0,6,Starter,active
CUST-1270,2025-08-01,450.0,9,Starter,active
CUST-1272,2025-08-01,2160.0,18,Growth,active
CUST-1273,2025-08-01,4920.0,41,Growth,active
CUST-1274,2025-08-01,2280.0,19,Growth,active
CUST-1275,2025-08-01,840.0,7,Growth,active
CUST-1276,2025-08-01,6360.0,53,Growth,active
CUST-1278,2025-08-01,5040.0,42,Growth,active
CUST-1280,2025-08-01,480.0,4,Growth,active
CUST-1281,2025-08-01,3480.0,29,Growth,active
CUST-1282,2025-08-01,400.0,8,Starter,active
CUST-1283,2025-08-01,800.0,16,Starter,active
CUST-1284,2025-08-01,1560.0,13,Growth,active
CUST-1286,2025-08-01,200.0,4,Starter,active
CUST-1289,2025-08-01,750.0,15,Starter,active
CUST-1290,2025-08-01,720.0,6,Growth,active
CUST-1292,2025-08-01,1680.0,14,Growth,active
CUST-1293,2025-08-01,118000.0,472,Scale,active
CUST-1294,2025-08-01,7440.0,62,Growth,active
CUST-1296,2025-08-01,1920.0,16,Growth,active
CUST-1297,2025-08-01,600.0,12,Starter,active
CUST-1298,2025-08-01,87250.0,349,Scale,active
CUST-1300,2025-08-01,600.0,5,Growth,active
CUST-1301,2025-08-01,250.0,5,Starter,active
CUST-1302,2025-08-01,400.0,8,Starter,active
CUST-1303,2025-08-01,400.0,8,Starter,active
CUST-1305,2025-08-01,2880.0,24,Growth,active
CUST-1306,2025-08-01,5520.0,46,Growth,active
CUST-1309,2025-08-01,300.0,6,Starter,active
CUST-1310,2025-08-01,8520.0,71,Growth,active
CUST-1311,2025-08-01,75500.0,302,Scale,active
CUST-1312,2025-08-01,1560.0,13,Growth,active
CUST-1313,2025-08-01,1200.0,24,Starter,active
CUST-1314,2025-08-01,3360.0,28,Growth,active
CUST-1315,2025-08-01,4440.0,37,Growth,active
CUST-1316,2025-08-01,1680.0,14,Growth,active
CUST-1317,2025-08-01,550.0,11,Starter,active
CUST-1318,2025-08-01,8760.0,73,Growth,active
CUST-1319,2025-08-01,150.0,3,Starter,active
CUST-1320,2025-08-01,840.0,7,Growth,active
CUST-1321,2025-08-01,250.0,5,Starter,active
CUST-1322,2025-08-01,16320.0,136,Growth,active
CUST-1323,2025-08-01,8250.0,33,Scale,active
CUST-1324,2025-08-01,700.0,14,Starter,active
CUST-1325,2025-08-01,750.0,15,Starter,active
CUST-1326,2025-08-01,8640.0,72,Growth,active
CUST-1327,2025-08-01,800.0,16,Starter,active
CUST-1328,2025-08-01,500.0,10,Starter,active
CUST-1329,2025-08-01,700.0,14,Starter,active
CUST-1330,2025-08-01,480.0,4,Growth,active
CUST-1331,2025-08-01,600.0,12,Starter,active
CUST-1332,2025-08-01,750.0,15,Starter,active
CUST-1333,2025-08-01,840.0,7,Growth,active
CUST-1334,2025-08-01,750.0,15,Starter,active
CUST-1335,2025-08-01,1440.0,12,Growth,active
CUST-1336,2025-08-01,3360.0,28,Growth,active
CUST-1337,2025-08-01,300.0,6,Starter,active
CUST-1339,2025-08-01,750.0,3,Scale,active
CUST-1340,2025-08-01,6360.0,53,Growth,active
CUST-1341,2025-08-01,2250.0,9,Scale,active
CUST-1342,2025-08-01,650.0,13,Starter,active
CUST-1343,2025-08-01,1800.0,15,Growth,active
CUST-1344,2025-08-01,150.0,3,Starter,active
CUST-1345,2025-08-01,200.0,4,Starter,active
CUST-1349,2025-08-01,200.0,4,Starter,active
CUST-1350,2025-08-01,750.0,15,Starter,active
CUST-1351,2025-08-01,840.0,7,Growth,active
CUST-1352,2025-08-01,840.0,7,Growth,active
CUST-1354,2025-08-01,960.0,8,Growth,active
CUST-1355,2025-08-01,11500.0,46,Scale,active
CUST-1356,2025-08-01,118250.0,473,Scale,active
CUST-1357,2025-08-01,7320.0,61,Growth,active
CUST-1358,2025-08-01,2880.0,24,Growth,active
CUST-1359,2025-08-01,360.0,3,Growth,active
CUST-1361,2025-08-01,18000.0,72,Scale,active
CUST-1362,2025-08-01,4250.0,17,Scale,active
CUST-1364,2025-08-01,250.0,5,Starter,active
CUST-1365,2025-08-01,25560.0,213,Growth,active
CUST-1366,2025-08-01,200.0,4,Starter,active
CUST-1367,2025-08-01,400.0,8,Starter,active
CUST-1368,2025-08-01,600.0,12,Starter,active
CUST-1369,2025-08-01,480.0,4,Growth,active
CUST-1371,2025-08-01,3700.0,74,Starter,active
CUST-1372,2025-08-01,8000.0,32,Scale,active
CUST-1373,2025-08-01,650.0,13,Starter,active
CUST-1374,2025-08-01,150.0,3,Starter,active
CUST-1375,2025-08-01,600.0,12,Starter,active
CUST-1376,2025-08-01,1080.0,9,Growth,active
CUST-1377,2025-08-01,600.0,5,Growth,active
CUST-1379,2025-08-01,600.0,12,Starter,active
CUST-1381,2025-08-01,4320.0,36,Growth,active
CUST-1382,2025-08-01,350.0,7,Starter,active
CUST-1383,2025-08-01,600.0,5,Growth,active
CUST-1384,2025-08-01,600.0,12,Starter,active
CUST-1386,2025-08-01,200.0,4,Starter,active
CUST-1387,2025-08-01,900.0,18,Starter,active
CUST-1389,2025-08-01,150.0,3,Starter,active
CUST-1391,2025-08-01,2000.0,8,Scale,active
CUST-1393,2025-08-01,600.0,12,Starter,active
CUST-1394,2025-08-01,720.0,6,Growth,active
CUST-1397,2025-08-01,6600.0,55,Growth,active
CUST-1398,2025-08-01,480.0,4,Growth,active
CUST-1399,2025-08-01,5400.0,45,Growth,active
CUST-1400,2025-08-01,6120.0,51,Growth,active
CUST-1401,2025-08-01,1080.0,9,Growth,active
CUST-1402,2025-08-01,2500.0,50,Starter,active
CUST-1403,2025-08-01,650.0,13,Starter,active
CUST-1404,2025-08-01,2520.0,21,Growth,active
CUST-1406,2025-08-01,150.0,3,Starter,active
CUST-1407,2025-08-01,12500.0,50,Scale,active
CUST-1408,2025-08-01,400.0,8,Starter,active
CUST-1409,2025-08-01,300.0,6,Starter,active
CUST-1410,2025-08-01,350.0,7,Starter,active
CUST-1411,2025-08-01,960.0,8,Growth,active
CUST-1412,2025-08-01,36240.0,302,Growth,active
CUST-1413,2025-08-01,7800.0,65,Growth,active
CUST-1414,2025-08-01,18000.0,72,Scale,active
CUST-1415,2025-08-01,450.0,9,Starter,active
CUST-1416,2025-08-01,1750.0,35,Starter,active
CUST-1419,2025-08-01,3240.0,27,Growth,active
CUST-1422,2025-08-01,300.0,6,Starter,active
CUST-1424,2025-08-01,250.0,5,Starter,active
CUST-1425,2025-08-01,200.0,4,Starter,active
CUST-1427,2025-08-01,750.0,15,Starter,active
CUST-1428,2025-08-01,480.0,4,Growth,active
CUST-1431,2025-08-01,200.0,4,Starter,active
CUST-1432,2025-08-01,650.0,13,Starter,active
CUST-1434,2025-08-01,300.0,6,Starter,active
CUST-1436,2025-08-01,2250.0,9,Scale,active
CUST-1437,2025-08-01,250.0,5,Starter,active
CUST-1439,2025-08-01,13500.0,54,Scale,active
CUST-1440,2025-08-01,450.0,9,Starter,active
CUST-1441,2025-08-01,1560.0,13,Growth,active
CUST-1442,2025-08-01,600.0,12,Starter,active
CUST-1444,2025-08-01,1200.0,10,Growth,active
CUST-1445,2025-08-01,850.0,17,Starter,active
CUST-1446,2025-08-01,400.0,8,Starter,active
CUST-1447,2025-08-01,2400.0,20,Growth,active
CUST-1448,2025-08-01,300.0,6,Starter,active
CUST-1449,2025-08-01,1080.0,9,Growth,active
CUST-1450,2025-08-01,840.0,7,Growth,active
CUST-1451,2025-08-01,250.0,5,Starter,active
CUST-1452,2025-08-01,500.0,10,Starter,active
CUST-1453,2025-08-01,3550.0,71,Starter,active
CUST-1455,2025-08-01,250.0,5,Starter,active
CUST-1456,2025-08-01,5800.0,116,Starter,active
CUST-1457,2025-08-01,600.0,12,Starter,active
CUST-1458,2025-08-01,200.0,4,Starter,active
CUST-1459,2025-08-01,750.0,15,Starter,active
CUST-1460,2025-08-01,19250.0,77,Scale,active
CUST-1461,2025-08-01,450.0,9,Starter,active
CUST-1464,2025-08-01,750.0,15,Starter,active
CUST-1465,2025-08-01,5760.0,48,Growth,active
CUST-1466,2025-08-01,300.0,6,Starter,active
CUST-1467,2025-08-01,550.0,11,Starter,active
CUST-1468,2025-08-01,550.0,11,Starter,active
CUST-1469,2025-08-01,550.0,11,Starter,active
CUST-1471,2025-08-01,250.0,5,Starter,active
CUST-1472,2025-08-01,600.0,12,Starter,active
CUST-1473,2025-08-01,1200.0,10,Growth,active
CUST-1474,2025-08-01,550.0,11,Starter,active
CUST-1475,2025-08-01,300.0,6,Starter,active
CUST-1476,2025-08-01,450.0,9,Starter,active
CUST-1477,2025-08-01,20250.0,81,Scale,active
CUST-1479,2025-08-01,650.0,13,Starter,active
CUST-1480,2025-08-01,450.0,9,Starter,active
CUST-1481,2025-08-01,3840.0,32,Growth,active
CUST-1482,2025-08-01,9600.0,80,Growth,active
CUST-1484,2025-08-01,500.0,10,Starter,active
CUST-1485,2025-08-01,500.0,10,Starter,active
CUST-1486,2025-08-01,150.0,3,Starter,active
CUST-1487,2025-08-01,250.0,5,Starter,active
CUST-1489,2025-08-01,600.0,12,Starter,active
CUST-1490,2025-08-01,14000.0,56,Scale,active
CUST-1491,2025-08-01,750.0,15,Starter,active
CUST-1492,2025-08-01,1320.0,11,Growth,active
CUST-1493,2025-08-01,2600.0,52,Starter,active
CUST-1495,2025-08-01,73250.0,293,Scale,active
CUST-1496,2025-08-01,840.0,7,Growth,active
CUST-1497,2025-08-01,600.0,12,Starter,active
CUST-1498,2025-08-01,350.0,7,Starter,active
CUST-1499,2025-08-01,1080.0,9,Growth,active
CUST-1500,2025-08-01,2250.0,45,Starter,active
CUST-1502,2025-08-01,9240.0,77,Growth,active
CUST-1504,2025-08-01,2250.0,9,Scale,active
CUST-1506,2025-08-01,450.0,9,Starter,active
CUST-1507,2025-08-01,300.0,6,Starter,active
CUST-1508,2025-08-01,750.0,15,Starter,active
CUST-1509,2025-08-01,7920.0,66,Growth,active
CUST-1510,2025-08-01,39120.0,326,Growth,active
CUST-1511,2025-08-01,1560.0,13,Growth,active
CUST-1512,2025-08-01,950.0,19,Starter,active
CUST-1513,2025-08-01,200.0,4,Starter,active
CUST-1514,2025-08-01,2750.0,11,Scale,active
CUST-1516,2025-08-01,5640.0,47,Growth,active
CUST-1517,2025-08-01,840.0,7,Growth,active
CUST-1518,2025-08-01,450.0,9,Starter,active
CUST-1520,2025-08-01,7920.0,66,Growth,active
CUST-1522,2025-08-01,480.0,4,Growth,active
CUST-1523,2025-08-01,650.0,13,Starter,active
CUST-1524,2025-08-01,300.0,6,Starter,active
CUST-1525,2025-08-01,350.0,7,Starter,active
CUST-1526,2025-08-01,800.0,16,Starter,active
CUST-1527,2025-08-01,400.0,8,Starter,active
CUST-1528,2025-08-01,1440.0,12,Growth,active
CUST-1529,2025-08-01,1440.0,12,Growth,active
CUST-1530,2025-08-01,6720.0,56,Growth,active
CUST-1531,2025-08-01,1680.0,14,Growth,active
CUST-1532,2025-08-01,700.0,14,Starter,active
CUST-1533,2025-08-01,350.0,7,Starter,active
CUST-1534,2025-08-01,250.0,5,Starter,active
CUST-1535,2025-08-01,250.0,5,Starter,active
CUST-1536,2025-08-01,600.0,12,Starter,active
CUST-1537,2025-08-01,12600.0,105,Growth,active
CUST-1538,2025-08-01,700.0,14,Starter,active
CUST-1539,2025-08-01,17500.0,70,Scale,active
CUST-1540,2025-08-01,300.0,6,Starter,active
CUST-1541,2025-08-01,300.0,6,Starter,active
CUST-1542,2025-08-01,1560.0,13,Growth,active
CUST-1543,2025-08-01,250.0,5,Starter,active
CUST-1544,2025-08-01,150.0,3,Starter,active
CUST-1545,2025-08-01,150.0,3,Starter,active
CUST-1546,2025-08-01,35750.0,143,Scale,active
CUST-1547,2025-08-01,6600.0,55,Growth,active
CUST-1548,2025-08-01,4750.0,19,Scale,active
CUST-1550,2025-08-01,300.0,6,Starter,active
CUST-1551,2025-08-01,360.0,3,Growth,active
CUST-1552,2025-08-01,650.0,13,Starter,active
CUST-1553,2025-08-01,500.0,10,Starter,active
CUST-1554,2025-08-01,8520.0,71,Growth,active
CUST-1556,2025-08-01,7800.0,65,Growth,active
CUST-1557,2025-08-01,650.0,13,Starter,active
CUST-1558,2025-08-01,700.0,14,Starter,active
CUST-1560,2025-08-01,7320.0,61,Growth,active
CUST-1561,2025-08-01,350.0,7,Starter,active
CUST-1562,2025-08-01,350.0,7,Starter,active
CUST-1563,2025-08-01,6500.0,26,Scale,active
CUST-1564,2025-08-01,200.0,4,Starter,active
CUST-1565,2025-08-01,21000.0,84,Scale,active
CUST-1566,2025-08-01,550.0,11,Starter,active
CUST-1567,2025-08-01,200.0,4,Starter,active
CUST-1568,2025-08-01,300.0,6,Starter,active
CUST-1569,2025-08-01,300.0,6,Starter,active
CUST-1570,2025-08-01,750.0,15,Starter,active
CUST-1571,2025-08-01,1050.0,21,Starter,active
CUST-1572,2025-08-01,300.0,6,Starter,active
CUST-1573,2025-08-01,9000.0,36,Scale,active
CUST-1574,2025-08-01,500.0,10,Starter,active
CUST-1575,2025-08-01,650.0,13,Starter,active
CUST-1576,2025-08-01,3240.0,27,Growth,active
CUST-1577,2025-08-01,2500.0,10,Scale,active
CUST-1578,2025-08-01,1800.0,15,Growth,active
CUST-1579,2025-08-01,750.0,15,Starter,active
CUST-1580,2025-08-01,360.0,3,Growth,active
CUST-1581,2025-08-01,450.0,9,Starter,active
CUST-1583,2025-08-01,5640.0,47,Growth,active
CUST-1584,2025-08-01,150.0,3,Starter,active
CUST-1585,2025-08-01,3300.0,66,Starter,active
CUST-1586,2025-08-01,150.0,3,Starter,active
CUST-1587,2025-08-01,1800.0,15,Growth,active
CUST-1588,2025-08-01,650.0,13,Starter,active
CUST-1589,2025-08-01,720.0,6,Growth,active
CUST-1590,2025-08-01,8500.0,34,Scale,active
CUST-1592,2025-08-01,750.0,15,Starter,active
CUST-1593,2025-08-01,300.0,6,Starter,active
CUST-1594,2025-08-01,550.0,11,Starter,active
CUST-1595,2025-08-01,3600.0,72,Starter,active
CUST-1597,2025-08-01,450.0,9,Starter,active
CUST-1598,2025-08-01,200.0,4,Starter,active
CUST-1599,2025-08-01,1440.0,12,Growth,active
CUST-1600,2025-08-01,58250.0,233,Scale,active
CUST-1601,2025-08-01,8160.0,68,Growth,active
CUST-1602,2025-08-01,150.0,3,Starter,active
CUST-1603,2025-08-01,4920.0,41,Growth,active
CUST-1606,2025-08-01,1680.0,14,Growth,active
CUST-1607,2025-08-01,350.0,7,Starter,active
CUST-1608,2025-08-01,720.0,6,Growth,active
CUST-1609,2025-08-01,480.0,4,Growth,active
CUST-1610,2025-08-01,400.0,8,Starter,active
CUST-1611,2025-08-01,500.0,10,Starter,active
CUST-1612,2025-08-01,350.0,7,Starter,active
CUST-1613,2025-08-01,350.0,7,Starter,active
CUST-1614,2025-08-01,2040.0,17,Growth,active
CUST-1615,2025-08-01,3500.0,14,Scale,active
CUST-1616,2025-08-01,800.0,16,Starter,active
CUST-1618,2025-08-01,800.0,16,Starter,active
CUST-1619,2025-08-01,840.0,7,Growth,active
CUST-1620,2025-08-01,8160.0,68,Growth,active
CUST-1621,2025-08-01,550.0,11,Starter,active
CUST-1622,2025-08-01,300.0,6,Starter,active
CUST-1623,2025-08-01,400.0,8,Starter,active
CUST-1624,2025-08-01,2400.0,20,Growth,active
CUST-1625,2025-08-01,14880.0,124,Growth,active
CUST-1626,2025-08-01,350.0,7,Starter,active
CUST-1627,2025-08-01,150.0,3,Starter,active
CUST-1628,2025-08-01,4200.0,35,Growth,active
CUST-1629,2025-08-01,34750.0,139,Scale,active
CUST-1630,2025-08-01,650.0,13,Starter,active
CUST-1631,2025-08-01,5280.0,44,Growth,active
CUST-1632,2025-08-01,400.0,8,Starter,active
CUST-1633,2025-08-01,8000.0,32,Scale,active
CUST-1634,2025-08-01,6960.0,58,Growth,active
CUST-1636,2025-08-01,1680.0,14,Growth,active
CUST-1637,2025-08-01,750.0,15,Starter,active
CUST-1638,2025-08-01,6480.0,54,Growth,active
CUST-1639,2025-08-01,480.0,4,Growth,active
CUST-1640,2025-08-01,3550.0,71,Starter,active
CUST-1641,2025-08-01,500.0,10,Starter,active
CUST-1642,2025-08-01,840.0,7,Growth,active
CUST-1643,2025-08-01,550.0,11,Starter,active
CUST-1644,2025-08-01,250.0,5,Starter,active
CUST-1645,2025-08-01,6480.0,54,Growth,active
CUST-1646,2025-08-01,1800.0,15,Growth,active
CUST-1647,2025-08-01,1800.0,15,Growth,active
CUST-1648,2025-08-01,550.0,11,Starter,active
CUST-1649,2025-08-01,20000.0,80,Scale,active
CUST-1650,2025-08-01,4320.0,36,Growth,active
CUST-1651,2025-08-01,600.0,12,Starter,active
CUST-1652,2025-08-01,7320.0,61,Growth,active
CUST-1653,2025-08-01,960.0,8,Growth,active
CUST-1654,2025-08-01,2150.0,43,Starter,active
CUST-1655,2025-08-01,6720.0,56,Growth,active
CUST-1656,2025-08-01,450.0,9,Starter,active
CUST-1657,2025-08-01,400.0,8,Starter,active
CUST-1658,2025-08-01,700.0,14,Starter,active
CUST-1659,2025-08-01,37440.0,312,Growth,active
CUST-1660,2025-08-01,550.0,11,Starter,active
CUST-1661,2025-08-01,650.0,13,Starter,active
CUST-1662,2025-08-01,2160.0,18,Growth,active
CUST-1663,2025-08-01,400.0,8,Starter,active
CUST-1664,2025-08-01,840.0,7,Growth,active
CUST-1665,2025-08-01,700.0,14,Starter,active
CUST-1666,2025-08-01,4800.0,40,Growth,active
CUST-1667,2025-08-01,350.0,7,Starter,active
CUST-1668,2025-08-01,350.0,7,Starter,active
CUST-1669,2025-08-01,8520.0,71,Growth,active
CUST-1670,2025-08-01,2160.0,18,Growth,active
CUST-1671,2025-08-01,1200.0,10,Growth,active
CUST-1672,2025-08-01,150.0,3,Starter,active
CUST-1673,2025-08-01,150.0,3,Starter,active
CUST-1674,2025-08-01,250.0,5,Starter,active
CUST-1675,2025-08-01,1440.0,12,Growth,active
CUST-1676,2025-08-01,9000.0,75,Growth,active
CUST-1677,2025-08-01,5880.0,49,Growth,active
CUST-1678,2025-08-01,10250.0,41,Scale,active
CUST-1679,2025-08-01,10500.0,42,Scale,active
CUST-1680,2025-08-01,37250.0,149,Scale,active
CUST-1681,2025-08-01,1560.0,13,Growth,active
CUST-1682,2025-08-01,600.0,12,Starter,active
CUST-1683,2025-08-01,1320.0,11,Growth,active
CUST-1684,2025-08-01,300.0,6,Starter,active
CUST-1685,2025-08-01,400.0,8,Starter,active
CUST-1686,2025-08-01,840.0,7,Growth,active
CUST-1687,2025-08-01,5400.0,45,Growth,active
CUST-1688,2025-08-01,80500.0,322,Scale,active
CUST-1689,2025-08-01,1080.0,9,Growth,active
CUST-1690,2025-08-01,600.0,12,Starter,active
CUST-1691,2025-08-01,1320.0,11,Growth,active
CUST-1692,2025-08-01,150.0,3,Starter,active
CUST-1693,2025-08-01,720.0,6,Growth,active
CUST-1694,2025-08-01,200.0,4,Starter,active
CUST-1695,2025-08-01,1320.0,11,Growth,active
CUST-1696,2025-08-01,450.0,9,Starter,active
CUST-1697,2025-08-01,4800.0,40,Growth,active
CUST-1698,2025-08-01,450.0,9,Starter,active
CUST-1699,2025-08-01,450.0,9,Starter,active
CUST-1700,2025-08-01,1800.0,15,Growth,active
CUST-1001,2025-09-01,4250.0,17,Scale,active
CUST-1003,2025-09-01,6120.0,51,Growth,active
CUST-1004,2025-09-01,550.0,11,Starter,active
CUST-1005,2025-09-01,131750.0,527,Scale,active
CUST-1007,2025-09-01,600.0,12,Starter,active
CUST-1009,2025-09-01,8280.0,69,Growth,active
CUST-1010,2025-09-01,600.0,5,Growth,active
CUST-1013,2025-09-01,400.0,8,Starter,active
CUST-1014,2025-09-01,3050.0,61,Starter,active
CUST-1015,2025-09-01,2160.0,18,Growth,active
CUST-1016,2025-09-01,600.0,12,Starter,active
CUST-1018,2025-09-01,400.0,8,Starter,active
CUST-1019,2025-09-01,93000.0,372,Scale,active
CUST-1021,2025-09-01,650.0,13,Starter,active
CUST-1024,2025-09-01,250.0,5,Starter,active
CUST-1026,2025-09-01,5760.0,48,Growth,active
CUST-1028,2025-09-01,840.0,7,Growth,active
CUST-1029,2025-09-01,300.0,6,Starter,active
CUST-1030,2025-09-01,600.0,12,Starter,active
CUST-1032,2025-09-01,840.0,7,Growth,active
CUST-1033,2025-09-01,480.0,4,Growth,active
CUST-1037,2025-09-01,840.0,7,Growth,active
CUST-1039,2025-09-01,300.0,6,Starter,active
CUST-1040,2025-09-01,3850.0,77,Starter,active
CUST-1041,2025-09-01,350.0,7,Starter,active
CUST-1042,2025-09-01,1100.0,22,Starter,active
CUST-1043,2025-09-01,300.0,6,Starter,active
CUST-1044,2025-09-01,4050.0,81,Starter,active
CUST-1045,2025-09-01,1000.0,20,Starter,active
CUST-1046,2025-09-01,450.0,9,Starter,active
CUST-1048,2025-09-01,360.0,3,Growth,active
CUST-1049,2025-09-01,7800.0,65,Growth,active
CUST-1051,2025-09-01,600.0,12,Starter,active
CUST-1052,2025-09-01,350.0,7,Starter,active
CUST-1054,2025-09-01,2160.0,18,Growth,active
CUST-1056,2025-09-01,600.0,12,Starter,active
CUST-1057,2025-09-01,300.0,6,Starter,active
CUST-1059,2025-09-01,6120.0,51,Growth,active
CUST-1060,2025-09-01,700.0,14,Starter,active
CUST-1061,2025-09-01,6720.0,56,Growth,active
CUST-1063,2025-09-01,62500.0,250,Scale,active
CUST-1064,2025-09-01,750.0,15,Starter,active
CUST-1065,2025-09-01,500.0,10,Starter,active
CUST-1066,2025-09-01,1920.0,16,Growth,active
CUST-1068,2025-09-01,4200.0,35,Growth,active
CUST-1069,2025-09-01,1200.0,10,Growth,active
CUST-1071,2025-09-01,53250.0,213,Scale,active
CUST-1073,2025-09-01,4440.0,37,Growth,active
CUST-1074,2025-09-01,21000.0,84,Scale,active
CUST-1075,2025-09-01,4000.0,16,Scale,active
CUST-1076,2025-09-01,2400.0,20,Growth,active
CUST-1077,2025-09-01,700.0,14,Starter,active
CUST-1078,2025-09-01,150.0,3,Starter,active
CUST-1082,2025-09-01,74520.0,621,Growth,active
CUST-1083,2025-09-01,1850.0,37,Starter,active
CUST-1084,2025-09-01,900.0,18,Starter,active
CUST-1085,2025-09-01,5640.0,47,Growth,active
CUST-1086,2025-09-01,750.0,15,Starter,active
CUST-1087,2025-09-01,500.0,10,Starter,active
CUST-1088,2025-09-01,700.0,14,Starter,active
CUST-1090,2025-09-01,6000.0,50,Growth,active
CUST-1091,2025-09-01,500.0,10,Starter,active
CUST-1095,2025-09-01,6360.0,53,Growth,active
CUST-1096,2025-09-01,200.0,4,Starter,active
CUST-1097,2025-09-01,4680.0,39,Growth,active
CUST-1099,2025-09-01,4560.0,38,Growth,active
CUST-1101,2025-09-01,300.0,6,Starter,active
CUST-1102,2025-09-01,350.0,7,Starter,active
CUST-1103,2025-09-01,500.0,10,Starter,active
CUST-1104,2025-09-01,450.0,9,Starter,active
CUST-1106,2025-09-01,10680.0,89,Growth,active
CUST-1109,2025-09-01,1080.0,9,Growth,active
CUST-1110,2025-09-01,1320.0,11,Growth,active
CUST-1111,2025-09-01,2650.0,53,Starter,active
CUST-1112,2025-09-01,2750.0,11,Scale,active
CUST-1113,2025-09-01,2050.0,41,Starter,active
CUST-1114,2025-09-01,91000.0,364,Scale,active
CUST-1115,2025-09-01,720.0,6,Growth,active
CUST-1116,2025-09-01,150.0,3,Starter,active
CUST-1117,2025-09-01,5640.0,47,Growth,active
CUST-1118,2025-09-01,300.0,6,Starter,active
CUST-1119,2025-09-01,1440.0,12,Growth,active
CUST-1120,2025-09-01,700.0,14,Starter,active
CUST-1122,2025-09-01,8520.0,71,Growth,active
CUST-1124,2025-09-01,650.0,13,Starter,active
CUST-1125,2025-09-01,700.0,14,Starter,active
CUST-1126,2025-09-01,8760.0,73,Growth,active
CUST-1127,2025-09-01,600.0,12,Starter,active
CUST-1129,2025-09-01,1200.0,10,Growth,active
CUST-1130,2025-09-01,82750.0,331,Scale,active
CUST-1133,2025-09-01,300.0,6,Starter,active
CUST-1135,2025-09-01,300.0,6,Starter,active
CUST-1136,2025-09-01,750.0,15,Starter,active
CUST-1137,2025-09-01,4080.0,34,Growth,active
CUST-1140,2025-09-01,650.0,13,Starter,active
CUST-1141,2025-09-01,550.0,11,Starter,active
CUST-1142,2025-09-01,1920.0,16,Growth,active
CUST-1144,2025-09-01,650.0,13,Starter,active
CUST-1145,2025-09-01,700.0,14,Starter,active
CUST-1146,2025-09-01,3600.0,30,Growth,active
CUST-1148,2025-09-01,22650.0,453,Starter,active
CUST-1150,2025-09-01,300.0,6,Starter,active
CUST-1152,2025-09-01,550.0,11,Starter,active
CUST-1153,2025-09-01,9360.0,78,Growth,active
CUST-1154,2025-09-01,900.0,18,Starter,active
CUST-1155,2025-09-01,720.0,6,Growth,active
CUST-1156,2025-09-01,8040.0,67,Growth,active
CUST-1158,2025-09-01,1320.0,11,Growth,active
CUST-1160,2025-09-01,6960.0,58,Growth,active
CUST-1161,2025-09-01,1320.0,11,Growth,active
CUST-1162,2025-09-01,350.0,7,Starter,active
CUST-1163,2025-09-01,34320.0,286,Growth,active
CUST-1165,2025-09-01,720.0,6,Growth,active
CUST-1166,2025-09-01,480.0,4,Growth,active
CUST-1167,2025-09-01,121500.0,486,Scale,active
CUST-1168,2025-09-01,720.0,6,Growth,active
CUST-1170,2025-09-01,750.0,15,Starter,active
CUST-1171,2025-09-01,300.0,6,Starter,active
CUST-1172,2025-09-01,4560.0,38,Growth,active
CUST-1173,2025-09-01,16500.0,66,Scale,active
CUST-1174,2025-09-01,720.0,6,Growth,active
CUST-1175,2025-09-01,400.0,8,Starter,active
CUST-1177,2025-09-01,1000.0,20,Starter,active
CUST-1178,2025-09-01,800.0,16,Starter,active
CUST-1179,2025-09-01,3240.0,27,Growth,active
CUST-1180,2025-09-01,1350.0,27,Starter,active
CUST-1181,2025-09-01,1800.0,15,Growth,active
CUST-1182,2025-09-01,2000.0,8,Scale,active
CUST-1186,2025-09-01,1560.0,13,Growth,active
CUST-1187,2025-09-01,450.0,9,Starter,active
CUST-1188,2025-09-01,1320.0,11,Growth,active
CUST-1189,2025-09-01,750.0,15,Starter,active
CUST-1192,2025-09-01,600.0,12,Starter,active
CUST-1194,2025-09-01,750.0,15,Starter,active
CUST-1195,2025-09-01,600.0,12,Starter,active
CUST-1196,2025-09-01,5040.0,42,Growth,active
CUST-1198,2025-09-01,87250.0,349,Scale,active
CUST-1199,2025-09-01,600.0,12,Starter,active
CUST-1200,2025-09-01,1560.0,13,Growth,active
CUST-1201,2025-09-01,480.0,4,Growth,active
CUST-1202,2025-09-01,4000.0,16,Scale,active
CUST-1203,2025-09-01,600.0,5,Growth,active
CUST-1205,2025-09-01,6360.0,53,Growth,active
CUST-1206,2025-09-01,2750.0,11,Scale,active
CUST-1207,2025-09-01,4800.0,40,Growth,active
CUST-1208,2025-09-01,360.0,3,Growth,active
CUST-1209,2025-09-01,1440.0,12,Growth,active
CUST-1211,2025-09-01,300.0,6,Starter,active
CUST-1212,2025-09-01,200.0,4,Starter,active
CUST-1215,2025-09-01,500.0,10,Starter,active
CUST-1217,2025-09-01,800.0,16,Starter,active
CUST-1218,2025-09-01,8880.0,74,Growth,active
CUST-1219,2025-09-01,4560.0,38,Growth,active
CUST-1220,2025-09-01,150.0,3,Starter,active
CUST-1222,2025-09-01,450.0,9,Starter,active
CUST-1223,2025-09-01,650.0,13,Starter,active
CUST-1226,2025-09-01,840.0,7,Growth,active
CUST-1227,2025-09-01,650.0,13,Starter,active
CUST-1230,2025-09-01,950.0,19,Starter,active
CUST-1231,2025-09-01,8500.0,34,Scale,active
CUST-1233,2025-09-01,240.0,2,Growth,active
CUST-1234,2025-09-01,960.0,8,Growth,active
CUST-1235,2025-09-01,300.0,6,Starter,active
CUST-1236,2025-09-01,550.0,11,Starter,active
CUST-1239,2025-09-01,17750.0,71,Scale,active
CUST-1240,2025-09-01,150.0,3,Starter,active
CUST-1243,2025-09-01,360.0,3,Growth,active
CUST-1244,2025-09-01,250.0,5,Starter,active
CUST-1247,2025-09-01,750.0,15,Starter,active
CUST-1249,2025-09-01,400.0,8,Starter,active
CUST-1250,2025-09-01,350.0,7,Starter,active
CUST-1251,2025-09-01,1920.0,16,Growth,active
CUST-1252,2025-09-01,2500.0,10,Scale,active
CUST-1255,2025-09-01,6480.0,54,Growth,active
CUST-1259,2025-09-01,82250.0,329,Scale,active
CUST-1260,2025-09-01,350.0,7,Starter,active
CUST-1261,2025-09-01,1650.0,33,Starter,active
CUST-1262,2025-09-01,1800.0,15,Growth,active
CUST-1263,2025-09-01,200.0,4,Starter,active
CUST-1264,2025-09-01,700.0,14,Starter,active
CUST-1266,2025-09-01,5160.0,43,Growth,active
CUST-1267,2025-09-01,250.0,5,Starter,active
CUST-1268,2025-09-01,700.0,14,Starter,active
CUST-1269,2025-09-01,300.0,6,Starter,active
CUST-1270,2025-09-01,450.0,9,Starter,active
CUST-1272,2025-09-01,2400.0,20,Growth,active
CUST-1273,2025-09-01,4920.0,41,Growth,active
CUST-1274,2025-09-01,2280.0,19,Growth,active
CUST-1275,2025-09-01,840.0,7,Growth,active
CUST-1276,2025-09-01,6360.0,53,Growth,active
CUST-1280,2025-09-01,480.0,4,Growth,active
CUST-1281,2025-09-01,3480.0,29,Growth,active
CUST-1282,2025-09-01,400.0,8,Starter,active
CUST-1283,2025-09-01,800.0,16,Starter,active
CUST-1284,2025-09-01,1560.0,13,Growth,active
CUST-1286,2025-09-01,200.0,4,Starter,active
CUST-1289,2025-09-01,750.0,15,Starter,active
CUST-1290,2025-09-01,720.0,6,Growth,active
CUST-1292,2025-09-01,1680.0,14,Growth,active
CUST-1293,2025-09-01,118000.0,472,Scale,active
CUST-1294,2025-09-01,7440.0,62,Growth,active
CUST-1296,2025-09-01,1920.0,16,Growth,active
CUST-1297,2025-09-01,600.0,12,Starter,active
CUST-1298,2025-09-01,87250.0,349,Scale,active
CUST-1300,2025-09-01,600.0,5,Growth,active
CUST-1301,2025-09-01,300.0,6,Starter,active
CUST-1302,2025-09-01,400.0,8,Starter,active
CUST-1303,2025-09-01,400.0,8,Starter,active
CUST-1305,2025-09-01,2880.0,24,Growth,active
CUST-1306,2025-09-01,5520.0,46,Growth,active
CUST-1309,2025-09-01,300.0,6,Starter,active
CUST-1310,2025-09-01,8520.0,71,Growth,active
CUST-1311,2025-09-01,75500.0,302,Scale,active
CUST-1312,2025-09-01,1560.0,13,Growth,active
CUST-1313,2025-09-01,1200.0,24,Starter,active
CUST-1315,2025-09-01,4440.0,37,Growth,active
CUST-1316,2025-09-01,1680.0,14,Growth,active
CUST-1317,2025-09-01,550.0,11,Starter,active
CUST-1318,2025-09-01,8760.0,73,Growth,active
CUST-1319,2025-09-01,150.0,3,Starter,active
CUST-1320,2025-09-01,840.0,7,Growth,active
CUST-1321,2025-09-01,250.0,5,Starter,active
CUST-1322,2025-09-01,16320.0,136,Growth,active
CUST-1323,2025-09-01,8250.0,33,Scale,active
CUST-1324,2025-09-01,700.0,14,Starter,active
CUST-1325,2025-09-01,750.0,15,Starter,active
CUST-1326,2025-09-01,8640.0,72,Growth,active
CUST-1327,2025-09-01,800.0,16,Starter,active
CUST-1328,2025-09-01,500.0,10,Starter,active
CUST-1329,2025-09-01,700.0,14,Starter,active
CUST-1330,2025-09-01,480.0,4,Growth,active
CUST-1331,2025-09-01,600.0,12,Starter,active
CUST-1332,2025-09-01,750.0,15,Starter,active
CUST-1333,2025-09-01,720.0,6,Growth,active
CUST-1334,2025-09-01,750.0,15,Starter,active
CUST-1335,2025-09-01,1440.0,12,Growth,active
CUST-1336,2025-09-01,3360.0,28,Growth,active
CUST-1337,2025-09-01,300.0,6,Starter,active
CUST-1339,2025-09-01,750.0,3,Scale,active
CUST-1340,2025-09-01,6360.0,53,Growth,active
CUST-1341,2025-09-01,2250.0,9,Scale,active
CUST-1342,2025-09-01,650.0,13,Starter,active
CUST-1343,2025-09-01,1800.0,15,Growth,active
CUST-1344,2025-09-01,100.0,2,Starter,active
CUST-1345,2025-09-01,200.0,4,Starter,active
CUST-1349,2025-09-01,200.0,4,Starter,active
CUST-1350,2025-09-01,750.0,15,Starter,active
CUST-1351,2025-09-01,840.0,7,Growth,active
CUST-1352,2025-09-01,960.0,8,Growth,active
CUST-1354,2025-09-01,960.0,8,Growth,active
CUST-1355,2025-09-01,11500.0,46,Scale,active
CUST-1356,2025-09-01,132000.0,528,Scale,active
CUST-1357,2025-09-01,7320.0,61,Growth,active
CUST-1358,2025-09-01,2880.0,24,Growth,active
CUST-1359,2025-09-01,360.0,3,Growth,active
CUST-1361,2025-09-01,18000.0,72,Scale,active
CUST-1362,2025-09-01,4250.0,17,Scale,active
CUST-1364,2025-09-01,250.0,5,Starter,active
CUST-1365,2025-09-01,25560.0,213,Growth,active
CUST-1366,2025-09-01,200.0,4,Starter,active
CUST-1367,2025-09-01,400.0,8,Starter,active
CUST-1368,2025-09-01,600.0,12,Starter,active
CUST-1371,2025-09-01,3700.0,74,Starter,active
CUST-1372,2025-09-01,8000.0,32,Scale,active
CUST-1373,2025-09-01,650.0,13,Starter,active
CUST-1375,2025-09-01,600.0,12,Starter,active
CUST-1376,2025-09-01,1080.0,9,Growth,active
CUST-1377,2025-09-01,600.0,5,Growth,active
CUST-1379,2025-09-01,600.0,12,Starter,active
CUST-1381,2025-09-01,4320.0,36,Growth,active
CUST-1382,2025-09-01,350.0,7,Starter,active
CUST-1383,2025-09-01,600.0,5,Growth,active
CUST-1384,2025-09-01,600.0,12,Starter,active
CUST-1386,2025-09-01,200.0,4,Starter,active
CUST-1387,2025-09-01,900.0,18,Starter,active
CUST-1389,2025-09-01,150.0,3,Starter,active
CUST-1391,2025-09-01,2000.0,8,Scale,active
CUST-1393,2025-09-01,600.0,12,Starter,active
CUST-1394,2025-09-01,720.0,6,Growth,active
CUST-1397,2025-09-01,6600.0,55,Growth,active
CUST-1398,2025-09-01,480.0,4,Growth,active
CUST-1399,2025-09-01,5400.0,45,Growth,active
CUST-1400,2025-09-01,6120.0,51,Growth,active
CUST-1401,2025-09-01,1080.0,9,Growth,active
CUST-1402,2025-09-01,2500.0,50,Starter,active
CUST-1403,2025-09-01,650.0,13,Starter,active
CUST-1404,2025-09-01,2520.0,21,Growth,active
CUST-1406,2025-09-01,150.0,3,Starter,active
CUST-1407,2025-09-01,12500.0,50,Scale,active
CUST-1408,2025-09-01,400.0,8,Starter,active
CUST-1409,2025-09-01,300.0,6,Starter,active
CUST-1410,2025-09-01,350.0,7,Starter,active
CUST-1411,2025-09-01,960.0,8,Growth,active
CUST-1412,2025-09-01,36240.0,302,Growth,active
CUST-1413,2025-09-01,7800.0,65,Growth,active
CUST-1414,2025-09-01,18000.0,72,Scale,active
CUST-1415,2025-09-01,450.0,9,Starter,active
CUST-1416,2025-09-01,1750.0,35,Starter,active
CUST-1419,2025-09-01,3240.0,27,Growth,active
CUST-1422,2025-09-01,300.0,6,Starter,active
CUST-1424,2025-09-01,250.0,5,Starter,active
CUST-1425,2025-09-01,200.0,4,Starter,active
CUST-1427,2025-09-01,750.0,15,Starter,active
CUST-1428,2025-09-01,480.0,4,Growth,active
CUST-1431,2025-09-01,200.0,4,Starter,active
CUST-1432,2025-09-01,650.0,13,Starter,active
CUST-1434,2025-09-01,300.0,6,Starter,active
CUST-1437,2025-09-01,250.0,5,Starter,active
CUST-1439,2025-09-01,15000.0,60,Scale,active
CUST-1440,2025-09-01,500.0,10,Starter,active
CUST-1441,2025-09-01,1560.0,13,Growth,active
CUST-1442,2025-09-01,600.0,12,Starter,active
CUST-1444,2025-09-01,1200.0,10,Growth,active
CUST-1445,2025-09-01,850.0,17,Starter,active
CUST-1446,2025-09-01,400.0,8,Starter,active
CUST-1447,2025-09-01,2400.0,20,Growth,active
CUST-1448,2025-09-01,300.0,6,Starter,active
CUST-1449,2025-09-01,1200.0,10,Growth,active
CUST-1450,2025-09-01,840.0,7,Growth,active
CUST-1451,2025-09-01,250.0,5,Starter,active
CUST-1452,2025-09-01,500.0,10,Starter,active
CUST-1453,2025-09-01,3550.0,71,Starter,active
CUST-1455,2025-09-01,250.0,5,Starter,active
CUST-1456,2025-09-01,5800.0,116,Starter,active
CUST-1457,2025-09-01,600.0,12,Starter,active
CUST-1458,2025-09-01,200.0,4,Starter,active
CUST-1460,2025-09-01,19250.0,77,Scale,active
CUST-1461,2025-09-01,450.0,9,Starter,active
CUST-1464,2025-09-01,750.0,15,Starter,active
CUST-1465,2025-09-01,5760.0,48,Growth,active
CUST-1466,2025-09-01,300.0,6,Starter,active
CUST-1467,2025-09-01,550.0,11,Starter,active
CUST-1468,2025-09-01,550.0,11,Starter,active
CUST-1469,2025-09-01,550.0,11,Starter,active
CUST-1471,2025-09-01,250.0,5,Starter,active
CUST-1472,2025-09-01,600.0,12,Starter,active
CUST-1473,2025-09-01,1200.0,10,Growth,active
CUST-1474,2025-09-01,550.0,11,Starter,active
CUST-1475,2025-09-01,300.0,6,Starter,active
CUST-1476,2025-09-01,450.0,9,Starter,active
CUST-1477,2025-09-01,24750.0,99,Scale,active
CUST-1479,2025-09-01,600.0,12,Starter,active
CUST-1480,2025-09-01,450.0,9,Starter,active
CUST-1481,2025-09-01,3840.0,32,Growth,active
CUST-1482,2025-09-01,9600.0,80,Growth,active
CUST-1484,2025-09-01,500.0,10,Starter,active
CUST-1485,2025-09-01,500.0,10,Starter,active
CUST-1486,2025-09-01,150.0,3,Starter,active
CUST-1487,2025-09-01,250.0,5,Starter,active
CUST-1489,2025-09-01,600.0,12,Starter,active
CUST-1490,2025-09-01,14000.0,56,Scale,active
CUST-1491,2025-09-01,750.0,15,Starter,active
CUST-1492,2025-09-01,1320.0,11,Growth,active
CUST-1493,2025-09-01,2600.0,52,Starter,active
CUST-1495,2025-09-01,73250.0,293,Scale,active
CUST-1496,2025-09-01,840.0,7,Growth,active
CUST-1497,2025-09-01,600.0,12,Starter,active
CUST-1498,2025-09-01,350.0,7,Starter,active
CUST-1499,2025-09-01,1080.0,9,Growth,active
CUST-1500,2025-09-01,2250.0,45,Starter,active
CUST-1502,2025-09-01,9240.0,77,Growth,active
CUST-1504,2025-09-01,2250.0,9,Scale,active
CUST-1506,2025-09-01,450.0,9,Starter,active
CUST-1507,2025-09-01,300.0,6,Starter,active
CUST-1508,2025-09-01,750.0,15,Starter,active
CUST-1509,2025-09-01,7920.0,66,Growth,active
CUST-1510,2025-09-01,39120.0,326,Growth,active
CUST-1511,2025-09-01,1560.0,13,Growth,active
CUST-1512,2025-09-01,950.0,19,Starter,active
CUST-1513,2025-09-01,250.0,5,Starter,active
CUST-1514,2025-09-01,2750.0,11,Scale,active
CUST-1516,2025-09-01,5640.0,47,Growth,active
CUST-1517,2025-09-01,840.0,7,Growth,active
CUST-1518,2025-09-01,450.0,9,Starter,active
CUST-1520,2025-09-01,7920.0,66,Growth,active
CUST-1522,2025-09-01,480.0,4,Growth,active
CUST-1523,2025-09-01,650.0,13,Starter,active
CUST-1524,2025-09-01,300.0,6,Starter,active
CUST-1525,2025-09-01,350.0,7,Starter,active
CUST-1526,2025-09-01,800.0,16,Starter,active
CUST-1527,2025-09-01,400.0,8,Starter,active
CUST-1528,2025-09-01,1680.0,14,Growth,active
CUST-1529,2025-09-01,1440.0,12,Growth,active
CUST-1530,2025-09-01,6720.0,56,Growth,active
CUST-1531,2025-09-01,1680.0,14,Growth,active
CUST-1532,2025-09-01,800.0,16,Starter,active
CUST-1533,2025-09-01,350.0,7,Starter,active
CUST-1534,2025-09-01,250.0,5,Starter,active
CUST-1535,2025-09-01,250.0,5,Starter,active
CUST-1536,2025-09-01,600.0,12,Starter,active
CUST-1537,2025-09-01,12600.0,105,Growth,active
CUST-1538,2025-09-01,700.0,14,Starter,active
CUST-1539,2025-09-01,17500.0,70,Scale,active
CUST-1540,2025-09-01,300.0,6,Starter,active
CUST-1541,2025-09-01,300.0,6,Starter,active
CUST-1542,2025-09-01,1560.0,13,Growth,active
CUST-1543,2025-09-01,250.0,5,Starter,active
CUST-1544,2025-09-01,150.0,3,Starter,active
CUST-1545,2025-09-01,150.0,3,Starter,active
CUST-1546,2025-09-01,35750.0,143,Scale,active
CUST-1547,2025-09-01,7560.0,63,Growth,active
CUST-1548,2025-09-01,4750.0,19,Scale,active
CUST-1550,2025-09-01,300.0,6,Starter,active
CUST-1551,2025-09-01,360.0,3,Growth,active
CUST-1552,2025-09-01,650.0,13,Starter,active
CUST-1553,2025-09-01,500.0,10,Starter,active
CUST-1554,2025-09-01,8520.0,71,Growth,active
CUST-1556,2025-09-01,7800.0,65,Growth,active
CUST-1557,2025-09-01,650.0,13,Starter,active
CUST-1558,2025-09-01,700.0,14,Starter,active
CUST-1560,2025-09-01,7320.0,61,Growth,active
CUST-1561,2025-09-01,350.0,7,Starter,active
CUST-1562,2025-09-01,350.0,7,Starter,active
CUST-1563,2025-09-01,6500.0,26,Scale,active
CUST-1564,2025-09-01,200.0,4,Starter,active
CUST-1565,2025-09-01,21000.0,84,Scale,active
CUST-1566,2025-09-01,550.0,11,Starter,active
CUST-1567,2025-09-01,200.0,4,Starter,active
CUST-1568,2025-09-01,300.0,6,Starter,active
CUST-1569,2025-09-01,300.0,6,Starter,active
CUST-1570,2025-09-01,750.0,15,Starter,active
CUST-1571,2025-09-01,1050.0,21,Starter,active
CUST-1572,2025-09-01,300.0,6,Starter,active
CUST-1573,2025-09-01,9000.0,36,Scale,active
CUST-1575,2025-09-01,550.0,11,Starter,active
CUST-1576,2025-09-01,3240.0,27,Growth,active
CUST-1577,2025-09-01,2500.0,10,Scale,active
CUST-1578,2025-09-01,1800.0,15,Growth,active
CUST-1579,2025-09-01,750.0,15,Starter,active
CUST-1580,2025-09-01,360.0,3,Growth,active
CUST-1581,2025-09-01,450.0,9,Starter,active
CUST-1583,2025-09-01,5640.0,47,Growth,active
CUST-1584,2025-09-01,150.0,3,Starter,active
CUST-1585,2025-09-01,3300.0,66,Starter,active
CUST-1586,2025-09-01,150.0,3,Starter,active
CUST-1587,2025-09-01,1800.0,15,Growth,active
CUST-1588,2025-09-01,650.0,13,Starter,active
CUST-1589,2025-09-01,720.0,6,Growth,active
CUST-1590,2025-09-01,8500.0,34,Scale,active
CUST-1592,2025-09-01,750.0,15,Starter,active
CUST-1593,2025-09-01,300.0,6,Starter,active
CUST-1594,2025-09-01,550.0,11,Starter,active
CUST-1595,2025-09-01,3600.0,72,Starter,active
CUST-1597,2025-09-01,450.0,9,Starter,active
CUST-1598,2025-09-01,200.0,4,Starter,active
CUST-1599,2025-09-01,1440.0,12,Growth,active
CUST-1600,2025-09-01,58250.0,233,Scale,active
CUST-1601,2025-09-01,8160.0,68,Growth,active
CUST-1602,2025-09-01,150.0,3,Starter,active
CUST-1603,2025-09-01,4560.0,38,Growth,active
CUST-1606,2025-09-01,1680.0,14,Growth,active
CUST-1607,2025-09-01,350.0,7,Starter,active
CUST-1608,2025-09-01,720.0,6,Growth,active
CUST-1609,2025-09-01,480.0,4,Growth,active
CUST-1610,2025-09-01,400.0,8,Starter,active
CUST-1611,2025-09-01,500.0,10,Starter,active
CUST-1612,2025-09-01,350.0,7,Starter,active
CUST-1613,2025-09-01,350.0,7,Starter,active
CUST-1614,2025-09-01,2040.0,17,Growth,active
CUST-1615,2025-09-01,3500.0,14,Scale,active
CUST-1616,2025-09-01,800.0,16,Starter,active
CUST-1618,2025-09-01,800.0,16,Starter,active
CUST-1619,2025-09-01,840.0,7,Growth,active
CUST-1620,2025-09-01,8160.0,68,Growth,active
CUST-1621,2025-09-01,550.0,11,Starter,active
CUST-1622,2025-09-01,300.0,6,Starter,active
CUST-1623,2025-09-01,400.0,8,Starter,active
CUST-1624,2025-09-01,2400.0,20,Growth,active
CUST-1625,2025-09-01,14880.0,124,Growth,active
CUST-1626,2025-09-01,350.0,7,Starter,active
CUST-1627,2025-09-01,150.0,3,Starter,active
CUST-1628,2025-09-01,4560.0,38,Growth,active
CUST-1630,2025-09-01,650.0,13,Starter,active
CUST-1631,2025-09-01,5280.0,44,Growth,active
CUST-1632,2025-09-01,400.0,8,Starter,active
CUST-1633,2025-09-01,9000.0,36,Scale,active
CUST-1634,2025-09-01,6960.0,58,Growth,active
CUST-1636,2025-09-01,1680.0,14,Growth,active
CUST-1637,2025-09-01,750.0,15,Starter,active
CUST-1638,2025-09-01,6480.0,54,Growth,active
CUST-1639,2025-09-01,480.0,4,Growth,active
CUST-1640,2025-09-01,3550.0,71,Starter,active
CUST-1641,2025-09-01,500.0,10,Starter,active
CUST-1642,2025-09-01,960.0,8,Growth,active
CUST-1643,2025-09-01,550.0,11,Starter,active
CUST-1644,2025-09-01,250.0,5,Starter,active
CUST-1645,2025-09-01,6480.0,54,Growth,active
CUST-1646,2025-09-01,1800.0,15,Growth,active
CUST-1647,2025-09-01,1800.0,15,Growth,active
CUST-1649,2025-09-01,20000.0,80,Scale,active
CUST-1650,2025-09-01,4320.0,36,Growth,active
CUST-1651,2025-09-01,600.0,12,Starter,active
CUST-1652,2025-09-01,7320.0,61,Growth,active
CUST-1653,2025-09-01,960.0,8,Growth,active
CUST-1654,2025-09-01,2150.0,43,Starter,active
CUST-1655,2025-09-01,6720.0,56,Growth,active
CUST-1656,2025-09-01,450.0,9,Starter,active
CUST-1657,2025-09-01,400.0,8,Starter,active
CUST-1658,2025-09-01,700.0,14,Starter,active
CUST-1659,2025-09-01,42120.0,351,Growth,active
CUST-1660,2025-09-01,550.0,11,Starter,active
CUST-1661,2025-09-01,650.0,13,Starter,active
CUST-1662,2025-09-01,2160.0,18,Growth,active
CUST-1663,2025-09-01,400.0,8,Starter,active
CUST-1664,2025-09-01,840.0,7,Growth,active
CUST-1665,2025-09-01,700.0,14,Starter,active
CUST-1666,2025-09-01,4800.0,40,Growth,active
CUST-1667,2025-09-01,350.0,7,Starter,active
CUST-1668,2025-09-01,350.0,7,Starter,active
CUST-1669,2025-09-01,8520.0,71,Growth,active
CUST-1670,2025-09-01,2160.0,18,Growth,active
CUST-1671,2025-09-01,1200.0,10,Growth,active
CUST-1672,2025-09-01,150.0,3,Starter,active
CUST-1673,2025-09-01,100.0,2,Starter,active
CUST-1674,2025-09-01,250.0,5,Starter,active
CUST-1675,2025-09-01,1440.0,12,Growth,active
CUST-1676,2025-09-01,9000.0,75,Growth,active
CUST-1677,2025-09-01,5880.0,49,Growth,active
CUST-1678,2025-09-01,10250.0,41,Scale,active
CUST-1679,2025-09-01,10500.0,42,Scale,active
CUST-1680,2025-09-01,37250.0,149,Scale,active
CUST-1681,2025-09-01,1560.0,13,Growth,active
CUST-1682,2025-09-01,600.0,12,Starter,active
CUST-1683,2025-09-01,1560.0,13,Growth,active
CUST-1684,2025-09-01,300.0,6,Starter,active
CUST-1685,2025-09-01,400.0,8,Starter,active
CUST-1686,2025-09-01,840.0,7,Growth,active
CUST-1687,2025-09-01,5400.0,45,Growth,active
CUST-1688,2025-09-01,80500.0,322,Scale,active
CUST-1689,2025-09-01,1080.0,9,Growth,active
CUST-1690,2025-09-01,600.0,12,Starter,active
CUST-1691,2025-09-01,1320.0,11,Growth,active
CUST-1692,2025-09-01,150.0,3,Starter,active
CUST-1693,2025-09-01,720.0,6,Growth,active
CUST-1694,2025-09-01,200.0,4,Starter,active
CUST-1695,2025-09-01,1320.0,11,Growth,active
CUST-1696,2025-09-01,450.0,9,Starter,active
CUST-1697,2025-09-01,4800.0,40,Growth,active
CUST-1698,2025-09-01,450.0,9,Starter,active
CUST-1699,2025-09-01,450.0,9,Starter,active
CUST-1700,2025-09-01,1800.0,15,Growth,active
CUST-1701,2025-09-01,700.0,14,Starter,active
CUST-1702,2025-09-01,3360.0,28,Growth,active
CUST-1703,2025-09-01,250.0,5,Starter,active
CUST-1704,2025-09-01,500.0,10,Starter,active
CUST-1705,2025-09-01,2750.0,11,Scale,active
CUST-1706,2025-09-01,1800.0,15,Growth,active
CUST-1707,2025-09-01,500.0,10,Starter,active
CUST-1708,2025-09-01,750.0,15,Starter,active
CUST-1709,2025-09-01,2040.0,17,Growth,active
CUST-1710,2025-09-01,600.0,5,Growth,active
CUST-1711,2025-09-01,1080.0,9,Growth,active
CUST-1712,2025-09-01,450.0,9,Starter,active
CUST-1713,2025-09-01,650.0,13,Starter,active
CUST-1714,2025-09-01,700.0,14,Starter,active
CUST-1715,2025-09-01,13500.0,54,Scale,active
CUST-1716,2025-09-01,450.0,9,Starter,active
CUST-1717,2025-09-01,750.0,15,Starter,active
CUST-1718,2025-09-01,500.0,10,Starter,active
CUST-1719,2025-09-01,1320.0,11,Growth,active
CUST-1720,2025-09-01,360.0,3,Growth,active
CUST-1001,2025-10-01,4250.0,17,Scale,active
CUST-1003,2025-10-01,6120.0,51,Growth,active
CUST-1004,2025-10-01,550.0,11,Starter,active
CUST-1005,2025-10-01,131750.0,527,Scale,active
CUST-1007,2025-10-01,600.0,12,Starter,active
CUST-1009,2025-10-01,8280.0,69,Growth,active
CUST-1010,2025-10-01,600.0,5,Growth,active
CUST-1013,2025-10-01,400.0,8,Starter,active
CUST-1014,2025-10-01,3050.0,61,Starter,active
CUST-1015,2025-10-01,2160.0,18,Growth,active
CUST-1016,2025-10-01,600.0,12,Starter,active
CUST-1018,2025-10-01,400.0,8,Starter,active
CUST-1019,2025-10-01,108500.0,434,Scale,active
CUST-1021,2025-10-01,650.0,13,Starter,active
CUST-1024,2025-10-01,250.0,5,Starter,active
CUST-1026,2025-10-01,5760.0,48,Growth,active
CUST-1028,2025-10-01,840.0,7,Growth,active
CUST-1029,2025-10-01,300.0,6,Starter,active
CUST-1030,2025-10-01,600.0,12,Starter,active
CUST-1032,2025-10-01,840.0,7,Growth,active
CUST-1033,2025-10-01,480.0,4,Growth,active
CUST-1037,2025-10-01,840.0,7,Growth,active
CUST-1039,2025-10-01,300.0,6,Starter,active
CUST-1040,2025-10-01,3850.0,77,Starter,active
CUST-1041,2025-10-01,350.0,7,Starter,active
CUST-1042,2025-10-01,1100.0,22,Starter,active
CUST-1043,2025-10-01,300.0,6,Starter,active
CUST-1044,2025-10-01,4050.0,81,Starter,active
CUST-1045,2025-10-01,1000.0,20,Starter,active
CUST-1046,2025-10-01,450.0,9,Starter,active
CUST-1048,2025-10-01,360.0,3,Growth,active
CUST-1049,2025-10-01,7800.0,65,Growth,active
CUST-1051,2025-10-01,600.0,12,Starter,active
CUST-1052,2025-10-01,350.0,7,Starter,active
CUST-1054,2025-10-01,2160.0,18,Growth,active
CUST-1056,2025-10-01,600.0,12,Starter,active
CUST-1057,2025-10-01,300.0,6,Starter,active
CUST-1059,2025-10-01,6120.0,51,Growth,active
CUST-1060,2025-10-01,700.0,14,Starter,active
CUST-1061,2025-10-01,8400.0,70,Growth,active
CUST-1063,2025-10-01,62500.0,250,Scale,active
CUST-1065,2025-10-01,550.0,11,Starter,active
CUST-1066,2025-10-01,1920.0,16,Growth,active
CUST-1068,2025-10-01,4200.0,35,Growth,active
CUST-1069,2025-10-01,1200.0,10,Growth,active
CUST-1071,2025-10-01,53250.0,213,Scale,active
CUST-1073,2025-10-01,4440.0,37,Growth,active
CUST-1074,2025-10-01,21000.0,84,Scale,active
CUST-1075,2025-10-01,4000.0,16,Scale,active
CUST-1076,2025-10-01,2400.0,20,Growth,active
CUST-1077,2025-10-01,700.0,14,Starter,active
CUST-1078,2025-10-01,150.0,3,Starter,active
CUST-1082,2025-10-01,74520.0,621,Growth,active
CUST-1083,2025-10-01,1850.0,37,Starter,active
CUST-1084,2025-10-01,900.0,18,Starter,active
CUST-1085,2025-10-01,5640.0,47,Growth,active
CUST-1086,2025-10-01,750.0,15,Starter,active
CUST-1087,2025-10-01,500.0,10,Starter,active
CUST-1088,2025-10-01,700.0,14,Starter,active
CUST-1090,2025-10-01,6000.0,50,Growth,active
CUST-1091,2025-10-01,500.0,10,Starter,active
CUST-1095,2025-10-01,6360.0,53,Growth,active
CUST-1096,2025-10-01,200.0,4,Starter,active
CUST-1097,2025-10-01,4680.0,39,Growth,active
CUST-1099,2025-10-01,4560.0,38,Growth,active
CUST-1101,2025-10-01,300.0,6,Starter,active
CUST-1102,2025-10-01,350.0,7,Starter,active
CUST-1103,2025-10-01,500.0,10,Starter,active
CUST-1104,2025-10-01,450.0,9,Starter,active
CUST-1106,2025-10-01,10680.0,89,Growth,active
CUST-1109,2025-10-01,1080.0,9,Growth,active
CUST-1110,2025-10-01,1320.0,11,Growth,active
CUST-1111,2025-10-01,2650.0,53,Starter,active
CUST-1112,2025-10-01,2750.0,11,Scale,active
CUST-1113,2025-10-01,2050.0,41,Starter,active
CUST-1114,2025-10-01,111000.0,444,Scale,active
CUST-1115,2025-10-01,720.0,6,Growth,active
CUST-1116,2025-10-01,150.0,3,Starter,active
CUST-1117,2025-10-01,5640.0,47,Growth,active
CUST-1118,2025-10-01,300.0,6,Starter,active
CUST-1119,2025-10-01,1440.0,12,Growth,active
CUST-1120,2025-10-01,700.0,14,Starter,active
CUST-1122,2025-10-01,8520.0,71,Growth,active
CUST-1124,2025-10-01,650.0,13,Starter,active
CUST-1125,2025-10-01,700.0,14,Starter,active
CUST-1126,2025-10-01,8760.0,73,Growth,active
CUST-1127,2025-10-01,600.0,12,Starter,active
CUST-1129,2025-10-01,1200.0,10,Growth,active
CUST-1130,2025-10-01,82750.0,331,Scale,active
CUST-1133,2025-10-01,300.0,6,Starter,active
CUST-1135,2025-10-01,300.0,6,Starter,active
CUST-1136,2025-10-01,750.0,15,Starter,active
CUST-1137,2025-10-01,4080.0,34,Growth,active
CUST-1140,2025-10-01,650.0,13,Starter,active
CUST-1141,2025-10-01,550.0,11,Starter,active
CUST-1142,2025-10-01,1920.0,16,Growth,active
CUST-1144,2025-10-01,650.0,13,Starter,active
CUST-1145,2025-10-01,700.0,14,Starter,active
CUST-1146,2025-10-01,3600.0,30,Growth,active
CUST-1148,2025-10-01,22650.0,453,Starter,active
CUST-1150,2025-10-01,300.0,6,Starter,active
CUST-1152,2025-10-01,550.0,11,Starter,active
CUST-1153,2025-10-01,9360.0,78,Growth,active
CUST-1154,2025-10-01,900.0,18,Starter,active
CUST-1155,2025-10-01,720.0,6,Growth,active
CUST-1156,2025-10-01,8040.0,67,Growth,active
CUST-1158,2025-10-01,1320.0,11,Growth,active
CUST-1160,2025-10-01,6960.0,58,Growth,active
CUST-1161,2025-10-01,1320.0,11,Growth,active
CUST-1162,2025-10-01,350.0,7,Starter,active
CUST-1163,2025-10-01,34320.0,286,Growth,active
CUST-1165,2025-10-01,720.0,6,Growth,active
CUST-1166,2025-10-01,480.0,4,Growth,active
CUST-1167,2025-10-01,121500.0,486,Scale,active
CUST-1168,2025-10-01,720.0,6,Growth,active
CUST-1170,2025-10-01,750.0,15,Starter,active
CUST-1171,2025-10-01,300.0,6,Starter,active
CUST-1172,2025-10-01,5400.0,45,Growth,active
CUST-1173,2025-10-01,16500.0,66,Scale,active
CUST-1174,2025-10-01,720.0,6,Growth,active
CUST-1175,2025-10-01,400.0,8,Starter,active
CUST-1177,2025-10-01,1000.0,20,Starter,active
CUST-1178,2025-10-01,800.0,16,Starter,active
CUST-1179,2025-10-01,3240.0,27,Growth,active
CUST-1180,2025-10-01,1350.0,27,Starter,active
CUST-1181,2025-10-01,1800.0,15,Growth,active
CUST-1182,2025-10-01,2000.0,8,Scale,active
CUST-1186,2025-10-01,1560.0,13,Growth,active
CUST-1187,2025-10-01,450.0,9,Starter,active
CUST-1188,2025-10-01,1320.0,11,Growth,active
CUST-1189,2025-10-01,750.0,15,Starter,active
CUST-1192,2025-10-01,700.0,14,Starter,active
CUST-1194,2025-10-01,750.0,15,Starter,active
CUST-1195,2025-10-01,600.0,12,Starter,active
CUST-1196,2025-10-01,5040.0,42,Growth,active
CUST-1198,2025-10-01,87250.0,349,Scale,active
CUST-1199,2025-10-01,600.0,12,Starter,active
CUST-1200,2025-10-01,1560.0,13,Growth,active
CUST-1201,2025-10-01,480.0,4,Growth,active
CUST-1202,2025-10-01,4000.0,16,Scale,active
CUST-1203,2025-10-01,600.0,5,Growth,active
CUST-1205,2025-10-01,6360.0,53,Growth,active
CUST-1206,2025-10-01,2750.0,11,Scale,active
CUST-1207,2025-10-01,4800.0,40,Growth,active
CUST-1208,2025-10-01,360.0,3,Growth,active
CUST-1211,2025-10-01,300.0,6,Starter,active
CUST-1215,2025-10-01,500.0,10,Starter,active
CUST-1217,2025-10-01,800.0,16,Starter,active
CUST-1218,2025-10-01,8880.0,74,Growth,active
CUST-1219,2025-10-01,4560.0,38,Growth,active
CUST-1220,2025-10-01,150.0,3,Starter,active
CUST-1222,2025-10-01,450.0,9,Starter,active
CUST-1223,2025-10-01,700.0,14,Starter,active
CUST-1226,2025-10-01,840.0,7,Growth,active
CUST-1227,2025-10-01,650.0,13,Starter,active
CUST-1230,2025-10-01,950.0,19,Starter,active
CUST-1231,2025-10-01,8500.0,34,Scale,active
CUST-1233,2025-10-01,240.0,2,Growth,active
CUST-1234,2025-10-01,960.0,8,Growth,active
CUST-1235,2025-10-01,300.0,6,Starter,active
CUST-1236,2025-10-01,550.0,11,Starter,active
CUST-1239,2025-10-01,17750.0,71,Scale,active
CUST-1240,2025-10-01,150.0,3,Starter,active
CUST-1243,2025-10-01,360.0,3,Growth,active
CUST-1244,2025-10-01,250.0,5,Starter,active
CUST-1247,2025-10-01,650.0,13,Starter,active
CUST-1249,2025-10-01,400.0,8,Starter,active
CUST-1250,2025-10-01,300.0,6,Starter,active
CUST-1251,2025-10-01,1920.0,16,Growth,active
CUST-1252,2025-10-01,2500.0,10,Scale,active
CUST-1255,2025-10-01,6480.0,54,Growth,active
CUST-1259,2025-10-01,82250.0,329,Scale,active
CUST-1260,2025-10-01,350.0,7,Starter,active
CUST-1261,2025-10-01,1650.0,33,Starter,active
CUST-1262,2025-10-01,2160.0,18,Growth,active
CUST-1263,2025-10-01,200.0,4,Starter,active
CUST-1264,2025-10-01,700.0,14,Starter,active
CUST-1266,2025-10-01,5160.0,43,Growth,active
CUST-1267,2025-10-01,250.0,5,Starter,active
CUST-1268,2025-10-01,700.0,14,Starter,active
CUST-1269,2025-10-01,300.0,6,Starter,active
CUST-1270,2025-10-01,450.0,9,Starter,active
CUST-1272,2025-10-01,2400.0,20,Growth,active
CUST-1273,2025-10-01,4920.0,41,Growth,active
CUST-1274,2025-10-01,2280.0,19,Growth,active
CUST-1275,2025-10-01,840.0,7,Growth,active
CUST-1276,2025-10-01,6360.0,53,Growth,active
CUST-1280,2025-10-01,480.0,4,Growth,active
CUST-1281,2025-10-01,3480.0,29,Growth,active
CUST-1282,2025-10-01,400.0,8,Starter,active
CUST-1284,2025-10-01,1560.0,13,Growth,active
CUST-1286,2025-10-01,200.0,4,Starter,active
CUST-1289,2025-10-01,750.0,15,Starter,active
CUST-1290,2025-10-01,720.0,6,Growth,active
CUST-1292,2025-10-01,1680.0,14,Growth,active
CUST-1293,2025-10-01,118000.0,472,Scale,active
CUST-1294,2025-10-01,7440.0,62,Growth,active
CUST-1296,2025-10-01,1920.0,16,Growth,active
CUST-1297,2025-10-01,600.0,12,Starter,active
CUST-1298,2025-10-01,87250.0,349,Scale,active
CUST-1300,2025-10-01,600.0,5,Growth,active
CUST-1301,2025-10-01,300.0,6,Starter,active
CUST-1302,2025-10-01,400.0,8,Starter,active
CUST-1303,2025-10-01,400.0,8,Starter,active
CUST-1305,2025-10-01,2880.0,24,Growth,active
CUST-1306,2025-10-01,5520.0,46,Growth,active
CUST-1309,2025-10-01,300.0,6,Starter,active
CUST-1310,2025-10-01,6960.0,58,Growth,active
CUST-1311,2025-10-01,81000.0,324,Scale,active
CUST-1312,2025-10-01,1560.0,13,Growth,active
CUST-1313,2025-10-01,1200.0,24,Starter,active
CUST-1315,2025-10-01,4440.0,37,Growth,active
CUST-1316,2025-10-01,1680.0,14,Growth,active
CUST-1317,2025-10-01,550.0,11,Starter,active
CUST-1318,2025-10-01,8760.0,73,Growth,active
CUST-1319,2025-10-01,150.0,3,Starter,active
CUST-1320,2025-10-01,840.0,7,Growth,active
CUST-1321,2025-10-01,250.0,5,Starter,active
CUST-1322,2025-10-01,16320.0,136,Growth,active
CUST-1323,2025-10-01,9750.0,39,Scale,active
CUST-1324,2025-10-01,700.0,14,Starter,active
CUST-1325,2025-10-01,750.0,15,Starter,active
CUST-1326,2025-10-01,8640.0,72,Growth,active
CUST-1327,2025-10-01,800.0,16,Starter,active
CUST-1328,2025-10-01,500.0,10,Starter,active
CUST-1329,2025-10-01,700.0,14,Starter,active
CUST-1330,2025-10-01,480.0,4,Growth,active
CUST-1331,2025-10-01,600.0,12,Starter,active
CUST-1332,2025-10-01,750.0,15,Starter,active
CUST-1333,2025-10-01,720.0,6,Growth,active
CUST-1334,2025-10-01,750.0,15,Starter,active
CUST-1335,2025-10-01,1440.0,12,Growth,active
CUST-1336,2025-10-01,3360.0,28,Growth,active
CUST-1337,2025-10-01,300.0,6,Starter,active
CUST-1339,2025-10-01,750.0,3,Scale,active
CUST-1340,2025-10-01,6360.0,53,Growth,active
CUST-1341,2025-10-01,2250.0,9,Scale,active
CUST-1342,2025-10-01,650.0,13,Starter,active
CUST-1343,2025-10-01,1800.0,15,Growth,active
CUST-1344,2025-10-01,100.0,2,Starter,active
CUST-1345,2025-10-01,200.0,4,Starter,active
CUST-1349,2025-10-01,200.0,4,Starter,active
CUST-1350,2025-10-01,750.0,15,Starter,active
CUST-1351,2025-10-01,840.0,7,Growth,active
CUST-1352,2025-10-01,960.0,8,Growth,active
CUST-1354,2025-10-01,960.0,8,Growth,active
CUST-1355,2025-10-01,11500.0,46,Scale,active
CUST-1356,2025-10-01,132000.0,528,Scale,active
CUST-1357,2025-10-01,7320.0,61,Growth,active
CUST-1358,2025-10-01,2880.0,24,Growth,active
CUST-1359,2025-10-01,360.0,3,Growth,active
CUST-1361,2025-10-01,18000.0,72,Scale,active
CUST-1362,2025-10-01,4250.0,17,Scale,active
CUST-1364,2025-10-01,250.0,5,Starter,active
CUST-1365,2025-10-01,25560.0,213,Growth,active
CUST-1366,2025-10-01,200.0,4,Starter,active
CUST-1367,2025-10-01,400.0,8,Starter,active
CUST-1368,2025-10-01,600.0,12,Starter,active
CUST-1371,2025-10-01,3700.0,74,Starter,active
CUST-1372,2025-10-01,8000.0,32,Scale,active
CUST-1373,2025-10-01,650.0,13,Starter,active
CUST-1375,2025-10-01,600.0,12,Starter,active
CUST-1376,2025-10-01,1080.0,9,Growth,active
CUST-1377,2025-10-01,600.0,5,Growth,active
CUST-1379,2025-10-01,600.0,12,Starter,active
CUST-1381,2025-10-01,4320.0,36,Growth,active
CUST-1382,2025-10-01,350.0,7,Starter,active
CUST-1383,2025-10-01,600.0,5,Growth,active
CUST-1384,2025-10-01,600.0,12,Starter,active
CUST-1386,2025-10-01,200.0,4,Starter,active
CUST-1389,2025-10-01,150.0,3,Starter,active
CUST-1391,2025-10-01,2250.0,9,Scale,active
CUST-1393,2025-10-01,600.0,12,Starter,active
CUST-1394,2025-10-01,840.0,7,Growth,active
CUST-1397,2025-10-01,6600.0,55,Growth,active
CUST-1398,2025-10-01,480.0,4,Growth,active
CUST-1399,2025-10-01,5400.0,45,Growth,active
CUST-1400,2025-10-01,6120.0,51,Growth,active
CUST-1401,2025-10-01,1080.0,9,Growth,active
CUST-1402,2025-10-01,2500.0,50,Starter,active
CUST-1403,2025-10-01,650.0,13,Starter,active
CUST-1404,2025-10-01,2760.0,23,Growth,active
CUST-1406,2025-10-01,150.0,3,Starter,active
CUST-1407,2025-10-01,12500.0,50,Scale,active
CUST-1408,2025-10-01,400.0,8,Starter,active
CUST-1409,2025-10-01,300.0,6,Starter,active
CUST-1410,2025-10-01,350.0,7,Starter,active
CUST-1411,2025-10-01,960.0,8,Growth,active
CUST-1412,2025-10-01,36240.0,302,Growth,active
CUST-1413,2025-10-01,7800.0,65,Growth,active
CUST-1414,2025-10-01,18000.0,72,Scale,active
CUST-1415,2025-10-01,450.0,9,Starter,active
CUST-1416,2025-10-01,1750.0,35,Starter,active
CUST-1419,2025-10-01,3240.0,27,Growth,active
CUST-1422,2025-10-01,300.0,6,Starter,active
CUST-1424,2025-10-01,250.0,5,Starter,active
CUST-1425,2025-10-01,200.0,4,Starter,active
CUST-1427,2025-10-01,750.0,15,Starter,active
CUST-1428,2025-10-01,480.0,4,Growth,active
CUST-1431,2025-10-01,200.0,4,Starter,active
CUST-1432,2025-10-01,650.0,13,Starter,active
CUST-1434,2025-10-01,300.0,6,Starter,active
CUST-1437,2025-10-01,250.0,5,Starter,active
CUST-1439,2025-10-01,15000.0,60,Scale,active
CUST-1440,2025-10-01,500.0,10,Starter,active
CUST-1441,2025-10-01,1560.0,13,Growth,active
CUST-1442,2025-10-01,600.0,12,Starter,active
CUST-1444,2025-10-01,1200.0,10,Growth,active
CUST-1445,2025-10-01,850.0,17,Starter,active
CUST-1446,2025-10-01,400.0,8,Starter,active
CUST-1447,2025-10-01,2400.0,20,Growth,active
CUST-1448,2025-10-01,300.0,6,Starter,active
CUST-1449,2025-10-01,1200.0,10,Growth,active
CUST-1450,2025-10-01,840.0,7,Growth,active
CUST-1451,2025-10-01,250.0,5,Starter,active
CUST-1452,2025-10-01,500.0,10,Starter,active
CUST-1453,2025-10-01,3550.0,71,Starter,active
CUST-1455,2025-10-01,250.0,5,Starter,active
CUST-1456,2025-10-01,5800.0,116,Starter,active
CUST-1457,2025-10-01,600.0,12,Starter,active
CUST-1458,2025-10-01,200.0,4,Starter,active
CUST-1460,2025-10-01,19250.0,77,Scale,active
CUST-1461,2025-10-01,450.0,9,Starter,active
CUST-1464,2025-10-01,750.0,15,Starter,active
CUST-1465,2025-10-01,5760.0,48,Growth,active
CUST-1466,2025-10-01,300.0,6,Starter,active
CUST-1468,2025-10-01,550.0,11,Starter,active
CUST-1469,2025-10-01,600.0,12,Starter,active
CUST-1471,2025-10-01,250.0,5,Starter,active
CUST-1472,2025-10-01,600.0,12,Starter,active
CUST-1473,2025-10-01,1200.0,10,Growth,active
CUST-1474,2025-10-01,450.0,9,Starter,active
CUST-1475,2025-10-01,300.0,6,Starter,active
CUST-1476,2025-10-01,450.0,9,Starter,active
CUST-1477,2025-10-01,24750.0,99,Scale,active
CUST-1479,2025-10-01,600.0,12,Starter,active
CUST-1480,2025-10-01,450.0,9,Starter,active
CUST-1481,2025-10-01,3840.0,32,Growth,active
CUST-1482,2025-10-01,10800.0,90,Growth,active
CUST-1484,2025-10-01,500.0,10,Starter,active
CUST-1485,2025-10-01,500.0,10,Starter,active
CUST-1486,2025-10-01,150.0,3,Starter,active
CUST-1487,2025-10-01,250.0,5,Starter,active
CUST-1489,2025-10-01,600.0,12,Starter,active
CUST-1490,2025-10-01,14000.0,56,Scale,active
CUST-1492,2025-10-01,1320.0,11,Growth,active
CUST-1493,2025-10-01,2600.0,52,Starter,active
CUST-1495,2025-10-01,73250.0,293,Scale,active
CUST-1496,2025-10-01,840.0,7,Growth,active
CUST-1497,2025-10-01,600.0,12,Starter,active
CUST-1498,2025-10-01,350.0,7,Starter,active
CUST-1499,2025-10-01,1080.0,9,Growth,active
CUST-1500,2025-10-01,2250.0,45,Starter,active
CUST-1502,2025-10-01,9240.0,77,Growth,active
CUST-1504,2025-10-01,2250.0,9,Scale,active
CUST-1506,2025-10-01,450.0,9,Starter,active
CUST-1507,2025-10-01,300.0,6,Starter,active
CUST-1508,2025-10-01,750.0,15,Starter,active
CUST-1509,2025-10-01,7920.0,66,Growth,active
CUST-1510,2025-10-01,39120.0,326,Growth,active
CUST-1511,2025-10-01,1560.0,13,Growth,active
CUST-1512,2025-10-01,950.0,19,Starter,active
CUST-1513,2025-10-01,250.0,5,Starter,active
CUST-1514,2025-10-01,2750.0,11,Scale,active
CUST-1516,2025-10-01,7080.0,59,Growth,active
CUST-1517,2025-10-01,840.0,7,Growth,active
CUST-1518,2025-10-01,450.0,9,Starter,active
CUST-1520,2025-10-01,7920.0,66,Growth,active
CUST-1522,2025-10-01,480.0,4,Growth,active
CUST-1523,2025-10-01,650.0,13,Starter,active
CUST-1524,2025-10-01,300.0,6,Starter,active
CUST-1525,2025-10-01,350.0,7,Starter,active
CUST-1526,2025-10-01,800.0,16,Starter,active
CUST-1527,2025-10-01,400.0,8,Starter,active
CUST-1528,2025-10-01,1680.0,14,Growth,active
CUST-1529,2025-10-01,1440.0,12,Growth,active
CUST-1530,2025-10-01,6720.0,56,Growth,active
CUST-1531,2025-10-01,1680.0,14,Growth,active
CUST-1532,2025-10-01,800.0,16,Starter,active
CUST-1533,2025-10-01,350.0,7,Starter,active
CUST-1534,2025-10-01,250.0,5,Starter,active
CUST-1535,2025-10-01,250.0,5,Starter,active
CUST-1536,2025-10-01,600.0,12,Starter,active
CUST-1537,2025-10-01,12600.0,105,Growth,active
CUST-1538,2025-10-01,700.0,14,Starter,active
CUST-1539,2025-10-01,17500.0,70,Scale,active
CUST-1540,2025-10-01,300.0,6,Starter,active
CUST-1541,2025-10-01,300.0,6,Starter,active
CUST-1542,2025-10-01,1560.0,13,Growth,active
CUST-1543,2025-10-01,300.0,6,Starter,active
CUST-1544,2025-10-01,150.0,3,Starter,active
CUST-1545,2025-10-01,150.0,3,Starter,active
CUST-1546,2025-10-01,38250.0,153,Scale,active
CUST-1547,2025-10-01,8160.0,68,Growth,active
CUST-1548,2025-10-01,4750.0,19,Scale,active
CUST-1550,2025-10-01,300.0,6,Starter,active
CUST-1551,2025-10-01,360.0,3,Growth,active
CUST-1552,2025-10-01,650.0,13,Starter,active
CUST-1553,2025-10-01,500.0,10,Starter,active
CUST-1554,2025-10-01,8520.0,71,Growth,active
CUST-1556,2025-10-01,7800.0,65,Growth,active
CUST-1557,2025-10-01,650.0,13,Starter,active
CUST-1558,2025-10-01,700.0,14,Starter,active
CUST-1560,2025-10-01,7320.0,61,Growth,active
CUST-1561,2025-10-01,350.0,7,Starter,active
CUST-1562,2025-10-01,350.0,7,Starter,active
CUST-1563,2025-10-01,6500.0,26,Scale,active
CUST-1564,2025-10-01,200.0,4,Starter,active
CUST-1565,2025-10-01,21000.0,84,Scale,active
CUST-1566,2025-10-01,550.0,11,Starter,active
CUST-1567,2025-10-01,200.0,4,Starter,active
CUST-1568,2025-10-01,300.0,6,Starter,active
CUST-1569,2025-10-01,300.0,6,Starter,active
CUST-1570,2025-10-01,750.0,15,Starter,active
CUST-1571,2025-10-01,1050.0,21,Starter,active
CUST-1572,2025-10-01,300.0,6,Starter,active
CUST-1573,2025-10-01,9000.0,36,Scale,active
CUST-1575,2025-10-01,550.0,11,Starter,active
CUST-1576,2025-10-01,3240.0,27,Growth,active
CUST-1577,2025-10-01,2500.0,10,Scale,active
CUST-1578,2025-10-01,1800.0,15,Growth,active
CUST-1579,2025-10-01,750.0,15,Starter,active
CUST-1580,2025-10-01,360.0,3,Growth,active
CUST-1581,2025-10-01,450.0,9,Starter,active
CUST-1583,2025-10-01,5640.0,47,Growth,active
CUST-1584,2025-10-01,150.0,3,Starter,active
CUST-1585,2025-10-01,3300.0,66,Starter,active
CUST-1586,2025-10-01,150.0,3,Starter,active
CUST-1587,2025-10-01,1800.0,15,Growth,active
CUST-1588,2025-10-01,650.0,13,Starter,active
CUST-1589,2025-10-01,720.0,6,Growth,active
CUST-1590,2025-10-01,8500.0,34,Scale,active
CUST-1592,2025-10-01,750.0,15,Starter,active
CUST-1593,2025-10-01,300.0,6,Starter,active
CUST-1594,2025-10-01,550.0,11,Starter,active
CUST-1595,2025-10-01,3600.0,72,Starter,active
CUST-1597,2025-10-01,450.0,9,Starter,active
CUST-1598,2025-10-01,200.0,4,Starter,active
CUST-1599,2025-10-01,1440.0,12,Growth,active
CUST-1600,2025-10-01,58250.0,233,Scale,active
CUST-1601,2025-10-01,8160.0,68,Growth,active
CUST-1602,2025-10-01,150.0,3,Starter,active
CUST-1603,2025-10-01,4560.0,38,Growth,active
CUST-1606,2025-10-01,1680.0,14,Growth,active
CUST-1607,2025-10-01,400.0,8,Starter,active
CUST-1608,2025-10-01,720.0,6,Growth,active
CUST-1609,2025-10-01,480.0,4,Growth,active
CUST-1610,2025-10-01,400.0,8,Starter,active
CUST-1611,2025-10-01,500.0,10,Starter,active
CUST-1612,2025-10-01,350.0,7,Starter,active
CUST-1613,2025-10-01,400.0,8,Starter,active
CUST-1614,2025-10-01,2040.0,17,Growth,active
CUST-1615,2025-10-01,3500.0,14,Scale,active
CUST-1616,2025-10-01,800.0,16,Starter,active
CUST-1618,2025-10-01,800.0,16,Starter,active
CUST-1619,2025-10-01,840.0,7,Growth,active
CUST-1620,2025-10-01,9120.0,76,Growth,active
CUST-1621,2025-10-01,550.0,11,Starter,active
CUST-1622,2025-10-01,300.0,6,Starter,active
CUST-1623,2025-10-01,400.0,8,Starter,active
CUST-1624,2025-10-01,2400.0,20,Growth,active
CUST-1625,2025-10-01,14880.0,124,Growth,active
CUST-1626,2025-10-01,350.0,7,Starter,active
CUST-1627,2025-10-01,150.0,3,Starter,active
CUST-1628,2025-10-01,4560.0,38,Growth,active
CUST-1630,2025-10-01,650.0,13,Starter,active
CUST-1631,2025-10-01,5280.0,44,Growth,active
CUST-1632,2025-10-01,400.0,8,Starter,active
CUST-1633,2025-10-01,9000.0,36,Scale,active
CUST-1634,2025-10-01,6960.0,58,Growth,active
CUST-1636,2025-10-01,1680.0,14,Growth,active
CUST-1637,2025-10-01,750.0,15,Starter,active
CUST-1638,2025-10-01,6480.0,54,Growth,active
CUST-1639,2025-10-01,480.0,4,Growth,active
CUST-1640,2025-10-01,3550.0,71,Starter,active
CUST-1641,2025-10-01,500.0,10,Starter,active
CUST-1642,2025-10-01,960.0,8,Growth,active
CUST-1643,2025-10-01,550.0,11,Starter,active
CUST-1644,2025-10-01,250.0,5,Starter,active
CUST-1645,2025-10-01,6480.0,54,Growth,active
CUST-1646,2025-10-01,1800.0,15,Growth,active
CUST-1647,2025-10-01,1800.0,15,Growth,active
CUST-1649,2025-10-01,20000.0,80,Scale,active
CUST-1650,2025-10-01,4320.0,36,Growth,active
CUST-1651,2025-10-01,600.0,12,Starter,active
CUST-1652,2025-10-01,7320.0,61,Growth,active
CUST-1653,2025-10-01,960.0,8,Growth,active
CUST-1654,2025-10-01,2150.0,43,Starter,active
CUST-1655,2025-10-01,6720.0,56,Growth,active
CUST-1656,2025-10-01,450.0,9,Starter,active
CUST-1657,2025-10-01,400.0,8,Starter,active
CUST-1658,2025-10-01,700.0,14,Starter,active
CUST-1659,2025-10-01,42120.0,351,Growth,active
CUST-1660,2025-10-01,550.0,11,Starter,active
CUST-1662,2025-10-01,2160.0,18,Growth,active
CUST-1663,2025-10-01,400.0,8,Starter,active
CUST-1664,2025-10-01,840.0,7,Growth,active
CUST-1665,2025-10-01,700.0,14,Starter,active
CUST-1666,2025-10-01,4800.0,40,Growth,active
CUST-1667,2025-10-01,350.0,7,Starter,active
CUST-1668,2025-10-01,350.0,7,Starter,active
CUST-1669,2025-10-01,8520.0,71,Growth,active
CUST-1670,2025-10-01,2160.0,18,Growth,active
CUST-1671,2025-10-01,1200.0,10,Growth,active
CUST-1672,2025-10-01,150.0,3,Starter,active
CUST-1673,2025-10-01,100.0,2,Starter,active
CUST-1674,2025-10-01,250.0,5,Starter,active
CUST-1675,2025-10-01,1440.0,12,Growth,active
CUST-1676,2025-10-01,9000.0,75,Growth,active
CUST-1677,2025-10-01,5880.0,49,Growth,active
CUST-1678,2025-10-01,12250.0,49,Scale,active
CUST-1679,2025-10-01,10500.0,42,Scale,active
CUST-1680,2025-10-01,37250.0,149,Scale,active
CUST-1681,2025-10-01,1560.0,13,Growth,active
CUST-1682,2025-10-01,600.0,12,Starter,active
CUST-1683,2025-10-01,1560.0,13,Growth,active
CUST-1684,2025-10-01,300.0,6,Starter,active
CUST-1685,2025-10-01,400.0,8,Starter,active
CUST-1686,2025-10-01,840.0,7,Growth,active
CUST-1687,2025-10-01,5400.0,45,Growth,active
CUST-1688,2025-10-01,80500.0,322,Scale,active
CUST-1689,2025-10-01,1080.0,9,Growth,active
CUST-1690,2025-10-01,600.0,12,Starter,active
CUST-1691,2025-10-01,1320.0,11,Growth,active
CUST-1692,2025-10-01,150.0,3,Starter,active
CUST-1693,2025-10-01,720.0,6,Growth,active
CUST-1694,2025-10-01,200.0,4,Starter,active
CUST-1695,2025-10-01,1320.0,11,Growth,active
CUST-1696,2025-10-01,450.0,9,Starter,active
CUST-1697,2025-10-01,4800.0,40,Growth,active
CUST-1698,2025-10-01,450.0,9,Starter,active
CUST-1699,2025-10-01,450.0,9,Starter,active
CUST-1700,2025-10-01,1800.0,15,Growth,active
CUST-1701,2025-10-01,700.0,14,Starter,active
CUST-1702,2025-10-01,3360.0,28,Growth,active
CUST-1703,2025-10-01,250.0,5,Starter,active
CUST-1704,2025-10-01,600.0,12,Starter,active
CUST-1705,2025-10-01,2750.0,11,Scale,active
CUST-1706,2025-10-01,1800.0,15,Growth,active
CUST-1707,2025-10-01,500.0,10,Starter,active
CUST-1708,2025-10-01,750.0,15,Starter,active
CUST-1709,2025-10-01,2040.0,17,Growth,active
CUST-1710,2025-10-01,600.0,5,Growth,active
CUST-1711,2025-10-01,1080.0,9,Growth,active
CUST-1712,2025-10-01,450.0,9,Starter,active
CUST-1713,2025-10-01,650.0,13,Starter,active
CUST-1714,2025-10-01,700.0,14,Starter,active
CUST-1715,2025-10-01,13500.0,54,Scale,active
CUST-1716,2025-10-01,450.0,9,Starter,active
CUST-1717,2025-10-01,750.0,15,Starter,active
CUST-1718,2025-10-01,500.0,10,Starter,active
CUST-1719,2025-10-01,1320.0,11,Growth,active
CUST-1720,2025-10-01,480.0,4,Growth,active
CUST-1721,2025-10-01,750.0,15,Starter,active
CUST-1722,2025-10-01,200.0,4,Starter,active
CUST-1723,2025-10-01,500.0,10,Starter,active
CUST-1724,2025-10-01,150.0,3,Starter,active
CUST-1725,2025-10-01,250.0,5,Starter,active
CUST-1726,2025-10-01,56750.0,227,Scale,active
CUST-1727,2025-10-01,550.0,11,Starter,active
CUST-1728,2025-10-01,350.0,7,Starter,active
CUST-1729,2025-10-01,650.0,13,Starter,active
CUST-1730,2025-10-01,1200.0,10,Growth,active
CUST-1731,2025-10-01,750.0,15,Starter,active
CUST-1732,2025-10-01,600.0,5,Growth,active
CUST-1733,2025-10-01,550.0,11,Starter,active
CUST-1734,2025-10-01,350.0,7,Starter,active
CUST-1735,2025-10-01,8280.0,69,Growth,active
CUST-1736,2025-10-01,2760.0,23,Growth,active
CUST-1737,2025-10-01,600.0,5,Growth,active
CUST-1738,2025-10-01,5040.0,42,Growth,active
CUST-1739,2025-10-01,7200.0,60,Growth,active
CUST-1740,2025-10-01,2640.0,22,Growth,active
CUST-1741,2025-10-01,750.0,15,Starter,active
CUST-1742,2025-10-01,400.0,8,Starter,active
CUST-1743,2025-10-01,450.0,9,Starter,active
CUST-1001,2025-11-01,4250.0,17,Scale,active
CUST-1003,2025-11-01,6120.0,51,Growth,active
CUST-1004,2025-11-01,550.0,11,Starter,active
CUST-1005,2025-11-01,131750.0,527,Scale,active
CUST-1007,2025-11-01,600.0,12,Starter,active
CUST-1009,2025-11-01,8280.0,69,Growth,active
CUST-1010,2025-11-01,600.0,5,Growth,active
CUST-1013,2025-11-01,400.0,8,Starter,active
CUST-1014,2025-11-01,3050.0,61,Starter,active
CUST-1015,2025-11-01,2160.0,18,Growth,active
CUST-1016,2025-11-01,700.0,14,Starter,active
CUST-1018,2025-11-01,400.0,8,Starter,active
CUST-1019,2025-11-01,108500.0,434,Scale,active
CUST-1021,2025-11-01,650.0,13,Starter,active
CUST-1024,2025-11-01,250.0,5,Starter,active
CUST-1026,2025-11-01,5760.0,48,Growth,active
CUST-1028,2025-11-01,840.0,7,Growth,active
CUST-1029,2025-11-01,300.0,6,Starter,active
CUST-1030,2025-11-01,600.0,12,Starter,active
CUST-1032,2025-11-01,840.0,7,Growth,active
CUST-1033,2025-11-01,480.0,4,Growth,active
CUST-1037,2025-11-01,840.0,7,Growth,active
CUST-1039,2025-11-01,300.0,6,Starter,active
CUST-1040,2025-11-01,3850.0,77,Starter,active
CUST-1042,2025-11-01,1100.0,22,Starter,active
CUST-1043,2025-11-01,300.0,6,Starter,active
CUST-1044,2025-11-01,4050.0,81,Starter,active
CUST-1045,2025-11-01,1150.0,23,Starter,active
CUST-1046,2025-11-01,450.0,9,Starter,active
CUST-1048,2025-11-01,360.0,3,Growth,active
CUST-1049,2025-11-01,7800.0,65,Growth,active
CUST-1051,2025-11-01,600.0,12,Starter,active
CUST-1052,2025-11-01,350.0,7,Starter,active
CUST-1054,2025-11-01,2160.0,18,Growth,active
CUST-1057,2025-11-01,300.0,6,Starter,active
CUST-1059,2025-11-01,6120.0,51,Growth,active
CUST-1060,2025-11-01,700.0,14,Starter,active
CUST-1061,2025-11-01,8400.0,70,Growth,active
CUST-1063,2025-11-01,62500.0,250,Scale,active
CUST-1065,2025-11-01,550.0,11,Starter,active
CUST-1066,2025-11-01,1920.0,16,Growth,active
CUST-1068,2025-11-01,4200.0,35,Growth,active
CUST-1069,2025-11-01,1200.0,10,Growth,active
CUST-1071,2025-11-01,53250.0,213,Scale,active
CUST-1073,2025-11-01,4440.0,37,Growth,active
CUST-1074,2025-11-01,21000.0,84,Scale,active
CUST-1075,2025-11-01,4750.0,19,Scale,active
CUST-1076,2025-11-01,2400.0,20,Growth,active
CUST-1077,2025-11-01,700.0,14,Starter,active
CUST-1078,2025-11-01,150.0,3,Starter,active
CUST-1082,2025-11-01,74520.0,621,Growth,active
CUST-1083,2025-11-01,1850.0,37,Starter,active
CUST-1084,2025-11-01,900.0,18,Starter,active
CUST-1085,2025-11-01,5640.0,47,Growth,active
CUST-1086,2025-11-01,750.0,15,Starter,active
CUST-1087,2025-11-01,500.0,10,Starter,active
CUST-1088,2025-11-01,700.0,14,Starter,active
CUST-1090,2025-11-01,6000.0,50,Growth,active
CUST-1091,2025-11-01,500.0,10,Starter,active
CUST-1095,2025-11-01,6360.0,53,Growth,active
CUST-1096,2025-11-01,200.0,4,Starter,active
CUST-1097,2025-11-01,4680.0,39,Growth,active
CUST-1099,2025-11-01,4560.0,38,Growth,active
CUST-1101,2025-11-01,300.0,6,Starter,active
CUST-1102,2025-11-01,350.0,7,Starter,active
CUST-1103,2025-11-01,500.0,10,Starter,active
CUST-1106,2025-11-01,10680.0,89,Growth,active
CUST-1109,2025-11-01,1080.0,9,Growth,active
CUST-1110,2025-11-01,1320.0,11,Growth,active
CUST-1111,2025-11-01,2650.0,53,Starter,active
CUST-1112,2025-11-01,2750.0,11,Scale,active
CUST-1113,2025-11-01,2050.0,41,Starter,active
CUST-1114,2025-11-01,111000.0,444,Scale,active
CUST-1115,2025-11-01,840.0,7,Growth,active
CUST-1116,2025-11-01,150.0,3,Starter,active
CUST-1118,2025-11-01,300.0,6,Starter,active
CUST-1119,2025-11-01,1440.0,12,Growth,active
CUST-1120,2025-11-01,700.0,14,Starter,active
CUST-1122,2025-11-01,9600.0,80,Growth,active
CUST-1124,2025-11-01,650.0,13,Starter,active
CUST-1125,2025-11-01,700.0,14,Starter,active
CUST-1126,2025-11-01,8760.0,73,Growth,active
CUST-1127,2025-11-01,600.0,12,Starter,active
CUST-1129,2025-11-01,1200.0,10,Growth,active
CUST-1130,2025-11-01,82750.0,331,Scale,active
CUST-1133,2025-11-01,300.0,6,Starter,active
CUST-1135,2025-11-01,300.0,6,Starter,active
CUST-1136,2025-11-01,750.0,15,Starter,active
CUST-1137,2025-11-01,4080.0,34,Growth,active
CUST-1140,2025-11-01,650.0,13,Starter,active
CUST-1141,2025-11-01,550.0,11,Starter,active
CUST-1142,2025-11-01,1920.0,16,Growth,active
CUST-1145,2025-11-01,700.0,14,Starter,active
CUST-1146,2025-11-01,3600.0,30,Growth,active
CUST-1148,2025-11-01,22650.0,453,Starter,active
CUST-1150,2025-11-01,300.0,6,Starter,active
CUST-1152,2025-11-01,550.0,11,Starter,active
CUST-1153,2025-11-01,9360.0,78,Growth,active
CUST-1154,2025-11-01,900.0,18,Starter,active
CUST-1155,2025-11-01,840.0,7,Growth,active
CUST-1156,2025-11-01,8040.0,67,Growth,active
CUST-1158,2025-11-01,1320.0,11,Growth,active
CUST-1160,2025-11-01,6960.0,58,Growth,active
CUST-1161,2025-11-01,1320.0,11,Growth,active
CUST-1162,2025-11-01,350.0,7,Starter,active
CUST-1163,2025-11-01,34320.0,286,Growth,active
CUST-1165,2025-11-01,720.0,6,Growth,active
CUST-1166,2025-11-01,480.0,4,Growth,active
CUST-1167,2025-11-01,121500.0,486,Scale,active
CUST-1168,2025-11-01,720.0,6,Growth,active
CUST-1170,2025-11-01,750.0,15,Starter,active
CUST-1171,2025-11-01,300.0,6,Starter,active
CUST-1172,2025-11-01,5400.0,45,Growth,active
CUST-1173,2025-11-01,16500.0,66,Scale,active
CUST-1174,2025-11-01,720.0,6,Growth,active
CUST-1175,2025-11-01,400.0,8,Starter,active
CUST-1177,2025-11-01,1000.0,20,Starter,active
CUST-1178,2025-11-01,850.0,17,Starter,active
CUST-1179,2025-11-01,3240.0,27,Growth,active
CUST-1180,2025-11-01,1350.0,27,Starter,active
CUST-1181,2025-11-01,1800.0,15,Growth,active
CUST-1182,2025-11-01,2000.0,8,Scale,active
CUST-1186,2025-11-01,1560.0,13,Growth,active
CUST-1187,2025-11-01,450.0,9,Starter,active
CUST-1188,2025-11-01,1320.0,11,Growth,active
CUST-1189,2025-11-01,750.0,15,Starter,active
CUST-1192,2025-11-01,700.0,14,Starter,active
CUST-1194,2025-11-01,750.0,15,Starter,active
CUST-1195,2025-11-01,600.0,12,Starter,active
CUST-1196,2025-11-01,5040.0,42,Growth,active
CUST-1198,2025-11-01,87250.0,349,Scale,active
CUST-1199,2025-11-01,600.0,12,Starter,active
CUST-1200,2025-11-01,1560.0,13,Growth,active
CUST-1201,2025-11-01,480.0,4,Growth,active
CUST-1202,2025-11-01,4000.0,16,Scale,active
CUST-1203,2025-11-01,600.0,5,Growth,active
CUST-1205,2025-11-01,6360.0,53,Growth,active
CUST-1206,2025-11-01,2750.0,11,Scale,active
CUST-1207,2025-11-01,4800.0,40,Growth,active
CUST-1208,2025-11-01,360.0,3,Growth,active
CUST-1211,2025-11-01,300.0,6,Starter,active
CUST-1215,2025-11-01,500.0,10,Starter,active
CUST-1217,2025-11-01,800.0,16,Starter,active
CUST-1218,2025-11-01,8880.0,74,Growth,active
CUST-1219,2025-11-01,4560.0,38,Growth,active
CUST-1220,2025-11-01,150.0,3,Starter,active
CUST-1222,2025-11-01,450.0,9,Starter,active
CUST-1223,2025-11-01,700.0,14,Starter,active
CUST-1226,2025-11-01,840.0,7,Growth,active
CUST-1227,2025-11-01,650.0,13,Starter,active
CUST-1230,2025-11-01,950.0,19,Starter,active
CUST-1231,2025-11-01,8500.0,34,Scale,active
CUST-1233,2025-11-01,240.0,2,Growth,active
CUST-1234,2025-11-01,960.0,8,Growth,active
CUST-1235,2025-11-01,300.0,6,Starter,active
CUST-1236,2025-11-01,550.0,11,Starter,active
CUST-1239,2025-11-01,17750.0,71,Scale,active
CUST-1240,2025-11-01,150.0,3,Starter,active
CUST-1243,2025-11-01,360.0,3,Growth,active
CUST-1244,2025-11-01,250.0,5,Starter,active
CUST-1247,2025-11-01,650.0,13,Starter,active
CUST-1249,2025-11-01,400.0,8,Starter,active
CUST-1250,2025-11-01,300.0,6,Starter,active
CUST-1251,2025-11-01,1680.0,14,Growth,active
CUST-1252,2025-11-01,2500.0,10,Scale,active
CUST-1255,2025-11-01,6480.0,54,Growth,active
CUST-1259,2025-11-01,82250.0,329,Scale,active
CUST-1260,2025-11-01,350.0,7,Starter,active
CUST-1261,2025-11-01,1450.0,29,Starter,active
CUST-1262,2025-11-01,2160.0,18,Growth,active
CUST-1263,2025-11-01,200.0,4,Starter,active
CUST-1264,2025-11-01,700.0,14,Starter,active
CUST-1266,2025-11-01,5520.0,46,Growth,active
CUST-1267,2025-11-01,250.0,5,Starter,active
CUST-1268,2025-11-01,700.0,14,Starter,active
CUST-1269,2025-11-01,300.0,6,Starter,active
CUST-1270,2025-11-01,450.0,9,Starter,active
CUST-1272,2025-11-01,2400.0,20,Growth,active
CUST-1273,2025-11-01,5400.0,45,Growth,active
CUST-1274,2025-11-01,2280.0,19,Growth,active
CUST-1275,2025-11-01,840.0,7,Growth,active
CUST-1276,2025-11-01,6360.0,53,Growth,active
CUST-1280,2025-11-01,600.0,5,Growth,active
CUST-1281,2025-11-01,3480.0,29,Growth,active
CUST-1282,2025-11-01,400.0,8,Starter,active
CUST-1284,2025-11-01,1560.0,13,Growth,active
CUST-1286,2025-11-01,200.0,4,Starter,active
CUST-1289,2025-11-01,750.0,15,Starter,active
CUST-1290,2025-11-01,720.0,6,Growth,active
CUST-1292,2025-11-01,1680.0,14,Growth,active
CUST-1293,2025-11-01,118000.0,472,Scale,active
CUST-1294,2025-11-01,7440.0,62,Growth,active
CUST-1296,2025-11-01,1920.0,16,Growth,active
CUST-1297,2025-11-01,600.0,12,Starter,active
CUST-1298,2025-11-01,87250.0,349,Scale,active
CUST-1300,2025-11-01,600.0,5,Growth,active
CUST-1301,2025-11-01,300.0,6,Starter,active
CUST-1302,2025-11-01,400.0,8,Starter,active
CUST-1303,2025-11-01,400.0,8,Starter,active
CUST-1305,2025-11-01,2880.0,24,Growth,active
CUST-1306,2025-11-01,5520.0,46,Growth,active
CUST-1309,2025-11-01,300.0,6,Starter,active
CUST-1310,2025-11-01,6960.0,58,Growth,active
CUST-1311,2025-11-01,81000.0,324,Scale,active
CUST-1312,2025-11-01,1560.0,13,Growth,active
CUST-1313,2025-11-01,1000.0,20,Starter,active
CUST-1315,2025-11-01,4440.0,37,Growth,active
CUST-1316,2025-11-01,1680.0,14,Growth,active
CUST-1317,2025-11-01,550.0,11,Starter,active
CUST-1318,2025-11-01,8760.0,73,Growth,active
CUST-1319,2025-11-01,150.0,3,Starter,active
CUST-1320,2025-11-01,840.0,7,Growth,active
CUST-1321,2025-11-01,250.0,5,Starter,active
CUST-1322,2025-11-01,16320.0,136,Growth,active
CUST-1323,2025-11-01,9750.0,39,Scale,active
CUST-1324,2025-11-01,700.0,14,Starter,active
CUST-1325,2025-11-01,750.0,15,Starter,active
CUST-1326,2025-11-01,8640.0,72,Growth,active
CUST-1327,2025-11-01,800.0,16,Starter,active
CUST-1328,2025-11-01,500.0,10,Starter,active
CUST-1329,2025-11-01,700.0,14,Starter,active
CUST-1330,2025-11-01,480.0,4,Growth,active
CUST-1331,2025-11-01,600.0,12,Starter,active
CUST-1332,2025-11-01,750.0,15,Starter,active
CUST-1333,2025-11-01,720.0,6,Growth,active
CUST-1334,2025-11-01,750.0,15,Starter,active
CUST-1336,2025-11-01,3360.0,28,Growth,active
CUST-1337,2025-11-01,300.0,6,Starter,active
CUST-1339,2025-11-01,750.0,3,Scale,active
CUST-1340,2025-11-01,6360.0,53,Growth,active
CUST-1341,2025-11-01,2250.0,9,Scale,active
CUST-1342,2025-11-01,650.0,13,Starter,active
CUST-1343,2025-11-01,1800.0,15,Growth,active
CUST-1344,2025-11-01,100.0,2,Starter,active
CUST-1345,2025-11-01,200.0,4,Starter,active
CUST-1349,2025-11-01,200.0,4,Starter,active
CUST-1350,2025-11-01,750.0,15,Starter,active
CUST-1351,2025-11-01,840.0,7,Growth,active
CUST-1352,2025-11-01,960.0,8,Growth,active
CUST-1354,2025-11-01,960.0,8,Growth,active
CUST-1355,2025-11-01,11500.0,46,Scale,active
CUST-1356,2025-11-01,132000.0,528,Scale,active
CUST-1357,2025-11-01,7320.0,61,Growth,active
CUST-1358,2025-11-01,2880.0,24,Growth,active
CUST-1359,2025-11-01,360.0,3,Growth,active
CUST-1361,2025-11-01,18000.0,72,Scale,active
CUST-1362,2025-11-01,4250.0,17,Scale,active
CUST-1364,2025-11-01,250.0,5,Starter,active
CUST-1365,2025-11-01,25560.0,213,Growth,active
CUST-1366,2025-11-01,250.0,5,Starter,active
CUST-1367,2025-11-01,400.0,8,Starter,active
CUST-1368,2025-11-01,600.0,12,Starter,active
CUST-1371,2025-11-01,3700.0,74,Starter,active
CUST-1372,2025-11-01,9750.0,39,Scale,active
CUST-1373,2025-11-01,650.0,13,Starter,active
CUST-1375,2025-11-01,600.0,12,Starter,active
CUST-1376,2025-11-01,1080.0,9,Growth,active
CUST-1377,2025-11-01,600.0,5,Growth,active
CUST-1379,2025-11-01,600.0,12,Starter,active
CUST-1381,2025-11-01,4320.0,36,Growth,active
CUST-1382,2025-11-01,350.0,7,Starter,active
CUST-1383,2025-11-01,600.0,5,Growth,active
CUST-1384,2025-11-01,600.0,12,Starter,active
CUST-1386,2025-11-01,200.0,4,Starter,active
CUST-1389,2025-11-01,150.0,3,Starter,active
CUST-1391,2025-11-01,2250.0,9,Scale,active
CUST-1393,2025-11-01,600.0,12,Starter,active
CUST-1394,2025-11-01,840.0,7,Growth,active
CUST-1397,2025-11-01,6600.0,55,Growth,active
CUST-1398,2025-11-01,480.0,4,Growth,active
CUST-1399,2025-11-01,5400.0,45,Growth,active
CUST-1400,2025-11-01,6120.0,51,Growth,active
CUST-1401,2025-11-01,1080.0,9,Growth,active
CUST-1402,2025-11-01,2500.0,50,Starter,active
CUST-1403,2025-11-01,650.0,13,Starter,active
CUST-1404,2025-11-01,2760.0,23,Growth,active
CUST-1406,2025-11-01,150.0,3,Starter,active
CUST-1407,2025-11-01,12500.0,50,Scale,active
CUST-1408,2025-11-01,400.0,8,Starter,active
CUST-1409,2025-11-01,300.0,6,Starter,active
CUST-1410,2025-11-01,350.0,7,Starter,active
CUST-1411,2025-11-01,960.0,8,Growth,active
CUST-1412,2025-11-01,36240.0,302,Growth,active
CUST-1413,2025-11-01,7800.0,65,Growth,active
CUST-1414,2025-11-01,18000.0,72,Scale,active
CUST-1415,2025-11-01,450.0,9,Starter,active
CUST-1416,2025-11-01,1750.0,35,Starter,active
CUST-1419,2025-11-01,3240.0,27,Growth,active
CUST-1422,2025-11-01,300.0,6,Starter,active
CUST-1424,2025-11-01,250.0,5,Starter,active
CUST-1425,2025-11-01,200.0,4,Starter,active
CUST-1427,2025-11-01,750.0,15,Starter,active
CUST-1428,2025-11-01,480.0,4,Growth,active
CUST-1431,2025-11-01,200.0,4,Starter,active
CUST-1432,2025-11-01,650.0,13,Starter,active
CUST-1434,2025-11-01,300.0,6,Starter,active
CUST-1437,2025-11-01,250.0,5,Starter,active
CUST-1439,2025-11-01,15000.0,60,Scale,active
CUST-1440,2025-11-01,500.0,10,Starter,active
CUST-1441,2025-11-01,1560.0,13,Growth,active
CUST-1442,2025-11-01,600.0,12,Starter,active
CUST-1444,2025-11-01,1200.0,10,Growth,active
CUST-1445,2025-11-01,850.0,17,Starter,active
CUST-1446,2025-11-01,400.0,8,Starter,active
CUST-1447,2025-11-01,2400.0,20,Growth,active
CUST-1448,2025-11-01,300.0,6,Starter,active
CUST-1449,2025-11-01,1200.0,10,Growth,active
CUST-1450,2025-11-01,840.0,7,Growth,active
CUST-1451,2025-11-01,200.0,4,Starter,active
CUST-1452,2025-11-01,500.0,10,Starter,active
CUST-1453,2025-11-01,3550.0,71,Starter,active
CUST-1455,2025-11-01,250.0,5,Starter,active
CUST-1456,2025-11-01,5800.0,116,Starter,active
CUST-1457,2025-11-01,600.0,12,Starter,active
CUST-1458,2025-11-01,200.0,4,Starter,active
CUST-1460,2025-11-01,19250.0,77,Scale,active
CUST-1461,2025-11-01,450.0,9,Starter,active
CUST-1464,2025-11-01,750.0,15,Starter,active
CUST-1465,2025-11-01,5760.0,48,Growth,active
CUST-1466,2025-11-01,300.0,6,Starter,active
CUST-1468,2025-11-01,550.0,11,Starter,active
CUST-1469,2025-11-01,600.0,12,Starter,active
CUST-1471,2025-11-01,250.0,5,Starter,active
CUST-1472,2025-11-01,600.0,12,Starter,active
CUST-1473,2025-11-01,1200.0,10,Growth,active
CUST-1474,2025-11-01,450.0,9,Starter,active
CUST-1475,2025-11-01,300.0,6,Starter,active
CUST-1476,2025-11-01,450.0,9,Starter,active
CUST-1477,2025-11-01,24750.0,99,Scale,active
CUST-1479,2025-11-01,600.0,12,Starter,active
CUST-1480,2025-11-01,450.0,9,Starter,active
CUST-1481,2025-11-01,3840.0,32,Growth,active
CUST-1482,2025-11-01,10800.0,90,Growth,active
CUST-1484,2025-11-01,500.0,10,Starter,active
CUST-1485,2025-11-01,500.0,10,Starter,active
CUST-1486,2025-11-01,150.0,3,Starter,active
CUST-1487,2025-11-01,250.0,5,Starter,active
CUST-1489,2025-11-01,600.0,12,Starter,active
CUST-1490,2025-11-01,14000.0,56,Scale,active
CUST-1492,2025-11-01,1320.0,11,Growth,active
CUST-1493,2025-11-01,2600.0,52,Starter,active
CUST-1495,2025-11-01,73250.0,293,Scale,active
CUST-1496,2025-11-01,840.0,7,Growth,active
CUST-1497,2025-11-01,600.0,12,Starter,active
CUST-1498,2025-11-01,350.0,7,Starter,active
CUST-1499,2025-11-01,1080.0,9,Growth,active
CUST-1500,2025-11-01,2250.0,45,Starter,active
CUST-1502,2025-11-01,9240.0,77,Growth,active
CUST-1504,2025-11-01,2250.0,9,Scale,active
CUST-1506,2025-11-01,450.0,9,Starter,active
CUST-1507,2025-11-01,300.0,6,Starter,active
CUST-1508,2025-11-01,750.0,15,Starter,active
CUST-1509,2025-11-01,7920.0,66,Growth,active
CUST-1510,2025-11-01,39120.0,326,Growth,active
CUST-1511,2025-11-01,1560.0,13,Growth,active
CUST-1512,2025-11-01,950.0,19,Starter,active
CUST-1513,2025-11-01,250.0,5,Starter,active
CUST-1514,2025-11-01,2750.0,11,Scale,active
CUST-1516,2025-11-01,7080.0,59,Growth,active
CUST-1517,2025-11-01,840.0,7,Growth,active
CUST-1518,2025-11-01,450.0,9,Starter,active
CUST-1520,2025-11-01,7920.0,66,Growth,active
CUST-1522,2025-11-01,480.0,4,Growth,active
CUST-1523,2025-11-01,650.0,13,Starter,active
CUST-1524,2025-11-01,300.0,6,Starter,active
CUST-1525,2025-11-01,350.0,7,Starter,active
CUST-1526,2025-11-01,800.0,16,Starter,active
CUST-1527,2025-11-01,400.0,8,Starter,active
CUST-1528,2025-11-01,1680.0,14,Growth,active
CUST-1529,2025-11-01,1440.0,12,Growth,active
CUST-1530,2025-11-01,6720.0,56,Growth,active
CUST-1531,2025-11-01,1680.0,14,Growth,active
CUST-1532,2025-11-01,800.0,16,Starter,active
CUST-1533,2025-11-01,350.0,7,Starter,active
CUST-1534,2025-11-01,250.0,5,Starter,active
CUST-1535,2025-11-01,250.0,5,Starter,active
CUST-1536,2025-11-01,600.0,12,Starter,active
CUST-1537,2025-11-01,12600.0,105,Growth,active
CUST-1538,2025-11-01,700.0,14,Starter,active
CUST-1539,2025-11-01,17500.0,70,Scale,active
CUST-1540,2025-11-01,300.0,6,Starter,active
CUST-1541,2025-11-01,300.0,6,Starter,active
CUST-1542,2025-11-01,1560.0,13,Growth,active
CUST-1543,2025-11-01,300.0,6,Starter,active
CUST-1544,2025-11-01,150.0,3,Starter,active
CUST-1545,2025-11-01,150.0,3,Starter,active
CUST-1546,2025-11-01,38250.0,153,Scale,active
CUST-1547,2025-11-01,8160.0,68,Growth,active
CUST-1548,2025-11-01,4750.0,19,Scale,active
CUST-1550,2025-11-01,300.0,6,Starter,active
CUST-1551,2025-11-01,360.0,3,Growth,active
CUST-1552,2025-11-01,650.0,13,Starter,active
CUST-1553,2025-11-01,500.0,10,Starter,active
CUST-1554,2025-11-01,8520.0,71,Growth,active
CUST-1556,2025-11-01,7800.0,65,Growth,active
CUST-1557,2025-11-01,650.0,13,Starter,active
CUST-1558,2025-11-01,700.0,14,Starter,active
CUST-1560,2025-11-01,7320.0,61,Growth,active
CUST-1561,2025-11-01,350.0,7,Starter,active
CUST-1562,2025-11-01,350.0,7,Starter,active
CUST-1563,2025-11-01,6500.0,26,Scale,active
CUST-1564,2025-11-01,200.0,4,Starter,active
CUST-1565,2025-11-01,21000.0,84,Scale,active
CUST-1566,2025-11-01,550.0,11,Starter,active
CUST-1567,2025-11-01,200.0,4,Starter,active
CUST-1568,2025-11-01,300.0,6,Starter,active
CUST-1569,2025-11-01,300.0,6,Starter,active
CUST-1570,2025-11-01,750.0,15,Starter,active
CUST-1571,2025-11-01,1050.0,21,Starter,active
CUST-1572,2025-11-01,300.0,6,Starter,active
CUST-1573,2025-11-01,9000.0,36,Scale,active
CUST-1575,2025-11-01,550.0,11,Starter,active
CUST-1576,2025-11-01,3240.0,27,Growth,active
CUST-1577,2025-11-01,2500.0,10,Scale,active
CUST-1578,2025-11-01,1800.0,15,Growth,active
CUST-1579,2025-11-01,750.0,15,Starter,active
CUST-1580,2025-11-01,360.0,3,Growth,active
CUST-1581,2025-11-01,450.0,9,Starter,active
CUST-1583,2025-11-01,6600.0,55,Growth,active
CUST-1584,2025-11-01,200.0,4,Starter,active
CUST-1585,2025-11-01,3300.0,66,Starter,active
CUST-1586,2025-11-01,150.0,3,Starter,active
CUST-1587,2025-11-01,1800.0,15,Growth,active
CUST-1588,2025-11-01,650.0,13,Starter,active
CUST-1589,2025-11-01,720.0,6,Growth,active
CUST-1590,2025-11-01,8500.0,34,Scale,active
CUST-1592,2025-11-01,750.0,15,Starter,active
CUST-1593,2025-11-01,300.0,6,Starter,active
CUST-1594,2025-11-01,550.0,11,Starter,active
CUST-1595,2025-11-01,3600.0,72,Starter,active
CUST-1597,2025-11-01,450.0,9,Starter,active
CUST-1598,2025-11-01,200.0,4,Starter,active
CUST-1599,2025-11-01,1440.0,12,Growth,active
CUST-1600,2025-11-01,58250.0,233,Scale,active
CUST-1601,2025-11-01,8160.0,68,Growth,active
CUST-1602,2025-11-01,150.0,3,Starter,active
CUST-1603,2025-11-01,4560.0,38,Growth,active
CUST-1606,2025-11-01,1680.0,14,Growth,active
CUST-1607,2025-11-01,400.0,8,Starter,active
CUST-1608,2025-11-01,720.0,6,Growth,active
CUST-1609,2025-11-01,480.0,4,Growth,active
CUST-1610,2025-11-01,400.0,8,Starter,active
CUST-1611,2025-11-01,500.0,10,Starter,active
CUST-1612,2025-11-01,350.0,7,Starter,active
CUST-1613,2025-11-01,400.0,8,Starter,active
CUST-1614,2025-11-01,2040.0,17,Growth,active
CUST-1615,2025-11-01,3500.0,14,Scale,active
CUST-1616,2025-11-01,800.0,16,Starter,active
CUST-1618,2025-11-01,800.0,16,Starter,active
CUST-1619,2025-11-01,840.0,7,Growth,active
CUST-1620,2025-11-01,9120.0,76,Growth,active
CUST-1621,2025-11-01,550.0,11,Starter,active
CUST-1622,2025-11-01,300.0,6,Starter,active
CUST-1623,2025-11-01,400.0,8,Starter,active
CUST-1624,2025-11-01,2400.0,20,Growth,active
CUST-1625,2025-11-01,14880.0,124,Growth,active
CUST-1626,2025-11-01,350.0,7,Starter,active
CUST-1628,2025-11-01,4560.0,38,Growth,active
CUST-1630,2025-11-01,650.0,13,Starter,active
CUST-1631,2025-11-01,5280.0,44,Growth,active
CUST-1632,2025-11-01,400.0,8,Starter,active
CUST-1633,2025-11-01,9000.0,36,Scale,active
CUST-1634,2025-11-01,6960.0,58,Growth,active
CUST-1636,2025-11-01,1680.0,14,Growth,active
CUST-1637,2025-11-01,750.0,15,Starter,active
CUST-1638,2025-11-01,6480.0,54,Growth,active
CUST-1639,2025-11-01,480.0,4,Growth,active
CUST-1640,2025-11-01,3550.0,71,Starter,active
CUST-1641,2025-11-01,500.0,10,Starter,active
CUST-1642,2025-11-01,960.0,8,Growth,active
CUST-1643,2025-11-01,550.0,11,Starter,active
CUST-1644,2025-11-01,250.0,5,Starter,active
CUST-1645,2025-11-01,6480.0,54,Growth,active
CUST-1646,2025-11-01,1800.0,15,Growth,active
CUST-1647,2025-11-01,1800.0,15,Growth,active
CUST-1649,2025-11-01,20000.0,80,Scale,active
CUST-1650,2025-11-01,5280.0,44,Growth,active
CUST-1651,2025-11-01,600.0,12,Starter,active
CUST-1653,2025-11-01,960.0,8,Growth,active
CUST-1654,2025-11-01,2150.0,43,Starter,active
CUST-1655,2025-11-01,6720.0,56,Growth,active
CUST-1656,2025-11-01,450.0,9,Starter,active
CUST-1657,2025-11-01,400.0,8,Starter,active
CUST-1658,2025-11-01,700.0,14,Starter,active
CUST-1659,2025-11-01,42120.0,351,Growth,active
CUST-1660,2025-11-01,550.0,11,Starter,active
CUST-1662,2025-11-01,2160.0,18,Growth,active
CUST-1663,2025-11-01,400.0,8,Starter,active
CUST-1664,2025-11-01,840.0,7,Growth,active
CUST-1665,2025-11-01,700.0,14,Starter,active
CUST-1666,2025-11-01,4800.0,40,Growth,active
CUST-1667,2025-11-01,350.0,7,Starter,active
CUST-1668,2025-11-01,350.0,7,Starter,active
CUST-1669,2025-11-01,8520.0,71,Growth,active
CUST-1670,2025-11-01,2160.0,18,Growth,active
CUST-1671,2025-11-01,1200.0,10,Growth,active
CUST-1672,2025-11-01,150.0,3,Starter,active
CUST-1673,2025-11-01,100.0,2,Starter,active
CUST-1674,2025-11-01,250.0,5,Starter,active
CUST-1675,2025-11-01,1680.0,14,Growth,active
CUST-1676,2025-11-01,10920.0,91,Growth,active
CUST-1677,2025-11-01,5880.0,49,Growth,active
CUST-1678,2025-11-01,12250.0,49,Scale,active
CUST-1679,2025-11-01,10500.0,42,Scale,active
CUST-1680,2025-11-01,37250.0,149,Scale,active
CUST-1681,2025-11-01,1560.0,13,Growth,active
CUST-1682,2025-11-01,700.0,14,Starter,active
CUST-1683,2025-11-01,1560.0,13,Growth,active
CUST-1684,2025-11-01,300.0,6,Starter,active
CUST-1685,2025-11-01,400.0,8,Starter,active
CUST-1686,2025-11-01,840.0,7,Growth,active
CUST-1688,2025-11-01,80500.0,322,Scale,active
CUST-1689,2025-11-01,1080.0,9,Growth,active
CUST-1690,2025-11-01,600.0,12,Starter,active
CUST-1691,2025-11-01,1320.0,11,Growth,active
CUST-1692,2025-11-01,150.0,3,Starter,active
CUST-1693,2025-11-01,720.0,6,Growth,active
CUST-1694,2025-11-01,200.0,4,Starter,active
CUST-1695,2025-11-01,1320.0,11,Growth,active
CUST-1696,2025-11-01,450.0,9,Starter,active
CUST-1697,2025-11-01,4800.0,40,Growth,active
CUST-1698,2025-11-01,450.0,9,Starter,active
CUST-1699,2025-11-01,450.0,9,Starter,active
CUST-1700,2025-11-01,1800.0,15,Growth,active
CUST-1701,2025-11-01,700.0,14,Starter,active
CUST-1702,2025-11-01,3360.0,28,Growth,active
CUST-1703,2025-11-01,250.0,5,Starter,active
CUST-1704,2025-11-01,550.0,11,Starter,active
CUST-1705,2025-11-01,2750.0,11,Scale,active
CUST-1706,2025-11-01,1800.0,15,Growth,active
CUST-1707,2025-11-01,500.0,10,Starter,active
CUST-1708,2025-11-01,750.0,15,Starter,active
CUST-1709,2025-11-01,2040.0,17,Growth,active
CUST-1710,2025-11-01,600.0,5,Growth,active
CUST-1711,2025-11-01,1080.0,9,Growth,active
CUST-1712,2025-11-01,450.0,9,Starter,active
CUST-1713,2025-11-01,650.0,13,Starter,active
CUST-1714,2025-11-01,700.0,14,Starter,active
CUST-1715,2025-11-01,13500.0,54,Scale,active
CUST-1716,2025-11-01,450.0,9,Starter,active
CUST-1717,2025-11-01,750.0,15,Starter,active
CUST-1718,2025-11-01,500.0,10,Starter,active
CUST-1719,2025-11-01,1320.0,11,Growth,active
CUST-1720,2025-11-01,480.0,4,Growth,active
CUST-1721,2025-11-01,750.0,15,Starter,active
CUST-1722,2025-11-01,200.0,4,Starter,active
CUST-1723,2025-11-01,500.0,10,Starter,active
CUST-1724,2025-11-01,150.0,3,Starter,active
CUST-1725,2025-11-01,250.0,5,Starter,active
CUST-1726,2025-11-01,56750.0,227,Scale,active
CUST-1727,2025-11-01,550.0,11,Starter,active
CUST-1728,2025-11-01,350.0,7,Starter,active
CUST-1729,2025-11-01,650.0,13,Starter,active
CUST-1730,2025-11-01,1200.0,10,Growth,active
CUST-1731,2025-11-01,750.0,15,Starter,active
CUST-1732,2025-11-01,600.0,5,Growth,active
CUST-1733,2025-11-01,550.0,11,Starter,active
CUST-1734,2025-11-01,400.0,8,Starter,active
CUST-1735,2025-11-01,8280.0,69,Growth,active
CUST-1736,2025-11-01,2760.0,23,Growth,active
CUST-1737,2025-11-01,600.0,5,Growth,active
CUST-1738,2025-11-01,5040.0,42,Growth,active
CUST-1739,2025-11-01,7200.0,60,Growth,active
CUST-1740,2025-11-01,2640.0,22,Growth,active
CUST-1741,2025-11-01,750.0,15,Starter,active
CUST-1742,2025-11-01,400.0,8,Starter,active
CUST-1743,2025-11-01,450.0,9,Starter,active
CUST-1744,2025-11-01,500.0,10,Starter,active
CUST-1745,2025-11-01,3240.0,27,Growth,active
CUST-1746,2025-11-01,550.0,11,Starter,active
CUST-1747,2025-11-01,750.0,15,Starter,active
CUST-1748,2025-11-01,1680.0,14,Growth,active
CUST-1749,2025-11-01,4320.0,36,Growth,active
CUST-1750,2025-11-01,58000.0,232,Scale,active
CUST-1751,2025-11-01,500.0,10,Starter,active
CUST-1752,2025-11-01,600.0,12,Starter,active
CUST-1753,2025-11-01,600.0,5,Growth,active
CUST-1754,2025-11-01,450.0,9,Starter,active
CUST-1755,2025-11-01,750.0,15,Starter,active
CUST-1756,2025-11-01,400.0,8,Starter,active
CUST-1757,2025-11-01,550.0,11,Starter,active
CUST-1758,2025-11-01,400.0,8,Starter,active
CUST-1759,2025-11-01,720.0,6,Growth,active
CUST-1760,2025-11-01,3250.0,13,Scale,active
CUST-1761,2025-11-01,4320.0,36,Growth,active
CUST-1762,2025-11-01,650.0,13,Starter,active
CUST-1763,2025-11-01,8400.0,70,Growth,active
CUST-1764,2025-11-01,1100.0,22,Starter,active
CUST-1765,2025-11-01,1680.0,14,Growth,active
CUST-1766,2025-11-01,150.0,3,Starter,active
CUST-1001,2025-12-01,4250.0,17,Scale,active
CUST-1003,2025-12-01,6120.0,51,Growth,active
CUST-1004,2025-12-01,550.0,11,Starter,active
CUST-1005,2025-12-01,131750.0,527,Scale,active
CUST-1007,2025-12-01,600.0,12,Starter,active
CUST-1009,2025-12-01,8280.0,69,Growth,active
CUST-1010,2025-12-01,600.0,5,Growth,active
CUST-1013,2025-12-01,400.0,8,Starter,active
CUST-1014,2025-12-01,3050.0,61,Starter,active
CUST-1015,2025-12-01,2160.0,18,Growth,active
CUST-1016,2025-12-01,700.0,14,Starter,active
CUST-1018,2025-12-01,400.0,8,Starter,active
CUST-1019,2025-12-01,108500.0,434,Scale,active
CUST-1021,2025-12-01,650.0,13,Starter,active
CUST-1024,2025-12-01,250.0,5,Starter,active
CUST-1026,2025-12-01,5760.0,48,Growth,active
CUST-1028,2025-12-01,840.0,7,Growth,active
CUST-1029,2025-12-01,350.0,7,Starter,active
CUST-1030,2025-12-01,600.0,12,Starter,active
CUST-1032,2025-12-01,840.0,7,Growth,active
CUST-1033,2025-12-01,480.0,4,Growth,active
CUST-1037,2025-12-01,840.0,7,Growth,active
CUST-1039,2025-12-01,350.0,7,Starter,active
CUST-1040,2025-12-01,3850.0,77,Starter,active
CUST-1042,2025-12-01,1100.0,22,Starter,active
CUST-1043,2025-12-01,300.0,6,Starter,active
CUST-1044,2025-12-01,4050.0,81,Starter,active
CUST-1045,2025-12-01,1150.0,23,Starter,active
CUST-1046,2025-12-01,450.0,9,Starter,active
CUST-1048,2025-12-01,360.0,3,Growth,active
CUST-1049,2025-12-01,7800.0,65,Growth,active
CUST-1051,2025-12-01,600.0,12,Starter,active
CUST-1052,2025-12-01,350.0,7,Starter,active
CUST-1054,2025-12-01,2160.0,18,Growth,active
CUST-1057,2025-12-01,300.0,6,Starter,active
CUST-1059,2025-12-01,6120.0,51,Growth,active
CUST-1060,2025-12-01,700.0,14,Starter,active
CUST-1061,2025-12-01,8400.0,70,Growth,active
CUST-1063,2025-12-01,62500.0,250,Scale,active
CUST-1065,2025-12-01,550.0,11,Starter,active
CUST-1066,2025-12-01,1920.0,16,Growth,active
CUST-1068,2025-12-01,4200.0,35,Growth,active
CUST-1069,2025-12-01,1200.0,10,Growth,active
CUST-1071,2025-12-01,53250.0,213,Scale,active
CUST-1073,2025-12-01,4440.0,37,Growth,active
CUST-1074,2025-12-01,21000.0,84,Scale,active
CUST-1075,2025-12-01,4750.0,19,Scale,active
CUST-1076,2025-12-01,2400.0,20,Growth,active
CUST-1077,2025-12-01,700.0,14,Starter,active
CUST-1078,2025-12-01,150.0,3,Starter,active
CUST-1082,2025-12-01,74520.0,621,Growth,active
CUST-1083,2025-12-01,1850.0,37,Starter,active
CUST-1084,2025-12-01,900.0,18,Starter,active
CUST-1085,2025-12-01,5640.0,47,Growth,active
CUST-1086,2025-12-01,750.0,15,Starter,active
CUST-1087,2025-12-01,500.0,10,Starter,active
CUST-1088,2025-12-01,700.0,14,Starter,active
CUST-1090,2025-12-01,6000.0,50,Growth,active
CUST-1091,2025-12-01,500.0,10,Starter,active
CUST-1095,2025-12-01,6360.0,53,Growth,active
CUST-1096,2025-12-01,200.0,4,Starter,active
CUST-1097,2025-12-01,4680.0,39,Growth,active
CUST-1099,2025-12-01,4560.0,38,Growth,active
CUST-1101,2025-12-01,300.0,6,Starter,active
CUST-1102,2025-12-01,350.0,7,Starter,active
CUST-1103,2025-12-01,500.0,10,Starter,active
CUST-1106,2025-12-01,10680.0,89,Growth,active
CUST-1109,2025-12-01,1080.0,9,Growth,active
CUST-1110,2025-12-01,1320.0,11,Growth,active
CUST-1111,2025-12-01,2650.0,53,Starter,active
CUST-1112,2025-12-01,2750.0,11,Scale,active
CUST-1113,2025-12-01,2050.0,41,Starter,active
CUST-1114,2025-12-01,111000.0,444,Scale,active
CUST-1115,2025-12-01,840.0,7,Growth,active
CUST-1116,2025-12-01,150.0,3,Starter,active
CUST-1118,2025-12-01,300.0,6,Starter,active
CUST-1119,2025-12-01,1440.0,12,Growth,active
CUST-1120,2025-12-01,700.0,14,Starter,active
CUST-1122,2025-12-01,9600.0,80,Growth,active
CUST-1124,2025-12-01,650.0,13,Starter,active
CUST-1125,2025-12-01,700.0,14,Starter,active
CUST-1126,2025-12-01,8760.0,73,Growth,active
CUST-1127,2025-12-01,600.0,12,Starter,active
CUST-1129,2025-12-01,1200.0,10,Growth,active
CUST-1130,2025-12-01,82750.0,331,Scale,active
CUST-1133,2025-12-01,300.0,6,Starter,active
CUST-1135,2025-12-01,350.0,7,Starter,active
CUST-1136,2025-12-01,750.0,15,Starter,active
CUST-1137,2025-12-01,4080.0,34,Growth,active
CUST-1140,2025-12-01,650.0,13,Starter,active
CUST-1141,2025-12-01,550.0,11,Starter,active
CUST-1142,2025-12-01,1920.0,16,Growth,active
CUST-1145,2025-12-01,700.0,14,Starter,active
CUST-1146,2025-12-01,3600.0,30,Growth,active
CUST-1148,2025-12-01,22650.0,453,Starter,active
CUST-1150,2025-12-01,300.0,6,Starter,active
CUST-1152,2025-12-01,550.0,11,Starter,active
CUST-1153,2025-12-01,9360.0,78,Growth,active
CUST-1154,2025-12-01,900.0,18,Starter,active
CUST-1155,2025-12-01,840.0,7,Growth,active
CUST-1156,2025-12-01,8040.0,67,Growth,active
CUST-1158,2025-12-01,1320.0,11,Growth,active
CUST-1160,2025-12-01,6960.0,58,Growth,active
CUST-1161,2025-12-01,1320.0,11,Growth,active
CUST-1162,2025-12-01,350.0,7,Starter,active
CUST-1163,2025-12-01,34320.0,286,Growth,active
CUST-1165,2025-12-01,720.0,6,Growth,active
CUST-1166,2025-12-01,480.0,4,Growth,active
CUST-1167,2025-12-01,137000.0,548,Scale,active
CUST-1168,2025-12-01,720.0,6,Growth,active
CUST-1170,2025-12-01,750.0,15,Starter,active
CUST-1171,2025-12-01,300.0,6,Starter,active
CUST-1172,2025-12-01,5400.0,45,Growth,active
CUST-1173,2025-12-01,16500.0,66,Scale,active
CUST-1174,2025-12-01,720.0,6,Growth,active
CUST-1175,2025-12-01,400.0,8,Starter,active
CUST-1177,2025-12-01,1000.0,20,Starter,active
CUST-1178,2025-12-01,850.0,17,Starter,active
CUST-1179,2025-12-01,3240.0,27,Growth,active
CUST-1180,2025-12-01,1350.0,27,Starter,active
CUST-1181,2025-12-01,1920.0,16,Growth,active
CUST-1182,2025-12-01,2000.0,8,Scale,active
CUST-1186,2025-12-01,1560.0,13,Growth,active
CUST-1187,2025-12-01,450.0,9,Starter,active
CUST-1188,2025-12-01,1320.0,11,Growth,active
CUST-1189,2025-12-01,750.0,15,Starter,active
CUST-1192,2025-12-01,700.0,14,Starter,active
CUST-1194,2025-12-01,750.0,15,Starter,active
CUST-1195,2025-12-01,600.0,12,Starter,active
CUST-1196,2025-12-01,5040.0,42,Growth,active
CUST-1198,2025-12-01,87250.0,349,Scale,active
CUST-1199,2025-12-01,600.0,12,Starter,active
CUST-1200,2025-12-01,1560.0,13,Growth,active
CUST-1201,2025-12-01,480.0,4,Growth,active
CUST-1202,2025-12-01,4000.0,16,Scale,active
CUST-1203,2025-12-01,600.0,5,Growth,active
CUST-1205,2025-12-01,6360.0,53,Growth,active
CUST-1206,2025-12-01,2750.0,11,Scale,active
CUST-1207,2025-12-01,5880.0,49,Growth,active
CUST-1208,2025-12-01,360.0,3,Growth,active
CUST-1211,2025-12-01,300.0,6,Starter,active
CUST-1215,2025-12-01,500.0,10,Starter,active
CUST-1217,2025-12-01,800.0,16,Starter,active
CUST-1218,2025-12-01,8880.0,74,Growth,active
CUST-1219,2025-12-01,4560.0,38,Growth,active
CUST-1220,2025-12-01,150.0,3,Starter,active
CUST-1222,2025-12-01,450.0,9,Starter,active
CUST-1223,2025-12-01,700.0,14,Starter,active
CUST-1226,2025-12-01,840.0,7,Growth,active
CUST-1227,2025-12-01,650.0,13,Starter,active
CUST-1230,2025-12-01,950.0,19,Starter,active
CUST-1231,2025-12-01,8500.0,34,Scale,active
CUST-1233,2025-12-01,240.0,2,Growth,active
CUST-1234,2025-12-01,960.0,8,Growth,active
CUST-1235,2025-12-01,300.0,6,Starter,active
CUST-1236,2025-12-01,550.0,11,Starter,active
CUST-1239,2025-12-01,17750.0,71,Scale,active
CUST-1240,2025-12-01,150.0,3,Starter,active
CUST-1243,2025-12-01,360.0,3,Growth,active
CUST-1247,2025-12-01,650.0,13,Starter,active
CUST-1249,2025-12-01,400.0,8,Starter,active
CUST-1250,2025-12-01,300.0,6,Starter,active
CUST-1251,2025-12-01,1680.0,14,Growth,active
CUST-1252,2025-12-01,2500.0,10,Scale,active
CUST-1255,2025-12-01,6480.0,54,Growth,active
CUST-1259,2025-12-01,82250.0,329,Scale,active
CUST-1260,2025-12-01,350.0,7,Starter,active
CUST-1261,2025-12-01,1450.0,29,Starter,active
CUST-1262,2025-12-01,2160.0,18,Growth,active
CUST-1263,2025-12-01,200.0,4,Starter,active
CUST-1264,2025-12-01,700.0,14,Starter,active
CUST-1266,2025-12-01,5520.0,46,Growth,active
CUST-1267,2025-12-01,250.0,5,Starter,active
CUST-1268,2025-12-01,700.0,14,Starter,active
CUST-1269,2025-12-01,300.0,6,Starter,active
CUST-1270,2025-12-01,450.0,9,Starter,active
CUST-1272,2025-12-01,2400.0,20,Growth,active
CUST-1273,2025-12-01,5400.0,45,Growth,active
CUST-1274,2025-12-01,2280.0,19,Growth,active
CUST-1275,2025-12-01,960.0,8,Growth,active
CUST-1276,2025-12-01,6360.0,53,Growth,active
CUST-1280,2025-12-01,600.0,5,Growth,active
CUST-1281,2025-12-01,3480.0,29,Growth,active
CUST-1282,2025-12-01,400.0,8,Starter,active
CUST-1284,2025-12-01,1560.0,13,Growth,active
CUST-1286,2025-12-01,200.0,4,Starter,active
CUST-1289,2025-12-01,750.0,15,Starter,active
CUST-1290,2025-12-01,720.0,6,Growth,active
CUST-1292,2025-12-01,1680.0,14,Growth,active
CUST-1293,2025-12-01,118000.0,472,Scale,active
CUST-1294,2025-12-01,7440.0,62,Growth,active
CUST-1296,2025-12-01,1920.0,16,Growth,active
CUST-1297,2025-12-01,600.0,12,Starter,active
CUST-1298,2025-12-01,87250.0,349,Scale,active
CUST-1300,2025-12-01,600.0,5,Growth,active
CUST-1301,2025-12-01,300.0,6,Starter,active
CUST-1302,2025-12-01,400.0,8,Starter,active
CUST-1303,2025-12-01,400.0,8,Starter,active
CUST-1305,2025-12-01,2880.0,24,Growth,active
CUST-1306,2025-12-01,6240.0,52,Growth,active
CUST-1309,2025-12-01,300.0,6,Starter,active
CUST-1310,2025-12-01,6960.0,58,Growth,active
CUST-1311,2025-12-01,81000.0,324,Scale,active
CUST-1312,2025-12-01,1560.0,13,Growth,active
CUST-1313,2025-12-01,1000.0,20,Starter,active
CUST-1315,2025-12-01,4440.0,37,Growth,active
CUST-1316,2025-12-01,1680.0,14,Growth,active
CUST-1317,2025-12-01,550.0,11,Starter,active
CUST-1318,2025-12-01,8760.0,73,Growth,active
CUST-1319,2025-12-01,150.0,3,Starter,active
CUST-1320,2025-12-01,840.0,7,Growth,active
CUST-1321,2025-12-01,250.0,5,Starter,active
CUST-1322,2025-12-01,16320.0,136,Growth,active
CUST-1323,2025-12-01,9750.0,39,Scale,active
CUST-1324,2025-12-01,700.0,14,Starter,active
CUST-1325,2025-12-01,750.0,15,Starter,active
CUST-1326,2025-12-01,8640.0,72,Growth,active
CUST-1327,2025-12-01,800.0,16,Starter,active
CUST-1328,2025-12-01,500.0,10,Starter,active
CUST-1329,2025-12-01,700.0,14,Starter,active
CUST-1330,2025-12-01,480.0,4,Growth,active
CUST-1331,2025-12-01,600.0,12,Starter,active
CUST-1332,2025-12-01,750.0,15,Starter,active
CUST-1333,2025-12-01,720.0,6,Growth,active
CUST-1334,2025-12-01,750.0,15,Starter,active
CUST-1336,2025-12-01,3360.0,28,Growth,active
CUST-1337,2025-12-01,300.0,6,Starter,active
CUST-1339,2025-12-01,750.0,3,Scale,active
CUST-1340,2025-12-01,6360.0,53,Growth,active
CUST-1341,2025-12-01,2250.0,9,Scale,active
CUST-1342,2025-12-01,650.0,13,Starter,active
CUST-1343,2025-12-01,1800.0,15,Growth,active
CUST-1344,2025-12-01,100.0,2,Starter,active
CUST-1345,2025-12-01,250.0,5,Starter,active
CUST-1349,2025-12-01,200.0,4,Starter,active
CUST-1350,2025-12-01,750.0,15,Starter,active
CUST-1351,2025-12-01,840.0,7,Growth,active
CUST-1352,2025-12-01,960.0,8,Growth,active
CUST-1354,2025-12-01,960.0,8,Growth,active
CUST-1355,2025-12-01,11500.0,46,Scale,active
CUST-1356,2025-12-01,114750.0,459,Scale,active
CUST-1357,2025-12-01,7320.0,61,Growth,active
CUST-1358,2025-12-01,2880.0,24,Growth,active
CUST-1359,2025-12-01,360.0,3,Growth,active
CUST-1361,2025-12-01,18000.0,72,Scale,active
CUST-1362,2025-12-01,4250.0,17,Scale,active
CUST-1364,2025-12-01,250.0,5,Starter,active
CUST-1365,2025-12-01,27720.0,231,Growth,active
CUST-1366,2025-12-01,250.0,5,Starter,active
CUST-1367,2025-12-01,400.0,8,Starter,active
CUST-1368,2025-12-01,600.0,12,Starter,active
CUST-1371,2025-12-01,3700.0,74,Starter,active
CUST-1372,2025-12-01,9750.0,39,Scale,active
CUST-1373,2025-12-01,650.0,13,Starter,active
CUST-1375,2025-12-01,600.0,12,Starter,active
CUST-1376,2025-12-01,1080.0,9,Growth,active
CUST-1377,2025-12-01,600.0,5,Growth,active
CUST-1379,2025-12-01,600.0,12,Starter,active
CUST-1381,2025-12-01,4320.0,36,Growth,active
CUST-1382,2025-12-01,350.0,7,Starter,active
CUST-1383,2025-12-01,600.0,5,Growth,active
CUST-1384,2025-12-01,600.0,12,Starter,active
CUST-1386,2025-12-01,200.0,4,Starter,active
CUST-1389,2025-12-01,150.0,3,Starter,active
CUST-1391,2025-12-01,2250.0,9,Scale,active
CUST-1393,2025-12-01,600.0,12,Starter,active
CUST-1394,2025-12-01,840.0,7,Growth,active
CUST-1398,2025-12-01,480.0,4,Growth,active
CUST-1399,2025-12-01,5400.0,45,Growth,active
CUST-1400,2025-12-01,6120.0,51,Growth,active
CUST-1401,2025-12-01,1080.0,9,Growth,active
CUST-1402,2025-12-01,2500.0,50,Starter,active
CUST-1403,2025-12-01,650.0,13,Starter,active
CUST-1404,2025-12-01,2760.0,23,Growth,active
CUST-1406,2025-12-01,150.0,3,Starter,active
CUST-1407,2025-12-01,12500.0,50,Scale,active
CUST-1408,2025-12-01,350.0,7,Starter,active
CUST-1409,2025-12-01,300.0,6,Starter,active
CUST-1410,2025-12-01,350.0,7,Starter,active
CUST-1411,2025-12-01,960.0,8,Growth,active
CUST-1412,2025-12-01,36240.0,302,Growth,active
CUST-1413,2025-12-01,7800.0,65,Growth,active
CUST-1414,2025-12-01,18000.0,72,Scale,active
CUST-1415,2025-12-01,450.0,9,Starter,active
CUST-1416,2025-12-01,1750.0,35,Starter,active
CUST-1419,2025-12-01,3240.0,27,Growth,active
CUST-1422,2025-12-01,300.0,6,Starter,active
CUST-1424,2025-12-01,250.0,5,Starter,active
CUST-1425,2025-12-01,200.0,4,Starter,active
CUST-1427,2025-12-01,750.0,15,Starter,active
CUST-1428,2025-12-01,480.0,4,Growth,active
CUST-1431,2025-12-01,200.0,4,Starter,active
CUST-1432,2025-12-01,650.0,13,Starter,active
CUST-1434,2025-12-01,300.0,6,Starter,active
CUST-1437,2025-12-01,250.0,5,Starter,active
CUST-1439,2025-12-01,15000.0,60,Scale,active
CUST-1440,2025-12-01,500.0,10,Starter,active
CUST-1441,2025-12-01,1560.0,13,Growth,active
CUST-1442,2025-12-01,600.0,12,Starter,active
CUST-1444,2025-12-01,1200.0,10,Growth,active
CUST-1445,2025-12-01,850.0,17,Starter,active
CUST-1446,2025-12-01,400.0,8,Starter,active
CUST-1447,2025-12-01,2400.0,20,Growth,active
CUST-1448,2025-12-01,300.0,6,Starter,active
CUST-1449,2025-12-01,1200.0,10,Growth,active
CUST-1450,2025-12-01,840.0,7,Growth,active
CUST-1451,2025-12-01,200.0,4,Starter,active
CUST-1452,2025-12-01,500.0,10,Starter,active
CUST-1453,2025-12-01,3550.0,71,Starter,active
CUST-1455,2025-12-01,250.0,5,Starter,active
CUST-1456,2025-12-01,5800.0,116,Starter,active
CUST-1457,2025-12-01,600.0,12,Starter,active
CUST-1458,2025-12-01,200.0,4,Starter,active
CUST-1460,2025-12-01,19250.0,77,Scale,active
CUST-1461,2025-12-01,450.0,9,Starter,active
CUST-1464,2025-12-01,750.0,15,Starter,active
CUST-1465,2025-12-01,5760.0,48,Growth,active
CUST-1466,2025-12-01,300.0,6,Starter,active
CUST-1468,2025-12-01,550.0,11,Starter,active
CUST-1469,2025-12-01,600.0,12,Starter,active
CUST-1471,2025-12-01,250.0,5,Starter,active
CUST-1473,2025-12-01,1200.0,10,Growth,active
CUST-1474,2025-12-01,450.0,9,Starter,active
CUST-1475,2025-12-01,300.0,6,Starter,active
CUST-1476,2025-12-01,450.0,9,Starter,active
CUST-1477,2025-12-01,24750.0,99,Scale,active
CUST-1479,2025-12-01,550.0,11,Starter,active
CUST-1480,2025-12-01,450.0,9,Starter,active
CUST-1481,2025-12-01,3840.0,32,Growth,active
CUST-1482,2025-12-01,10800.0,90,Growth,active
CUST-1484,2025-12-01,500.0,10,Starter,active
CUST-1485,2025-12-01,500.0,10,Starter,active
CUST-1486,2025-12-01,150.0,3,Starter,active
CUST-1487,2025-12-01,250.0,5,Starter,active
CUST-1489,2025-12-01,600.0,12,Starter,active
CUST-1490,2025-12-01,14000.0,56,Scale,active
CUST-1492,2025-12-01,1320.0,11,Growth,active
CUST-1493,2025-12-01,2600.0,52,Starter,active
CUST-1495,2025-12-01,73250.0,293,Scale,active
CUST-1496,2025-12-01,840.0,7,Growth,active
CUST-1497,2025-12-01,600.0,12,Starter,active
CUST-1498,2025-12-01,350.0,7,Starter,active
CUST-1499,2025-12-01,1200.0,10,Growth,active
CUST-1500,2025-12-01,2250.0,45,Starter,active
CUST-1502,2025-12-01,9240.0,77,Growth,active
CUST-1504,2025-12-01,2250.0,9,Scale,active
CUST-1506,2025-12-01,450.0,9,Starter,active
CUST-1507,2025-12-01,300.0,6,Starter,active
CUST-1508,2025-12-01,750.0,15,Starter,active
CUST-1509,2025-12-01,7920.0,66,Growth,active
CUST-1510,2025-12-01,39120.0,326,Growth,active
CUST-1511,2025-12-01,1560.0,13,Growth,active
CUST-1512,2025-12-01,950.0,19,Starter,active
CUST-1513,2025-12-01,250.0,5,Starter,active
CUST-1514,2025-12-01,2750.0,11,Scale,active
CUST-1516,2025-12-01,7080.0,59,Growth,active
CUST-1517,2025-12-01,840.0,7,Growth,active
CUST-1518,2025-12-01,450.0,9,Starter,active
CUST-1520,2025-12-01,7920.0,66,Growth,active
CUST-1522,2025-12-01,480.0,4,Growth,active
CUST-1523,2025-12-01,650.0,13,Starter,active
CUST-1524,2025-12-01,300.0,6,Starter,active
CUST-1525,2025-12-01,350.0,7,Starter,active
CUST-1526,2025-12-01,800.0,16,Starter,active
CUST-1527,2025-12-01,400.0,8,Starter,active
CUST-1528,2025-12-01,1680.0,14,Growth,active
CUST-1529,2025-12-01,1440.0,12,Growth,active
CUST-1530,2025-12-01,6720.0,56,Growth,active
CUST-1531,2025-12-01,1680.0,14,Growth,active
CUST-1532,2025-12-01,800.0,16,Starter,active
CUST-1533,2025-12-01,350.0,7,Starter,active
CUST-1534,2025-12-01,250.0,5,Starter,active
CUST-1535,2025-12-01,250.0,5,Starter,active
CUST-1536,2025-12-01,600.0,12,Starter,active
CUST-1537,2025-12-01,12600.0,105,Growth,active
CUST-1538,2025-12-01,700.0,14,Starter,active
CUST-1539,2025-12-01,17500.0,70,Scale,active
CUST-1540,2025-12-01,300.0,6,Starter,active
CUST-1541,2025-12-01,300.0,6,Starter,active
CUST-1542,2025-12-01,1560.0,13,Growth,active
CUST-1543,2025-12-01,300.0,6,Starter,active
CUST-1544,2025-12-01,150.0,3,Starter,active
CUST-1545,2025-12-01,150.0,3,Starter,active
CUST-1546,2025-12-01,38250.0,153,Scale,active
CUST-1547,2025-12-01,8160.0,68,Growth,active
CUST-1548,2025-12-01,4750.0,19,Scale,active
CUST-1550,2025-12-01,300.0,6,Starter,active
CUST-1551,2025-12-01,360.0,3,Growth,active
CUST-1552,2025-12-01,650.0,13,Starter,active
CUST-1553,2025-12-01,500.0,10,Starter,active
CUST-1554,2025-12-01,8520.0,71,Growth,active
CUST-1556,2025-12-01,7800.0,65,Growth,active
CUST-1557,2025-12-01,800.0,16,Starter,active
CUST-1558,2025-12-01,700.0,14,Starter,active
CUST-1560,2025-12-01,7320.0,61,Growth,active
CUST-1561,2025-12-01,350.0,7,Starter,active
CUST-1562,2025-12-01,350.0,7,Starter,active
CUST-1563,2025-12-01,6500.0,26,Scale,active
CUST-1564,2025-12-01,200.0,4,Starter,active
CUST-1565,2025-12-01,21000.0,84,Scale,active
CUST-1566,2025-12-01,550.0,11,Starter,active
CUST-1567,2025-12-01,200.0,4,Starter,active
CUST-1568,2025-12-01,300.0,6,Starter,active
CUST-1569,2025-12-01,300.0,6,Starter,active
CUST-1570,2025-12-01,750.0,15,Starter,active
CUST-1571,2025-12-01,1100.0,22,Starter,active
CUST-1572,2025-12-01,300.0,6,Starter,active
CUST-1573,2025-12-01,9000.0,36,Scale,active
CUST-1575,2025-12-01,550.0,11,Starter,active
CUST-1576,2025-12-01,3240.0,27,Growth,active
CUST-1577,2025-12-01,2500.0,10,Scale,active
CUST-1578,2025-12-01,1800.0,15,Growth,active
CUST-1579,2025-12-01,750.0,15,Starter,active
CUST-1580,2025-12-01,360.0,3,Growth,active
CUST-1581,2025-12-01,450.0,9,Starter,active
CUST-1583,2025-12-01,6600.0,55,Growth,active
CUST-1584,2025-12-01,200.0,4,Starter,active
CUST-1585,2025-12-01,3300.0,66,Starter,active
CUST-1586,2025-12-01,150.0,3,Starter,active
CUST-1587,2025-12-01,1800.0,15,Growth,active
CUST-1588,2025-12-01,650.0,13,Starter,active
CUST-1589,2025-12-01,720.0,6,Growth,active
CUST-1590,2025-12-01,8500.0,34,Scale,active
CUST-1592,2025-12-01,750.0,15,Starter,active
CUST-1593,2025-12-01,300.0,6,Starter,active
CUST-1594,2025-12-01,550.0,11,Starter,active
CUST-1595,2025-12-01,3600.0,72,Starter,active
CUST-1597,2025-12-01,450.0,9,Starter,active
CUST-1598,2025-12-01,200.0,4,Starter,active
CUST-1599,2025-12-01,1440.0,12,Growth,active
CUST-1600,2025-12-01,58250.0,233,Scale,active
CUST-1601,2025-12-01,8160.0,68,Growth,active
CUST-1602,2025-12-01,150.0,3,Starter,active
CUST-1603,2025-12-01,4560.0,38,Growth,active
CUST-1606,2025-12-01,1680.0,14,Growth,active
CUST-1607,2025-12-01,400.0,8,Starter,active
CUST-1608,2025-12-01,720.0,6,Growth,active
CUST-1609,2025-12-01,480.0,4,Growth,active
CUST-1610,2025-12-01,400.0,8,Starter,active
CUST-1611,2025-12-01,500.0,10,Starter,active
CUST-1612,2025-12-01,350.0,7,Starter,active
CUST-1613,2025-12-01,400.0,8,Starter,active
CUST-1614,2025-12-01,2040.0,17,Growth,active
CUST-1615,2025-12-01,3500.0,14,Scale,active
CUST-1616,2025-12-01,800.0,16,Starter,active
CUST-1618,2025-12-01,800.0,16,Starter,active
CUST-1619,2025-12-01,840.0,7,Growth,active
CUST-1620,2025-12-01,9120.0,76,Growth,active
CUST-1621,2025-12-01,550.0,11,Starter,active
CUST-1623,2025-12-01,400.0,8,Starter,active
CUST-1624,2025-12-01,2400.0,20,Growth,active
CUST-1625,2025-12-01,14880.0,124,Growth,active
CUST-1626,2025-12-01,350.0,7,Starter,active
CUST-1628,2025-12-01,4560.0,38,Growth,active
CUST-1630,2025-12-01,650.0,13,Starter,active
CUST-1631,2025-12-01,5280.0,44,Growth,active
CUST-1632,2025-12-01,400.0,8,Starter,active
CUST-1634,2025-12-01,6960.0,58,Growth,active
CUST-1636,2025-12-01,1680.0,14,Growth,active
CUST-1637,2025-12-01,750.0,15,Starter,active
CUST-1638,2025-12-01,6480.0,54,Growth,active
CUST-1639,2025-12-01,480.0,4,Growth,active
CUST-1640,2025-12-01,3550.0,71,Starter,active
CUST-1641,2025-12-01,500.0,10,Starter,active
CUST-1642,2025-12-01,960.0,8,Growth,active
CUST-1643,2025-12-01,550.0,11,Starter,active
CUST-1644,2025-12-01,300.0,6,Starter,active
CUST-1645,2025-12-01,6480.0,54,Growth,active
CUST-1646,2025-12-01,1800.0,15,Growth,active
CUST-1647,2025-12-01,1800.0,15,Growth,active
CUST-1649,2025-12-01,20000.0,80,Scale,active
CUST-1650,2025-12-01,5280.0,44,Growth,active
CUST-1651,2025-12-01,650.0,13,Starter,active
CUST-1653,2025-12-01,960.0,8,Growth,active
CUST-1654,2025-12-01,2150.0,43,Starter,active
CUST-1655,2025-12-01,6720.0,56,Growth,active
CUST-1656,2025-12-01,450.0,9,Starter,active
CUST-1657,2025-12-01,400.0,8,Starter,active
CUST-1658,2025-12-01,700.0,14,Starter,active
CUST-1659,2025-12-01,42120.0,351,Growth,active
CUST-1660,2025-12-01,550.0,11,Starter,active
CUST-1662,2025-12-01,2160.0,18,Growth,active
CUST-1663,2025-12-01,400.0,8,Starter,active
CUST-1664,2025-12-01,840.0,7,Growth,active
CUST-1665,2025-12-01,700.0,14,Starter,active
CUST-1666,2025-12-01,4800.0,40,Growth,active
CUST-1667,2025-12-01,350.0,7,Starter,active
CUST-1668,2025-12-01,350.0,7,Starter,active
CUST-1669,2025-12-01,8520.0,71,Growth,active
CUST-1670,2025-12-01,2160.0,18,Growth,active
CUST-1671,2025-12-01,1200.0,10,Growth,active
CUST-1672,2025-12-01,150.0,3,Starter,active
CUST-1673,2025-12-01,100.0,2,Starter,active
CUST-1674,2025-12-01,250.0,5,Starter,active
CUST-1675,2025-12-01,1680.0,14,Growth,active
CUST-1676,2025-12-01,10920.0,91,Growth,active
CUST-1677,2025-12-01,5880.0,49,Growth,active
CUST-1678,2025-12-01,12250.0,49,Scale,active
CUST-1679,2025-12-01,10500.0,42,Scale,active
CUST-1680,2025-12-01,37250.0,149,Scale,active
CUST-1681,2025-12-01,1560.0,13,Growth,active
CUST-1682,2025-12-01,650.0,13,Starter,active
CUST-1683,2025-12-01,1560.0,13,Growth,active
CUST-1684,2025-12-01,300.0,6,Starter,active
CUST-1685,2025-12-01,400.0,8,Starter,active
CUST-1686,2025-12-01,840.0,7,Growth,active
CUST-1688,2025-12-01,80500.0,322,Scale,active
CUST-1689,2025-12-01,1080.0,9,Growth,active
CUST-1690,2025-12-01,600.0,12,Starter,active
CUST-1691,2025-12-01,1320.0,11,Growth,active
CUST-1692,2025-12-01,150.0,3,Starter,active
CUST-1693,2025-12-01,720.0,6,Growth,active
CUST-1694,2025-12-01,200.0,4,Starter,active
CUST-1695,2025-12-01,1320.0,11,Growth,active
CUST-1696,2025-12-01,450.0,9,Starter,active
CUST-1697,2025-12-01,4800.0,40,Growth,active
CUST-1698,2025-12-01,450.0,9,Starter,active
CUST-1699,2025-12-01,450.0,9,Starter,active
CUST-1700,2025-12-01,1800.0,15,Growth,active
CUST-1701,2025-12-01,700.0,14,Starter,active
CUST-1702,2025-12-01,3360.0,28,Growth,active
CUST-1703,2025-12-01,250.0,5,Starter,active
CUST-1704,2025-12-01,550.0,11,Starter,active
CUST-1705,2025-12-01,2750.0,11,Scale,active
CUST-1706,2025-12-01,1800.0,15,Growth,active
CUST-1707,2025-12-01,500.0,10,Starter,active
CUST-1708,2025-12-01,750.0,15,Starter,active
CUST-1709,2025-12-01,2040.0,17,Growth,active
CUST-1710,2025-12-01,600.0,5,Growth,active
CUST-1711,2025-12-01,1080.0,9,Growth,active
CUST-1712,2025-12-01,450.0,9,Starter,active
CUST-1713,2025-12-01,650.0,13,Starter,active
CUST-1714,2025-12-01,700.0,14,Starter,active
CUST-1715,2025-12-01,13500.0,54,Scale,active
CUST-1716,2025-12-01,450.0,9,Starter,active
CUST-1717,2025-12-01,750.0,15,Starter,active
CUST-1718,2025-12-01,500.0,10,Starter,active
CUST-1719,2025-12-01,1320.0,11,Growth,active
CUST-1720,2025-12-01,480.0,4,Growth,active
CUST-1721,2025-12-01,750.0,15,Starter,active
CUST-1722,2025-12-01,250.0,5,Starter,active
CUST-1723,2025-12-01,500.0,10,Starter,active
CUST-1724,2025-12-01,150.0,3,Starter,active
CUST-1725,2025-12-01,250.0,5,Starter,active
CUST-1726,2025-12-01,56750.0,227,Scale,active
CUST-1727,2025-12-01,550.0,11,Starter,active
CUST-1728,2025-12-01,350.0,7,Starter,active
CUST-1729,2025-12-01,650.0,13,Starter,active
CUST-1730,2025-12-01,1200.0,10,Growth,active
CUST-1731,2025-12-01,750.0,15,Starter,active
CUST-1732,2025-12-01,600.0,5,Growth,active
CUST-1733,2025-12-01,550.0,11,Starter,active
CUST-1734,2025-12-01,400.0,8,Starter,active
CUST-1735,2025-12-01,8280.0,69,Growth,active
CUST-1736,2025-12-01,2760.0,23,Growth,active
CUST-1737,2025-12-01,600.0,5,Growth,active
CUST-1738,2025-12-01,5040.0,42,Growth,active
CUST-1739,2025-12-01,7200.0,60,Growth,active
CUST-1740,2025-12-01,2640.0,22,Growth,active
CUST-1741,2025-12-01,750.0,15,Starter,active
CUST-1742,2025-12-01,400.0,8,Starter,active
CUST-1743,2025-12-01,450.0,9,Starter,active
CUST-1744,2025-12-01,500.0,10,Starter,active
CUST-1745,2025-12-01,3240.0,27,Growth,active
CUST-1746,2025-12-01,550.0,11,Starter,active
CUST-1747,2025-12-01,750.0,15,Starter,active
CUST-1748,2025-12-01,1680.0,14,Growth,active
CUST-1749,2025-12-01,4320.0,36,Growth,active
CUST-1750,2025-12-01,58000.0,232,Scale,active
CUST-1751,2025-12-01,500.0,10,Starter,active
CUST-1752,2025-12-01,600.0,12,Starter,active
CUST-1753,2025-12-01,600.0,5,Growth,active
CUST-1754,2025-12-01,450.0,9,Starter,active
CUST-1755,2025-12-01,750.0,15,Starter,active
CUST-1756,2025-12-01,400.0,8,Starter,active
CUST-1757,2025-12-01,550.0,11,Starter,active
CUST-1758,2025-12-01,400.0,8,Starter,active
CUST-1759,2025-12-01,720.0,6,Growth,active
CUST-1760,2025-12-01,3250.0,13,Scale,active
CUST-1761,2025-12-01,4320.0,36,Growth,active
CUST-1762,2025-12-01,650.0,13,Starter,active
CUST-1763,2025-12-01,8400.0,70,Growth,active
CUST-1764,2025-12-01,1100.0,22,Starter,active
CUST-1765,2025-12-01,1680.0,14,Growth,active
CUST-1767,2025-12-01,200.0,4,Starter,active
CUST-1768,2025-12-01,750.0,15,Starter,active
CUST-1769,2025-12-01,700.0,14,Starter,active
CUST-1770,2025-12-01,39500.0,158,Scale,active
CUST-1771,2025-12-01,960.0,8,Growth,active
CUST-1772,2025-12-01,7440.0,62,Growth,active
CUST-1773,2025-12-01,2550.0,51,Starter,active
CUST-1774,2025-12-01,480.0,4,Growth,active
CUST-1775,2025-12-01,500.0,10,Starter,active
CUST-1776,2025-12-01,3840.0,32,Growth,active
CUST-1777,2025-12-01,10750.0,43,Scale,active
CUST-1778,2025-12-01,700.0,14,Starter,active
CUST-1779,2025-12-01,2640.0,22,Growth,active
CUST-1780,2025-12-01,700.0,14,Starter,active
CUST-1781,2025-12-01,600.0,12,Starter,active
CUST-1782,2025-12-01,400.0,8,Starter,active
CUST-1783,2025-12-01,7080.0,59,Growth,active
CUST-1784,2025-12-01,500.0,10,Starter,active
CUST-1785,2025-12-01,400.0,8,Starter,active
CUST-1786,2025-12-01,7560.0,63,Growth,active
